 
       CNRS - NERC - Met OFFICE - MERCATOR-ocean - CMCC - INGV
                              NEMO team
                   Ocean General Circulation Model
                         version 4.0  (2019) 
 
                         Timing Informations 
 
 
 
 
 Total timing (sum) :
 --------------------
Elapsed Time (s)  CPU Time (s)
       433781.598  3397300.199
 
Averaged timing on all processors :
-----------------------------------
Section                   Elap. Time(s)  Elap. Time(%)  CPU Time(s)  CPU Time(%)  CPU/Elap Max elap(%)  Min elap(%)  Freq      Max time task
nemo_init                 0.5746520E+02   21.88           431.27      20.97        7.50         21.97     21.75       1.00       1165
scripremap_read_sgl       0.3314024E+02   12.62           264.04      12.84        7.97         12.68     12.56       8.00       1591
icedyn_rhg                0.4569553E+01    1.74            36.48       1.77        7.98          2.24      0.45     240.00       1464
stp                       0.4142896E+01    1.58            33.14       1.61        8.00          2.12      1.49     240.00        872
parinter_init             0.3775039E+01    1.44            30.08       1.46        7.97          1.48      1.39       8.00         60
tra_adv                   0.3523666E+01    1.34            28.16       1.37        7.99          1.72      0.82     240.00        220
zdf_phy                   0.3356384E+01    1.28            26.83       1.30        8.00          2.35      0.91     240.00        711
sbc                       0.3204398E+01    1.22            24.99       1.22        7.80          2.21      0.58     240.00       1411
dyn_spg                   0.3019682E+01    1.15            24.15       1.17        8.00          1.45      0.53     240.00       1249
tra_qsr                   0.3015676E+01    1.15            22.29       1.08        7.39          1.44      0.55     240.00       1353
dia_wri                   0.2257169E+01    0.86            18.08       0.88        8.01          0.94      0.83     240.00       1645
icedyn_adv                0.2045734E+01    0.78            16.38       0.80        8.01          6.05      0.70     240.00       1649
ldf_slp                   0.1539153E+01    0.59            12.35       0.60        8.02          1.66      0.40     240.00       1162
tra_ldf                   0.1499841E+01    0.57            11.60       0.56        7.73          0.60      0.22     240.00       1578
tra_nxt                   0.1304906E+01    0.50            10.49       0.51        8.04          0.95      0.37     240.00       1645
dyn_ldf                   0.1045850E+01    0.40             8.44       0.41        8.07          0.52      0.34     240.00       1365
dom_vvl_sf_swp            0.1036136E+01    0.39             7.88       0.38        7.60          0.48      0.24     240.00         16
dyn_nxt                   0.9933569E+00    0.38             8.00       0.39        8.06          0.53      0.22     240.00         23
dyn_vor                   0.8337786E+00    0.32             6.49       0.32        7.78          0.40      0.19     240.00       1490
icestp                    0.7946898E+00    0.30             6.15       0.30        7.74          0.43      0.25     240.00        268
stp_ctl                   0.7745487E+00    0.29             6.27       0.30        8.09          0.36      0.09     240.00        545
dom_vvl_sf_nxt            0.7278017E+00    0.28             5.63       0.27        7.73          0.51      0.17     480.00       1331
icewri                    0.7114085E+00    0.27             5.76       0.28        8.09          1.25      0.04     240.00        311
nemogcmcoup_wam_get       0.6868505E+00    0.26             5.48       0.27        7.98          0.60      0.00      24.00       1498
div_hor                   0.6192501E+00    0.24             5.13       0.25        8.29          0.41      0.07     480.00       1163
iceupdate_tau             0.5473843E+00    0.21             4.46       0.22        8.15          1.17     -0.00     240.00        433
dom_hgr                   0.5412918E+00    0.21             4.06       0.20        7.50          0.25      0.17       1.00       1312
icethd                    0.5115346E+00    0.19             3.92       0.19        7.67          1.05      0.01     240.00       1643
tra_zdf                   0.4865449E+00    0.19             3.63       0.18        7.46          0.22      0.10     240.00       1310
zps_hde                   0.4767051E+00    0.18             3.81       0.19        8.00          0.91      0.02     240.00       1137
icecor                    0.4441570E+00    0.17             3.47       0.17        7.82          1.07      0.02     480.00       1573
eos2d                     0.3520076E+00    0.13             3.00       0.15        8.53          0.97     -0.01     480.00        931
dyn_zdf                   0.3261698E+00    0.12             2.21       0.11        6.79          0.14      0.07     240.00         32
parinter_fld_mult         0.3243619E+00    0.12             2.60       0.13        8.03          0.33      0.01     194.00       1248
dyn_keg                   0.3119482E+00    0.12             2.59       0.13        8.29          0.21      0.09     240.00       1061
dyn_zad                   0.3080241E+00    0.12             2.56       0.12        8.30          0.14      0.10     240.00       1463
tra_sbc                   0.3055913E+00    0.12             2.35       0.11        7.70          0.26      0.02     240.00        770
wzv                       0.2806547E+00    0.11             2.56       0.12        9.11          0.17      0.09     480.00       1480
dia_hth                   0.2603277E+00    0.10             2.17       0.11        8.35          0.11      0.09     240.00       1649
tra_bbl                   0.2540984E+00    0.10             2.08       0.10        8.17          0.53      0.01     240.00        641
sbc_sglcpl_rcv            0.2279114E+00    0.09             1.92       0.09        8.42          0.85     -0.00     240.00       1310
dyn_hpg                   0.2061573E+00    0.08             1.75       0.08        8.47          0.09      0.07     240.00        832
tra_bbc                   0.1916634E+00    0.07             1.63       0.08        8.50          0.62      0.01     240.00       1493
icedyn_rdgrft             0.1804747E+00    0.07             1.54       0.07        8.52          0.58      0.00     240.00       1605
rab_3d                    0.1689907E+00    0.06             1.47       0.07        8.70          0.08      0.05     480.00        630
eos-pot                   0.1419786E+00    0.05             1.25       0.06        8.81          0.07      0.04     480.00       1295
bn2                       0.1323571E+00    0.05             1.22       0.06        9.20          0.08      0.01     480.00       1072
nemogcmcoup_coupinit      0.1225006E+00    0.05             0.97       0.05        7.94          0.19      0.00       1.00       1649
rab_2d                    0.1026158E+00    0.04             0.92       0.04        8.95          0.50     -0.00     240.00        697
ice_dyn                   0.7153911E-01    0.03             0.49       0.02        6.81          0.04      0.02     240.00         59
nemogcmcoup_wam_update    0.6905128E-01    0.03             0.56       0.03        8.18          0.06      0.00      24.00        624
eos-insitu                0.6548857E-01    0.02             0.58       0.03        8.91          0.03      0.02     240.00       1178
nemogcmcoup_lim2_update   0.4941949E-01    0.02             0.40       0.02        8.14          0.04      0.00      24.00       1228
ssh_nxt                   0.4784578E-01    0.02             0.43       0.02        9.02          0.03      0.01     240.00       1568
nemogcmcoup_lim2_get      0.4585360E-01    0.02             0.39       0.02        8.53          0.04      0.01      25.00       1312
scripremap_dealloc        0.3158633E-01    0.01             0.25       0.01        7.91          0.07      0.01       8.00       1260
iceupdate_flx             0.2870909E-01    0.01             0.36       0.02       12.66          0.01      0.01     240.00       1646
icealb                    0.2291652E-01    0.01             0.18       0.01        8.03          0.02     -0.00     480.00       1449
iceitd_rem                0.2148178E-01    0.01             0.33       0.02       15.45          0.06     -0.01     240.00        214
nemogcmcoup_wam_update_s  0.1733262E-01    0.01             0.15       0.01        8.53          0.02      0.00      25.00       1007
nemogcmcoup_wam_coupinit  0.1221285E-01    0.00             0.09       0.00        7.56          0.01      0.00       1.00       1452
sbc_sglcpl_ice_flx        0.5983731E-02    0.00             0.21       0.01       34.54          0.01     -0.00     240.00       1232
scripremap_alloc          0.5036075E-02    0.00             0.04       0.00        7.98          0.00      0.00       8.00       1396
dyn_adv                   0.4444904E-02    0.00             0.03       0.00        7.15          0.00      0.00     240.00       1463
iceitd_reb                0.3253864E-02    0.00             0.40       0.02      123.85          0.04     -0.01     480.00        220
icesbc                    0.1656793E-02    0.00             0.13       0.01       77.52          0.00     -0.00     480.00       1232
 
Maximum timing over all MPI tasks :
-----------------------------------
Section                   Elap. Time(s)  Elap. Time(%)  CPU Time(s)  CPU Time(%)  CPU/Elap      Freq      Max time task
nemo_init                 0.5769009E+02   21.97           431.27      20.97        7.50          1.00       1165
scripremap_read_sgl       0.3328250E+02   12.68           264.04      12.84        7.97          8.00       1591
icedyn_adv                0.1588893E+02    6.05            16.38       0.80        8.01        240.00       1649
zdf_phy                   0.6171026E+01    2.35            26.83       1.30        8.00        240.00        711
icedyn_rhg                0.5876007E+01    2.24            36.48       1.77        7.98        240.00       1464
sbc                       0.5799897E+01    2.21            24.99       1.22        7.80        240.00       1411
stp                       0.5565605E+01    2.12            33.14       1.61        8.00        240.00        872
tra_adv                   0.4521717E+01    1.72            28.16       1.37        7.99        240.00        220
ldf_slp                   0.4346101E+01    1.66            12.35       0.60        8.02        240.00       1162
parinter_init             0.3883397E+01    1.48            30.08       1.46        7.97          8.00         60
dyn_spg                   0.3816773E+01    1.45            24.15       1.17        8.00        240.00       1249
tra_qsr                   0.3792701E+01    1.44            22.29       1.08        7.39        240.00       1353
icewri                    0.3281809E+01    1.25             5.76       0.28        8.09        240.00        311
iceupdate_tau             0.3061823E+01    1.17             4.46       0.22        8.15        240.00        433
icecor                    0.2811517E+01    1.07             3.47       0.17        7.82        480.00       1573
icethd                    0.2750446E+01    1.05             3.92       0.19        7.67        240.00       1643
eos2d                     0.2541306E+01    0.97             3.00       0.15        8.53        480.00        931
tra_nxt                   0.2488093E+01    0.95            10.49       0.51        8.04        240.00       1645
dia_wri                   0.2456443E+01    0.94            18.08       0.88        8.01        240.00       1645
zps_hde                   0.2391326E+01    0.91             3.81       0.19        8.00        240.00       1137
sbc_sglcpl_rcv            0.2244007E+01    0.85             1.92       0.09        8.42        240.00       1310
tra_bbc                   0.1624327E+01    0.62             1.63       0.08        8.50        240.00       1493
tra_ldf                   0.1578869E+01    0.60            11.60       0.56        7.73        240.00       1578
nemogcmcoup_wam_get       0.1573508E+01    0.60             5.48       0.27        7.98         24.00       1498
icedyn_rdgrft             0.1535007E+01    0.58             1.54       0.07        8.52        240.00       1605
dyn_nxt                   0.1387843E+01    0.53             8.00       0.39        8.06        240.00         23
tra_bbl                   0.1384789E+01    0.53             2.08       0.10        8.17        240.00        641
dyn_ldf                   0.1369116E+01    0.52             8.44       0.41        8.07        240.00       1365
dom_vvl_sf_nxt            0.1349163E+01    0.51             5.63       0.27        7.73        480.00       1331
rab_2d                    0.1302868E+01    0.50             0.92       0.04        8.95        240.00        697
dom_vvl_sf_swp            0.1272530E+01    0.48             7.88       0.38        7.60        240.00         16
icestp                    0.1116458E+01    0.43             6.15       0.30        7.74        240.00        268
div_hor                   0.1084287E+01    0.41             5.13       0.25        8.29        480.00       1163
dyn_vor                   0.1062298E+01    0.40             6.49       0.32        7.78        240.00       1490
stp_ctl                   0.9473591E+00    0.36             6.27       0.30        8.09        240.00        545
parinter_fld_mult         0.8622422E+00    0.33             2.60       0.13        8.03        194.00       1248
tra_sbc                   0.6826280E+00    0.26             2.35       0.11        7.70        240.00        770
dom_hgr                   0.6505097E+00    0.25             4.06       0.20        7.50          1.00       1312
tra_zdf                   0.5737904E+00    0.22             3.63       0.18        7.46        240.00       1310
dyn_keg                   0.5500784E+00    0.21             2.59       0.13        8.29        240.00       1061
nemogcmcoup_coupinit      0.4975718E+00    0.19             0.97       0.05        7.94          1.00       1649
wzv                       0.4455655E+00    0.17             2.56       0.12        9.11        480.00       1480
dyn_zad                   0.3798114E+00    0.14             2.56       0.12        8.30        240.00       1463
dyn_zdf                   0.3560185E+00    0.14             2.21       0.11        6.79        240.00         32
dia_hth                   0.2949770E+00    0.11             2.17       0.11        8.35        240.00       1649
dyn_hpg                   0.2382277E+00    0.09             1.75       0.08        8.47        240.00        832
rab_3d                    0.2057077E+00    0.08             1.47       0.07        8.70        480.00        630
bn2                       0.1985870E+00    0.08             1.22       0.06        9.20        480.00       1072
scripremap_dealloc        0.1953601E+00    0.07             0.25       0.01        7.91          8.00       1260
eos-pot                   0.1815635E+00    0.07             1.25       0.06        8.81        480.00       1295
iceitd_rem                0.1581589E+00    0.06             0.33       0.02       15.45        240.00        214
nemogcmcoup_wam_update    0.1464499E+00    0.06             0.56       0.03        8.18         24.00        624
ice_dyn                   0.1175938E+00    0.04             0.49       0.02        6.81        240.00         59
nemogcmcoup_lim2_get      0.1092010E+00    0.04             0.39       0.02        8.53         25.00       1312
iceitd_reb                0.1072600E+00    0.04             0.40       0.02      123.85        480.00        220
nemogcmcoup_lim2_update   0.1038551E+00    0.04             0.40       0.02        8.14         24.00       1228
eos-insitu                0.7902605E-01    0.03             0.58       0.03        8.91        240.00       1178
ssh_nxt                   0.7593296E-01    0.03             0.43       0.02        9.02        240.00       1568
icealb                    0.5787668E-01    0.02             0.18       0.01        8.03        480.00       1449
nemogcmcoup_wam_update_s  0.4279401E-01    0.02             0.15       0.01        8.53         25.00       1007
iceupdate_flx             0.3840615E-01    0.01             0.36       0.02       12.66        240.00       1646
nemogcmcoup_wam_coupinit  0.2944018E-01    0.01             0.09       0.00        7.56          1.00       1452
eos_pt_from_ct            0.2006938E-01    0.01             0.01       0.00     *******        266.00        794
sbc_sglcpl_ice_flx        0.1719498E-01    0.01             0.21       0.01       34.54        240.00       1232
scripremap_alloc          0.8662162E-02    0.00             0.04       0.00        7.98          8.00       1396
icesbc                    0.7342171E-02    0.00             0.13       0.01       77.52        480.00       1232
ssh_swp                   0.7041491E-02    0.00             0.06       0.00     *******        240.00        303
sbc_sglcpl_ice_init       0.5884380E-02    0.00             0.00       0.00     *******          1.00        898
dyn_adv                   0.5454377E-02    0.00             0.03       0.00        7.15        240.00       1463
dia_ar5                   0.2710792E-02    0.00             0.03       0.00     *******        240.00        562
 
Averaged CPU time on all processors :
-------------------------------------
Section                   CPU Time(s)  CPU Time(%)    Elap. Time(s) Elap. Time(%) CPU/Elap
nemo_init                 0.4312701E+03   20.97            57.47      21.88        7.50
scripremap_read_sgl       0.2640442E+03   12.84            33.14      12.62        7.97
icedyn_rhg                0.3647990E+02    1.77             4.57       1.74        7.98
stp                       0.3313609E+02    1.61             4.14       1.58        8.00
parinter_init             0.3008490E+02    1.46             3.78       1.44        7.97
tra_adv                   0.2815731E+02    1.37             3.52       1.34        7.99
zdf_phy                   0.2683436E+02    1.30             3.36       1.28        8.00
sbc                       0.2499475E+02    1.22             3.20       1.22        7.80
dyn_spg                   0.2414700E+02    1.17             3.02       1.15        8.00
tra_qsr                   0.2228758E+02    1.08             3.02       1.15        7.39
dia_wri                   0.1808049E+02    0.88             2.26       0.86        8.01
icedyn_adv                0.1637637E+02    0.80             2.05       0.78        8.01
ldf_slp                   0.1234992E+02    0.60             1.54       0.59        8.02
tra_ldf                   0.1159718E+02    0.56             1.50       0.57        7.73
tra_nxt                   0.1048580E+02    0.51             1.30       0.50        8.04
dyn_ldf                   0.8435418E+01    0.41             1.05       0.40        8.07
dyn_nxt                   0.8001668E+01    0.39             0.99       0.38        8.06
dom_vvl_sf_swp            0.7877286E+01    0.38             1.04       0.39        7.60
dyn_vor                   0.6490203E+01    0.32             0.83       0.32        7.78
stp_ctl                   0.6267504E+01    0.30             0.77       0.29        8.09
icestp                    0.6150745E+01    0.30             0.79       0.30        7.74
icewri                    0.5756049E+01    0.28             0.71       0.27        8.09
dom_vvl_sf_nxt            0.5627729E+01    0.27             0.73       0.28        7.73
nemogcmcoup_wam_get       0.5480506E+01    0.27             0.69       0.26        7.98
div_hor                   0.5134723E+01    0.25             0.62       0.24        8.29
iceupdate_tau             0.4459288E+01    0.22             0.55       0.21        8.15
dom_hgr                   0.4059667E+01    0.20             0.54       0.21        7.50
icethd                    0.3922759E+01    0.19             0.51       0.19        7.67
zps_hde                   0.3812550E+01    0.19             0.48       0.18        8.00
tra_zdf                   0.3627600E+01    0.18             0.49       0.19        7.46
icecor                    0.3474546E+01    0.17             0.44       0.17        7.82
eos2d                     0.3003671E+01    0.15             0.35       0.13        8.53
parinter_fld_mult         0.2604578E+01    0.13             0.32       0.12        8.03
dyn_keg                   0.2586852E+01    0.13             0.31       0.12        8.29
dyn_zad                   0.2556320E+01    0.12             0.31       0.12        8.30
wzv                       0.2555400E+01    0.12             0.28       0.11        9.11
tra_sbc                   0.2353012E+01    0.11             0.31       0.12        7.70
dyn_zdf                   0.2213560E+01    0.11             0.33       0.12        6.79
dia_hth                   0.2174166E+01    0.11             0.26       0.10        8.35
tra_bbl                   0.2076071E+01    0.10             0.25       0.10        8.17
sbc_sglcpl_rcv            0.1918265E+01    0.09             0.23       0.09        8.42
dyn_hpg                   0.1745868E+01    0.08             0.21       0.08        8.47
tra_bbc                   0.1628264E+01    0.08             0.19       0.07        8.50
icedyn_rdgrft             0.1538025E+01    0.07             0.18       0.07        8.52
rab_3d                    0.1469735E+01    0.07             0.17       0.06        8.70
eos-pot                   0.1250573E+01    0.06             0.14       0.05        8.81
bn2                       0.1217511E+01    0.06             0.13       0.05        9.20
nemogcmcoup_coupinit      0.9720450E+00    0.05             0.12       0.05        7.94
rab_2d                    0.9183237E+00    0.04             0.10       0.04        8.95
eos-insitu                0.5836935E+00    0.03             0.07       0.02        8.91
nemogcmcoup_wam_update    0.5647872E+00    0.03             0.07       0.03        8.18
ice_dyn                   0.4872152E+00    0.02             0.07       0.03        6.81
ssh_nxt                   0.4315034E+00    0.02             0.05       0.02        9.02
iceitd_reb                0.4029995E+00    0.02             0.00       0.00      123.85
nemogcmcoup_lim2_update   0.4020844E+00    0.02             0.05       0.02        8.14
nemogcmcoup_lim2_get      0.3910701E+00    0.02             0.05       0.02        8.53
iceupdate_flx             0.3634946E+00    0.02             0.03       0.01       12.66
iceitd_rem                0.3318874E+00    0.02             0.02       0.01       15.45
scripremap_dealloc        0.2499714E+00    0.01             0.03       0.01        7.91
sbc_sglcpl_ice_flx        0.2066527E+00    0.01             0.01       0.00       34.54
icealb                    0.1841046E+00    0.01             0.02       0.01        8.03
nemogcmcoup_wam_update_s  0.1478915E+00    0.01             0.02       0.01        8.53
icesbc                    0.1284350E+00    0.01             0.00       0.00       77.52
nemogcmcoup_wam_coupinit  0.9227444E-01    0.00             0.01       0.00        7.56
scripremap_alloc          0.4017191E-01    0.00             0.01       0.00        7.98
dyn_adv                   0.3178633E-01    0.00             0.00       0.00        7.15
 
Averaged inclusive timing on all processors :
---------------------------------------------
Section                   Elap. Time(s)  Elap. Time(%)  CPU Time(s)  CPU Time(%)  CPU/Elap Max elap(%)  Min elap(%)  Freq      Max time task
nemo_init                 0.5800656E+02   22.09           435.33      21.17        7.50         21.97     21.75       1.00       1165
stp                       0.4790517E+02   18.24           378.44      18.40        7.90          2.12      1.49     240.00        872
scripremap_read_sgl       0.3314551E+02   12.62           264.09      12.84        7.97         12.68     12.56       8.00       1591
nemogcmcoup_coupinit      0.2684940E+02   10.23           213.91      10.40        7.97          0.19      0.00       1.00       1649
sbc                       0.1360707E+02    5.18           107.86       5.25        7.93          2.21      0.58     240.00       1411
nemogcmcoup_wam_coupinit  0.1023737E+02    3.90            81.58       3.97        7.97          0.01      0.00       1.00       1452
icestp                    0.1008043E+02    3.84            80.28       3.90        7.96          0.43      0.25     240.00        268
ice_dyn                   0.6940403E+01    2.64            55.22       2.69        7.96          0.04      0.02     240.00         59
icedyn_rhg                0.4576061E+01    1.74            36.48       1.77        7.97          2.24      0.45     240.00       1464
parinter_init             0.3775256E+01    1.44            30.08       1.46        7.97          1.48      1.39       8.00         60
tra_adv                   0.3530175E+01    1.34            28.16       1.37        7.98          1.72      0.82     240.00        220
zdf_phy                   0.3362892E+01    1.28            26.83       1.30        7.98          2.35      0.91     240.00        711
dyn_spg                   0.3026190E+01    1.15            24.15       1.17        7.98          1.45      0.53     240.00       1249
tra_qsr                   0.3022185E+01    1.15            22.29       1.08        7.37          1.44      0.55     240.00       1353
dia_wri                   0.2263677E+01    0.86            18.08       0.88        7.99          0.94      0.83     240.00       1645
icedyn_adv                0.2052243E+01    0.78            16.38       0.80        7.98          6.05      0.70     240.00       1649
ldf_slp                   0.1545662E+01    0.59            12.35       0.60        7.99          1.66      0.40     240.00       1162
tra_ldf                   0.1506350E+01    0.57            11.60       0.56        7.70          0.60      0.22     240.00       1578
tra_nxt                   0.1311415E+01    0.50            10.49       0.51        8.00          0.95      0.37     240.00       1645
dyn_ldf                   0.1052358E+01    0.40             8.44       0.41        8.02          0.52      0.34     240.00       1365
dom_vvl_sf_swp            0.1042644E+01    0.40             7.88       0.38        7.56          0.48      0.24     240.00         16
dyn_nxt                   0.9998656E+00    0.38             8.00       0.39        8.00          0.53      0.22     240.00         23
icethd                    0.9724125E+00    0.37             7.79       0.38        8.01          1.05      0.01     240.00       1643
zps_hde                   0.8482388E+00    0.32             6.82       0.33        8.04          0.91      0.02     240.00       1137
nemogcmcoup_wam_get       0.8446524E+00    0.32             6.73       0.33        7.97          0.60      0.00      24.00       1498
dyn_vor                   0.8402873E+00    0.32             6.49       0.32        7.72          0.40      0.19     240.00       1490
stp_ctl                   0.7810574E+00    0.30             6.27       0.30        8.02          0.36      0.09     240.00        545
dom_vvl_sf_nxt            0.7408191E+00    0.28             5.63       0.27        7.60          0.51      0.17     480.00       1331
icewri                    0.7179172E+00    0.27             5.76       0.28        8.02          1.25      0.04     240.00        311
dyn_adv                   0.6439433E+00    0.25             5.17       0.25        8.04          0.00      0.00     240.00       1463
div_hor                   0.6322675E+00    0.24             5.13       0.25        8.12          0.41      0.07     480.00       1163
iceupdate_tau             0.5538930E+00    0.21             4.46       0.22        8.05          1.17     -0.00     240.00        433
dom_hgr                   0.5413189E+00    0.21             4.06       0.20        7.50          0.25      0.17       1.00       1312
tra_zdf                   0.4930536E+00    0.19             3.63       0.18        7.36          0.22      0.10     240.00       1310
icecor                    0.4734457E+00    0.18             3.88       0.19        8.19          1.07      0.02     480.00       1573
ssh_nxt                   0.4020495E+00    0.15             3.25       0.16        8.08          0.03      0.01     240.00       1568
tra_bbl                   0.3697317E+00    0.14             2.99       0.15        8.10          0.53      0.01     240.00        641
eos2d                     0.3650250E+00    0.14             3.00       0.15        8.23          0.97     -0.01     480.00        931
dyn_zdf                   0.3326785E+00    0.13             2.21       0.11        6.65          0.14      0.07     240.00         32
parinter_fld_mult         0.3296231E+00    0.13             2.60       0.13        7.90          0.33      0.01     194.00       1248
dyn_keg                   0.3184569E+00    0.12             2.59       0.13        8.12          0.21      0.09     240.00       1061
dyn_zad                   0.3145328E+00    0.12             2.56       0.12        8.13          0.14      0.10     240.00       1463
tra_sbc                   0.3121000E+00    0.12             2.35       0.11        7.54          0.26      0.02     240.00        770
wzv                       0.2936722E+00    0.11             2.56       0.12        8.70          0.17      0.09     480.00       1480
dia_hth                   0.2668364E+00    0.10             2.17       0.11        8.15          0.11      0.09     240.00       1649
sbc_sglcpl_rcv            0.2344201E+00    0.09             1.92       0.09        8.18          0.85     -0.00     240.00       1310
dyn_hpg                   0.2126660E+00    0.08             1.75       0.08        8.21          0.09      0.07     240.00        832
tra_bbc                   0.1981721E+00    0.08             1.63       0.08        8.22          0.62      0.01     240.00       1493
icedyn_rdgrft             0.1869834E+00    0.07             1.54       0.07        8.23          0.58      0.00     240.00       1605
rab_3d                    0.1820081E+00    0.07             1.47       0.07        8.08          0.08      0.05     480.00        630
eos-pot                   0.1549960E+00    0.06             1.25       0.06        8.07          0.07      0.04     480.00       1295
bn2                       0.1453745E+00    0.06             1.22       0.06        8.37          0.08      0.01     480.00       1072
nemogcmcoup_wam_update    0.1245524E+00    0.05             1.00       0.05        8.01          0.06      0.00      24.00        624
rab_2d                    0.1091245E+00    0.04             0.92       0.04        8.42          0.50     -0.00     240.00        697
nemogcmcoup_lim2_update   0.1054937E+00    0.04             0.84       0.04        8.01          0.04      0.00      24.00       1228
nemogcmcoup_lim2_get      0.8064576E-01    0.03             0.65       0.03        8.00          0.04      0.01      25.00       1312
eos-insitu                0.7199728E-01    0.03             0.58       0.03        8.11          0.03      0.02     240.00       1178
iceupdate_flx             0.5250771E-01    0.02             0.47       0.02        8.90          0.01      0.01     240.00       1646
icesbc                    0.4209704E-01    0.02             0.43       0.02       10.31          0.00     -0.00     480.00       1232
nemogcmcoup_wam_update_s  0.3784116E-01    0.01             0.31       0.01        8.08          0.02      0.00      25.00       1007
icealb                    0.3593393E-01    0.01             0.18       0.01        5.12          0.02     -0.00     480.00       1449
scripremap_dealloc        0.3123494E-01    0.01             0.25       0.01        8.01          0.07      0.01       8.00       1260
iceitd_rem                0.2799048E-01    0.01             0.33       0.02       11.86          0.06     -0.01     240.00        214
iceitd_reb                0.1627128E-01    0.01             0.40       0.02       24.77          0.04     -0.01     480.00        220
sbc_sglcpl_ice_flx        0.1249244E-01    0.00             0.21       0.01       16.54          0.01     -0.00     240.00       1232
scripremap_alloc          0.5140690E-02    0.00             0.04       0.00        8.29          0.00      0.00       8.00       1396
 
Averaged inclusive CPU time on all processors :
-----------------------------------------------
Section                   CPU Time(s)  CPU Time(%)    Elap. Time(s) Elap. Time(%) CPU/Elap
nemo_init                 0.4312701E+03   20.97            57.47      21.88        7.50
stp                       0.3313609E+02    1.61             4.14       1.58        8.00
scripremap_read_sgl       0.2640442E+03   12.84            33.14      12.62        7.97
nemogcmcoup_coupinit      0.9720450E+00    0.05             0.12       0.05        7.94
sbc                       0.2499475E+02    1.22             3.20       1.22        7.80
nemogcmcoup_wam_coupinit  0.9227444E-01    0.00             0.01       0.00        7.56
icestp                    0.6150745E+01    0.30             0.79       0.30        7.74
ice_dyn                   0.4872152E+00    0.02             0.07       0.03        6.81
icedyn_rhg                0.3647990E+02    1.77             4.57       1.74        7.98
parinter_init             0.3008490E+02    1.46             3.78       1.44        7.97
tra_adv                   0.2815731E+02    1.37             3.52       1.34        7.99
zdf_phy                   0.2683436E+02    1.30             3.36       1.28        8.00
dyn_spg                   0.2414700E+02    1.17             3.02       1.15        8.00
tra_qsr                   0.2228758E+02    1.08             3.02       1.15        7.39
dia_wri                   0.1808049E+02    0.88             2.26       0.86        8.01
icedyn_adv                0.1637637E+02    0.80             2.05       0.78        8.01
ldf_slp                   0.1234992E+02    0.60             1.54       0.59        8.02
tra_ldf                   0.1159718E+02    0.56             1.50       0.57        7.73
tra_nxt                   0.1048580E+02    0.51             1.30       0.50        8.04
dyn_ldf                   0.8435418E+01    0.41             1.05       0.40        8.07
dyn_nxt                   0.8001668E+01    0.39             0.99       0.38        8.06
dom_vvl_sf_swp            0.7877286E+01    0.38             1.04       0.39        7.60
icethd                    0.3922759E+01    0.19             0.51       0.19        7.67
zps_hde                   0.3812550E+01    0.19             0.48       0.18        8.00
nemogcmcoup_wam_get       0.5480506E+01    0.27             0.69       0.26        7.98
dyn_vor                   0.6490203E+01    0.32             0.83       0.32        7.78
stp_ctl                   0.6267504E+01    0.30             0.77       0.29        8.09
icewri                    0.5756049E+01    0.28             0.71       0.27        8.09
dom_vvl_sf_nxt            0.5627729E+01    0.27             0.73       0.28        7.73
dyn_adv                   0.3178633E-01    0.00             0.00       0.00        7.15
div_hor                   0.5134723E+01    0.25             0.62       0.24        8.29
iceupdate_tau             0.4459288E+01    0.22             0.55       0.21        8.15
dom_hgr                   0.4059667E+01    0.20             0.54       0.21        7.50
icecor                    0.3474546E+01    0.17             0.44       0.17        7.82
tra_zdf                   0.3627600E+01    0.18             0.49       0.19        7.46
ssh_nxt                   0.4315034E+00    0.02             0.05       0.02        9.02
eos2d                     0.3003671E+01    0.15             0.35       0.13        8.53
tra_bbl                   0.2076071E+01    0.10             0.25       0.10        8.17
parinter_fld_mult         0.2604578E+01    0.13             0.32       0.12        8.03
dyn_keg                   0.2586852E+01    0.13             0.31       0.12        8.29
dyn_zad                   0.2556320E+01    0.12             0.31       0.12        8.30
wzv                       0.2555400E+01    0.12             0.28       0.11        9.11
tra_sbc                   0.2353012E+01    0.11             0.31       0.12        7.70
dyn_zdf                   0.2213560E+01    0.11             0.33       0.12        6.79
dia_hth                   0.2174166E+01    0.11             0.26       0.10        8.35
sbc_sglcpl_rcv            0.1918265E+01    0.09             0.23       0.09        8.42
dyn_hpg                   0.1745868E+01    0.08             0.21       0.08        8.47
tra_bbc                   0.1628264E+01    0.08             0.19       0.07        8.50
icedyn_rdgrft             0.1538025E+01    0.07             0.18       0.07        8.52
rab_3d                    0.1469735E+01    0.07             0.17       0.06        8.70
eos-pot                   0.1250573E+01    0.06             0.14       0.05        8.81
bn2                       0.1217511E+01    0.06             0.13       0.05        9.20
nemogcmcoup_wam_update    0.5647872E+00    0.03             0.07       0.03        8.18
rab_2d                    0.9183237E+00    0.04             0.10       0.04        8.95
nemogcmcoup_lim2_update   0.4020844E+00    0.02             0.05       0.02        8.14
nemogcmcoup_lim2_get      0.3910701E+00    0.02             0.05       0.02        8.53
eos-insitu                0.5836935E+00    0.03             0.07       0.02        8.91
iceupdate_flx             0.3634946E+00    0.02             0.03       0.01       12.66
icesbc                    0.1284350E+00    0.01             0.00       0.00       77.52
iceitd_reb                0.4029995E+00    0.02             0.00       0.00      123.85
iceitd_rem                0.3318874E+00    0.02             0.02       0.01       15.45
nemogcmcoup_wam_update_s  0.1478915E+00    0.01             0.02       0.01        8.53
scripremap_dealloc        0.2499714E+00    0.01             0.03       0.01        7.91
sbc_sglcpl_ice_flx        0.2066527E+00    0.01             0.01       0.00       34.54
icealb                    0.1841046E+00    0.01             0.02       0.01        8.03
scripremap_alloc          0.4017191E-01    0.00             0.01       0.00        7.98
 
 MPI summary report :
 --------------------

 Process Rank | Elapsed Time (s) | CPU Time (s) | Ratio CPU/Elapsed
 -------------|------------------|--------------|------------------
         0    |     262.580      |    2056.677  |      7.833
         1    |     262.578      |    2061.418  |      7.851
         2    |     262.579      |    2059.435  |      7.843
         3    |     262.579      |    2059.798  |      7.845
         4    |     262.579      |    2061.147  |      7.850
         5    |     262.579      |    2063.524  |      7.859
         6    |     262.579      |    2063.344  |      7.858
         7    |     262.578      |    2062.262  |      7.854
         8    |     262.579      |    2062.455  |      7.855
         9    |     262.578      |    2063.825  |      7.860
        10    |     262.578      |    2064.030  |      7.861
        11    |     262.579      |    2061.252  |      7.850
        12    |     262.578      |    2063.697  |      7.859
        13    |     262.578      |    2063.536  |      7.859
        14    |     262.580      |    2063.981  |      7.860
        15    |     262.580      |    2062.752  |      7.856
        16    |     262.578      |    2061.903  |      7.853
        17    |     262.579      |    2061.440  |      7.851
        18    |     262.579      |    2059.428  |      7.843
        19    |     262.579      |    2060.085  |      7.846
        20    |     262.578      |    2060.826  |      7.848
        21    |     262.580      |    2058.733  |      7.840
        22    |     262.580      |    2057.241  |      7.835
        23    |     262.579      |    2056.694  |      7.833
        24    |     262.579      |    2067.166  |      7.873
        25    |     262.578      |    2067.940  |      7.876
        26    |     262.579      |    2067.810  |      7.875
        27    |     262.579      |    2070.241  |      7.884
        28    |     262.579      |    2068.738  |      7.879
        29    |     262.579      |    2071.962  |      7.891
        30    |     262.579      |    2072.692  |      7.894
        31    |     262.579      |    2072.977  |      7.895
        32    |     262.579      |    2073.113  |      7.895
        33    |     262.579      |    2069.998  |      7.883
        34    |     262.579      |    2070.265  |      7.884
        35    |     262.580      |    2069.238  |      7.880
        36    |     262.579      |    2068.965  |      7.879
        37    |     262.579      |    2068.517  |      7.878
        38    |     262.579      |    2070.117  |      7.884
        39    |     262.579      |    2071.338  |      7.888
        40    |     262.578      |    2071.812  |      7.890
        41    |     262.579      |    2070.190  |      7.884
        42    |     262.579      |    2066.653  |      7.871
        43    |     262.579      |    2065.716  |      7.867
        44    |     262.579      |    2064.219  |      7.861
        45    |     262.579      |    2066.160  |      7.869
        46    |     262.579      |    2066.692  |      7.871
        47    |     262.579      |    2066.713  |      7.871
        48    |     262.579      |    2069.027  |      7.880
        49    |     262.579      |    2069.480  |      7.881
        50    |     262.578      |    2070.273  |      7.884
        51    |     262.578      |    2070.012  |      7.883
        52    |     262.580      |    2075.560  |      7.904
        53    |     262.578      |    2075.115  |      7.903
        54    |     262.579      |    2074.574  |      7.901
        55    |     262.579      |    2072.291  |      7.892
        56    |     262.579      |    2063.968  |      7.860
        57    |     262.578      |    2064.442  |      7.862
        58    |     262.579      |    2064.363  |      7.862
        59    |     262.579      |    2064.751  |      7.863
        60    |     262.580      |    2064.230  |      7.861
        61    |     262.579      |    2065.633  |      7.867
        62    |     262.579      |    2065.192  |      7.865
        63    |     262.580      |    2065.644  |      7.867
        64    |     262.579      |    2065.300  |      7.865
        65    |     262.579      |    2065.563  |      7.866
        66    |     262.579      |    2067.521  |      7.874
        67    |     262.579      |    2065.209  |      7.865
        68    |     262.579      |    2063.451  |      7.858
        69    |     262.580      |    2061.040  |      7.849
        70    |     262.580      |    2069.158  |      7.880
        71    |     262.580      |    2068.015  |      7.876
        72    |     262.579      |    2066.583  |      7.870
        73    |     262.579      |    2062.937  |      7.856
        74    |     262.579      |    2062.330  |      7.854
        75    |     262.579      |    2062.973  |      7.857
        76    |     262.579      |    2064.442  |      7.862
        77    |     262.579      |    2064.421  |      7.862
        78    |     262.579      |    2064.245  |      7.861
        79    |     262.579      |    2064.438  |      7.862
        80    |     262.579      |    2065.106  |      7.865
        81    |     262.580      |    2067.110  |      7.872
        82    |     262.579      |    2066.305  |      7.869
        83    |     262.579      |    2072.231  |      7.892
        84    |     262.579      |    2047.904  |      7.799
        85    |     262.579      |    2044.699  |      7.787
        86    |     262.580      |    2043.181  |      7.781
        87    |     262.580      |    2041.775  |      7.776
        88    |     262.581      |    2041.584  |      7.775
        89    |     262.578      |    2041.612  |      7.775
        90    |     262.579      |    2041.475  |      7.775
        91    |     262.579      |    2040.308  |      7.770
        92    |     262.579      |    2040.458  |      7.771
        93    |     262.580      |    2040.500  |      7.771
        94    |     262.579      |    2040.003  |      7.769
        95    |     262.579      |    2040.106  |      7.769
        96    |     262.580      |    2040.400  |      7.771
        97    |     262.579      |    2042.079  |      7.777
        98    |     262.579      |    2059.947  |      7.845
        99    |     262.580      |    2057.026  |      7.834
       100    |     262.579      |    2054.261  |      7.823
       101    |     262.579      |    2052.945  |      7.818
       102    |     262.579      |    2051.401  |      7.813
       103    |     262.579      |    2050.109  |      7.808
       104    |     262.578      |    2049.220  |      7.804
       105    |     262.580      |    2047.959  |      7.799
       106    |     262.579      |    2049.145  |      7.804
       107    |     262.579      |    2049.079  |      7.804
       108    |     262.579      |    2049.450  |      7.805
       109    |     262.578      |    2052.581  |      7.817
       110    |     262.580      |    2054.957  |      7.826
       111    |     262.579      |    2055.430  |      7.828
       112    |     262.580      |    2065.754  |      7.867
       113    |     262.579      |    2066.632  |      7.871
       114    |     262.580      |    2066.462  |      7.870
       115    |     262.580      |    2066.029  |      7.868
       116    |     262.580      |    2066.381  |      7.870
       117    |     262.579      |    2066.653  |      7.871
       118    |     262.580      |    2069.417  |      7.881
       119    |     262.579      |    2068.641  |      7.878
       120    |     262.580      |    2068.757  |      7.879
       121    |     262.580      |    2069.164  |      7.880
       122    |     262.580      |    2067.720  |      7.875
       123    |     262.580      |    2069.218  |      7.880
       124    |     262.580      |    2071.308  |      7.888
       125    |     262.580      |    2070.022  |      7.883
       126    |     262.579      |    2067.520  |      7.874
       127    |     262.580      |    2065.891  |      7.868
       128    |     262.580      |    2065.851  |      7.868
       129    |     262.580      |    2065.629  |      7.867
       130    |     262.580      |    2065.568  |      7.866
       131    |     262.580      |    2065.572  |      7.866
       132    |     262.580      |    2064.936  |      7.864
       133    |     262.580      |    2065.398  |      7.866
       134    |     262.580      |    2065.182  |      7.865
       135    |     262.580      |    2065.228  |      7.865
       136    |     262.581      |    2064.644  |      7.863
       137    |     262.580      |    2066.924  |      7.872
       138    |     262.580      |    2062.924  |      7.856
       139    |     262.580      |    2068.786  |      7.879
       140    |     262.580      |    2068.426  |      7.877
       141    |     262.580      |    2066.215  |      7.869
       142    |     262.580      |    2062.399  |      7.854
       143    |     262.581      |    2062.402  |      7.854
       144    |     262.579      |    2061.894  |      7.852
       145    |     262.580      |    2060.449  |      7.847
       146    |     262.580      |    2062.103  |      7.853
       147    |     262.579      |    2059.265  |      7.842
       148    |     262.579      |    2059.929  |      7.845
       149    |     262.579      |    2061.800  |      7.852
       150    |     262.581      |    2060.169  |      7.846
       151    |     262.580      |    2063.593  |      7.859
       152    |     262.579      |    2061.092  |      7.849
       153    |     262.580      |    2065.723  |      7.867
       154    |     262.579      |    2058.483  |      7.839
       155    |     262.579      |    2058.905  |      7.841
       156    |     262.579      |    2058.949  |      7.841
       157    |     262.580      |    2054.367  |      7.824
       158    |     262.580      |    2056.228  |      7.831
       159    |     262.580      |    2057.652  |      7.836
       160    |     262.579      |    2064.067  |      7.861
       161    |     262.580      |    2062.206  |      7.854
       162    |     262.579      |    2063.804  |      7.860
       163    |     262.579      |    2070.250  |      7.884
       164    |     262.579      |    2068.425  |      7.877
       165    |     262.579      |    2067.917  |      7.875
       166    |     262.580      |    2068.176  |      7.876
       167    |     262.580      |    2068.171  |      7.876
       168    |     262.580      |    2059.697  |      7.844
       169    |     262.581      |    2060.573  |      7.847
       170    |     262.581      |    2060.490  |      7.847
       171    |     262.580      |    2060.858  |      7.848
       172    |     262.580      |    2061.659  |      7.852
       173    |     262.581      |    2061.955  |      7.853
       174    |     262.580      |    2060.197  |      7.846
       175    |     262.581      |    2059.695  |      7.844
       176    |     262.580      |    2062.341  |      7.854
       177    |     262.580      |    2062.720  |      7.856
       178    |     262.580      |    2063.486  |      7.859
       179    |     262.580      |    2056.774  |      7.833
       180    |     262.581      |    2056.119  |      7.830
       181    |     262.580      |    2056.132  |      7.831
       182    |     262.580      |    2063.803  |      7.860
       183    |     262.580      |    2063.157  |      7.857
       184    |     262.580      |    2061.152  |      7.850
       185    |     262.581      |    2059.095  |      7.842
       186    |     262.580      |    2060.799  |      7.848
       187    |     262.581      |    2060.187  |      7.846
       188    |     262.580      |    2060.157  |      7.846
       189    |     262.580      |    2059.753  |      7.844
       190    |     262.581      |    2059.316  |      7.843
       191    |     262.581      |    2060.333  |      7.846
       192    |     262.580      |    2059.978  |      7.845
       193    |     262.581      |    2058.897  |      7.841
       194    |     262.580      |    2056.325  |      7.831
       195    |     262.581      |    2057.173  |      7.834
       196    |     262.579      |    2061.241  |      7.850
       197    |     262.579      |    2067.417  |      7.874
       198    |     262.579      |    2065.475  |      7.866
       199    |     262.579      |    2062.449  |      7.855
       200    |     262.579      |    2060.411  |      7.847
       201    |     262.579      |    2058.956  |      7.841
       202    |     262.579      |    2058.331  |      7.839
       203    |     262.579      |    2059.557  |      7.844
       204    |     262.578      |    2059.157  |      7.842
       205    |     262.578      |    2058.948  |      7.841
       206    |     262.579      |    2060.452  |      7.847
       207    |     262.579      |    2060.067  |      7.846
       208    |     262.579      |    2059.842  |      7.845
       209    |     262.580      |    2062.294  |      7.854
       210    |     262.579      |    2062.937  |      7.856
       211    |     262.579      |    2067.147  |      7.872
       212    |     262.580      |    2066.308  |      7.869
       213    |     262.579      |    2066.067  |      7.868
       214    |     262.580      |    2066.854  |      7.871
       215    |     262.580      |    2064.577  |      7.863
       216    |     262.579      |    2060.573  |      7.847
       217    |     262.579      |    2061.135  |      7.850
       218    |     262.580      |    2062.368  |      7.854
       219    |     262.579      |    2062.961  |      7.857
       220    |     262.580      |    2062.945  |      7.856
       221    |     262.579      |    2061.769  |      7.852
       222    |     262.580      |    2064.506  |      7.862
       223    |     262.580      |    2068.642  |      7.878
       224    |     262.579      |    2039.948  |      7.769
       225    |     262.579      |    2041.421  |      7.774
       226    |     262.579      |    2043.284  |      7.782
       227    |     262.580      |    2043.408  |      7.782
       228    |     262.579      |    2043.513  |      7.782
       229    |     262.580      |    2044.522  |      7.786
       230    |     262.580      |    2044.256  |      7.785
       231    |     262.579      |    2042.137  |      7.777
       232    |     262.579      |    2043.928  |      7.784
       233    |     262.580      |    2044.132  |      7.785
       234    |     262.579      |    2043.963  |      7.784
       235    |     262.579      |    2044.273  |      7.785
       236    |     262.579      |    2045.000  |      7.788
       237    |     262.580      |    2044.174  |      7.785
       238    |     262.581      |    2056.091  |      7.830
       239    |     262.580      |    2054.204  |      7.823
       240    |     262.580      |    2053.835  |      7.822
       241    |     262.581      |    2053.497  |      7.820
       242    |     262.580      |    2056.992  |      7.834
       243    |     262.580      |    2054.168  |      7.823
       244    |     262.581      |    2054.400  |      7.824
       245    |     262.581      |    2052.565  |      7.817
       246    |     262.580      |    2047.995  |      7.800
       247    |     262.581      |    2046.709  |      7.795
       248    |     262.580      |    2045.889  |      7.791
       249    |     262.580      |    2046.234  |      7.793
       250    |     262.580      |    2044.277  |      7.785
       251    |     262.580      |    2047.034  |      7.796
       252    |     262.580      |    2056.118  |      7.830
       253    |     262.580      |    2054.029  |      7.822
       254    |     262.580      |    2052.568  |      7.817
       255    |     262.580      |    2052.789  |      7.818
       256    |     262.579      |    2052.751  |      7.818
       257    |     262.579      |    2052.226  |      7.816
       258    |     262.579      |    2051.683  |      7.814
       259    |     262.580      |    2051.320  |      7.812
       260    |     262.578      |    2051.284  |      7.812
       261    |     262.579      |    2051.285  |      7.812
       262    |     262.580      |    2050.098  |      7.808
       263    |     262.580      |    2049.753  |      7.806
       264    |     262.579      |    2049.320  |      7.805
       265    |     262.580      |    2050.672  |      7.810
       266    |     262.580      |    2056.215  |      7.831
       267    |     262.580      |    2055.054  |      7.826
       268    |     262.580      |    2055.101  |      7.827
       269    |     262.579      |    2056.316  |      7.831
       270    |     262.580      |    2056.828  |      7.833
       271    |     262.580      |    2059.197  |      7.842
       272    |     262.580      |    2058.976  |      7.841
       273    |     262.580      |    2059.137  |      7.842
       274    |     262.580      |    2057.709  |      7.836
       275    |     262.580      |    2058.126  |      7.838
       276    |     262.580      |    2058.885  |      7.841
       277    |     262.580      |    2056.682  |      7.833
       278    |     262.580      |    2057.041  |      7.834
       279    |     262.580      |    2058.795  |      7.841
       280    |     262.580      |    2059.887  |      7.845
       281    |     262.580      |    2057.124  |      7.834
       282    |     262.580      |    2060.733  |      7.848
       283    |     262.580      |    2065.691  |      7.867
       284    |     262.580      |    2065.444  |      7.866
       285    |     262.579      |    2063.662  |      7.859
       286    |     262.580      |    2063.511  |      7.859
       287    |     262.581      |    2064.711  |      7.863
       288    |     262.580      |    2064.108  |      7.861
       289    |     262.580      |    2064.516  |      7.862
       290    |     262.579      |    2064.569  |      7.863
       291    |     262.581      |    2062.618  |      7.855
       292    |     262.580      |    2062.255  |      7.854
       293    |     262.580      |    2063.698  |      7.859
       294    |     262.579      |    2055.538  |      7.828
       295    |     262.580      |    2058.505  |      7.840
       296    |     262.581      |    2058.684  |      7.840
       297    |     262.580      |    2058.576  |      7.840
       298    |     262.579      |    2061.835  |      7.852
       299    |     262.580      |    2059.980  |      7.845
       300    |     262.580      |    2060.983  |      7.849
       301    |     262.580      |    2060.499  |      7.847
       302    |     262.580      |    2061.993  |      7.853
       303    |     262.580      |    2062.508  |      7.855
       304    |     262.580      |    2062.738  |      7.856
       305    |     262.580      |    2060.600  |      7.848
       306    |     262.580      |    2060.140  |      7.846
       307    |     262.580      |    2059.055  |      7.842
       308    |     262.579      |    2062.928  |      7.856
       309    |     262.579      |    2063.229  |      7.858
       310    |     262.579      |    2062.309  |      7.854
       311    |     262.580      |    2063.913  |      7.860
       312    |     262.578      |    2063.167  |      7.857
       313    |     262.578      |    2059.641  |      7.844
       314    |     262.579      |    2059.215  |      7.842
       315    |     262.579      |    2059.968  |      7.845
       316    |     262.578      |    2059.348  |      7.843
       317    |     262.578      |    2060.923  |      7.849
       318    |     262.579      |    2060.253  |      7.846
       319    |     262.579      |    2059.765  |      7.844
       320    |     262.579      |    2059.036  |      7.842
       321    |     262.579      |    2060.248  |      7.846
       322    |     262.580      |    2056.328  |      7.831
       323    |     262.580      |    2056.802  |      7.833
       324    |     262.580      |    2056.900  |      7.833
       325    |     262.580      |    2057.778  |      7.837
       326    |     262.580      |    2059.584  |      7.844
       327    |     262.580      |    2058.026  |      7.838
       328    |     262.580      |    2058.055  |      7.838
       329    |     262.580      |    2058.654  |      7.840
       330    |     262.580      |    2058.413  |      7.839
       331    |     262.580      |    2064.971  |      7.864
       332    |     262.579      |    2064.752  |      7.863
       333    |     262.580      |    2063.270  |      7.858
       334    |     262.580      |    2064.316  |      7.862
       335    |     262.580      |    2062.917  |      7.856
       336    |     262.579      |    2056.660  |      7.833
       337    |     262.580      |    2054.963  |      7.826
       338    |     262.579      |    2056.826  |      7.833
       339    |     262.580      |    2058.973  |      7.841
       340    |     262.580      |    2065.065  |      7.865
       341    |     262.579      |    2062.233  |      7.854
       342    |     262.580      |    2062.506  |      7.855
       343    |     262.581      |    2066.558  |      7.870
       344    |     262.579      |    2065.776  |      7.867
       345    |     262.580      |    2067.532  |      7.874
       346    |     262.579      |    2067.334  |      7.873
       347    |     262.580      |    2066.296  |      7.869
       348    |     262.580      |    2065.621  |      7.867
       349    |     262.580      |    2065.344  |      7.866
       350    |     262.580      |    2051.935  |      7.815
       351    |     262.580      |    2052.551  |      7.817
       352    |     262.579      |    2052.283  |      7.816
       353    |     262.580      |    2052.853  |      7.818
       354    |     262.579      |    2052.680  |      7.817
       355    |     262.579      |    2053.288  |      7.820
       356    |     262.579      |    2054.178  |      7.823
       357    |     262.580      |    2055.343  |      7.827
       358    |     262.580      |    2056.125  |      7.830
       359    |     262.580      |    2057.041  |      7.834
       360    |     262.579      |    2057.462  |      7.836
       361    |     262.579      |    2051.644  |      7.813
       362    |     262.580      |    2052.036  |      7.815
       363    |     262.579      |    2052.315  |      7.816
       364    |     262.580      |    2058.820  |      7.841
       365    |     262.580      |    2058.684  |      7.840
       366    |     262.580      |    2058.132  |      7.838
       367    |     262.580      |    2057.307  |      7.835
       368    |     262.579      |    2057.000  |      7.834
       369    |     262.580      |    2056.850  |      7.833
       370    |     262.581      |    2056.641  |      7.832
       371    |     262.580      |    2057.889  |      7.837
       372    |     262.581      |    2057.461  |      7.836
       373    |     262.580      |    2057.404  |      7.835
       374    |     262.581      |    2057.328  |      7.835
       375    |     262.580      |    2056.654  |      7.832
       376    |     262.579      |    2054.019  |      7.822
       377    |     262.581      |    2053.876  |      7.822
       378    |     262.580      |    2051.653  |      7.813
       379    |     262.580      |    2055.395  |      7.828
       380    |     262.581      |    2055.120  |      7.827
       381    |     262.581      |    2055.712  |      7.829
       382    |     262.581      |    2054.308  |      7.824
       383    |     262.581      |    2053.790  |      7.822
       384    |     262.580      |    2053.681  |      7.821
       385    |     262.580      |    2052.711  |      7.817
       386    |     262.581      |    2055.028  |      7.826
       387    |     262.580      |    2058.136  |      7.838
       388    |     262.580      |    2058.331  |      7.839
       389    |     262.581      |    2058.302  |      7.839
       390    |     262.580      |    2057.041  |      7.834
       391    |     262.580      |    2059.391  |      7.843
       392    |     262.580      |    2051.030  |      7.811
       393    |     262.580      |    2049.229  |      7.804
       394    |     262.581      |    2051.710  |      7.814
       395    |     262.579      |    2048.616  |      7.802
       396    |     262.580      |    2055.332  |      7.827
       397    |     262.580      |    2053.383  |      7.820
       398    |     262.581      |    2055.981  |      7.830
       399    |     262.580      |    2059.507  |      7.843
       400    |     262.579      |    2059.012  |      7.841
       401    |     262.580      |    2058.027  |      7.838
       402    |     262.580      |    2057.953  |      7.837
       403    |     262.581      |    2057.264  |      7.835
       404    |     262.581      |    2055.054  |      7.826
       405    |     262.580      |    2061.639  |      7.851
       406    |     262.580      |    2043.541  |      7.783
       407    |     262.581      |    2043.784  |      7.783
       408    |     262.580      |    2042.526  |      7.779
       409    |     262.580      |    2043.193  |      7.781
       410    |     262.580      |    2045.056  |      7.788
       411    |     262.581      |    2046.886  |      7.795
       412    |     262.580      |    2045.021  |      7.788
       413    |     262.580      |    2045.486  |      7.790
       414    |     262.580      |    2045.020  |      7.788
       415    |     262.580      |    2047.226  |      7.797
       416    |     262.580      |    2046.408  |      7.793
       417    |     262.580      |    2043.583  |      7.783
       418    |     262.580      |    2046.453  |      7.794
       419    |     262.581      |    2049.094  |      7.804
       420    |     262.578      |    2054.568  |      7.825
       421    |     262.579      |    2053.382  |      7.820
       422    |     262.579      |    2053.814  |      7.822
       423    |     262.579      |    2056.505  |      7.832
       424    |     262.580      |    2058.374  |      7.839
       425    |     262.578      |    2054.658  |      7.825
       426    |     262.579      |    2052.080  |      7.815
       427    |     262.578      |    2050.940  |      7.811
       428    |     262.579      |    2049.627  |      7.806
       429    |     262.579      |    2051.104  |      7.811
       430    |     262.579      |    2049.314  |      7.805
       431    |     262.579      |    2047.802  |      7.799
       432    |     262.579      |    2047.696  |      7.798
       433    |     262.578      |    2045.916  |      7.792
       434    |     262.578      |    2051.102  |      7.811
       435    |     262.578      |    2053.033  |      7.819
       436    |     262.577      |    2051.194  |      7.812
       437    |     262.578      |    2052.172  |      7.815
       438    |     262.578      |    2049.204  |      7.804
       439    |     262.579      |    2051.139  |      7.812
       440    |     262.578      |    2050.514  |      7.809
       441    |     262.578      |    2049.679  |      7.806
       442    |     262.579      |    2047.362  |      7.797
       443    |     262.579      |    2051.460  |      7.813
       444    |     262.578      |    2051.458  |      7.813
       445    |     262.579      |    2051.530  |      7.813
       446    |     262.578      |    2053.957  |      7.822
       447    |     262.579      |    2050.896  |      7.811
       448    |     262.579      |    2050.932  |      7.811
       449    |     262.579      |    2052.217  |      7.816
       450    |     262.579      |    2052.709  |      7.817
       451    |     262.579      |    2054.492  |      7.824
       452    |     262.579      |    2056.193  |      7.831
       453    |     262.580      |    2055.718  |      7.829
       454    |     262.579      |    2058.275  |      7.839
       455    |     262.579      |    2050.147  |      7.808
       456    |     262.579      |    2053.898  |      7.822
       457    |     262.579      |    2054.211  |      7.823
       458    |     262.578      |    2057.098  |      7.834
       459    |     262.578      |    2057.586  |      7.836
       460    |     262.578      |    2062.221  |      7.854
       461    |     262.578      |    2060.962  |      7.849
       462    |     262.578      |    2060.857  |      7.849
       463    |     262.578      |    2060.262  |      7.846
       464    |     262.579      |    2058.149  |      7.838
       465    |     262.579      |    2061.807  |      7.852
       466    |     262.579      |    2061.357  |      7.850
       467    |     262.579      |    2059.573  |      7.844
       468    |     262.578      |    2059.884  |      7.845
       469    |     262.580      |    2063.484  |      7.859
       470    |     262.579      |    2064.327  |      7.862
       471    |     262.579      |    2063.703  |      7.859
       472    |     262.579      |    2065.038  |      7.864
       473    |     262.579      |    2063.029  |      7.857
       474    |     262.579      |    2062.599  |      7.855
       475    |     262.579      |    2062.519  |      7.855
       476    |     262.578      |    2066.864  |      7.871
       477    |     262.578      |    2065.079  |      7.865
       478    |     262.579      |    2066.947  |      7.872
       479    |     262.579      |    2067.758  |      7.875
       480    |     262.579      |    2067.530  |      7.874
       481    |     262.578      |    2062.105  |      7.853
       482    |     262.579      |    2062.322  |      7.854
       483    |     262.578      |    2061.038  |      7.849
       484    |     262.578      |    2062.507  |      7.855
       485    |     262.579      |    2061.853  |      7.852
       486    |     262.578      |    2064.078  |      7.861
       487    |     262.579      |    2060.905  |      7.849
       488    |     262.579      |    2061.189  |      7.850
       489    |     262.579      |    2063.135  |      7.857
       490    |     262.578      |    2066.045  |      7.868
       491    |     262.580      |    2066.879  |      7.871
       492    |     262.578      |    2064.576  |      7.863
       493    |     262.579      |    2067.488  |      7.874
       494    |     262.578      |    2067.927  |      7.875
       495    |     262.580      |    2068.534  |      7.878
       496    |     262.579      |    2068.279  |      7.877
       497    |     262.579      |    2063.466  |      7.858
       498    |     262.579      |    2061.141  |      7.850
       499    |     262.578      |    2067.685  |      7.875
       500    |     262.580      |    2066.682  |      7.871
       501    |     262.580      |    2066.768  |      7.871
       502    |     262.579      |    2065.086  |      7.865
       503    |     262.579      |    2067.525  |      7.874
       504    |     262.580      |    2056.194  |      7.831
       505    |     262.579      |    2056.973  |      7.834
       506    |     262.580      |    2056.916  |      7.833
       507    |     262.580      |    2057.171  |      7.834
       508    |     262.580      |    2057.413  |      7.835
       509    |     262.580      |    2061.178  |      7.850
       510    |     262.580      |    2059.992  |      7.845
       511    |     262.579      |    2059.031  |      7.842
       512    |     262.580      |    2062.878  |      7.856
       513    |     262.580      |    2060.976  |      7.849
       514    |     262.580      |    2062.386  |      7.854
       515    |     262.580      |    2056.078  |      7.830
       516    |     262.579      |    2056.409  |      7.832
       517    |     262.579      |    2057.816  |      7.837
       518    |     262.580      |    2054.923  |      7.826
       519    |     262.579      |    2058.358  |      7.839
       520    |     262.579      |    2060.373  |      7.847
       521    |     262.579      |    2059.050  |      7.842
       522    |     262.580      |    2058.466  |      7.839
       523    |     262.579      |    2056.711  |      7.833
       524    |     262.579      |    2056.353  |      7.831
       525    |     262.579      |    2057.567  |      7.836
       526    |     262.579      |    2057.297  |      7.835
       527    |     262.579      |    2057.908  |      7.837
       528    |     262.579      |    2057.684  |      7.836
       529    |     262.579      |    2055.665  |      7.829
       530    |     262.579      |    2056.250  |      7.831
       531    |     262.579      |    2060.438  |      7.847
       532    |     262.580      |    2058.795  |      7.841
       533    |     262.579      |    2058.652  |      7.840
       534    |     262.578      |    2057.484  |      7.836
       535    |     262.579      |    2057.969  |      7.838
       536    |     262.579      |    2057.977  |      7.838
       537    |     262.578      |    2056.260  |      7.831
       538    |     262.578      |    2058.048  |      7.838
       539    |     262.580      |    2057.210  |      7.835
       540    |     262.579      |    2057.558  |      7.836
       541    |     262.579      |    2055.180  |      7.827
       542    |     262.579      |    2056.406  |      7.832
       543    |     262.579      |    2054.137  |      7.823
       544    |     262.578      |    2054.813  |      7.826
       545    |     262.578      |    2054.849  |      7.826
       546    |     262.580      |    2065.658  |      7.867
       547    |     262.578      |    2065.024  |      7.864
       548    |     262.578      |    2065.134  |      7.865
       549    |     262.578      |    2066.289  |      7.869
       550    |     262.579      |    2065.566  |      7.866
       551    |     262.579      |    2065.245  |      7.865
       552    |     262.579      |    2063.580  |      7.859
       553    |     262.578      |    2063.907  |      7.860
       554    |     262.579      |    2064.069  |      7.861
       555    |     262.579      |    2067.801  |      7.875
       556    |     262.579      |    2066.064  |      7.868
       557    |     262.579      |    2064.346  |      7.862
       558    |     262.578      |    2060.184  |      7.846
       559    |     262.578      |    2063.935  |      7.860
       560    |     262.580      |    2056.726  |      7.833
       561    |     262.579      |    2058.677  |      7.840
       562    |     262.580      |    2058.300  |      7.839
       563    |     262.579      |    2060.820  |      7.848
       564    |     262.580      |    2060.689  |      7.848
       565    |     262.580      |    2058.640  |      7.840
       566    |     262.580      |    2058.362  |      7.839
       567    |     262.580      |    2058.072  |      7.838
       568    |     262.579      |    2058.483  |      7.839
       569    |     262.580      |    2060.441  |      7.847
       570    |     262.580      |    2061.325  |      7.850
       571    |     262.580      |    2062.835  |      7.856
       572    |     262.580      |    2062.053  |      7.853
       573    |     262.580      |    2060.748  |      7.848
       574    |     262.580      |    2061.281  |      7.850
       575    |     262.579      |    2056.448  |      7.832
       576    |     262.580      |    2056.385  |      7.831
       577    |     262.580      |    2056.689  |      7.833
       578    |     262.580      |    2055.977  |      7.830
       579    |     262.580      |    2058.648  |      7.840
       580    |     262.579      |    2062.000  |      7.853
       581    |     262.581      |    2057.866  |      7.837
       582    |     262.580      |    2054.532  |      7.824
       583    |     262.580      |    2055.689  |      7.829
       584    |     262.580      |    2052.257  |      7.816
       585    |     262.579      |    2051.483  |      7.813
       586    |     262.580      |    2048.987  |      7.803
       587    |     262.580      |    2049.378  |      7.805
       588    |     262.578      |    2047.321  |      7.797
       589    |     262.579      |    2047.337  |      7.797
       590    |     262.579      |    2047.933  |      7.799
       591    |     262.580      |    2052.336  |      7.816
       592    |     262.579      |    2051.907  |      7.814
       593    |     262.580      |    2050.983  |      7.811
       594    |     262.579      |    2049.799  |      7.806
       595    |     262.579      |    2049.940  |      7.807
       596    |     262.580      |    2050.366  |      7.809
       597    |     262.579      |    2049.533  |      7.805
       598    |     262.579      |    2053.148  |      7.819
       599    |     262.580      |    2052.899  |      7.818
       600    |     262.580      |    2055.201  |      7.827
       601    |     262.579      |    2051.238  |      7.812
       602    |     262.580      |    2046.532  |      7.794
       603    |     262.580      |    2045.712  |      7.791
       604    |     262.580      |    2046.351  |      7.793
       605    |     262.580      |    2046.290  |      7.793
       606    |     262.579      |    2047.641  |      7.798
       607    |     262.580      |    2045.672  |      7.791
       608    |     262.580      |    2046.003  |      7.792
       609    |     262.580      |    2047.707  |      7.798
       610    |     262.580      |    2044.316  |      7.785
       611    |     262.580      |    2044.455  |      7.786
       612    |     262.580      |    2043.451  |      7.782
       613    |     262.579      |    2043.591  |      7.783
       614    |     262.580      |    2043.688  |      7.783
       615    |     262.579      |    2048.707  |      7.802
       616    |     262.580      |    2048.528  |      7.802
       617    |     262.579      |    2051.836  |      7.814
       618    |     262.580      |    2054.836  |      7.826
       619    |     262.579      |    2053.094  |      7.819
       620    |     262.579      |    2055.204  |      7.827
       621    |     262.579      |    2053.468  |      7.820
       622    |     262.579      |    2054.462  |      7.824
       623    |     262.579      |    2050.345  |      7.808
       624    |     262.579      |    2049.485  |      7.805
       625    |     262.579      |    2050.437  |      7.809
       626    |     262.580      |    2049.380  |      7.805
       627    |     262.580      |    2050.131  |      7.808
       628    |     262.579      |    2054.485  |      7.824
       629    |     262.579      |    2051.798  |      7.814
       630    |     262.580      |    2042.955  |      7.780
       631    |     262.580      |    2045.221  |      7.789
       632    |     262.581      |    2048.411  |      7.801
       633    |     262.580      |    2055.261  |      7.827
       634    |     262.580      |    2050.488  |      7.809
       635    |     262.580      |    2051.557  |      7.813
       636    |     262.580      |    2051.496  |      7.813
       637    |     262.580      |    2050.728  |      7.810
       638    |     262.581      |    2052.580  |      7.817
       639    |     262.580      |    2061.781  |      7.852
       640    |     262.581      |    2058.103  |      7.838
       641    |     262.581      |    2057.156  |      7.834
       642    |     262.581      |    2060.713  |      7.848
       643    |     262.581      |    2060.382  |      7.847
       644    |     262.578      |    2069.397  |      7.881
       645    |     262.579      |    2069.581  |      7.882
       646    |     262.579      |    2068.215  |      7.877
       647    |     262.579      |    2066.210  |      7.869
       648    |     262.578      |    2064.115  |      7.861
       649    |     262.578      |    2064.797  |      7.864
       650    |     262.578      |    2066.855  |      7.871
       651    |     262.580      |    2065.759  |      7.867
       652    |     262.578      |    2065.382  |      7.866
       653    |     262.578      |    2065.500  |      7.866
       654    |     262.578      |    2065.605  |      7.867
       655    |     262.579      |    2065.230  |      7.865
       656    |     262.579      |    2067.656  |      7.874
       657    |     262.578      |    2066.702  |      7.871
       658    |     262.580      |    2062.177  |      7.854
       659    |     262.580      |    2059.562  |      7.844
       660    |     262.580      |    2061.439  |      7.851
       661    |     262.580      |    2059.838  |      7.845
       662    |     262.581      |    2060.627  |      7.848
       663    |     262.580      |    2060.235  |      7.846
       664    |     262.580      |    2061.813  |      7.852
       665    |     262.580      |    2059.720  |      7.844
       666    |     262.581      |    2059.386  |      7.843
       667    |     262.581      |    2061.167  |      7.850
       668    |     262.580      |    2059.899  |      7.845
       669    |     262.580      |    2060.566  |      7.847
       670    |     262.580      |    2057.559  |      7.836
       671    |     262.579      |    2059.920  |      7.845
       672    |     262.579      |    2065.094  |      7.865
       673    |     262.580      |    2069.392  |      7.881
       674    |     262.580      |    2058.359  |      7.839
       675    |     262.579      |    2066.293  |      7.869
       676    |     262.580      |    2065.129  |      7.865
       677    |     262.580      |    2066.436  |      7.870
       678    |     262.580      |    2062.770  |      7.856
       679    |     262.580      |    2060.991  |      7.849
       680    |     262.580      |    2058.866  |      7.841
       681    |     262.581      |    2059.171  |      7.842
       682    |     262.580      |    2059.484  |      7.843
       683    |     262.581      |    2058.102  |      7.838
       684    |     262.580      |    2058.574  |      7.840
       685    |     262.580      |    2060.475  |      7.847
       686    |     262.581      |    2056.086  |      7.830
       687    |     262.580      |    2055.224  |      7.827
       688    |     262.580      |    2056.275  |      7.831
       689    |     262.580      |    2060.525  |      7.847
       690    |     262.581      |    2065.560  |      7.866
       691    |     262.580      |    2056.150  |      7.831
       692    |     262.580      |    2058.532  |      7.840
       693    |     262.581      |    2056.340  |      7.831
       694    |     262.581      |    2056.495  |      7.832
       695    |     262.581      |    2058.113  |      7.838
       696    |     262.580      |    2062.968  |      7.857
       697    |     262.581      |    2061.842  |      7.852
       698    |     262.580      |    2061.401  |      7.851
       699    |     262.581      |    2060.635  |      7.848
       700    |     262.580      |    2060.063  |      7.845
       701    |     262.580      |    2062.026  |      7.853
       702    |     262.581      |    2061.889  |      7.852
       703    |     262.580      |    2055.556  |      7.828
       704    |     262.581      |    2056.244  |      7.831
       705    |     262.581      |    2056.003  |      7.830
       706    |     262.580      |    2055.819  |      7.829
       707    |     262.580      |    2055.961  |      7.830
       708    |     262.580      |    2054.921  |      7.826
       709    |     262.581      |    2057.228  |      7.835
       710    |     262.581      |    2057.082  |      7.834
       711    |     262.580      |    2055.584  |      7.828
       712    |     262.580      |    2056.865  |      7.833
       713    |     262.581      |    2059.630  |      7.844
       714    |     262.580      |    2054.234  |      7.823
       715    |     262.580      |    2055.279  |      7.827
       716    |     262.580      |    2056.011  |      7.830
       717    |     262.580      |    2053.682  |      7.821
       718    |     262.580      |    2053.241  |      7.819
       719    |     262.580      |    2052.951  |      7.818
       720    |     262.580      |    2053.320  |      7.820
       721    |     262.581      |    2052.144  |      7.815
       722    |     262.580      |    2052.518  |      7.817
       723    |     262.580      |    2052.098  |      7.815
       724    |     262.580      |    2052.104  |      7.815
       725    |     262.581      |    2052.268  |      7.816
       726    |     262.581      |    2054.960  |      7.826
       727    |     262.580      |    2052.729  |      7.818
       728    |     262.580      |    2058.304  |      7.839
       729    |     262.581      |    2063.237  |      7.858
       730    |     262.580      |    2065.427  |      7.866
       731    |     262.579      |    2061.190  |      7.850
       732    |     262.580      |    2058.091  |      7.838
       733    |     262.580      |    2056.354  |      7.831
       734    |     262.580      |    2055.973  |      7.830
       735    |     262.580      |    2054.316  |      7.824
       736    |     262.580      |    2055.686  |      7.829
       737    |     262.580      |    2055.764  |      7.829
       738    |     262.580      |    2057.791  |      7.837
       739    |     262.580      |    2055.754  |      7.829
       740    |     262.580      |    2059.842  |      7.845
       741    |     262.580      |    2064.266  |      7.861
       742    |     262.580      |    2041.207  |      7.774
       743    |     262.580      |    2043.954  |      7.784
       744    |     262.580      |    2043.207  |      7.781
       745    |     262.580      |    2041.893  |      7.776
       746    |     262.581      |    2045.841  |      7.791
       747    |     262.580      |    2043.046  |      7.781
       748    |     262.580      |    2040.915  |      7.773
       749    |     262.581      |    2040.279  |      7.770
       750    |     262.581      |    2040.769  |      7.772
       751    |     262.581      |    2040.343  |      7.770
       752    |     262.580      |    2040.845  |      7.772
       753    |     262.580      |    2039.983  |      7.769
       754    |     262.581      |    2038.832  |      7.765
       755    |     262.580      |    2039.169  |      7.766
       756    |     262.579      |    2053.316  |      7.820
       757    |     262.580      |    2053.029  |      7.819
       758    |     262.579      |    2055.068  |      7.826
       759    |     262.579      |    2055.857  |      7.829
       760    |     262.579      |    2055.703  |      7.829
       761    |     262.579      |    2055.828  |      7.829
       762    |     262.580      |    2055.754  |      7.829
       763    |     262.580      |    2054.740  |      7.825
       764    |     262.579      |    2054.952  |      7.826
       765    |     262.579      |    2056.095  |      7.830
       766    |     262.580      |    2055.784  |      7.829
       767    |     262.581      |    2052.017  |      7.815
       768    |     262.580      |    2052.429  |      7.816
       769    |     262.579      |    2055.853  |      7.829
       770    |     262.580      |    2043.068  |      7.781
       771    |     262.580      |    2041.488  |      7.775
       772    |     262.580      |    2040.417  |      7.771
       773    |     262.581      |    2040.105  |      7.769
       774    |     262.580      |    2040.386  |      7.771
       775    |     262.581      |    2040.837  |      7.772
       776    |     262.581      |    2040.819  |      7.772
       777    |     262.580      |    2041.345  |      7.774
       778    |     262.580      |    2041.141  |      7.773
       779    |     262.580      |    2041.079  |      7.773
       780    |     262.581      |    2041.522  |      7.775
       781    |     262.580      |    2043.502  |      7.782
       782    |     262.580      |    2041.218  |      7.774
       783    |     262.581      |    2043.534  |      7.782
       784    |     262.581      |    2052.561  |      7.817
       785    |     262.580      |    2043.398  |      7.782
       786    |     262.580      |    2040.614  |      7.771
       787    |     262.581      |    2037.166  |      7.758
       788    |     262.580      |    2037.536  |      7.760
       789    |     262.580      |    2038.822  |      7.765
       790    |     262.580      |    2038.914  |      7.765
       791    |     262.581      |    2039.173  |      7.766
       792    |     262.581      |    2039.852  |      7.768
       793    |     262.580      |    2037.649  |      7.760
       794    |     262.581      |    2042.062  |      7.777
       795    |     262.580      |    2053.687  |      7.821
       796    |     262.580      |    2050.720  |      7.810
       797    |     262.581      |    2053.279  |      7.820
       798    |     262.581      |    2049.286  |      7.804
       799    |     262.580      |    2050.015  |      7.807
       800    |     262.581      |    2055.440  |      7.828
       801    |     262.580      |    2068.069  |      7.876
       802    |     262.581      |    2066.542  |      7.870
       803    |     262.580      |    2066.043  |      7.868
       804    |     262.581      |    2066.385  |      7.870
       805    |     262.581      |    2065.903  |      7.868
       806    |     262.580      |    2066.819  |      7.871
       807    |     262.580      |    2067.150  |      7.872
       808    |     262.580      |    2063.419  |      7.858
       809    |     262.580      |    2066.919  |      7.872
       810    |     262.581      |    2063.200  |      7.857
       811    |     262.581      |    2063.360  |      7.858
       812    |     262.581      |    2055.960  |      7.830
       813    |     262.580      |    2055.325  |      7.827
       814    |     262.581      |    2055.583  |      7.828
       815    |     262.580      |    2056.678  |      7.833
       816    |     262.580      |    2056.798  |      7.833
       817    |     262.580      |    2056.817  |      7.833
       818    |     262.580      |    2056.347  |      7.831
       819    |     262.581      |    2056.110  |      7.830
       820    |     262.581      |    2057.610  |      7.836
       821    |     262.581      |    2057.045  |      7.834
       822    |     262.581      |    2057.803  |      7.837
       823    |     262.580      |    2058.379  |      7.839
       824    |     262.580      |    2061.394  |      7.851
       825    |     262.580      |    2061.748  |      7.852
       826    |     262.580      |    2063.412  |      7.858
       827    |     262.580      |    2064.772  |      7.863
       828    |     262.580      |    2064.583  |      7.863
       829    |     262.580      |    2065.079  |      7.865
       830    |     262.580      |    2064.702  |      7.863
       831    |     262.580      |    2064.160  |      7.861
       832    |     262.579      |    2064.184  |      7.861
       833    |     262.580      |    2062.960  |      7.857
       834    |     262.580      |    2062.884  |      7.856
       835    |     262.580      |    2062.676  |      7.855
       836    |     262.580      |    2062.623  |      7.855
       837    |     262.580      |    2064.963  |      7.864
       838    |     262.580      |    2057.011  |      7.834
       839    |     262.579      |    2059.510  |      7.843
       840    |     262.581      |    2054.035  |      7.822
       841    |     262.581      |    2052.526  |      7.817
       842    |     262.580      |    2053.470  |      7.820
       843    |     262.581      |    2054.293  |      7.823
       844    |     262.580      |    2054.296  |      7.824
       845    |     262.581      |    2054.882  |      7.826
       846    |     262.580      |    2054.409  |      7.824
       847    |     262.580      |    2065.389  |      7.866
       848    |     262.581      |    2061.048  |      7.849
       849    |     262.580      |    2061.841  |      7.852
       850    |     262.581      |    2061.491  |      7.851
       851    |     262.580      |    2060.045  |      7.845
       852    |     262.580      |    2064.730  |      7.863
       853    |     262.581      |    2064.046  |      7.861
       854    |     262.581      |    2051.990  |      7.815
       855    |     262.580      |    2053.441  |      7.820
       856    |     262.579      |    2056.217  |      7.831
       857    |     262.580      |    2054.348  |      7.824
       858    |     262.581      |    2054.863  |      7.826
       859    |     262.580      |    2054.845  |      7.826
       860    |     262.580      |    2055.283  |      7.827
       861    |     262.580      |    2056.143  |      7.831
       862    |     262.580      |    2057.429  |      7.835
       863    |     262.580      |    2055.322  |      7.827
       864    |     262.580      |    2055.595  |      7.828
       865    |     262.580      |    2054.593  |      7.825
       866    |     262.581      |    2054.863  |      7.826
       867    |     262.580      |    2055.096  |      7.827
       868    |     262.580      |    2050.577  |      7.809
       869    |     262.579      |    2053.174  |      7.819
       870    |     262.579      |    2052.654  |      7.817
       871    |     262.579      |    2052.340  |      7.816
       872    |     262.579      |    2051.948  |      7.815
       873    |     262.580      |    2053.040  |      7.819
       874    |     262.580      |    2053.782  |      7.822
       875    |     262.580      |    2050.390  |      7.809
       876    |     262.580      |    2050.155  |      7.808
       877    |     262.580      |    2051.074  |      7.811
       878    |     262.580      |    2050.476  |      7.809
       879    |     262.580      |    2049.532  |      7.805
       880    |     262.580      |    2049.773  |      7.806
       881    |     262.580      |    2050.263  |      7.808
       882    |     262.579      |    2069.034  |      7.880
       883    |     262.579      |    2069.887  |      7.883
       884    |     262.578      |    2072.938  |      7.895
       885    |     262.579      |    2072.736  |      7.894
       886    |     262.578      |    2070.416  |      7.885
       887    |     262.579      |    2069.369  |      7.881
       888    |     262.579      |    2063.590  |      7.859
       889    |     262.578      |    2071.593  |      7.889
       890    |     262.578      |    2066.531  |      7.870
       891    |     262.579      |    2066.362  |      7.869
       892    |     262.578      |    2064.726  |      7.863
       893    |     262.579      |    2064.130  |      7.861
       894    |     262.578      |    2064.616  |      7.863
       895    |     262.579      |    2065.022  |      7.864
       896    |     262.579      |    2041.346  |      7.774
       897    |     262.579      |    2042.330  |      7.778
       898    |     262.580      |    2041.663  |      7.775
       899    |     262.579      |    2042.112  |      7.777
       900    |     262.580      |    2048.052  |      7.800
       901    |     262.580      |    2046.353  |      7.793
       902    |     262.580      |    2050.410  |      7.809
       903    |     262.579      |    2050.551  |      7.809
       904    |     262.580      |    2050.834  |      7.810
       905    |     262.579      |    2054.115  |      7.823
       906    |     262.579      |    2042.630  |      7.779
       907    |     262.579      |    2041.850  |      7.776
       908    |     262.580      |    2040.525  |      7.771
       909    |     262.580      |    2046.788  |      7.795
       910    |     262.580      |    2040.596  |      7.771
       911    |     262.579      |    2041.383  |      7.774
       912    |     262.579      |    2040.826  |      7.772
       913    |     262.579      |    2042.873  |      7.780
       914    |     262.580      |    2042.327  |      7.778
       915    |     262.580      |    2042.804  |      7.780
       916    |     262.581      |    2040.712  |      7.772
       917    |     262.580      |    2039.932  |      7.769
       918    |     262.580      |    2037.094  |      7.758
       919    |     262.580      |    2039.065  |      7.766
       920    |     262.580      |    2040.041  |      7.769
       921    |     262.579      |    2039.887  |      7.769
       922    |     262.579      |    2038.402  |      7.763
       923    |     262.579      |    2037.670  |      7.760
       924    |     262.579      |    2036.676  |      7.756
       925    |     262.579      |    2038.853  |      7.765
       926    |     262.579      |    2038.997  |      7.765
       927    |     262.580      |    2040.453  |      7.771
       928    |     262.579      |    2040.560  |      7.771
       929    |     262.579      |    2039.442  |      7.767
       930    |     262.579      |    2039.799  |      7.768
       931    |     262.580      |    2038.003  |      7.761
       932    |     262.580      |    2037.536  |      7.760
       933    |     262.579      |    2037.927  |      7.761
       934    |     262.580      |    2037.773  |      7.761
       935    |     262.579      |    2037.669  |      7.760
       936    |     262.579      |    2036.984  |      7.758
       937    |     262.580      |    2040.396  |      7.771
       938    |     262.580      |    2049.111  |      7.804
       939    |     262.580      |    2044.514  |      7.786
       940    |     262.580      |    2044.676  |      7.787
       941    |     262.580      |    2039.101  |      7.766
       942    |     262.580      |    2040.038  |      7.769
       943    |     262.580      |    2040.325  |      7.770
       944    |     262.580      |    2039.358  |      7.767
       945    |     262.581      |    2035.779  |      7.753
       946    |     262.580      |    2034.552  |      7.748
       947    |     262.580      |    2033.647  |      7.745
       948    |     262.580      |    2033.457  |      7.744
       949    |     262.581      |    2035.176  |      7.751
       950    |     262.580      |    2036.037  |      7.754
       951    |     262.580      |    2035.132  |      7.751
       952    |     262.580      |    2044.012  |      7.784
       953    |     262.579      |    2040.955  |      7.773
       954    |     262.580      |    2035.979  |      7.754
       955    |     262.581      |    2038.480  |      7.763
       956    |     262.581      |    2039.140  |      7.766
       957    |     262.580      |    2041.095  |      7.773
       958    |     262.580      |    2043.988  |      7.784
       959    |     262.581      |    2050.682  |      7.810
       960    |     262.580      |    2046.438  |      7.794
       961    |     262.580      |    2046.835  |      7.795
       962    |     262.580      |    2051.779  |      7.814
       963    |     262.580      |    2050.545  |      7.809
       964    |     262.580      |    2050.329  |      7.808
       965    |     262.580      |    2050.045  |      7.807
       966    |     262.581      |    2051.305  |      7.812
       967    |     262.580      |    2051.923  |      7.814
       968    |     262.581      |    2051.055  |      7.811
       969    |     262.580      |    2049.408  |      7.805
       970    |     262.579      |    2050.300  |      7.808
       971    |     262.580      |    2050.996  |      7.811
       972    |     262.579      |    2052.894  |      7.818
       973    |     262.580      |    2051.027  |      7.811
       974    |     262.579      |    2051.187  |      7.812
       975    |     262.580      |    2051.422  |      7.813
       976    |     262.581      |    2051.677  |      7.814
       977    |     262.580      |    2051.437  |      7.813
       978    |     262.580      |    2048.826  |      7.803
       979    |     262.579      |    2049.120  |      7.804
       980    |     262.580      |    2056.291  |      7.831
       981    |     262.580      |    2058.338  |      7.839
       982    |     262.580      |    2057.492  |      7.836
       983    |     262.579      |    2055.919  |      7.830
       984    |     262.580      |    2055.984  |      7.830
       985    |     262.580      |    2059.573  |      7.844
       986    |     262.580      |    2057.967  |      7.837
       987    |     262.581      |    2057.896  |      7.837
       988    |     262.580      |    2057.970  |      7.837
       989    |     262.580      |    2057.975  |      7.838
       990    |     262.579      |    2061.801  |      7.852
       991    |     262.580      |    2059.982  |      7.845
       992    |     262.580      |    2055.042  |      7.826
       993    |     262.580      |    2054.525  |      7.824
       994    |     262.580      |    2071.892  |      7.891
       995    |     262.580      |    2071.751  |      7.890
       996    |     262.580      |    2066.492  |      7.870
       997    |     262.580      |    2063.495  |      7.859
       998    |     262.580      |    2067.978  |      7.876
       999    |     262.579      |    2067.573  |      7.874
      1000    |     262.580      |    2067.697  |      7.875
      1001    |     262.580      |    2064.438  |      7.862
      1002    |     262.579      |    2065.233  |      7.865
      1003    |     262.579      |    2062.303  |      7.854
      1004    |     262.579      |    2060.870  |      7.849
      1005    |     262.580      |    2057.037  |      7.834
      1006    |     262.580      |    2056.138  |      7.831
      1007    |     262.580      |    2063.559  |      7.859
      1008    |     262.579      |    2041.747  |      7.776
      1009    |     262.580      |    2036.969  |      7.758
      1010    |     262.580      |    2038.645  |      7.764
      1011    |     262.579      |    2041.133  |      7.773
      1012    |     262.579      |    2042.721  |      7.779
      1013    |     262.579      |    2044.785  |      7.787
      1014    |     262.580      |    2039.071  |      7.766
      1015    |     262.580      |    2037.060  |      7.758
      1016    |     262.580      |    2038.410  |      7.763
      1017    |     262.580      |    2042.827  |      7.780
      1018    |     262.579      |    2040.081  |      7.769
      1019    |     262.580      |    2041.418  |      7.774
      1020    |     262.580      |    2040.872  |      7.772
      1021    |     262.579      |    2040.804  |      7.772
      1022    |     262.580      |    2044.874  |      7.788
      1023    |     262.581      |    2045.585  |      7.790
      1024    |     262.581      |    2044.183  |      7.785
      1025    |     262.580      |    2044.924  |      7.788
      1026    |     262.581      |    2044.993  |      7.788
      1027    |     262.580      |    2048.149  |      7.800
      1028    |     262.581      |    2047.300  |      7.797
      1029    |     262.579      |    2047.239  |      7.797
      1030    |     262.580      |    2047.009  |      7.796
      1031    |     262.580      |    2047.833  |      7.799
      1032    |     262.581      |    2047.727  |      7.798
      1033    |     262.580      |    2047.946  |      7.799
      1034    |     262.580      |    2047.335  |      7.797
      1035    |     262.580      |    2047.293  |      7.797
      1036    |     262.580      |    2052.158  |      7.815
      1037    |     262.580      |    2053.318  |      7.820
      1038    |     262.580      |    2053.658  |      7.821
      1039    |     262.581      |    2053.525  |      7.821
      1040    |     262.580      |    2055.908  |      7.830
      1041    |     262.579      |    2060.001  |      7.845
      1042    |     262.580      |    2060.108  |      7.846
      1043    |     262.580      |    2058.163  |      7.838
      1044    |     262.580      |    2057.729  |      7.837
      1045    |     262.581      |    2060.147  |      7.846
      1046    |     262.580      |    2058.938  |      7.841
      1047    |     262.581      |    2057.873  |      7.837
      1048    |     262.580      |    2058.066  |      7.838
      1049    |     262.580      |    2058.822  |      7.841
      1050    |     262.580      |    2065.158  |      7.865
      1051    |     262.580      |    2065.970  |      7.868
      1052    |     262.580      |    2063.225  |      7.858
      1053    |     262.581      |    2064.457  |      7.862
      1054    |     262.580      |    2062.412  |      7.854
      1055    |     262.580      |    2062.839  |      7.856
      1056    |     262.580      |    2064.083  |      7.861
      1057    |     262.581      |    2061.101  |      7.849
      1058    |     262.580      |    2055.665  |      7.829
      1059    |     262.581      |    2055.054  |      7.826
      1060    |     262.580      |    2066.743  |      7.871
      1061    |     262.579      |    2057.846  |      7.837
      1062    |     262.580      |    2060.520  |      7.847
      1063    |     262.579      |    2062.218  |      7.854
      1064    |     262.580      |    2039.766  |      7.768
      1065    |     262.580      |    2043.402  |      7.782
      1066    |     262.581      |    2035.078  |      7.750
      1067    |     262.581      |    2035.476  |      7.752
      1068    |     262.580      |    2037.382  |      7.759
      1069    |     262.581      |    2037.711  |      7.760
      1070    |     262.580      |    2040.954  |      7.773
      1071    |     262.579      |    2041.094  |      7.773
      1072    |     262.580      |    2038.059  |      7.762
      1073    |     262.580      |    2036.385  |      7.755
      1074    |     262.580      |    2036.556  |      7.756
      1075    |     262.581      |    2036.421  |      7.755
      1076    |     262.581      |    2032.370  |      7.740
      1077    |     262.580      |    2055.921  |      7.830
      1078    |     262.580      |    2039.710  |      7.768
      1079    |     262.580      |    2040.183  |      7.770
      1080    |     262.581      |    2040.661  |      7.772
      1081    |     262.581      |    2040.570  |      7.771
      1082    |     262.580      |    2040.636  |      7.771
      1083    |     262.580      |    2042.105  |      7.777
      1084    |     262.580      |    2042.497  |      7.779
      1085    |     262.580      |    2042.207  |      7.777
      1086    |     262.580      |    2041.981  |      7.777
      1087    |     262.580      |    2043.249  |      7.781
      1088    |     262.581      |    2045.883  |      7.791
      1089    |     262.580      |    2046.276  |      7.793
      1090    |     262.580      |    2046.599  |      7.794
      1091    |     262.581      |    2046.873  |      7.795
      1092    |     262.580      |    2039.276  |      7.766
      1093    |     262.580      |    2038.548  |      7.764
      1094    |     262.580      |    2034.658  |      7.749
      1095    |     262.581      |    2039.276  |      7.766
      1096    |     262.581      |    2038.450  |      7.763
      1097    |     262.580      |    2038.303  |      7.763
      1098    |     262.580      |    2038.225  |      7.762
      1099    |     262.580      |    2037.449  |      7.759
      1100    |     262.580      |    2037.190  |      7.758
      1101    |     262.581      |    2038.124  |      7.762
      1102    |     262.580      |    2034.886  |      7.750
      1103    |     262.580      |    2036.332  |      7.755
      1104    |     262.580      |    2034.433  |      7.748
      1105    |     262.580      |    2032.492  |      7.740
      1106    |     262.579      |    2056.177  |      7.831
      1107    |     262.580      |    2058.850  |      7.841
      1108    |     262.580      |    2052.400  |      7.816
      1109    |     262.580      |    2052.383  |      7.816
      1110    |     262.579      |    2056.625  |      7.832
      1111    |     262.580      |    2060.190  |      7.846
      1112    |     262.579      |    2050.040  |      7.807
      1113    |     262.580      |    2053.825  |      7.822
      1114    |     262.580      |    2054.494  |      7.824
      1115    |     262.580      |    2055.992  |      7.830
      1116    |     262.580      |    2070.215  |      7.884
      1117    |     262.579      |    2070.314  |      7.885
      1118    |     262.580      |    2069.562  |      7.882
      1119    |     262.579      |    2069.668  |      7.882
      1120    |     262.581      |    2056.518  |      7.832
      1121    |     262.580      |    2055.139  |      7.827
      1122    |     262.580      |    2058.061  |      7.838
      1123    |     262.580      |    2057.862  |      7.837
      1124    |     262.581      |    2056.190  |      7.831
      1125    |     262.581      |    2056.877  |      7.833
      1126    |     262.581      |    2056.448  |      7.832
      1127    |     262.581      |    2057.527  |      7.836
      1128    |     262.580      |    2058.679  |      7.840
      1129    |     262.580      |    2060.143  |      7.846
      1130    |     262.580      |    2059.324  |      7.843
      1131    |     262.580      |    2059.147  |      7.842
      1132    |     262.580      |    2059.547  |      7.843
      1133    |     262.580      |    2060.111  |      7.846
      1134    |     262.581      |    2049.579  |      7.806
      1135    |     262.581      |    2053.759  |      7.821
      1136    |     262.580      |    2053.740  |      7.821
      1137    |     262.580      |    2053.319  |      7.820
      1138    |     262.581      |    2052.319  |      7.816
      1139    |     262.580      |    2050.775  |      7.810
      1140    |     262.581      |    2049.631  |      7.806
      1141    |     262.581      |    2048.096  |      7.800
      1142    |     262.580      |    2048.483  |      7.801
      1143    |     262.579      |    2048.923  |      7.803
      1144    |     262.581      |    2049.754  |      7.806
      1145    |     262.581      |    2051.073  |      7.811
      1146    |     262.581      |    2049.781  |      7.806
      1147    |     262.580      |    2052.439  |      7.816
      1148    |     262.580      |    2068.269  |      7.877
      1149    |     262.579      |    2068.917  |      7.879
      1150    |     262.580      |    2067.601  |      7.874
      1151    |     262.580      |    2073.458  |      7.896
      1152    |     262.581      |    2071.825  |      7.890
      1153    |     262.580      |    2072.194  |      7.892
      1154    |     262.581      |    2067.727  |      7.875
      1155    |     262.580      |    2067.163  |      7.873
      1156    |     262.580      |    2070.760  |      7.886
      1157    |     262.580      |    2075.008  |      7.902
      1158    |     262.581      |    2077.084  |      7.910
      1159    |     262.581      |    2076.317  |      7.907
      1160    |     262.580      |    2069.107  |      7.880
      1161    |     262.580      |    2076.978  |      7.910
      1162    |     262.581      |    2056.749  |      7.833
      1163    |     262.580      |    2056.557  |      7.832
      1164    |     262.581      |    2061.162  |      7.850
      1165    |     262.581      |    2061.081  |      7.849
      1166    |     262.580      |    2060.410  |      7.847
      1167    |     262.581      |    2061.092  |      7.849
      1168    |     262.579      |    2061.446  |      7.851
      1169    |     262.580      |    2059.698  |      7.844
      1170    |     262.580      |    2064.118  |      7.861
      1171    |     262.580      |    2063.733  |      7.859
      1172    |     262.581      |    2063.904  |      7.860
      1173    |     262.581      |    2064.669  |      7.863
      1174    |     262.580      |    2063.902  |      7.860
      1175    |     262.581      |    2065.809  |      7.867
      1176    |     262.580      |    2055.698  |      7.829
      1177    |     262.581      |    2059.102  |      7.842
      1178    |     262.580      |    2051.006  |      7.811
      1179    |     262.580      |    2050.762  |      7.810
      1180    |     262.581      |    2051.189  |      7.812
      1181    |     262.579      |    2049.942  |      7.807
      1182    |     262.580      |    2051.507  |      7.813
      1183    |     262.581      |    2051.636  |      7.813
      1184    |     262.580      |    2053.981  |      7.822
      1185    |     262.580      |    2052.544  |      7.817
      1186    |     262.580      |    2052.656  |      7.817
      1187    |     262.581      |    2050.940  |      7.811
      1188    |     262.580      |    2049.521  |      7.805
      1189    |     262.581      |    2050.418  |      7.809
      1190    |     262.581      |    2061.991  |      7.853
      1191    |     262.580      |    2061.875  |      7.852
      1192    |     262.580      |    2061.691  |      7.852
      1193    |     262.581      |    2061.980  |      7.853
      1194    |     262.580      |    2061.507  |      7.851
      1195    |     262.581      |    2061.554  |      7.851
      1196    |     262.581      |    2063.622  |      7.859
      1197    |     262.581      |    2060.742  |      7.848
      1198    |     262.581      |    2060.913  |      7.849
      1199    |     262.581      |    2060.966  |      7.849
      1200    |     262.580      |    2055.281  |      7.827
      1201    |     262.580      |    2054.035  |      7.822
      1202    |     262.580      |    2055.524  |      7.828
      1203    |     262.580      |    2058.082  |      7.838
      1204    |     262.579      |    2059.421  |      7.843
      1205    |     262.579      |    2062.545  |      7.855
      1206    |     262.579      |    2059.661  |      7.844
      1207    |     262.579      |    2054.057  |      7.823
      1208    |     262.580      |    2051.914  |      7.814
      1209    |     262.579      |    2051.409  |      7.813
      1210    |     262.580      |    2051.784  |      7.814
      1211    |     262.580      |    2054.533  |      7.824
      1212    |     262.579      |    2049.212  |      7.804
      1213    |     262.579      |    2049.397  |      7.805
      1214    |     262.580      |    2049.348  |      7.805
      1215    |     262.579      |    2049.395  |      7.805
      1216    |     262.579      |    2051.132  |      7.811
      1217    |     262.580      |    2056.165  |      7.831
      1218    |     262.581      |    2023.740  |      7.707
      1219    |     262.580      |    2025.107  |      7.712
      1220    |     262.580      |    2028.221  |      7.724
      1221    |     262.580      |    2027.017  |      7.720
      1222    |     262.581      |    2026.769  |      7.719
      1223    |     262.579      |    2026.886  |      7.719
      1224    |     262.579      |    2028.819  |      7.726
      1225    |     262.581      |    2025.881  |      7.715
      1226    |     262.579      |    2027.305  |      7.721
      1227    |     262.580      |    2026.578  |      7.718
      1228    |     262.580      |    2023.056  |      7.705
      1229    |     262.580      |    2024.431  |      7.710
      1230    |     262.579      |    2026.268  |      7.717
      1231    |     262.580      |    2027.206  |      7.720
      1232    |     262.580      |    2051.359  |      7.812
      1233    |     262.580      |    2052.242  |      7.816
      1234    |     262.581      |    2049.770  |      7.806
      1235    |     262.580      |    2049.560  |      7.805
      1236    |     262.580      |    2048.469  |      7.801
      1237    |     262.580      |    2051.880  |      7.814
      1238    |     262.579      |    2048.493  |      7.801
      1239    |     262.580      |    2046.038  |      7.792
      1240    |     262.580      |    2046.624  |      7.794
      1241    |     262.579      |    2040.739  |      7.772
      1242    |     262.580      |    2039.473  |      7.767
      1243    |     262.581      |    2040.757  |      7.772
      1244    |     262.579      |    2043.445  |      7.782
      1245    |     262.581      |    2043.500  |      7.782
      1246    |     262.580      |    2072.140  |      7.891
      1247    |     262.580      |    2070.248  |      7.884
      1248    |     262.580      |    2061.156  |      7.850
      1249    |     262.580      |    2062.752  |      7.856
      1250    |     262.580      |    2070.066  |      7.884
      1251    |     262.579      |    2070.091  |      7.884
      1252    |     262.580      |    2071.945  |      7.891
      1253    |     262.580      |    2065.284  |      7.865
      1254    |     262.581      |    2065.933  |      7.868
      1255    |     262.581      |    2065.953  |      7.868
      1256    |     262.580      |    2066.005  |      7.868
      1257    |     262.579      |    2065.850  |      7.868
      1258    |     262.580      |    2068.068  |      7.876
      1259    |     262.581      |    2072.149  |      7.891
      1260    |     262.580      |    2054.164  |      7.823
      1261    |     262.581      |    2057.694  |      7.836
      1262    |     262.580      |    2056.151  |      7.831
      1263    |     262.580      |    2055.588  |      7.828
      1264    |     262.580      |    2055.745  |      7.829
      1265    |     262.580      |    2055.660  |      7.829
      1266    |     262.580      |    2054.015  |      7.822
      1267    |     262.580      |    2056.356  |      7.831
      1268    |     262.579      |    2055.958  |      7.830
      1269    |     262.580      |    2051.600  |      7.813
      1270    |     262.580      |    2052.250  |      7.816
      1271    |     262.581      |    2052.397  |      7.816
      1272    |     262.581      |    2052.858  |      7.818
      1273    |     262.580      |    2055.017  |      7.826
      1274    |     262.580      |    2062.203  |      7.854
      1275    |     262.581      |    2064.253  |      7.861
      1276    |     262.580      |    2062.513  |      7.855
      1277    |     262.580      |    2062.237  |      7.854
      1278    |     262.580      |    2061.916  |      7.853
      1279    |     262.581      |    2062.825  |      7.856
      1280    |     262.580      |    2061.468  |      7.851
      1281    |     262.581      |    2060.640  |      7.848
      1282    |     262.580      |    2060.571  |      7.847
      1283    |     262.580      |    2056.900  |      7.833
      1284    |     262.581      |    2056.656  |      7.832
      1285    |     262.581      |    2054.152  |      7.823
      1286    |     262.581      |    2056.372  |      7.831
      1287    |     262.580      |    2059.678  |      7.844
      1288    |     262.580      |    2077.320  |      7.911
      1289    |     262.581      |    2076.063  |      7.906
      1290    |     262.580      |    2070.325  |      7.885
      1291    |     262.580      |    2069.438  |      7.881
      1292    |     262.581      |    2071.177  |      7.888
      1293    |     262.580      |    2066.994  |      7.872
      1294    |     262.580      |    2059.266  |      7.842
      1295    |     262.581      |    2058.062  |      7.838
      1296    |     262.581      |    2058.276  |      7.839
      1297    |     262.581      |    2058.836  |      7.841
      1298    |     262.581      |    2060.091  |      7.846
      1299    |     262.581      |    2061.493  |      7.851
      1300    |     262.581      |    2064.060  |      7.861
      1301    |     262.580      |    2067.585  |      7.874
      1302    |     262.580      |    2059.610  |      7.844
      1303    |     262.581      |    2058.386  |      7.839
      1304    |     262.580      |    2059.204  |      7.842
      1305    |     262.580      |    2059.386  |      7.843
      1306    |     262.581      |    2058.747  |      7.840
      1307    |     262.580      |    2057.908  |      7.837
      1308    |     262.581      |    2059.816  |      7.844
      1309    |     262.581      |    2059.081  |      7.842
      1310    |     262.580      |    2047.000  |      7.796
      1311    |     262.580      |    2054.881  |      7.826
      1312    |     262.580      |    2061.724  |      7.852
      1313    |     262.580      |    2062.429  |      7.854
      1314    |     262.580      |    2063.201  |      7.857
      1315    |     262.581      |    2061.262  |      7.850
      1316    |     262.579      |    2061.350  |      7.850
      1317    |     262.579      |    2060.649  |      7.848
      1318    |     262.579      |    2060.104  |      7.846
      1319    |     262.579      |    2060.728  |      7.848
      1320    |     262.579      |    2061.922  |      7.853
      1321    |     262.579      |    2062.150  |      7.853
      1322    |     262.578      |    2062.083  |      7.853
      1323    |     262.579      |    2060.424  |      7.847
      1324    |     262.579      |    2060.676  |      7.848
      1325    |     262.579      |    2061.536  |      7.851
      1326    |     262.578      |    2070.363  |      7.885
      1327    |     262.578      |    2063.642  |      7.859
      1328    |     262.578      |    2064.208  |      7.861
      1329    |     262.579      |    2060.401  |      7.847
      1330    |     262.580      |    2063.431  |      7.858
      1331    |     262.578      |    2054.031  |      7.823
      1332    |     262.578      |    2056.815  |      7.833
      1333    |     262.580      |    2049.302  |      7.804
      1334    |     262.579      |    2050.585  |      7.809
      1335    |     262.579      |    2050.269  |      7.808
      1336    |     262.579      |    2051.142  |      7.812
      1337    |     262.579      |    2050.730  |      7.810
      1338    |     262.579      |    2049.037  |      7.803
      1339    |     262.580      |    2054.477  |      7.824
      1340    |     262.579      |    2054.487  |      7.824
      1341    |     262.580      |    2054.792  |      7.825
      1342    |     262.580      |    2053.212  |      7.819
      1343    |     262.579      |    2057.245  |      7.835
      1344    |     262.578      |    2046.798  |      7.795
      1345    |     262.578      |    2048.172  |      7.800
      1346    |     262.579      |    2046.283  |      7.793
      1347    |     262.578      |    2048.875  |      7.803
      1348    |     262.578      |    2045.858  |      7.791
      1349    |     262.578      |    2046.934  |      7.796
      1350    |     262.579      |    2047.393  |      7.797
      1351    |     262.579      |    2049.591  |      7.806
      1352    |     262.578      |    2047.727  |      7.799
      1353    |     262.579      |    2043.745  |      7.783
      1354    |     262.578      |    2044.095  |      7.785
      1355    |     262.579      |    2042.589  |      7.779
      1356    |     262.579      |    2042.513  |      7.779
      1357    |     262.578      |    2041.904  |      7.776
      1358    |     262.580      |    2050.797  |      7.810
      1359    |     262.580      |    2049.817  |      7.806
      1360    |     262.580      |    2049.433  |      7.805
      1361    |     262.580      |    2049.938  |      7.807
      1362    |     262.579      |    2049.961  |      7.807
      1363    |     262.580      |    2045.154  |      7.789
      1364    |     262.581      |    2041.530  |      7.775
      1365    |     262.580      |    2046.327  |      7.793
      1366    |     262.580      |    2059.507  |      7.843
      1367    |     262.580      |    2060.899  |      7.849
      1368    |     262.580      |    2057.719  |      7.837
      1369    |     262.579      |    2058.061  |      7.838
      1370    |     262.580      |    2058.026  |      7.838
      1371    |     262.579      |    2059.103  |      7.842
      1372    |     262.580      |    2056.107  |      7.830
      1373    |     262.580      |    2055.435  |      7.828
      1374    |     262.580      |    2055.265  |      7.827
      1375    |     262.579      |    2055.704  |      7.829
      1376    |     262.580      |    2055.873  |      7.830
      1377    |     262.580      |    2056.340  |      7.831
      1378    |     262.580      |    2060.226  |      7.846
      1379    |     262.581      |    2059.168  |      7.842
      1380    |     262.581      |    2058.693  |      7.840
      1381    |     262.580      |    2057.311  |      7.835
      1382    |     262.579      |    2058.434  |      7.839
      1383    |     262.580      |    2057.323  |      7.835
      1384    |     262.579      |    2060.080  |      7.846
      1385    |     262.581      |    2059.782  |      7.844
      1386    |     262.580      |    2053.649  |      7.821
      1387    |     262.579      |    2050.341  |      7.808
      1388    |     262.580      |    2051.133  |      7.811
      1389    |     262.580      |    2049.101  |      7.804
      1390    |     262.580      |    2049.647  |      7.806
      1391    |     262.580      |    2049.592  |      7.806
      1392    |     262.579      |    2052.781  |      7.818
      1393    |     262.579      |    2051.632  |      7.813
      1394    |     262.581      |    2051.794  |      7.814
      1395    |     262.580      |    2050.950  |      7.811
      1396    |     262.580      |    2051.071  |      7.811
      1397    |     262.581      |    2054.360  |      7.824
      1398    |     262.580      |    2056.198  |      7.831
      1399    |     262.580      |    2048.099  |      7.800
      1400    |     262.578      |    2057.687  |      7.836
      1401    |     262.579      |    2060.607  |      7.848
      1402    |     262.578      |    2060.792  |      7.848
      1403    |     262.579      |    2059.785  |      7.844
      1404    |     262.578      |    2061.089  |      7.849
      1405    |     262.579      |    2061.188  |      7.850
      1406    |     262.578      |    2060.461  |      7.847
      1407    |     262.578      |    2057.148  |      7.834
      1408    |     262.579      |    2062.331  |      7.854
      1409    |     262.577      |    2059.737  |      7.844
      1410    |     262.579      |    2061.582  |      7.851
      1411    |     262.579      |    2057.368  |      7.835
      1412    |     262.578      |    2056.556  |      7.832
      1413    |     262.578      |    2063.582  |      7.859
      1414    |     262.579      |    2053.836  |      7.822
      1415    |     262.578      |    2059.213  |      7.842
      1416    |     262.579      |    2063.650  |      7.859
      1417    |     262.579      |    2066.397  |      7.870
      1418    |     262.578      |    2064.146  |      7.861
      1419    |     262.578      |    2064.492  |      7.862
      1420    |     262.579      |    2063.494  |      7.859
      1421    |     262.578      |    2065.239  |      7.865
      1422    |     262.579      |    2065.543  |      7.866
      1423    |     262.579      |    2066.619  |      7.870
      1424    |     262.579      |    2065.415  |      7.866
      1425    |     262.579      |    2065.030  |      7.864
      1426    |     262.579      |    2064.883  |      7.864
      1427    |     262.578      |    2063.088  |      7.857
      1428    |     262.579      |    2066.394  |      7.870
      1429    |     262.578      |    2069.603  |      7.882
      1430    |     262.579      |    2068.464  |      7.877
      1431    |     262.579      |    2055.822  |      7.829
      1432    |     262.578      |    2055.689  |      7.829
      1433    |     262.579      |    2056.180  |      7.831
      1434    |     262.578      |    2056.721  |      7.833
      1435    |     262.578      |    2056.069  |      7.830
      1436    |     262.578      |    2056.502  |      7.832
      1437    |     262.578      |    2052.939  |      7.818
      1438    |     262.578      |    2059.227  |      7.842
      1439    |     262.578      |    2058.190  |      7.838
      1440    |     262.579      |    2060.903  |      7.849
      1441    |     262.578      |    2066.303  |      7.869
      1442    |     262.579      |    2045.251  |      7.789
      1443    |     262.579      |    2043.597  |      7.783
      1444    |     262.579      |    2043.774  |      7.783
      1445    |     262.579      |    2043.277  |      7.782
      1446    |     262.580      |    2043.307  |      7.782
      1447    |     262.580      |    2043.787  |      7.783
      1448    |     262.579      |    2044.893  |      7.788
      1449    |     262.580      |    2040.690  |      7.772
      1450    |     262.579      |    2042.131  |      7.777
      1451    |     262.581      |    2044.236  |      7.785
      1452    |     262.579      |    2040.318  |      7.770
      1453    |     262.579      |    2042.169  |      7.777
      1454    |     262.580      |    2039.976  |      7.769
      1455    |     262.580      |    2041.092  |      7.773
      1456    |     262.579      |    2051.197  |      7.812
      1457    |     262.579      |    2062.756  |      7.856
      1458    |     262.579      |    2065.630  |      7.867
      1459    |     262.579      |    2067.691  |      7.875
      1460    |     262.579      |    2067.439  |      7.874
      1461    |     262.579      |    2067.001  |      7.872
      1462    |     262.579      |    2068.192  |      7.876
      1463    |     262.579      |    2066.921  |      7.872
      1464    |     262.580      |    2064.925  |      7.864
      1465    |     262.579      |    2069.181  |      7.880
      1466    |     262.579      |    2069.441  |      7.881
      1467    |     262.580      |    2069.865  |      7.883
      1468    |     262.579      |    2071.720  |      7.890
      1469    |     262.579      |    2072.540  |      7.893
      1470    |     262.580      |    2054.132  |      7.823
      1471    |     262.579      |    2055.391  |      7.828
      1472    |     262.579      |    2055.661  |      7.829
      1473    |     262.578      |    2055.559  |      7.828
      1474    |     262.580      |    2053.834  |      7.822
      1475    |     262.579      |    2053.795  |      7.822
      1476    |     262.579      |    2054.903  |      7.826
      1477    |     262.579      |    2053.888  |      7.822
      1478    |     262.579      |    2054.184  |      7.823
      1479    |     262.578      |    2054.165  |      7.823
      1480    |     262.580      |    2054.952  |      7.826
      1481    |     262.579      |    2057.665  |      7.836
      1482    |     262.579      |    2057.471  |      7.836
      1483    |     262.578      |    2061.494  |      7.851
      1484    |     262.580      |    2068.846  |      7.879
      1485    |     262.580      |    2069.618  |      7.882
      1486    |     262.580      |    2069.380  |      7.881
      1487    |     262.581      |    2068.618  |      7.878
      1488    |     262.580      |    2070.736  |      7.886
      1489    |     262.580      |    2069.311  |      7.881
      1490    |     262.580      |    2067.578  |      7.874
      1491    |     262.580      |    2064.969  |      7.864
      1492    |     262.580      |    2066.255  |      7.869
      1493    |     262.579      |    2064.822  |      7.864
      1494    |     262.580      |    2063.743  |      7.859
      1495    |     262.580      |    2070.352  |      7.885
      1496    |     262.580      |    2071.772  |      7.890
      1497    |     262.580      |    2073.490  |      7.897
      1498    |     262.580      |    2064.820  |      7.864
      1499    |     262.580      |    2066.301  |      7.869
      1500    |     262.580      |    2064.905  |      7.864
      1501    |     262.579      |    2063.565  |      7.859
      1502    |     262.580      |    2062.872  |      7.856
      1503    |     262.580      |    2063.315  |      7.858
      1504    |     262.580      |    2063.342  |      7.858
      1505    |     262.580      |    2062.687  |      7.855
      1506    |     262.580      |    2063.621  |      7.859
      1507    |     262.580      |    2062.548  |      7.855
      1508    |     262.580      |    2059.531  |      7.843
      1509    |     262.580      |    2064.321  |      7.862
      1510    |     262.581      |    2047.339  |      7.797
      1511    |     262.580      |    2050.937  |      7.811
      1512    |     262.579      |    2050.476  |      7.809
      1513    |     262.579      |    2057.332  |      7.835
      1514    |     262.579      |    2058.644  |      7.840
      1515    |     262.580      |    2056.765  |      7.833
      1516    |     262.579      |    2056.241  |      7.831
      1517    |     262.579      |    2056.169  |      7.831
      1518    |     262.580      |    2059.665  |      7.844
      1519    |     262.580      |    2058.318  |      7.839
      1520    |     262.578      |    2060.641  |      7.848
      1521    |     262.579      |    2051.077  |      7.811
      1522    |     262.580      |    2051.828  |      7.814
      1523    |     262.580      |    2051.700  |      7.814
      1524    |     262.579      |    2050.414  |      7.809
      1525    |     262.580      |    2052.039  |      7.815
      1526    |     262.580      |    2056.281  |      7.831
      1527    |     262.580      |    2054.178  |      7.823
      1528    |     262.580      |    2055.376  |      7.828
      1529    |     262.580      |    2053.674  |      7.821
      1530    |     262.580      |    2054.400  |      7.824
      1531    |     262.580      |    2053.630  |      7.821
      1532    |     262.580      |    2053.527  |      7.821
      1533    |     262.579      |    2053.317  |      7.820
      1534    |     262.579      |    2050.367  |      7.809
      1535    |     262.580      |    2053.708  |      7.821
      1536    |     262.579      |    2052.535  |      7.817
      1537    |     262.580      |    2049.441  |      7.805
      1538    |     262.580      |    2052.784  |      7.818
      1539    |     262.580      |    2065.509  |      7.866
      1540    |     262.579      |    2066.238  |      7.869
      1541    |     262.580      |    2066.541  |      7.870
      1542    |     262.580      |    2070.360  |      7.885
      1543    |     262.579      |    2070.339  |      7.885
      1544    |     262.579      |    2069.530  |      7.882
      1545    |     262.579      |    2069.706  |      7.882
      1546    |     262.580      |    2068.421  |      7.877
      1547    |     262.580      |    2069.941  |      7.883
      1548    |     262.579      |    2068.071  |      7.876
      1549    |     262.580      |    2070.094  |      7.884
      1550    |     262.579      |    2067.670  |      7.874
      1551    |     262.579      |    2070.634  |      7.886
      1552    |     262.579      |    2070.228  |      7.884
      1553    |     262.580      |    2065.090  |      7.865
      1554    |     262.580      |    2060.846  |      7.848
      1555    |     262.579      |    2064.370  |      7.862
      1556    |     262.579      |    2071.074  |      7.887
      1557    |     262.580      |    2072.139  |      7.891
      1558    |     262.579      |    2072.533  |      7.893
      1559    |     262.580      |    2070.137  |      7.884
      1560    |     262.580      |    2073.343  |      7.896
      1561    |     262.580      |    2071.704  |      7.890
      1562    |     262.580      |    2068.304  |      7.877
      1563    |     262.579      |    2061.760  |      7.852
      1564    |     262.579      |    2072.610  |      7.893
      1565    |     262.580      |    2071.636  |      7.890
      1566    |     262.579      |    2071.539  |      7.889
      1567    |     262.579      |    2072.070  |      7.891
      1568    |     262.579      |    2060.683  |      7.848
      1569    |     262.579      |    2064.629  |      7.863
      1570    |     262.579      |    2063.402  |      7.858
      1571    |     262.580      |    2064.559  |      7.863
      1572    |     262.580      |    2059.379  |      7.843
      1573    |     262.579      |    2064.324  |      7.862
      1574    |     262.580      |    2069.737  |      7.882
      1575    |     262.579      |    2071.761  |      7.890
      1576    |     262.579      |    2073.010  |      7.895
      1577    |     262.579      |    2069.678  |      7.882
      1578    |     262.580      |    2071.362  |      7.889
      1579    |     262.578      |    2070.196  |      7.884
      1580    |     262.578      |    2070.579  |      7.886
      1581    |     262.579      |    2070.615  |      7.886
      1582    |     262.579      |    2060.615  |      7.848
      1583    |     262.580      |    2066.759  |      7.871
      1584    |     262.579      |    2065.994  |      7.868
      1585    |     262.579      |    2066.478  |      7.870
      1586    |     262.578      |    2065.850  |      7.868
      1587    |     262.578      |    2069.054  |      7.880
      1588    |     262.579      |    2068.335  |      7.877
      1589    |     262.579      |    2065.361  |      7.866
      1590    |     262.579      |    2060.980  |      7.849
      1591    |     262.579      |    2063.406  |      7.858
      1592    |     262.579      |    2069.531  |      7.882
      1593    |     262.579      |    2069.839  |      7.883
      1594    |     262.578      |    2070.889  |      7.887
      1595    |     262.579      |    2065.428  |      7.866
      1596    |     262.580      |    2071.526  |      7.889
      1597    |     262.580      |    2074.440  |      7.900
      1598    |     262.579      |    2072.687  |      7.894
      1599    |     262.579      |    2065.671  |      7.867
      1600    |     262.580      |    2074.158  |      7.899
      1601    |     262.580      |    2073.311  |      7.896
      1602    |     262.580      |    2072.713  |      7.894
      1603    |     262.580      |    2072.227  |      7.892
      1604    |     262.579      |    2068.021  |      7.876
      1605    |     262.579      |    2068.258  |      7.877
      1606    |     262.580      |    2067.101  |      7.872
      1607    |     262.580      |    2067.766  |      7.875
      1608    |     262.580      |    2068.021  |      7.876
      1609    |     262.580      |    2068.437  |      7.877
      1610    |     262.579      |    2046.623  |      7.794
      1611    |     262.579      |    2053.620  |      7.821
      1612    |     262.579      |    2055.205  |      7.827
      1613    |     262.580      |    2056.965  |      7.834
      1614    |     262.579      |    2052.007  |      7.815
      1615    |     262.580      |    2052.473  |      7.817
      1616    |     262.580      |    2051.393  |      7.812
      1617    |     262.579      |    2050.530  |      7.809
      1618    |     262.580      |    2051.360  |      7.812
      1619    |     262.580      |    2049.947  |      7.807
      1620    |     262.579      |    2053.488  |      7.820
      1621    |     262.579      |    2050.745  |      7.810
      1622    |     262.579      |    2051.624  |      7.813
      1623    |     262.579      |    2048.036  |      7.800
      1624    |     262.579      |    2050.029  |      7.807
      1625    |     262.577      |    2049.108  |      7.804
      1626    |     262.578      |    2049.774  |      7.806
      1627    |     262.578      |    2044.230  |      7.785
      1628    |     262.579      |    2046.677  |      7.795
      1629    |     262.578      |    2049.239  |      7.804
      1630    |     262.578      |    2049.463  |      7.805
      1631    |     262.578      |    2051.273  |      7.812
      1632    |     262.578      |    2049.443  |      7.805
      1633    |     262.579      |    2052.386  |      7.816
      1634    |     262.579      |    2051.011  |      7.811
      1635    |     262.578      |    2051.103  |      7.811
      1636    |     262.579      |    2044.656  |      7.787
      1637    |     262.579      |    2046.921  |      7.795
      1638    |     262.579      |    2070.097  |      7.884
      1639    |     262.579      |    2068.870  |      7.879
      1640    |     262.578      |    2071.256  |      7.888
      1641    |     262.578      |    2067.005  |      7.872
      1642    |     262.578      |    2071.857  |      7.890
      1643    |     262.578      |    2070.256  |      7.884
      1644    |     262.578      |    2070.283  |      7.884
      1645    |     262.578      |    2069.461  |      7.881
      1646    |     262.578      |    2071.436  |      7.889
      1647    |     262.578      |    2067.774  |      7.875
      1648    |     262.579      |    2056.204  |      7.831
      1649    |     262.580      |    2055.529  |      7.828
      1650    |     262.579      |    2055.927  |      7.830
      1651    |     262.579      |    2055.401  |      7.828
 -------------|------------------|--------------|------------------
 Total        |  433781.598      | 3397300.199  |      7.832
 -------------|------------------|--------------|------------------
 Minimum      |     262.577      |    2023.056  |      7.705
 -------------|------------------|--------------|------------------
 Maximum      |     262.581      |    2077.320  |      7.911
 -------------|------------------|--------------|------------------
 Average      |     262.580      |    2056.477  |      7.832
 
 Detailed timing for proc :           0
 --------------------------
 Section                     Elapsed Time (s)  Elapsed Time (%)  CPU Time(s)  
 CPU Time (%)  CPU/Elapsed  Frequency
 nemo_init                         57.488            21.893      432.992        21.053        7.532          1
 scripremap_read_sgl               33.080            12.598      260.229        12.653        7.867          8
 icedyn_rhg                         5.520             2.102       44.005         2.140        7.972        240
 stp                                4.088             1.557       32.720         1.591        8.003        240
 parinter_init                      3.845             1.464       30.633         1.489        7.967          8
 tra_adv                            3.739             1.424       29.822         1.450        7.977        240
 dyn_spg                            3.187             1.214       25.436         1.237        7.980        240
 zdf_phy                            2.776             1.057       22.167         1.078        7.984        240
 sbc                                2.712             1.033       20.984         1.020        7.737        240
 dia_wri                            2.255             0.859       18.022         0.876        7.991        240
 tra_qsr                            2.018             0.768       14.598         0.710        7.235        240
 icedyn_adv                         1.929             0.735       15.419         0.750        7.992        240
 icewri                             1.625             0.619       12.992         0.632        7.995        240
 tra_ldf                            1.485             0.566       11.714         0.570        7.887        240
 ldf_slp                            1.318             0.502       10.554         0.513        8.007        240
 tra_nxt                            1.312             0.500       10.507         0.511        8.008        240
 dyn_nxt                            1.307             0.498       10.461         0.509        8.007        240
 dom_vvl_sf_swp                     1.060             0.404        8.284         0.403        7.814        240
 dyn_ldf                            1.034             0.394        8.303         0.404        8.033        240
 iceupdate_tau                      0.846             0.322        6.803         0.331        8.038        240
 icestp                             0.798             0.304        6.246         0.304        7.826        240
 icethd                             0.792             0.302        6.076         0.295        7.669        240
 dyn_vor                            0.777             0.296        6.030         0.293        7.757        240
 icecor                             0.757             0.288        5.939         0.289        7.850        480
 stp_ctl                            0.631             0.240        5.081         0.247        8.053        240
 dom_vvl_sf_nxt                     0.630             0.240        4.911         0.239        7.800        480
 dom_hgr                            0.541             0.206        4.304         0.209        7.960          1
 tra_zdf                            0.540             0.206        4.081         0.198        7.557        240
 rab_2d                             0.475             0.181        3.847         0.187        8.107        240
 nemogcmcoup_wam_get                0.465             0.177        3.710         0.180        7.974         24
 div_hor                            0.391             0.149        3.252         0.158        8.310        480
 wzv                                0.357             0.136        2.993         0.146        8.377        480
 dyn_keg                            0.329             0.125        2.687         0.131        8.170        240
 parinter_fld_mult                  0.317             0.121        2.528         0.123        7.974        194
 dyn_zad                            0.313             0.119        2.563         0.125        8.184        240
 dia_hth                            0.284             0.108        2.325         0.113        8.196        240
 dyn_zdf                            0.278             0.106        1.787         0.087        6.419        240
 tra_sbc                            0.246             0.094        1.961         0.095        7.963        240
 dyn_hpg                            0.216             0.082        1.794         0.087        8.296        240
 icedyn_rdgrft                      0.187             0.071        1.555         0.076        8.316        240
 rab_3d                             0.183             0.070        1.539         0.075        8.403        480
 zps_hde                            0.181             0.069        1.441         0.070        7.972        240
 bn2                                0.163             0.062        1.382         0.067        8.479        480
 eos-pot                            0.157             0.060        1.306         0.063        8.319        480
 tra_bbl                            0.122             0.046        1.002         0.049        8.238        240
 eos2d                              0.118             0.045        1.070         0.052        9.087        480
 tra_bbc                            0.093             0.035        0.805         0.039        8.673        240
 eos-insitu                         0.073             0.028        0.626         0.030        8.595        240
 ice_dyn                            0.072             0.027        0.505         0.025        7.011        240
 scripremap_dealloc                 0.061             0.023        0.485         0.024        7.940          8
 nemogcmcoup_lim2_update            0.061             0.023        0.484         0.024        7.975         24
 nemogcmcoup_coupinit               0.055             0.021        0.435         0.021        7.913          1
 ssh_nxt                            0.052             0.020        0.444         0.022        8.583        240
 sbc_sglcpl_rcv                     0.049             0.019        0.456         0.022        9.350        240
 nemogcmcoup_lim2_get               0.047             0.018        0.402         0.020        8.646         25
 iceitd_reb                         0.037             0.014        0.637         0.031       17.252        480
 icealb                             0.033             0.013        0.282         0.014        8.465        480
 iceupdate_flx                      0.031             0.012        0.324         0.016       10.458        240
 iceitd_rem                         0.021             0.008        0.341         0.017       16.390        240
 nemogcmcoup_wam_update_s           0.015             0.006        0.127         0.006        8.477         25
 sbc_sglcpl_ice_flx                 0.013             0.005        0.217         0.011       16.293        240
 nemogcmcoup_wam_update             0.005             0.002        0.052         0.003        9.660         24
 dyn_adv                            0.005             0.002        0.030         0.001        6.163        240
 nemogcmcoup_wam_coupinit           0.005             0.002        0.035         0.002        7.585          1
 icesbc                             0.004             0.001        0.096         0.005       24.878        480
 scripremap_alloc                   0.001             0.000        0.010         0.000        8.135          8
 
 Detailed CPU timing for proc :           0
 ------------------------------
 Section                     CPU Time (s)      CPU Time (%)      Elapsed (s)  
 ELapsed (%)   CPU/Elapsed  Frequency
 nemo_init                        432.992            21.053       57.488        21.893        7.532          1
 scripremap_read_sgl              260.229            12.653       33.080        12.598        7.867          8
 icedyn_rhg                        44.005             2.140        5.520         2.102        7.972        240
 stp                               32.720             1.591        4.088         1.557        8.003        240
 parinter_init                     30.633             1.489        3.845         1.464        7.967          8
 tra_adv                           29.822             1.450        3.739         1.424        7.977        240
 dyn_spg                           25.436             1.237        3.187         1.214        7.980        240
 zdf_phy                           22.167             1.078        2.776         1.057        7.984        240
 sbc                               20.984             1.020        2.712         1.033        7.737        240
 dia_wri                           18.022             0.876        2.255         0.859        7.991        240
 icedyn_adv                        15.419             0.750        1.929         0.735        7.992        240
 tra_qsr                           14.598             0.710        2.018         0.768        7.235        240
 icewri                            12.992             0.632        1.625         0.619        7.995        240
 tra_ldf                           11.714             0.570        1.485         0.566        7.887        240
 ldf_slp                           10.554             0.513        1.318         0.502        8.007        240
 tra_nxt                           10.507             0.511        1.312         0.500        8.008        240
 dyn_nxt                           10.461             0.509        1.307         0.498        8.007        240
 dyn_ldf                            8.303             0.404        1.034         0.394        8.033        240
 dom_vvl_sf_swp                     8.284             0.403        1.060         0.404        7.814        240
 iceupdate_tau                      6.803             0.331        0.846         0.322        8.038        240
 icestp                             6.246             0.304        0.798         0.304        7.826        240
 icethd                             6.076             0.295        0.792         0.302        7.669        240
 dyn_vor                            6.030             0.293        0.777         0.296        7.757        240
 icecor                             5.939             0.289        0.757         0.288        7.850        480
 stp_ctl                            5.081             0.247        0.631         0.240        8.053        240
 dom_vvl_sf_nxt                     4.911             0.239        0.630         0.240        7.800        480
 dom_hgr                            4.304             0.209        0.541         0.206        7.960          1
 tra_zdf                            4.081             0.198        0.540         0.206        7.557        240
 rab_2d                             3.847             0.187        0.475         0.181        8.107        240
 nemogcmcoup_wam_get                3.710             0.180        0.465         0.177        7.974         24
 div_hor                            3.252             0.158        0.391         0.149        8.310        480
 wzv                                2.993             0.146        0.357         0.136        8.377        480
 dyn_keg                            2.687             0.131        0.329         0.125        8.170        240
 dyn_zad                            2.563             0.125        0.313         0.119        8.184        240
 parinter_fld_mult                  2.528             0.123        0.317         0.121        7.974        194
 dia_hth                            2.325             0.113        0.284         0.108        8.196        240
 tra_sbc                            1.961             0.095        0.246         0.094        7.963        240
 dyn_hpg                            1.794             0.087        0.216         0.082        8.296        240
 dyn_zdf                            1.787             0.087        0.278         0.106        6.419        240
 icedyn_rdgrft                      1.555             0.076        0.187         0.071        8.316        240
 rab_3d                             1.539             0.075        0.183         0.070        8.403        480
 zps_hde                            1.441             0.070        0.181         0.069        7.972        240
 bn2                                1.382             0.067        0.163         0.062        8.479        480
 eos-pot                            1.306             0.063        0.157         0.060        8.319        480
 eos2d                              1.070             0.052        0.118         0.045        9.087        480
 tra_bbl                            1.002             0.049        0.122         0.046        8.238        240
 tra_bbc                            0.805             0.039        0.093         0.035        8.673        240
 iceitd_reb                         0.637             0.031        0.037         0.014       17.252        480
 eos-insitu                         0.626             0.030        0.073         0.028        8.595        240
 ice_dyn                            0.505             0.025        0.072         0.027        7.011        240
 scripremap_dealloc                 0.485             0.024        0.061         0.023        7.940          8
 nemogcmcoup_lim2_update            0.484             0.024        0.061         0.023        7.975         24
 sbc_sglcpl_rcv                     0.456             0.022        0.049         0.019        9.350        240
 ssh_nxt                            0.444             0.022        0.052         0.020        8.583        240
 nemogcmcoup_coupinit               0.435             0.021        0.055         0.021        7.913          1
 nemogcmcoup_lim2_get               0.402             0.020        0.047         0.018        8.646         25
 iceitd_rem                         0.341             0.017        0.021         0.008       16.390        240
 iceupdate_flx                      0.324             0.016        0.031         0.012       10.458        240
 icealb                             0.282             0.014        0.033         0.013        8.465        480
 sbc_sglcpl_ice_flx                 0.217             0.011        0.013         0.005       16.293        240
 nemogcmcoup_wam_update_s           0.127             0.006        0.015         0.006        8.477         25
 icesbc                             0.096             0.005        0.004         0.001       24.878        480
 nemogcmcoup_wam_update             0.052             0.003        0.005         0.002        9.660         24
 nemogcmcoup_wam_coupinit           0.035             0.002        0.005         0.002        7.585          1
 dyn_adv                            0.030             0.001        0.005         0.002        6.163        240
 scripremap_alloc                   0.010             0.000        0.001         0.000        8.135          8
 
 Inclusive timing for proc :           0
 ---------------------------
 Section                     Elapsed Time (s)      % of total        
 CPU Time (s)      CPU/Elapsed      Frequency
 nemo_init                         58.029           100.000           437.297             7.536              1
 stp                               47.885            82.520           378.548             7.905            240
 scripremap_read_sgl               33.081            57.009           260.243             7.867              8
 nemogcmcoup_coupinit              26.807            46.197           212.222             7.917              1
 sbc                               15.607            26.895           123.635             7.922            240
 icestp                            12.745            21.963           101.461             7.961            240
 nemogcmcoup_wam_coupinit          10.240            17.646            79.609             7.774              1
 ice_dyn                            7.788            13.421            61.956             7.956            240
 icedyn_rhg                         5.524             9.520            44.005             7.966            240
 parinter_init                      3.845             6.626            30.633             7.967              8
 tra_adv                            3.743             6.450            29.822             7.968            240
 dyn_spg                            3.192             5.500            25.436             7.969            240
 zdf_phy                            2.781             4.792            22.167             7.972            240
 dia_wri                            2.259             3.894            18.022             7.976            240
 tra_qsr                            2.022             3.484            14.598             7.220            240
 icedyn_adv                         1.934             3.332            15.419             7.974            240
 icewri                             1.629             2.808            12.992             7.974            240
 icethd                             1.569             2.705            12.521             7.978            240
 tra_ldf                            1.489             2.567            11.714             7.865            240
 ldf_slp                            1.322             2.279            10.554             7.982            240
 tra_nxt                            1.316             2.268            10.507             7.982            240
 dyn_nxt                            1.311             2.259            10.461             7.981            240
 dom_vvl_sf_swp                     1.064             1.834             8.284             7.783            240
 dyn_ldf                            1.038             1.789             8.303             8.000            240
 iceupdate_tau                      0.851             1.466             6.803             7.998            240
 icecor                             0.811             1.397             6.577             8.114            480
 dyn_vor                            0.782             1.347             6.030             7.715            240
 dyn_adv                            0.660             1.137             5.280             8.005            240
 nemogcmcoup_wam_get                0.639             1.101             5.086             7.963             24
 dom_vvl_sf_nxt                     0.638             1.100             4.911             7.696            480
 stp_ctl                            0.635             1.095             5.081             8.000            240
 tra_bbl                            0.605             1.042             4.849             8.020            240
 tra_zdf                            0.544             0.938             4.081             7.499            240
 dom_hgr                            0.541             0.932             4.304             7.960              1
 rab_2d                             0.479             0.825             3.847             8.036            240
 div_hor                            0.400             0.689             3.252             8.134            480
 wzv                                0.366             0.630             2.993             8.183            480
 dyn_keg                            0.333             0.574             2.687             8.066            240
 parinter_fld_mult                  0.320             0.552             2.528             7.889            194
 dyn_zad                            0.317             0.547             2.563             8.075            240
 zps_hde                            0.311             0.536             2.511             8.069            240
 dia_hth                            0.288             0.496             2.325             8.076            240
 dyn_zdf                            0.283             0.487             1.787             6.323            240
 ssh_nxt                            0.267             0.459             2.155             8.085            240
 tra_sbc                            0.250             0.432             1.961             7.828            240
 dyn_hpg                            0.220             0.380             1.794             8.136            240
 rab_3d                             0.192             0.330             1.539             8.032            480
 icedyn_rdgrft                      0.191             0.329             1.555             8.132            240
 bn2                                0.171             0.296             1.382             8.061            480
 eos-pot                            0.165             0.285             1.306             7.894            480
 eos2d                              0.126             0.218             1.070             8.478            480
 nemogcmcoup_lim2_get               0.123             0.212             0.981             7.966             25
 nemogcmcoup_lim2_update            0.107             0.184             0.854             7.989             24
 tra_bbc                            0.097             0.167             0.805             8.295            240
 eos-insitu                         0.077             0.133             0.626             8.123            240
 scripremap_dealloc                 0.061             0.105             0.485             7.975              8
 iceupdate_flx                      0.056             0.096             0.478             8.587            240
 sbc_sglcpl_rcv                     0.053             0.091             0.456             8.604            240
 icesbc                             0.050             0.086             0.465             9.295            480
 iceitd_reb                         0.045             0.078             0.637            14.039            480
 icealb                             0.042             0.072             0.282             6.752            480
 nemogcmcoup_wam_update_s           0.032             0.055             0.257             8.075             25
 iceitd_rem                         0.025             0.043             0.341            13.624            240
 sbc_sglcpl_ice_flx                 0.018             0.030             0.217            12.370            240
 nemogcmcoup_wam_update             0.010             0.017             0.082             8.489             24
 nemogcmcoup_update                 0.006             0.010             0.050             8.527             24
 ssh_swp                            0.003             0.005             0.057            18.392            240
 scripremap_alloc                   0.002             0.003             0.013             8.760              8
 eos_pt_from_ct                     0.001             0.002             0.009             6.606            266
 
 Inclusive timing for proc :           0
 ---------------------------
 Section                     Elapsed Time (s)      % of total        
 CPU Time (s)      CPU/Elapsed      Frequency
 nemo_init                         58.029           100.000           437.297             7.536              1
 stp                               47.885            82.520           378.548             7.905            240
 scripremap_read_sgl               33.081            57.009           260.243             7.867              8
 nemogcmcoup_coupinit              26.807            46.197           212.222             7.917              1
 sbc                               15.607            26.895           123.635             7.922            240
 icestp                            12.745            21.963           101.461             7.961            240
 nemogcmcoup_wam_coupinit          10.240            17.646            79.609             7.774              1
 ice_dyn                            7.788            13.421            61.956             7.956            240
 icedyn_rhg                         5.524             9.520            44.005             7.966            240
 parinter_init                      3.845             6.626            30.633             7.967              8
 tra_adv                            3.743             6.450            29.822             7.968            240
 dyn_spg                            3.192             5.500            25.436             7.969            240
 zdf_phy                            2.781             4.792            22.167             7.972            240
 dia_wri                            2.259             3.894            18.022             7.976            240
 tra_qsr                            2.022             3.484            14.598             7.220            240
 icedyn_adv                         1.934             3.332            15.419             7.974            240
 icewri                             1.629             2.808            12.992             7.974            240
 icethd                             1.569             2.705            12.521             7.978            240
 tra_ldf                            1.489             2.567            11.714             7.865            240
 ldf_slp                            1.322             2.279            10.554             7.982            240
 tra_nxt                            1.316             2.268            10.507             7.982            240
 dyn_nxt                            1.311             2.259            10.461             7.981            240
 dom_vvl_sf_swp                     1.064             1.834             8.284             7.783            240
 dyn_ldf                            1.038             1.789             8.303             8.000            240
 iceupdate_tau                      0.851             1.466             6.803             7.998            240
 icecor                             0.811             1.397             6.577             8.114            480
 dyn_vor                            0.782             1.347             6.030             7.715            240
 dyn_adv                            0.660             1.137             5.280             8.005            240
 nemogcmcoup_wam_get                0.639             1.101             5.086             7.963             24
 dom_vvl_sf_nxt                     0.638             1.100             4.911             7.696            480
 stp_ctl                            0.635             1.095             5.081             8.000            240
 tra_bbl                            0.605             1.042             4.849             8.020            240
 tra_zdf                            0.544             0.938             4.081             7.499            240
 dom_hgr                            0.541             0.932             4.304             7.960              1
 rab_2d                             0.479             0.825             3.847             8.036            240
 div_hor                            0.400             0.689             3.252             8.134            480
 wzv                                0.366             0.630             2.993             8.183            480
 dyn_keg                            0.333             0.574             2.687             8.066            240
 parinter_fld_mult                  0.320             0.552             2.528             7.889            194
 dyn_zad                            0.317             0.547             2.563             8.075            240
 zps_hde                            0.311             0.536             2.511             8.069            240
 dia_hth                            0.288             0.496             2.325             8.076            240
 dyn_zdf                            0.283             0.487             1.787             6.323            240
 ssh_nxt                            0.267             0.459             2.155             8.085            240
 tra_sbc                            0.250             0.432             1.961             7.828            240
 dyn_hpg                            0.220             0.380             1.794             8.136            240
 rab_3d                             0.192             0.330             1.539             8.032            480
 icedyn_rdgrft                      0.191             0.329             1.555             8.132            240
 bn2                                0.171             0.296             1.382             8.061            480
 eos-pot                            0.165             0.285             1.306             7.894            480
 eos2d                              0.126             0.218             1.070             8.478            480
 nemogcmcoup_lim2_get               0.123             0.212             0.981             7.966             25
 nemogcmcoup_lim2_update            0.107             0.184             0.854             7.989             24
 tra_bbc                            0.097             0.167             0.805             8.295            240
 eos-insitu                         0.077             0.133             0.626             8.123            240
 scripremap_dealloc                 0.061             0.105             0.485             7.975              8
 iceupdate_flx                      0.056             0.096             0.478             8.587            240
 sbc_sglcpl_rcv                     0.053             0.091             0.456             8.604            240
 icesbc                             0.050             0.086             0.465             9.295            480
 iceitd_reb                         0.045             0.078             0.637            14.039            480
 icealb                             0.042             0.072             0.282             6.752            480
 nemogcmcoup_wam_update_s           0.032             0.055             0.257             8.075             25
 iceitd_rem                         0.025             0.043             0.341            13.624            240
 sbc_sglcpl_ice_flx                 0.018             0.030             0.217            12.370            240
 nemogcmcoup_wam_update             0.010             0.017             0.082             8.489             24
 nemogcmcoup_update                 0.006             0.010             0.050             8.527             24
 ssh_swp                            0.003             0.005             0.057            18.392            240
 scripremap_alloc                   0.002             0.003             0.013             8.760              8
 eos_pt_from_ct                     0.001             0.002             0.009             6.606            266
 
 Inclusive CPU time for proc :           0
 -----------------------------
 Section                     CPU time (s)          % of total        
 Elapsed Time (s)  CPU/Elapsed      Frequency
 nemo_init                        437.297           100.000            58.029             7.536              1
 stp                              378.548            86.566            47.885             7.905            240
 scripremap_read_sgl              260.243            59.512            33.081             7.867              8
 nemogcmcoup_coupinit             212.222            48.530            26.807             7.917              1
 sbc                              123.635            28.272            15.607             7.922            240
 icestp                           101.461            23.202            12.745             7.961            240
 nemogcmcoup_wam_coupinit          79.609            18.205            10.240             7.774              1
 ice_dyn                           61.956            14.168             7.788             7.956            240
 icedyn_rhg                        44.005            10.063             5.524             7.966            240
 parinter_init                     30.633             7.005             3.845             7.967              8
 tra_adv                           29.822             6.820             3.743             7.968            240
 dyn_spg                           25.436             5.817             3.192             7.969            240
 zdf_phy                           22.167             5.069             2.781             7.972            240
 dia_wri                           18.022             4.121             2.259             7.976            240
 icedyn_adv                        15.419             3.526             1.934             7.974            240
 tra_qsr                           14.598             3.338             2.022             7.220            240
 icewri                            12.992             2.971             1.629             7.974            240
 icethd                            12.521             2.863             1.569             7.978            240
 tra_ldf                           11.714             2.679             1.489             7.865            240
 ldf_slp                           10.554             2.414             1.322             7.982            240
 tra_nxt                           10.507             2.403             1.316             7.982            240
 dyn_nxt                           10.461             2.392             1.311             7.981            240
 dyn_ldf                            8.303             1.899             1.038             8.000            240
 dom_vvl_sf_swp                     8.284             1.894             1.064             7.783            240
 iceupdate_tau                      6.803             1.556             0.851             7.998            240
 icecor                             6.577             1.504             0.811             8.114            480
 dyn_vor                            6.030             1.379             0.782             7.715            240
 dyn_adv                            5.280             1.207             0.660             8.005            240
 nemogcmcoup_wam_get                5.086             1.163             0.639             7.963             24
 stp_ctl                            5.081             1.162             0.635             8.000            240
 dom_vvl_sf_nxt                     4.911             1.123             0.638             7.696            480
 tra_bbl                            4.849             1.109             0.605             8.020            240
 dom_hgr                            4.304             0.984             0.541             7.960              1
 tra_zdf                            4.081             0.933             0.544             7.499            240
 rab_2d                             3.847             0.880             0.479             8.036            240
 div_hor                            3.252             0.744             0.400             8.134            480
 wzv                                2.993             0.684             0.366             8.183            480
 dyn_keg                            2.687             0.614             0.333             8.066            240
 dyn_zad                            2.563             0.586             0.317             8.075            240
 parinter_fld_mult                  2.528             0.578             0.320             7.889            194
 zps_hde                            2.511             0.574             0.311             8.069            240
 dia_hth                            2.325             0.532             0.288             8.076            240
 ssh_nxt                            2.155             0.493             0.267             8.085            240
 tra_sbc                            1.961             0.448             0.250             7.828            240
 dyn_hpg                            1.794             0.410             0.220             8.136            240
 dyn_zdf                            1.787             0.409             0.283             6.323            240
 icedyn_rdgrft                      1.555             0.356             0.191             8.132            240
 rab_3d                             1.539             0.352             0.192             8.032            480
 bn2                                1.382             0.316             0.171             8.061            480
 eos-pot                            1.306             0.299             0.165             7.894            480
 eos2d                              1.070             0.245             0.126             8.478            480
 nemogcmcoup_lim2_get               0.981             0.224             0.123             7.966             25
 nemogcmcoup_lim2_update            0.854             0.195             0.107             7.989             24
 tra_bbc                            0.805             0.184             0.097             8.295            240
 iceitd_reb                         0.637             0.146             0.045            14.039            480
 eos-insitu                         0.626             0.143             0.077             8.123            240
 scripremap_dealloc                 0.485             0.111             0.061             7.975              8
 iceupdate_flx                      0.478             0.109             0.056             8.587            240
 icesbc                             0.465             0.106             0.050             9.295            480
 sbc_sglcpl_rcv                     0.456             0.104             0.053             8.604            240
 iceitd_rem                         0.341             0.078             0.025            13.624            240
 icealb                             0.282             0.065             0.042             6.752            480
 nemogcmcoup_wam_update_s           0.257             0.059             0.032             8.075             25
 sbc_sglcpl_ice_flx                 0.217             0.050             0.018            12.370            240
 nemogcmcoup_wam_update             0.082             0.019             0.010             8.489             24
 ssh_swp                            0.057             0.013             0.003            18.392            240
 nemogcmcoup_update                 0.050             0.011             0.006             8.527             24
 scripremap_alloc                   0.013             0.003             0.002             8.760              8
 eos_pt_from_ct                     0.009             0.002             0.001             6.606            266
 
 Timing started on 24/07/2026 at 15:04:32 MET +02:00 from GMT
 Timing   ended on 24/07/2026 at 15:08:54 MET +02:00 from GMT
  
  Report on time spent on waiting MPI messages 
     total timing measured between nit000+1 and nitend-1 
     warning: includes restarts writing time if output before nitend... 
  
     Computing       time :    0.000000                    on MPI rank :        1
     Waiting lbc_lnk time :    0.000000 ( 0.0 %)           on MPI rank :        1
     Waiting  global time :    0.000000 ( 0.0 %)           on MPI rank :        1
     Total           time :  128.757485 (SYPD:     1.823 ) on MPI rank :        1
     Computing       time :    0.000000                    on MPI rank :        2
     Waiting lbc_lnk time :    0.000000 ( 0.0 %)           on MPI rank :        2
     Waiting  global time :    0.000000 ( 0.0 %)           on MPI rank :        2
     Total           time :  128.784099 (SYPD:     1.823 ) on MPI rank :        2
     Computing       time :    0.000000                    on MPI rank :        3
     Waiting lbc_lnk time :    0.000000 ( 0.0 %)           on MPI rank :        3
     Waiting  global time :    0.000000 ( 0.0 %)           on MPI rank :        3
     Total           time :  128.785083 (SYPD:     1.823 ) on MPI rank :        3
     Computing       time :    0.000000                    on MPI rank :        4
     Waiting lbc_lnk time :    0.000000 ( 0.0 %)           on MPI rank :        4
     Waiting  global time :    0.000000 ( 0.0 %)           on MPI rank :        4
     Total           time :  128.790461 (SYPD:     1.823 ) on MPI rank :        4
     Computing       time :    0.000000                    on MPI rank :        5
     Waiting lbc_lnk time :    0.000000 ( 0.0 %)           on MPI rank :        5
     Waiting  global time :    0.000000 ( 0.0 %)           on MPI rank :        5
     Total           time :  128.785083 (SYPD:     1.823 ) on MPI rank :        5
     Computing       time :    0.000000                    on MPI rank :        6
     Waiting lbc_lnk time :    0.000000 ( 0.0 %)           on MPI rank :        6
     Waiting  global time :    0.000000 ( 0.0 %)           on MPI rank :        6
     Total           time :  128.782788 (SYPD:     1.823 ) on MPI rank :        6
     Computing       time :    0.000000                    on MPI rank :        7
     Waiting lbc_lnk time :    0.000000 ( 0.0 %)           on MPI rank :        7
     Waiting  global time :    0.000000 ( 0.0 %)           on MPI rank :        7
     Total           time :  128.784390 (SYPD:     1.823 ) on MPI rank :        7
     Computing       time :    0.000000                    on MPI rank :        8
     Waiting lbc_lnk time :    0.000000 ( 0.0 %)           on MPI rank :        8
     Waiting  global time :    0.000000 ( 0.0 %)           on MPI rank :        8
     Total           time :  128.745719 (SYPD:     1.823 ) on MPI rank :        8
     Computing       time :    0.000000                    on MPI rank :        9
     Waiting lbc_lnk time :    0.000000 ( 0.0 %)           on MPI rank :        9
     Waiting  global time :    0.000000 ( 0.0 %)           on MPI rank :        9
     Total           time :  128.747848 (SYPD:     1.823 ) on MPI rank :        9
     Computing       time :    0.000000                    on MPI rank :       10
     Waiting lbc_lnk time :    0.000000 ( 0.0 %)           on MPI rank :       10
     Waiting  global time :    0.000000 ( 0.0 %)           on MPI rank :       10
     Total           time :  128.543818 (SYPD:     1.826 ) on MPI rank :       10
     Computing       time :    0.000000                    on MPI rank :       11
     Waiting lbc_lnk time :    0.000000 ( 0.0 %)           on MPI rank :       11
     Waiting  global time :    0.000000 ( 0.0 %)           on MPI rank :       11
     Total           time :  128.548399 (SYPD:     1.826 ) on MPI rank :       11
     Computing       time :    0.000000                    on MPI rank :       12
     Waiting lbc_lnk time :    0.000000 ( 0.0 %)           on MPI rank :       12
     Waiting  global time :    0.000000 ( 0.0 %)           on MPI rank :       12
     Total           time :  128.548358 (SYPD:     1.826 ) on MPI rank :       12
     Computing       time :    0.000000                    on MPI rank :       13
     Waiting lbc_lnk time :    0.000000 ( 0.0 %)           on MPI rank :       13
     Waiting  global time :    0.000000 ( 0.0 %)           on MPI rank :       13
     Total           time :  128.548165 (SYPD:     1.826 ) on MPI rank :       13
     Computing       time :    0.000000                    on MPI rank :       14
     Waiting lbc_lnk time :    0.000000 ( 0.0 %)           on MPI rank :       14
     Waiting  global time :    0.000000 ( 0.0 %)           on MPI rank :       14
     Total           time :  128.543686 (SYPD:     1.826 ) on MPI rank :       14
     Computing       time :    0.000000                    on MPI rank :       15
     Waiting lbc_lnk time :    0.000000 ( 0.0 %)           on MPI rank :       15
     Waiting  global time :    0.000000 ( 0.0 %)           on MPI rank :       15
     Total           time :  128.546779 (SYPD:     1.826 ) on MPI rank :       15
     Computing       time :    0.000000                    on MPI rank :       16
     Waiting lbc_lnk time :    0.000000 ( 0.0 %)           on MPI rank :       16
     Waiting  global time :    0.000000 ( 0.0 %)           on MPI rank :       16
     Total           time :  128.551035 (SYPD:     1.826 ) on MPI rank :       16
     Computing       time :    0.000000                    on MPI rank :       17
     Waiting lbc_lnk time :    0.000000 ( 0.0 %)           on MPI rank :       17
     Waiting  global time :    0.000000 ( 0.0 %)           on MPI rank :       17
     Total           time :  128.550403 (SYPD:     1.826 ) on MPI rank :       17
     Computing       time :    0.000000                    on MPI rank :       18
     Waiting lbc_lnk time :    0.000000 ( 0.0 %)           on MPI rank :       18
     Waiting  global time :    0.000000 ( 0.0 %)           on MPI rank :       18
     Total           time :  128.550325 (SYPD:     1.826 ) on MPI rank :       18
     Computing       time :    0.000000                    on MPI rank :       19
     Waiting lbc_lnk time :    0.000000 ( 0.0 %)           on MPI rank :       19
     Waiting  global time :    0.000000 ( 0.0 %)           on MPI rank :       19
     Total           time :  128.751547 (SYPD:     1.823 ) on MPI rank :       19
     Computing       time :    0.000000                    on MPI rank :       20
     Waiting lbc_lnk time :    0.000000 ( 0.0 %)           on MPI rank :       20
     Waiting  global time :    0.000000 ( 0.0 %)           on MPI rank :       20
     Total           time :  128.751435 (SYPD:     1.823 ) on MPI rank :       20
     Computing       time :    0.000000                    on MPI rank :       21
     Waiting lbc_lnk time :    0.000000 ( 0.0 %)           on MPI rank :       21
     Waiting  global time :    0.000000 ( 0.0 %)           on MPI rank :       21
     Total           time :  128.664710 (SYPD:     1.824 ) on MPI rank :       21
     Computing       time :    0.000000                    on MPI rank :       22
     Waiting lbc_lnk time :    0.000000 ( 0.0 %)           on MPI rank :       22
     Waiting  global time :    0.000000 ( 0.0 %)           on MPI rank :       22
     Total           time :  128.663056 (SYPD:     1.824 ) on MPI rank :       22
     Computing       time :    0.000000                    on MPI rank :       23
     Waiting lbc_lnk time :    0.000000 ( 0.0 %)           on MPI rank :       23
     Waiting  global time :    0.000000 ( 0.0 %)           on MPI rank :       23
     Total           time :  128.567855 (SYPD:     1.826 ) on MPI rank :       23
     Computing       time :    0.000000                    on MPI rank :       24
     Waiting lbc_lnk time :    0.000000 ( 0.0 %)           on MPI rank :       24
     Waiting  global time :    0.000000 ( 0.0 %)           on MPI rank :       24
     Total           time :  128.563532 (SYPD:     1.826 ) on MPI rank :       24
     Computing       time :    0.000000                    on MPI rank :       25
     Waiting lbc_lnk time :    0.000000 ( 0.0 %)           on MPI rank :       25
     Waiting  global time :    0.000000 ( 0.0 %)           on MPI rank :       25
     Total           time :  128.537195 (SYPD:     1.826 ) on MPI rank :       25
     Computing       time :    0.000000                    on MPI rank :       26
     Waiting lbc_lnk time :    0.000000 ( 0.0 %)           on MPI rank :       26
     Waiting  global time :    0.000000 ( 0.0 %)           on MPI rank :       26
     Total           time :  128.543692 (SYPD:     1.826 ) on MPI rank :       26
     Computing       time :    0.000000                    on MPI rank :       27
     Waiting lbc_lnk time :    0.000000 ( 0.0 %)           on MPI rank :       27
     Waiting  global time :    0.000000 ( 0.0 %)           on MPI rank :       27
     Total           time :  128.543912 (SYPD:     1.826 ) on MPI rank :       27
     Computing       time :    0.000000                    on MPI rank :       28
     Waiting lbc_lnk time :    0.000000 ( 0.0 %)           on MPI rank :       28
     Waiting  global time :    0.000000 ( 0.0 %)           on MPI rank :       28
     Total           time :  128.539380 (SYPD:     1.826 ) on MPI rank :       28
     Computing       time :    0.000000                    on MPI rank :       29
     Waiting lbc_lnk time :    0.000000 ( 0.0 %)           on MPI rank :       29
     Waiting  global time :    0.000000 ( 0.0 %)           on MPI rank :       29
     Total           time :  128.546181 (SYPD:     1.826 ) on MPI rank :       29
     Computing       time :    0.000000                    on MPI rank :       30
     Waiting lbc_lnk time :    0.000000 ( 0.0 %)           on MPI rank :       30
     Waiting  global time :    0.000000 ( 0.0 %)           on MPI rank :       30
     Total           time :  128.549690 (SYPD:     1.826 ) on MPI rank :       30
     Computing       time :    0.000000                    on MPI rank :       31
     Waiting lbc_lnk time :    0.000000 ( 0.0 %)           on MPI rank :       31
     Waiting  global time :    0.000000 ( 0.0 %)           on MPI rank :       31
     Total           time :  128.551017 (SYPD:     1.826 ) on MPI rank :       31
     Computing       time :    0.000000                    on MPI rank :       32
     Waiting lbc_lnk time :    0.000000 ( 0.0 %)           on MPI rank :       32
     Waiting  global time :    0.000000 ( 0.0 %)           on MPI rank :       32
     Total           time :  128.543725 (SYPD:     1.826 ) on MPI rank :       32
     Computing       time :    0.000000                    on MPI rank :       33
     Waiting lbc_lnk time :    0.000000 ( 0.0 %)           on MPI rank :       33
     Waiting  global time :    0.000000 ( 0.0 %)           on MPI rank :       33
     Total           time :  128.550314 (SYPD:     1.826 ) on MPI rank :       33
     Computing       time :    0.000000                    on MPI rank :       34
     Waiting lbc_lnk time :    0.000000 ( 0.0 %)           on MPI rank :       34
     Waiting  global time :    0.000000 ( 0.0 %)           on MPI rank :       34
     Total           time :  128.547456 (SYPD:     1.826 ) on MPI rank :       34
     Computing       time :    0.000000                    on MPI rank :       35
     Waiting lbc_lnk time :    0.000000 ( 0.0 %)           on MPI rank :       35
     Waiting  global time :    0.000000 ( 0.0 %)           on MPI rank :       35
     Total           time :  128.547859 (SYPD:     1.826 ) on MPI rank :       35
     Computing       time :    0.000000                    on MPI rank :       36
     Waiting lbc_lnk time :    0.000000 ( 0.0 %)           on MPI rank :       36
     Waiting  global time :    0.000000 ( 0.0 %)           on MPI rank :       36
     Total           time :  128.543302 (SYPD:     1.826 ) on MPI rank :       36
     Computing       time :    0.000000                    on MPI rank :       37
     Waiting lbc_lnk time :    0.000000 ( 0.0 %)           on MPI rank :       37
     Waiting  global time :    0.000000 ( 0.0 %)           on MPI rank :       37
     Total           time :  128.542669 (SYPD:     1.826 ) on MPI rank :       37
     Computing       time :    0.000000                    on MPI rank :       38
     Waiting lbc_lnk time :    0.000000 ( 0.0 %)           on MPI rank :       38
     Waiting  global time :    0.000000 ( 0.0 %)           on MPI rank :       38
     Total           time :  128.545047 (SYPD:     1.826 ) on MPI rank :       38
     Computing       time :    0.000000                    on MPI rank :       39
     Waiting lbc_lnk time :    0.000000 ( 0.0 %)           on MPI rank :       39
     Waiting  global time :    0.000000 ( 0.0 %)           on MPI rank :       39
     Total           time :  128.677975 (SYPD:     1.824 ) on MPI rank :       39
     Computing       time :    0.000000                    on MPI rank :       40
     Waiting lbc_lnk time :    0.000000 ( 0.0 %)           on MPI rank :       40
     Waiting  global time :    0.000000 ( 0.0 %)           on MPI rank :       40
     Total           time :  128.687122 (SYPD:     1.824 ) on MPI rank :       40
     Computing       time :    0.000000                    on MPI rank :       41
     Waiting lbc_lnk time :    0.000000 ( 0.0 %)           on MPI rank :       41
     Waiting  global time :    0.000000 ( 0.0 %)           on MPI rank :       41
     Total           time :  128.686676 (SYPD:     1.824 ) on MPI rank :       41
     Computing       time :    0.000000                    on MPI rank :       42
     Waiting lbc_lnk time :    0.000000 ( 0.0 %)           on MPI rank :       42
     Waiting  global time :    0.000000 ( 0.0 %)           on MPI rank :       42
     Total           time :  128.663797 (SYPD:     1.824 ) on MPI rank :       42
     Computing       time :    0.000000                    on MPI rank :       43
     Waiting lbc_lnk time :    0.000000 ( 0.0 %)           on MPI rank :       43
     Waiting  global time :    0.000000 ( 0.0 %)           on MPI rank :       43
     Total           time :  128.663393 (SYPD:     1.824 ) on MPI rank :       43
     Computing       time :    0.000000                    on MPI rank :       44
     Waiting lbc_lnk time :    0.000000 ( 0.0 %)           on MPI rank :       44
     Waiting  global time :    0.000000 ( 0.0 %)           on MPI rank :       44
     Total           time :  128.560769 (SYPD:     1.826 ) on MPI rank :       44
     Computing       time :    0.000000                    on MPI rank :       45
     Waiting lbc_lnk time :    0.000000 ( 0.0 %)           on MPI rank :       45
     Waiting  global time :    0.000000 ( 0.0 %)           on MPI rank :       45
     Total           time :  128.552109 (SYPD:     1.826 ) on MPI rank :       45
     Computing       time :    0.000000                    on MPI rank :       46
     Waiting lbc_lnk time :    0.000000 ( 0.0 %)           on MPI rank :       46
     Waiting  global time :    0.000000 ( 0.0 %)           on MPI rank :       46
     Total           time :  128.534217 (SYPD:     1.826 ) on MPI rank :       46
     Computing       time :    0.000000                    on MPI rank :       47
     Waiting lbc_lnk time :    0.000000 ( 0.0 %)           on MPI rank :       47
     Waiting  global time :    0.000000 ( 0.0 %)           on MPI rank :       47
     Total           time :  128.532927 (SYPD:     1.826 ) on MPI rank :       47
     Computing       time :    0.000000                    on MPI rank :       48
     Waiting lbc_lnk time :    0.000000 ( 0.0 %)           on MPI rank :       48
     Waiting  global time :    0.000000 ( 0.0 %)           on MPI rank :       48
     Total           time :  128.532502 (SYPD:     1.826 ) on MPI rank :       48
     Computing       time :    0.000000                    on MPI rank :       49
     Waiting lbc_lnk time :    0.000000 ( 0.0 %)           on MPI rank :       49
     Waiting  global time :    0.000000 ( 0.0 %)           on MPI rank :       49
     Total           time :  128.532981 (SYPD:     1.826 ) on MPI rank :       49
     Computing       time :    0.000000                    on MPI rank :       50
     Waiting lbc_lnk time :    0.000000 ( 0.0 %)           on MPI rank :       50
     Waiting  global time :    0.000000 ( 0.0 %)           on MPI rank :       50
     Total           time :  128.532868 (SYPD:     1.826 ) on MPI rank :       50
     Computing       time :    0.000000                    on MPI rank :       51
     Waiting lbc_lnk time :    0.000000 ( 0.0 %)           on MPI rank :       51
     Waiting  global time :    0.000000 ( 0.0 %)           on MPI rank :       51
     Total           time :  128.538448 (SYPD:     1.826 ) on MPI rank :       51
     Computing       time :    0.000000                    on MPI rank :       52
     Waiting lbc_lnk time :    0.000000 ( 0.0 %)           on MPI rank :       52
     Waiting  global time :    0.000000 ( 0.0 %)           on MPI rank :       52
     Total           time :  128.536418 (SYPD:     1.826 ) on MPI rank :       52
     Computing       time :    0.000000                    on MPI rank :       53
     Waiting lbc_lnk time :    0.000000 ( 0.0 %)           on MPI rank :       53
     Waiting  global time :    0.000000 ( 0.0 %)           on MPI rank :       53
     Total           time :  128.536794 (SYPD:     1.826 ) on MPI rank :       53
     Computing       time :    0.000000                    on MPI rank :       54
     Waiting lbc_lnk time :    0.000000 ( 0.0 %)           on MPI rank :       54
     Waiting  global time :    0.000000 ( 0.0 %)           on MPI rank :       54
     Total           time :  128.536230 (SYPD:     1.826 ) on MPI rank :       54
     Computing       time :    0.000000                    on MPI rank :       55
     Waiting lbc_lnk time :    0.000000 ( 0.0 %)           on MPI rank :       55
     Waiting  global time :    0.000000 ( 0.0 %)           on MPI rank :       55
     Total           time :  128.537273 (SYPD:     1.826 ) on MPI rank :       55
     Computing       time :    0.000000                    on MPI rank :       56
     Waiting lbc_lnk time :    0.000000 ( 0.0 %)           on MPI rank :       56
     Waiting  global time :    0.000000 ( 0.0 %)           on MPI rank :       56
     Total           time :  128.536673 (SYPD:     1.826 ) on MPI rank :       56
     Computing       time :    0.000000                    on MPI rank :       57
     Waiting lbc_lnk time :    0.000000 ( 0.0 %)           on MPI rank :       57
     Waiting  global time :    0.000000 ( 0.0 %)           on MPI rank :       57
     Total           time :  128.538344 (SYPD:     1.826 ) on MPI rank :       57
     Computing       time :    0.000000                    on MPI rank :       58
     Waiting lbc_lnk time :    0.000000 ( 0.0 %)           on MPI rank :       58
     Waiting  global time :    0.000000 ( 0.0 %)           on MPI rank :       58
     Total           time :  128.547142 (SYPD:     1.826 ) on MPI rank :       58
     Computing       time :    0.000000                    on MPI rank :       59
     Waiting lbc_lnk time :    0.000000 ( 0.0 %)           on MPI rank :       59
     Waiting  global time :    0.000000 ( 0.0 %)           on MPI rank :       59
     Total           time :  128.547641 (SYPD:     1.826 ) on MPI rank :       59
     Computing       time :    0.000000                    on MPI rank :       60
     Waiting lbc_lnk time :    0.000000 ( 0.0 %)           on MPI rank :       60
     Waiting  global time :    0.000000 ( 0.0 %)           on MPI rank :       60
     Total           time :  128.540095 (SYPD:     1.826 ) on MPI rank :       60
     Computing       time :    0.000000                    on MPI rank :       61
     Waiting lbc_lnk time :    0.000000 ( 0.0 %)           on MPI rank :       61
     Waiting  global time :    0.000000 ( 0.0 %)           on MPI rank :       61
     Total           time :  128.542460 (SYPD:     1.826 ) on MPI rank :       61
     Computing       time :    0.000000                    on MPI rank :       62
     Waiting lbc_lnk time :    0.000000 ( 0.0 %)           on MPI rank :       62
     Waiting  global time :    0.000000 ( 0.0 %)           on MPI rank :       62
     Total           time :  128.543289 (SYPD:     1.826 ) on MPI rank :       62
     Computing       time :    0.000000                    on MPI rank :       63
     Waiting lbc_lnk time :    0.000000 ( 0.0 %)           on MPI rank :       63
     Waiting  global time :    0.000000 ( 0.0 %)           on MPI rank :       63
     Total           time :  128.539803 (SYPD:     1.826 ) on MPI rank :       63
     Computing       time :    0.000000                    on MPI rank :       64
     Waiting lbc_lnk time :    0.000000 ( 0.0 %)           on MPI rank :       64
     Waiting  global time :    0.000000 ( 0.0 %)           on MPI rank :       64
     Total           time :  128.545384 (SYPD:     1.826 ) on MPI rank :       64
     Computing       time :    0.000000                    on MPI rank :       65
     Waiting lbc_lnk time :    0.000000 ( 0.0 %)           on MPI rank :       65
     Waiting  global time :    0.000000 ( 0.0 %)           on MPI rank :       65
     Total           time :  128.548556 (SYPD:     1.826 ) on MPI rank :       65
     Computing       time :    0.000000                    on MPI rank :       66
     Waiting lbc_lnk time :    0.000000 ( 0.0 %)           on MPI rank :       66
     Waiting  global time :    0.000000 ( 0.0 %)           on MPI rank :       66
     Total           time :  128.548449 (SYPD:     1.826 ) on MPI rank :       66
     Computing       time :    0.000000                    on MPI rank :       67
     Waiting lbc_lnk time :    0.000000 ( 0.0 %)           on MPI rank :       67
     Waiting  global time :    0.000000 ( 0.0 %)           on MPI rank :       67
     Total           time :  128.639615 (SYPD:     1.825 ) on MPI rank :       67
     Computing       time :    0.000000                    on MPI rank :       68
     Waiting lbc_lnk time :    0.000000 ( 0.0 %)           on MPI rank :       68
     Waiting  global time :    0.000000 ( 0.0 %)           on MPI rank :       68
     Total           time :  128.637944 (SYPD:     1.825 ) on MPI rank :       68
     Computing       time :    0.000000                    on MPI rank :       69
     Waiting lbc_lnk time :    0.000000 ( 0.0 %)           on MPI rank :       69
     Waiting  global time :    0.000000 ( 0.0 %)           on MPI rank :       69
     Total           time :  128.639956 (SYPD:     1.825 ) on MPI rank :       69
     Computing       time :    0.000000                    on MPI rank :       70
     Waiting lbc_lnk time :    0.000000 ( 0.0 %)           on MPI rank :       70
     Waiting  global time :    0.000000 ( 0.0 %)           on MPI rank :       70
     Total           time :  128.657820 (SYPD:     1.825 ) on MPI rank :       70
     Computing       time :    0.000000                    on MPI rank :       71
     Waiting lbc_lnk time :    0.000000 ( 0.0 %)           on MPI rank :       71
     Waiting  global time :    0.000000 ( 0.0 %)           on MPI rank :       71
     Total           time :  128.657100 (SYPD:     1.825 ) on MPI rank :       71
     Computing       time :    0.000000                    on MPI rank :       72
     Waiting lbc_lnk time :    0.000000 ( 0.0 %)           on MPI rank :       72
     Waiting  global time :    0.000000 ( 0.0 %)           on MPI rank :       72
     Total           time :  128.549497 (SYPD:     1.826 ) on MPI rank :       72
     Computing       time :    0.000000                    on MPI rank :       73
     Waiting lbc_lnk time :    0.000000 ( 0.0 %)           on MPI rank :       73
     Waiting  global time :    0.000000 ( 0.0 %)           on MPI rank :       73
     Total           time :  128.555238 (SYPD:     1.826 ) on MPI rank :       73
     Computing       time :    0.000000                    on MPI rank :       74
     Waiting lbc_lnk time :    0.000000 ( 0.0 %)           on MPI rank :       74
     Waiting  global time :    0.000000 ( 0.0 %)           on MPI rank :       74
     Total           time :  128.544968 (SYPD:     1.826 ) on MPI rank :       74
     Computing       time :    0.000000                    on MPI rank :       75
     Waiting lbc_lnk time :    0.000000 ( 0.0 %)           on MPI rank :       75
     Waiting  global time :    0.000000 ( 0.0 %)           on MPI rank :       75
     Total           time :  128.553742 (SYPD:     1.826 ) on MPI rank :       75
     Computing       time :    0.000000                    on MPI rank :       76
     Waiting lbc_lnk time :    0.000000 ( 0.0 %)           on MPI rank :       76
     Waiting  global time :    0.000000 ( 0.0 %)           on MPI rank :       76
     Total           time :  128.540367 (SYPD:     1.826 ) on MPI rank :       76
     Computing       time :    0.000000                    on MPI rank :       77
     Waiting lbc_lnk time :    0.000000 ( 0.0 %)           on MPI rank :       77
     Waiting  global time :    0.000000 ( 0.0 %)           on MPI rank :       77
     Total           time :  128.540752 (SYPD:     1.826 ) on MPI rank :       77
     Computing       time :    0.000000                    on MPI rank :       78
     Waiting lbc_lnk time :    0.000000 ( 0.0 %)           on MPI rank :       78
     Waiting  global time :    0.000000 ( 0.0 %)           on MPI rank :       78
     Total           time :  128.542187 (SYPD:     1.826 ) on MPI rank :       78
     Computing       time :    0.000000                    on MPI rank :       79
     Waiting lbc_lnk time :    0.000000 ( 0.0 %)           on MPI rank :       79
     Waiting  global time :    0.000000 ( 0.0 %)           on MPI rank :       79
     Total           time :  128.542877 (SYPD:     1.826 ) on MPI rank :       79
     Computing       time :    0.000000                    on MPI rank :       80
     Waiting lbc_lnk time :    0.000000 ( 0.0 %)           on MPI rank :       80
     Waiting  global time :    0.000000 ( 0.0 %)           on MPI rank :       80
     Total           time :  128.543368 (SYPD:     1.826 ) on MPI rank :       80
     Computing       time :    0.000000                    on MPI rank :       81
     Waiting lbc_lnk time :    0.000000 ( 0.0 %)           on MPI rank :       81
     Waiting  global time :    0.000000 ( 0.0 %)           on MPI rank :       81
     Total           time :  128.543213 (SYPD:     1.826 ) on MPI rank :       81
     Computing       time :    0.000000                    on MPI rank :       82
     Waiting lbc_lnk time :    0.000000 ( 0.0 %)           on MPI rank :       82
     Waiting  global time :    0.000000 ( 0.0 %)           on MPI rank :       82
     Total           time :  128.548124 (SYPD:     1.826 ) on MPI rank :       82
     Computing       time :    0.000000                    on MPI rank :       83
     Waiting lbc_lnk time :    0.000000 ( 0.0 %)           on MPI rank :       83
     Waiting  global time :    0.000000 ( 0.0 %)           on MPI rank :       83
     Total           time :  128.546821 (SYPD:     1.826 ) on MPI rank :       83
     Computing       time :    0.000000                    on MPI rank :       84
     Waiting lbc_lnk time :    0.000000 ( 0.0 %)           on MPI rank :       84
     Waiting  global time :    0.000000 ( 0.0 %)           on MPI rank :       84
     Total           time :  128.546652 (SYPD:     1.826 ) on MPI rank :       84
     Computing       time :    0.000000                    on MPI rank :       85
     Waiting lbc_lnk time :    0.000000 ( 0.0 %)           on MPI rank :       85
     Waiting  global time :    0.000000 ( 0.0 %)           on MPI rank :       85
     Total           time :  128.546687 (SYPD:     1.826 ) on MPI rank :       85
     Computing       time :    0.000000                    on MPI rank :       86
     Waiting lbc_lnk time :    0.000000 ( 0.0 %)           on MPI rank :       86
     Waiting  global time :    0.000000 ( 0.0 %)           on MPI rank :       86
     Total           time :  128.546382 (SYPD:     1.826 ) on MPI rank :       86
     Computing       time :    0.000000                    on MPI rank :       87
     Waiting lbc_lnk time :    0.000000 ( 0.0 %)           on MPI rank :       87
     Waiting  global time :    0.000000 ( 0.0 %)           on MPI rank :       87
     Total           time :  128.547071 (SYPD:     1.826 ) on MPI rank :       87
     Computing       time :    0.000000                    on MPI rank :       88
     Waiting lbc_lnk time :    0.000000 ( 0.0 %)           on MPI rank :       88
     Waiting  global time :    0.000000 ( 0.0 %)           on MPI rank :       88
     Total           time :  128.546709 (SYPD:     1.826 ) on MPI rank :       88
     Computing       time :    0.000000                    on MPI rank :       89
     Waiting lbc_lnk time :    0.000000 ( 0.0 %)           on MPI rank :       89
     Waiting  global time :    0.000000 ( 0.0 %)           on MPI rank :       89
     Total           time :  128.546742 (SYPD:     1.826 ) on MPI rank :       89
     Computing       time :    0.000000                    on MPI rank :       90
     Waiting lbc_lnk time :    0.000000 ( 0.0 %)           on MPI rank :       90
     Waiting  global time :    0.000000 ( 0.0 %)           on MPI rank :       90
     Total           time :  128.546184 (SYPD:     1.826 ) on MPI rank :       90
     Computing       time :    0.000000                    on MPI rank :       91
     Waiting lbc_lnk time :    0.000000 ( 0.0 %)           on MPI rank :       91
     Waiting  global time :    0.000000 ( 0.0 %)           on MPI rank :       91
     Total           time :  128.546360 (SYPD:     1.826 ) on MPI rank :       91
     Computing       time :    0.000000                    on MPI rank :       92
     Waiting lbc_lnk time :    0.000000 ( 0.0 %)           on MPI rank :       92
     Waiting  global time :    0.000000 ( 0.0 %)           on MPI rank :       92
     Total           time :  128.551729 (SYPD:     1.826 ) on MPI rank :       92
     Computing       time :    0.000000                    on MPI rank :       93
     Waiting lbc_lnk time :    0.000000 ( 0.0 %)           on MPI rank :       93
     Waiting  global time :    0.000000 ( 0.0 %)           on MPI rank :       93
     Total           time :  128.550812 (SYPD:     1.826 ) on MPI rank :       93
     Computing       time :    0.000000                    on MPI rank :       94
     Waiting lbc_lnk time :    0.000000 ( 0.0 %)           on MPI rank :       94
     Waiting  global time :    0.000000 ( 0.0 %)           on MPI rank :       94
     Total           time :  128.551123 (SYPD:     1.826 ) on MPI rank :       94
     Computing       time :    0.000000                    on MPI rank :       95
     Waiting lbc_lnk time :    0.000000 ( 0.0 %)           on MPI rank :       95
     Waiting  global time :    0.000000 ( 0.0 %)           on MPI rank :       95
     Total           time :  128.551078 (SYPD:     1.826 ) on MPI rank :       95
     Computing       time :    0.000000                    on MPI rank :       96
     Waiting lbc_lnk time :    0.000000 ( 0.0 %)           on MPI rank :       96
     Waiting  global time :    0.000000 ( 0.0 %)           on MPI rank :       96
     Total           time :  128.554608 (SYPD:     1.826 ) on MPI rank :       96
     Computing       time :    0.000000                    on MPI rank :       97
     Waiting lbc_lnk time :    0.000000 ( 0.0 %)           on MPI rank :       97
     Waiting  global time :    0.000000 ( 0.0 %)           on MPI rank :       97
     Total           time :  128.554783 (SYPD:     1.826 ) on MPI rank :       97
     Computing       time :    0.000000                    on MPI rank :       98
     Waiting lbc_lnk time :    0.000000 ( 0.0 %)           on MPI rank :       98
     Waiting  global time :    0.000000 ( 0.0 %)           on MPI rank :       98
     Total           time :  128.560231 (SYPD:     1.826 ) on MPI rank :       98
     Computing       time :    0.000000                    on MPI rank :       99
     Waiting lbc_lnk time :    0.000000 ( 0.0 %)           on MPI rank :       99
     Waiting  global time :    0.000000 ( 0.0 %)           on MPI rank :       99
     Total           time :  128.645353 (SYPD:     1.825 ) on MPI rank :       99
     Computing       time :    0.000000                    on MPI rank :      100
     Waiting lbc_lnk time :    0.000000 ( 0.0 %)           on MPI rank :      100
     Waiting  global time :    0.000000 ( 0.0 %)           on MPI rank :      100
     Total           time :  128.645274 (SYPD:     1.825 ) on MPI rank :      100
     Computing       time :    0.000000                    on MPI rank :      101
     Waiting lbc_lnk time :    0.000000 ( 0.0 %)           on MPI rank :      101
     Waiting  global time :    0.000000 ( 0.0 %)           on MPI rank :      101
     Total           time :  128.647629 (SYPD:     1.825 ) on MPI rank :      101
     Computing       time :    0.000000                    on MPI rank :      102
     Waiting lbc_lnk time :    0.000000 ( 0.0 %)           on MPI rank :      102
     Waiting  global time :    0.000000 ( 0.0 %)           on MPI rank :      102
     Total           time :  128.661059 (SYPD:     1.824 ) on MPI rank :      102
     Computing       time :    0.000000                    on MPI rank :      103
     Waiting lbc_lnk time :    0.000000 ( 0.0 %)           on MPI rank :      103
     Waiting  global time :    0.000000 ( 0.0 %)           on MPI rank :      103
     Total           time :  128.563713 (SYPD:     1.826 ) on MPI rank :      103
     Computing       time :    0.000000                    on MPI rank :      104
     Waiting lbc_lnk time :    0.000000 ( 0.0 %)           on MPI rank :      104
     Waiting  global time :    0.000000 ( 0.0 %)           on MPI rank :      104
     Total           time :  128.561700 (SYPD:     1.826 ) on MPI rank :      104
     Computing       time :    0.000000                    on MPI rank :      105
     Waiting lbc_lnk time :    0.000000 ( 0.0 %)           on MPI rank :      105
     Waiting  global time :    0.000000 ( 0.0 %)           on MPI rank :      105
     Total           time :  128.560212 (SYPD:     1.826 ) on MPI rank :      105
     Computing       time :    0.000000                    on MPI rank :      106
     Waiting lbc_lnk time :    0.000000 ( 0.0 %)           on MPI rank :      106
     Waiting  global time :    0.000000 ( 0.0 %)           on MPI rank :      106
     Total           time :  128.556416 (SYPD:     1.826 ) on MPI rank :      106
     Computing       time :    0.000000                    on MPI rank :      107
     Waiting lbc_lnk time :    0.000000 ( 0.0 %)           on MPI rank :      107
     Waiting  global time :    0.000000 ( 0.0 %)           on MPI rank :      107
     Total           time :  128.541922 (SYPD:     1.826 ) on MPI rank :      107
     Computing       time :    0.000000                    on MPI rank :      108
     Waiting lbc_lnk time :    0.000000 ( 0.0 %)           on MPI rank :      108
     Waiting  global time :    0.000000 ( 0.0 %)           on MPI rank :      108
     Total           time :  128.537009 (SYPD:     1.826 ) on MPI rank :      108
     Computing       time :    0.000000                    on MPI rank :      109
     Waiting lbc_lnk time :    0.000000 ( 0.0 %)           on MPI rank :      109
     Waiting  global time :    0.000000 ( 0.0 %)           on MPI rank :      109
     Total           time :  128.536256 (SYPD:     1.826 ) on MPI rank :      109
     Computing       time :    0.000000                    on MPI rank :      110
     Waiting lbc_lnk time :    0.000000 ( 0.0 %)           on MPI rank :      110
     Waiting  global time :    0.000000 ( 0.0 %)           on MPI rank :      110
     Total           time :  128.535832 (SYPD:     1.826 ) on MPI rank :      110
     Computing       time :    0.000000                    on MPI rank :      111
     Waiting lbc_lnk time :    0.000000 ( 0.0 %)           on MPI rank :      111
     Waiting  global time :    0.000000 ( 0.0 %)           on MPI rank :      111
     Total           time :  128.533235 (SYPD:     1.826 ) on MPI rank :      111
     Computing       time :    0.000000                    on MPI rank :      112
     Waiting lbc_lnk time :    0.000000 ( 0.0 %)           on MPI rank :      112
     Waiting  global time :    0.000000 ( 0.0 %)           on MPI rank :      112
     Total           time :  128.532990 (SYPD:     1.826 ) on MPI rank :      112
     Computing       time :    0.000000                    on MPI rank :      113
     Waiting lbc_lnk time :    0.000000 ( 0.0 %)           on MPI rank :      113
     Waiting  global time :    0.000000 ( 0.0 %)           on MPI rank :      113
     Total           time :  128.516792 (SYPD:     1.827 ) on MPI rank :      113
     Computing       time :    0.000000                    on MPI rank :      114
     Waiting lbc_lnk time :    0.000000 ( 0.0 %)           on MPI rank :      114
     Waiting  global time :    0.000000 ( 0.0 %)           on MPI rank :      114
     Total           time :  128.519316 (SYPD:     1.826 ) on MPI rank :      114
     Computing       time :    0.000000                    on MPI rank :      115
     Waiting lbc_lnk time :    0.000000 ( 0.0 %)           on MPI rank :      115
     Waiting  global time :    0.000000 ( 0.0 %)           on MPI rank :      115
     Total           time :  128.527097 (SYPD:     1.826 ) on MPI rank :      115
     Computing       time :    0.000000                    on MPI rank :      116
     Waiting lbc_lnk time :    0.000000 ( 0.0 %)           on MPI rank :      116
     Waiting  global time :    0.000000 ( 0.0 %)           on MPI rank :      116
     Total           time :  128.526126 (SYPD:     1.826 ) on MPI rank :      116
     Computing       time :    0.000000                    on MPI rank :      117
     Waiting lbc_lnk time :    0.000000 ( 0.0 %)           on MPI rank :      117
     Waiting  global time :    0.000000 ( 0.0 %)           on MPI rank :      117
     Total           time :  128.528057 (SYPD:     1.826 ) on MPI rank :      117
     Computing       time :    0.000000                    on MPI rank :      118
     Waiting lbc_lnk time :    0.000000 ( 0.0 %)           on MPI rank :      118
     Waiting  global time :    0.000000 ( 0.0 %)           on MPI rank :      118
     Total           time :  128.527295 (SYPD:     1.826 ) on MPI rank :      118
     Computing       time :    0.000000                    on MPI rank :      119
     Waiting lbc_lnk time :    0.000000 ( 0.0 %)           on MPI rank :      119
     Waiting  global time :    0.000000 ( 0.0 %)           on MPI rank :      119
     Total           time :  128.527038 (SYPD:     1.826 ) on MPI rank :      119
     Computing       time :    0.000000                    on MPI rank :      120
     Waiting lbc_lnk time :    0.000000 ( 0.0 %)           on MPI rank :      120
     Waiting  global time :    0.000000 ( 0.0 %)           on MPI rank :      120
     Total           time :  128.540655 (SYPD:     1.826 ) on MPI rank :      120
     Computing       time :    0.000000                    on MPI rank :      121
     Waiting lbc_lnk time :    0.000000 ( 0.0 %)           on MPI rank :      121
     Waiting  global time :    0.000000 ( 0.0 %)           on MPI rank :      121
     Total           time :  128.532566 (SYPD:     1.826 ) on MPI rank :      121
     Computing       time :    0.000000                    on MPI rank :      122
     Waiting lbc_lnk time :    0.000000 ( 0.0 %)           on MPI rank :      122
     Waiting  global time :    0.000000 ( 0.0 %)           on MPI rank :      122
     Total           time :  128.533151 (SYPD:     1.826 ) on MPI rank :      122
     Computing       time :    0.000000                    on MPI rank :      123
     Waiting lbc_lnk time :    0.000000 ( 0.0 %)           on MPI rank :      123
     Waiting  global time :    0.000000 ( 0.0 %)           on MPI rank :      123
     Total           time :  128.534183 (SYPD:     1.826 ) on MPI rank :      123
     Computing       time :    0.000000                    on MPI rank :      124
     Waiting lbc_lnk time :    0.000000 ( 0.0 %)           on MPI rank :      124
     Waiting  global time :    0.000000 ( 0.0 %)           on MPI rank :      124
     Total           time :  128.532886 (SYPD:     1.826 ) on MPI rank :      124
     Computing       time :    0.000000                    on MPI rank :      125
     Waiting lbc_lnk time :    0.000000 ( 0.0 %)           on MPI rank :      125
     Waiting  global time :    0.000000 ( 0.0 %)           on MPI rank :      125
     Total           time :  128.539239 (SYPD:     1.826 ) on MPI rank :      125
     Computing       time :    0.000000                    on MPI rank :      126
     Waiting lbc_lnk time :    0.000000 ( 0.0 %)           on MPI rank :      126
     Waiting  global time :    0.000000 ( 0.0 %)           on MPI rank :      126
     Total           time :  128.538111 (SYPD:     1.826 ) on MPI rank :      126
     Computing       time :    0.000000                    on MPI rank :      127
     Waiting lbc_lnk time :    0.000000 ( 0.0 %)           on MPI rank :      127
     Waiting  global time :    0.000000 ( 0.0 %)           on MPI rank :      127
     Total           time :  128.536843 (SYPD:     1.826 ) on MPI rank :      127
     Computing       time :    0.000000                    on MPI rank :      128
     Waiting lbc_lnk time :    0.000000 ( 0.0 %)           on MPI rank :      128
     Waiting  global time :    0.000000 ( 0.0 %)           on MPI rank :      128
     Total           time :  128.546315 (SYPD:     1.826 ) on MPI rank :      128
     Computing       time :    0.000000                    on MPI rank :      129
     Waiting lbc_lnk time :    0.000000 ( 0.0 %)           on MPI rank :      129
     Waiting  global time :    0.000000 ( 0.0 %)           on MPI rank :      129
     Total           time :  128.537590 (SYPD:     1.826 ) on MPI rank :      129
     Computing       time :    0.000000                    on MPI rank :      130
     Waiting lbc_lnk time :    0.000000 ( 0.0 %)           on MPI rank :      130
     Waiting  global time :    0.000000 ( 0.0 %)           on MPI rank :      130
     Total           time :  128.536901 (SYPD:     1.826 ) on MPI rank :      130
     Computing       time :    0.000000                    on MPI rank :      131
     Waiting lbc_lnk time :    0.000000 ( 0.0 %)           on MPI rank :      131
     Waiting  global time :    0.000000 ( 0.0 %)           on MPI rank :      131
     Total           time :  128.535892 (SYPD:     1.826 ) on MPI rank :      131
     Computing       time :    0.000000                    on MPI rank :      132
     Waiting lbc_lnk time :    0.000000 ( 0.0 %)           on MPI rank :      132
     Waiting  global time :    0.000000 ( 0.0 %)           on MPI rank :      132
     Total           time :  128.537133 (SYPD:     1.826 ) on MPI rank :      132
     Computing       time :    0.000000                    on MPI rank :      133
     Waiting lbc_lnk time :    0.000000 ( 0.0 %)           on MPI rank :      133
     Waiting  global time :    0.000000 ( 0.0 %)           on MPI rank :      133
     Total           time :  128.551168 (SYPD:     1.826 ) on MPI rank :      133
     Computing       time :    0.000000                    on MPI rank :      134
     Waiting lbc_lnk time :    0.000000 ( 0.0 %)           on MPI rank :      134
     Waiting  global time :    0.000000 ( 0.0 %)           on MPI rank :      134
     Total           time :  128.540542 (SYPD:     1.826 ) on MPI rank :      134
     Computing       time :    0.000000                    on MPI rank :      135
     Waiting lbc_lnk time :    0.000000 ( 0.0 %)           on MPI rank :      135
     Waiting  global time :    0.000000 ( 0.0 %)           on MPI rank :      135
     Total           time :  128.541267 (SYPD:     1.826 ) on MPI rank :      135
     Computing       time :    0.000000                    on MPI rank :      136
     Waiting lbc_lnk time :    0.000000 ( 0.0 %)           on MPI rank :      136
     Waiting  global time :    0.000000 ( 0.0 %)           on MPI rank :      136
     Total           time :  128.540206 (SYPD:     1.826 ) on MPI rank :      136
     Computing       time :    0.000000                    on MPI rank :      137
     Waiting lbc_lnk time :    0.000000 ( 0.0 %)           on MPI rank :      137
     Waiting  global time :    0.000000 ( 0.0 %)           on MPI rank :      137
     Total           time :  128.542583 (SYPD:     1.826 ) on MPI rank :      137
     Computing       time :    0.000000                    on MPI rank :      138
     Waiting lbc_lnk time :    0.000000 ( 0.0 %)           on MPI rank :      138
     Waiting  global time :    0.000000 ( 0.0 %)           on MPI rank :      138
     Total           time :  128.544765 (SYPD:     1.826 ) on MPI rank :      138
     Computing       time :    0.000000                    on MPI rank :      139
     Waiting lbc_lnk time :    0.000000 ( 0.0 %)           on MPI rank :      139
     Waiting  global time :    0.000000 ( 0.0 %)           on MPI rank :      139
     Total           time :  128.557540 (SYPD:     1.826 ) on MPI rank :      139
     Computing       time :    0.000000                    on MPI rank :      140
     Waiting lbc_lnk time :    0.000000 ( 0.0 %)           on MPI rank :      140
     Waiting  global time :    0.000000 ( 0.0 %)           on MPI rank :      140
     Total           time :  128.551466 (SYPD:     1.826 ) on MPI rank :      140
     Computing       time :    0.000000                    on MPI rank :      141
     Waiting lbc_lnk time :    0.000000 ( 0.0 %)           on MPI rank :      141
     Waiting  global time :    0.000000 ( 0.0 %)           on MPI rank :      141
     Total           time :  128.552682 (SYPD:     1.826 ) on MPI rank :      141
     Computing       time :    0.000000                    on MPI rank :      142
     Waiting lbc_lnk time :    0.000000 ( 0.0 %)           on MPI rank :      142
     Waiting  global time :    0.000000 ( 0.0 %)           on MPI rank :      142
     Total           time :  128.639150 (SYPD:     1.825 ) on MPI rank :      142
     Computing       time :    0.000000                    on MPI rank :      143
     Waiting lbc_lnk time :    0.000000 ( 0.0 %)           on MPI rank :      143
     Waiting  global time :    0.000000 ( 0.0 %)           on MPI rank :      143
     Total           time :  128.641703 (SYPD:     1.825 ) on MPI rank :      143
     Computing       time :    0.000000                    on MPI rank :      144
     Waiting lbc_lnk time :    0.000000 ( 0.0 %)           on MPI rank :      144
     Waiting  global time :    0.000000 ( 0.0 %)           on MPI rank :      144
     Total           time :  128.655706 (SYPD:     1.825 ) on MPI rank :      144
     Computing       time :    0.000000                    on MPI rank :      145
     Waiting lbc_lnk time :    0.000000 ( 0.0 %)           on MPI rank :      145
     Waiting  global time :    0.000000 ( 0.0 %)           on MPI rank :      145
     Total           time :  128.556486 (SYPD:     1.826 ) on MPI rank :      145
     Computing       time :    0.000000                    on MPI rank :      146
     Waiting lbc_lnk time :    0.000000 ( 0.0 %)           on MPI rank :      146
     Waiting  global time :    0.000000 ( 0.0 %)           on MPI rank :      146
     Total           time :  128.557948 (SYPD:     1.826 ) on MPI rank :      146
     Computing       time :    0.000000                    on MPI rank :      147
     Waiting lbc_lnk time :    0.000000 ( 0.0 %)           on MPI rank :      147
     Waiting  global time :    0.000000 ( 0.0 %)           on MPI rank :      147
     Total           time :  128.553024 (SYPD:     1.826 ) on MPI rank :      147
     Computing       time :    0.000000                    on MPI rank :      148
     Waiting lbc_lnk time :    0.000000 ( 0.0 %)           on MPI rank :      148
     Waiting  global time :    0.000000 ( 0.0 %)           on MPI rank :      148
     Total           time :  128.547170 (SYPD:     1.826 ) on MPI rank :      148
     Computing       time :    0.000000                    on MPI rank :      149
     Waiting lbc_lnk time :    0.000000 ( 0.0 %)           on MPI rank :      149
     Waiting  global time :    0.000000 ( 0.0 %)           on MPI rank :      149
     Total           time :  128.531223 (SYPD:     1.826 ) on MPI rank :      149
     Computing       time :    0.000000                    on MPI rank :      150
     Waiting lbc_lnk time :    0.000000 ( 0.0 %)           on MPI rank :      150
     Waiting  global time :    0.000000 ( 0.0 %)           on MPI rank :      150
     Total           time :  128.527047 (SYPD:     1.826 ) on MPI rank :      150
     Computing       time :    0.000000                    on MPI rank :      151
     Waiting lbc_lnk time :    0.000000 ( 0.0 %)           on MPI rank :      151
     Waiting  global time :    0.000000 ( 0.0 %)           on MPI rank :      151
     Total           time :  128.528190 (SYPD:     1.826 ) on MPI rank :      151
     Computing       time :    0.000000                    on MPI rank :      152
     Waiting lbc_lnk time :    0.000000 ( 0.0 %)           on MPI rank :      152
     Waiting  global time :    0.000000 ( 0.0 %)           on MPI rank :      152
     Total           time :  128.526801 (SYPD:     1.826 ) on MPI rank :      152
     Computing       time :    0.000000                    on MPI rank :      153
     Waiting lbc_lnk time :    0.000000 ( 0.0 %)           on MPI rank :      153
     Waiting  global time :    0.000000 ( 0.0 %)           on MPI rank :      153
     Total           time :  128.529575 (SYPD:     1.826 ) on MPI rank :      153
     Computing       time :    0.000000                    on MPI rank :      154
     Waiting lbc_lnk time :    0.000000 ( 0.0 %)           on MPI rank :      154
     Waiting  global time :    0.000000 ( 0.0 %)           on MPI rank :      154
     Total           time :  128.531639 (SYPD:     1.826 ) on MPI rank :      154
     Computing       time :    0.000000                    on MPI rank :      155
     Waiting lbc_lnk time :    0.000000 ( 0.0 %)           on MPI rank :      155
     Waiting  global time :    0.000000 ( 0.0 %)           on MPI rank :      155
     Total           time :  128.525385 (SYPD:     1.826 ) on MPI rank :      155
     Computing       time :    0.000000                    on MPI rank :      156
     Waiting lbc_lnk time :    0.000000 ( 0.0 %)           on MPI rank :      156
     Waiting  global time :    0.000000 ( 0.0 %)           on MPI rank :      156
     Total           time :  128.525741 (SYPD:     1.826 ) on MPI rank :      156
     Computing       time :    0.000000                    on MPI rank :      157
     Waiting lbc_lnk time :    0.000000 ( 0.0 %)           on MPI rank :      157
     Waiting  global time :    0.000000 ( 0.0 %)           on MPI rank :      157
     Total           time :  128.526245 (SYPD:     1.826 ) on MPI rank :      157
     Computing       time :    0.000000                    on MPI rank :      158
     Waiting lbc_lnk time :    0.000000 ( 0.0 %)           on MPI rank :      158
     Waiting  global time :    0.000000 ( 0.0 %)           on MPI rank :      158
     Total           time :  128.525864 (SYPD:     1.826 ) on MPI rank :      158
     Computing       time :    0.000000                    on MPI rank :      159
     Waiting lbc_lnk time :    0.000000 ( 0.0 %)           on MPI rank :      159
     Waiting  global time :    0.000000 ( 0.0 %)           on MPI rank :      159
     Total           time :  128.525126 (SYPD:     1.826 ) on MPI rank :      159
     Computing       time :    0.000000                    on MPI rank :      160
     Waiting lbc_lnk time :    0.000000 ( 0.0 %)           on MPI rank :      160
     Waiting  global time :    0.000000 ( 0.0 %)           on MPI rank :      160
     Total           time :  128.526609 (SYPD:     1.826 ) on MPI rank :      160
     Computing       time :    0.000000                    on MPI rank :      161
     Waiting lbc_lnk time :    0.000000 ( 0.0 %)           on MPI rank :      161
     Waiting  global time :    0.000000 ( 0.0 %)           on MPI rank :      161
     Total           time :  128.525176 (SYPD:     1.826 ) on MPI rank :      161
     Computing       time :    0.000000                    on MPI rank :      162
     Waiting lbc_lnk time :    0.000000 ( 0.0 %)           on MPI rank :      162
     Waiting  global time :    0.000000 ( 0.0 %)           on MPI rank :      162
     Total           time :  128.526059 (SYPD:     1.826 ) on MPI rank :      162
     Computing       time :    0.000000                    on MPI rank :      163
     Waiting lbc_lnk time :    0.000000 ( 0.0 %)           on MPI rank :      163
     Waiting  global time :    0.000000 ( 0.0 %)           on MPI rank :      163
     Total           time :  128.525453 (SYPD:     1.826 ) on MPI rank :      163
     Computing       time :    0.000000                    on MPI rank :      164
     Waiting lbc_lnk time :    0.000000 ( 0.0 %)           on MPI rank :      164
     Waiting  global time :    0.000000 ( 0.0 %)           on MPI rank :      164
     Total           time :  128.525489 (SYPD:     1.826 ) on MPI rank :      164
     Computing       time :    0.000000                    on MPI rank :      165
     Waiting lbc_lnk time :    0.000000 ( 0.0 %)           on MPI rank :      165
     Waiting  global time :    0.000000 ( 0.0 %)           on MPI rank :      165
     Total           time :  128.530629 (SYPD:     1.826 ) on MPI rank :      165
     Computing       time :    0.000000                    on MPI rank :      166
     Waiting lbc_lnk time :    0.000000 ( 0.0 %)           on MPI rank :      166
     Waiting  global time :    0.000000 ( 0.0 %)           on MPI rank :      166
     Total           time :  128.531214 (SYPD:     1.826 ) on MPI rank :      166
     Computing       time :    0.000000                    on MPI rank :      167
     Waiting lbc_lnk time :    0.000000 ( 0.0 %)           on MPI rank :      167
     Waiting  global time :    0.000000 ( 0.0 %)           on MPI rank :      167
     Total           time :  128.530992 (SYPD:     1.826 ) on MPI rank :      167
     Computing       time :    0.000000                    on MPI rank :      168
     Waiting lbc_lnk time :    0.000000 ( 0.0 %)           on MPI rank :      168
     Waiting  global time :    0.000000 ( 0.0 %)           on MPI rank :      168
     Total           time :  128.525883 (SYPD:     1.826 ) on MPI rank :      168
     Computing       time :    0.000000                    on MPI rank :      169
     Waiting lbc_lnk time :    0.000000 ( 0.0 %)           on MPI rank :      169
     Waiting  global time :    0.000000 ( 0.0 %)           on MPI rank :      169
     Total           time :  128.529339 (SYPD:     1.826 ) on MPI rank :      169
     Computing       time :    0.000000                    on MPI rank :      170
     Waiting lbc_lnk time :    0.000000 ( 0.0 %)           on MPI rank :      170
     Waiting  global time :    0.000000 ( 0.0 %)           on MPI rank :      170
     Total           time :  128.530818 (SYPD:     1.826 ) on MPI rank :      170
     Computing       time :    0.000000                    on MPI rank :      171
     Waiting lbc_lnk time :    0.000000 ( 0.0 %)           on MPI rank :      171
     Waiting  global time :    0.000000 ( 0.0 %)           on MPI rank :      171
     Total           time :  128.536065 (SYPD:     1.826 ) on MPI rank :      171
     Computing       time :    0.000000                    on MPI rank :      172
     Waiting lbc_lnk time :    0.000000 ( 0.0 %)           on MPI rank :      172
     Waiting  global time :    0.000000 ( 0.0 %)           on MPI rank :      172
     Total           time :  128.539555 (SYPD:     1.826 ) on MPI rank :      172
     Computing       time :    0.000000                    on MPI rank :      173
     Waiting lbc_lnk time :    0.000000 ( 0.0 %)           on MPI rank :      173
     Waiting  global time :    0.000000 ( 0.0 %)           on MPI rank :      173
     Total           time :  128.539147 (SYPD:     1.826 ) on MPI rank :      173
     Computing       time :    0.000000                    on MPI rank :      174
     Waiting lbc_lnk time :    0.000000 ( 0.0 %)           on MPI rank :      174
     Waiting  global time :    0.000000 ( 0.0 %)           on MPI rank :      174
     Total           time :  128.533421 (SYPD:     1.826 ) on MPI rank :      174
     Computing       time :    0.000000                    on MPI rank :      175
     Waiting lbc_lnk time :    0.000000 ( 0.0 %)           on MPI rank :      175
     Waiting  global time :    0.000000 ( 0.0 %)           on MPI rank :      175
     Total           time :  128.533677 (SYPD:     1.826 ) on MPI rank :      175
     Computing       time :    0.000000                    on MPI rank :      176
     Waiting lbc_lnk time :    0.000000 ( 0.0 %)           on MPI rank :      176
     Waiting  global time :    0.000000 ( 0.0 %)           on MPI rank :      176
     Total           time :  128.534386 (SYPD:     1.826 ) on MPI rank :      176
     Computing       time :    0.000000                    on MPI rank :      177
     Waiting lbc_lnk time :    0.000000 ( 0.0 %)           on MPI rank :      177
     Waiting  global time :    0.000000 ( 0.0 %)           on MPI rank :      177
     Total           time :  128.534853 (SYPD:     1.826 ) on MPI rank :      177
     Computing       time :    0.000000                    on MPI rank :      178
     Waiting lbc_lnk time :    0.000000 ( 0.0 %)           on MPI rank :      178
     Waiting  global time :    0.000000 ( 0.0 %)           on MPI rank :      178
     Total           time :  128.541171 (SYPD:     1.826 ) on MPI rank :      178
     Computing       time :    0.000000                    on MPI rank :      179
     Waiting lbc_lnk time :    0.000000 ( 0.0 %)           on MPI rank :      179
     Waiting  global time :    0.000000 ( 0.0 %)           on MPI rank :      179
     Total           time :  128.535509 (SYPD:     1.826 ) on MPI rank :      179
     Computing       time :    0.000000                    on MPI rank :      180
     Waiting lbc_lnk time :    0.000000 ( 0.0 %)           on MPI rank :      180
     Waiting  global time :    0.000000 ( 0.0 %)           on MPI rank :      180
     Total           time :  128.535514 (SYPD:     1.826 ) on MPI rank :      180
     Computing       time :    0.000000                    on MPI rank :      181
     Waiting lbc_lnk time :    0.000000 ( 0.0 %)           on MPI rank :      181
     Waiting  global time :    0.000000 ( 0.0 %)           on MPI rank :      181
     Total           time :  128.543206 (SYPD:     1.826 ) on MPI rank :      181
     Computing       time :    0.000000                    on MPI rank :      182
     Waiting lbc_lnk time :    0.000000 ( 0.0 %)           on MPI rank :      182
     Waiting  global time :    0.000000 ( 0.0 %)           on MPI rank :      182
     Total           time :  128.535432 (SYPD:     1.826 ) on MPI rank :      182
     Computing       time :    0.000000                    on MPI rank :      183
     Waiting lbc_lnk time :    0.000000 ( 0.0 %)           on MPI rank :      183
     Waiting  global time :    0.000000 ( 0.0 %)           on MPI rank :      183
     Total           time :  128.535577 (SYPD:     1.826 ) on MPI rank :      183
     Computing       time :    0.000000                    on MPI rank :      184
     Waiting lbc_lnk time :    0.000000 ( 0.0 %)           on MPI rank :      184
     Waiting  global time :    0.000000 ( 0.0 %)           on MPI rank :      184
     Total           time :  128.538703 (SYPD:     1.826 ) on MPI rank :      184
     Computing       time :    0.000000                    on MPI rank :      185
     Waiting lbc_lnk time :    0.000000 ( 0.0 %)           on MPI rank :      185
     Waiting  global time :    0.000000 ( 0.0 %)           on MPI rank :      185
     Total           time :  128.539429 (SYPD:     1.826 ) on MPI rank :      185
     Computing       time :    0.000000                    on MPI rank :      186
     Waiting lbc_lnk time :    0.000000 ( 0.0 %)           on MPI rank :      186
     Waiting  global time :    0.000000 ( 0.0 %)           on MPI rank :      186
     Total           time :  128.547527 (SYPD:     1.826 ) on MPI rank :      186
     Computing       time :    0.000000                    on MPI rank :      187
     Waiting lbc_lnk time :    0.000000 ( 0.0 %)           on MPI rank :      187
     Waiting  global time :    0.000000 ( 0.0 %)           on MPI rank :      187
     Total           time :  128.538961 (SYPD:     1.826 ) on MPI rank :      187
     Computing       time :    0.000000                    on MPI rank :      188
     Waiting lbc_lnk time :    0.000000 ( 0.0 %)           on MPI rank :      188
     Waiting  global time :    0.000000 ( 0.0 %)           on MPI rank :      188
     Total           time :  128.539440 (SYPD:     1.826 ) on MPI rank :      188
     Computing       time :    0.000000                    on MPI rank :      189
     Waiting lbc_lnk time :    0.000000 ( 0.0 %)           on MPI rank :      189
     Waiting  global time :    0.000000 ( 0.0 %)           on MPI rank :      189
     Total           time :  128.538536 (SYPD:     1.826 ) on MPI rank :      189
     Computing       time :    0.000000                    on MPI rank :      190
     Waiting lbc_lnk time :    0.000000 ( 0.0 %)           on MPI rank :      190
     Waiting  global time :    0.000000 ( 0.0 %)           on MPI rank :      190
     Total           time :  128.539668 (SYPD:     1.826 ) on MPI rank :      190
     Computing       time :    0.000000                    on MPI rank :      191
     Waiting lbc_lnk time :    0.000000 ( 0.0 %)           on MPI rank :      191
     Waiting  global time :    0.000000 ( 0.0 %)           on MPI rank :      191
     Total           time :  128.539717 (SYPD:     1.826 ) on MPI rank :      191
     Computing       time :    0.000000                    on MPI rank :      192
     Waiting lbc_lnk time :    0.000000 ( 0.0 %)           on MPI rank :      192
     Waiting  global time :    0.000000 ( 0.0 %)           on MPI rank :      192
     Total           time :  128.538905 (SYPD:     1.826 ) on MPI rank :      192
     Computing       time :    0.000000                    on MPI rank :      193
     Waiting lbc_lnk time :    0.000000 ( 0.0 %)           on MPI rank :      193
     Waiting  global time :    0.000000 ( 0.0 %)           on MPI rank :      193
     Total           time :  128.539750 (SYPD:     1.826 ) on MPI rank :      193
     Computing       time :    0.000000                    on MPI rank :      194
     Waiting lbc_lnk time :    0.000000 ( 0.0 %)           on MPI rank :      194
     Waiting  global time :    0.000000 ( 0.0 %)           on MPI rank :      194
     Total           time :  128.542011 (SYPD:     1.826 ) on MPI rank :      194
     Computing       time :    0.000000                    on MPI rank :      195
     Waiting lbc_lnk time :    0.000000 ( 0.0 %)           on MPI rank :      195
     Waiting  global time :    0.000000 ( 0.0 %)           on MPI rank :      195
     Total           time :  128.539929 (SYPD:     1.826 ) on MPI rank :      195
     Computing       time :    0.000000                    on MPI rank :      196
     Waiting lbc_lnk time :    0.000000 ( 0.0 %)           on MPI rank :      196
     Waiting  global time :    0.000000 ( 0.0 %)           on MPI rank :      196
     Total           time :  128.539623 (SYPD:     1.826 ) on MPI rank :      196
     Computing       time :    0.000000                    on MPI rank :      197
     Waiting lbc_lnk time :    0.000000 ( 0.0 %)           on MPI rank :      197
     Waiting  global time :    0.000000 ( 0.0 %)           on MPI rank :      197
     Total           time :  128.548213 (SYPD:     1.826 ) on MPI rank :      197
     Computing       time :    0.000000                    on MPI rank :      198
     Waiting lbc_lnk time :    0.000000 ( 0.0 %)           on MPI rank :      198
     Waiting  global time :    0.000000 ( 0.0 %)           on MPI rank :      198
     Total           time :  128.553504 (SYPD:     1.826 ) on MPI rank :      198
     Computing       time :    0.000000                    on MPI rank :      199
     Waiting lbc_lnk time :    0.000000 ( 0.0 %)           on MPI rank :      199
     Waiting  global time :    0.000000 ( 0.0 %)           on MPI rank :      199
     Total           time :  128.554858 (SYPD:     1.826 ) on MPI rank :      199
     Computing       time :    0.000000                    on MPI rank :      200
     Waiting lbc_lnk time :    0.000000 ( 0.0 %)           on MPI rank :      200
     Waiting  global time :    0.000000 ( 0.0 %)           on MPI rank :      200
     Total           time :  128.640092 (SYPD:     1.825 ) on MPI rank :      200
     Computing       time :    0.000000                    on MPI rank :      201
     Waiting lbc_lnk time :    0.000000 ( 0.0 %)           on MPI rank :      201
     Waiting  global time :    0.000000 ( 0.0 %)           on MPI rank :      201
     Total           time :  128.642211 (SYPD:     1.825 ) on MPI rank :      201
     Computing       time :    0.000000                    on MPI rank :      202
     Waiting lbc_lnk time :    0.000000 ( 0.0 %)           on MPI rank :      202
     Waiting  global time :    0.000000 ( 0.0 %)           on MPI rank :      202
     Total           time :  128.642174 (SYPD:     1.825 ) on MPI rank :      202
     Computing       time :    0.000000                    on MPI rank :      203
     Waiting lbc_lnk time :    0.000000 ( 0.0 %)           on MPI rank :      203
     Waiting  global time :    0.000000 ( 0.0 %)           on MPI rank :      203
     Total           time :  128.558973 (SYPD:     1.826 ) on MPI rank :      203
     Computing       time :    0.000000                    on MPI rank :      204
     Waiting lbc_lnk time :    0.000000 ( 0.0 %)           on MPI rank :      204
     Waiting  global time :    0.000000 ( 0.0 %)           on MPI rank :      204
     Total           time :  128.555678 (SYPD:     1.826 ) on MPI rank :      204
     Computing       time :    0.000000                    on MPI rank :      205
     Waiting lbc_lnk time :    0.000000 ( 0.0 %)           on MPI rank :      205
     Waiting  global time :    0.000000 ( 0.0 %)           on MPI rank :      205
     Total           time :  128.553511 (SYPD:     1.826 ) on MPI rank :      205
     Computing       time :    0.000000                    on MPI rank :      206
     Waiting lbc_lnk time :    0.000000 ( 0.0 %)           on MPI rank :      206
     Waiting  global time :    0.000000 ( 0.0 %)           on MPI rank :      206
     Total           time :  128.551658 (SYPD:     1.826 ) on MPI rank :      206
     Computing       time :    0.000000                    on MPI rank :      207
     Waiting lbc_lnk time :    0.000000 ( 0.0 %)           on MPI rank :      207
     Waiting  global time :    0.000000 ( 0.0 %)           on MPI rank :      207
     Total           time :  128.537381 (SYPD:     1.826 ) on MPI rank :      207
     Computing       time :    0.000000                    on MPI rank :      208
     Waiting lbc_lnk time :    0.000000 ( 0.0 %)           on MPI rank :      208
     Waiting  global time :    0.000000 ( 0.0 %)           on MPI rank :      208
     Total           time :  128.534765 (SYPD:     1.826 ) on MPI rank :      208
     Computing       time :    0.000000                    on MPI rank :      209
     Waiting lbc_lnk time :    0.000000 ( 0.0 %)           on MPI rank :      209
     Waiting  global time :    0.000000 ( 0.0 %)           on MPI rank :      209
     Total           time :  128.531195 (SYPD:     1.826 ) on MPI rank :      209
     Computing       time :    0.000000                    on MPI rank :      210
     Waiting lbc_lnk time :    0.000000 ( 0.0 %)           on MPI rank :      210
     Waiting  global time :    0.000000 ( 0.0 %)           on MPI rank :      210
     Total           time :  128.531907 (SYPD:     1.826 ) on MPI rank :      210
     Computing       time :    0.000000                    on MPI rank :      211
     Waiting lbc_lnk time :    0.000000 ( 0.0 %)           on MPI rank :      211
     Waiting  global time :    0.000000 ( 0.0 %)           on MPI rank :      211
     Total           time :  128.526330 (SYPD:     1.826 ) on MPI rank :      211
     Computing       time :    0.000000                    on MPI rank :      212
     Waiting lbc_lnk time :    0.000000 ( 0.0 %)           on MPI rank :      212
     Waiting  global time :    0.000000 ( 0.0 %)           on MPI rank :      212
     Total           time :  128.524643 (SYPD:     1.826 ) on MPI rank :      212
     Computing       time :    0.000000                    on MPI rank :      213
     Waiting lbc_lnk time :    0.000000 ( 0.0 %)           on MPI rank :      213
     Waiting  global time :    0.000000 ( 0.0 %)           on MPI rank :      213
     Total           time :  128.524711 (SYPD:     1.826 ) on MPI rank :      213
     Computing       time :    0.000000                    on MPI rank :      214
     Waiting lbc_lnk time :    0.000000 ( 0.0 %)           on MPI rank :      214
     Waiting  global time :    0.000000 ( 0.0 %)           on MPI rank :      214
     Total           time :  128.524495 (SYPD:     1.826 ) on MPI rank :      214
     Computing       time :    0.000000                    on MPI rank :      215
     Waiting lbc_lnk time :    0.000000 ( 0.0 %)           on MPI rank :      215
     Waiting  global time :    0.000000 ( 0.0 %)           on MPI rank :      215
     Total           time :  128.524403 (SYPD:     1.826 ) on MPI rank :      215
     Computing       time :    0.000000                    on MPI rank :      216
     Waiting lbc_lnk time :    0.000000 ( 0.0 %)           on MPI rank :      216
     Waiting  global time :    0.000000 ( 0.0 %)           on MPI rank :      216
     Total           time :  128.523574 (SYPD:     1.826 ) on MPI rank :      216
     Computing       time :    0.000000                    on MPI rank :      217
     Waiting lbc_lnk time :    0.000000 ( 0.0 %)           on MPI rank :      217
     Waiting  global time :    0.000000 ( 0.0 %)           on MPI rank :      217
     Total           time :  128.524690 (SYPD:     1.826 ) on MPI rank :      217
     Computing       time :    0.000000                    on MPI rank :      218
     Waiting lbc_lnk time :    0.000000 ( 0.0 %)           on MPI rank :      218
     Waiting  global time :    0.000000 ( 0.0 %)           on MPI rank :      218
     Total           time :  128.522025 (SYPD:     1.826 ) on MPI rank :      218
     Computing       time :    0.000000                    on MPI rank :      219
     Waiting lbc_lnk time :    0.000000 ( 0.0 %)           on MPI rank :      219
     Waiting  global time :    0.000000 ( 0.0 %)           on MPI rank :      219
     Total           time :  128.522325 (SYPD:     1.826 ) on MPI rank :      219
     Computing       time :    0.000000                    on MPI rank :      220
     Waiting lbc_lnk time :    0.000000 ( 0.0 %)           on MPI rank :      220
     Waiting  global time :    0.000000 ( 0.0 %)           on MPI rank :      220
     Total           time :  128.523066 (SYPD:     1.826 ) on MPI rank :      220
     Computing       time :    0.000000                    on MPI rank :      221
     Waiting lbc_lnk time :    0.000000 ( 0.0 %)           on MPI rank :      221
     Waiting  global time :    0.000000 ( 0.0 %)           on MPI rank :      221
     Total           time :  128.530375 (SYPD:     1.826 ) on MPI rank :      221
     Computing       time :    0.000000                    on MPI rank :      222
     Waiting lbc_lnk time :    0.000000 ( 0.0 %)           on MPI rank :      222
     Waiting  global time :    0.000000 ( 0.0 %)           on MPI rank :      222
     Total           time :  128.530166 (SYPD:     1.826 ) on MPI rank :      222
     Computing       time :    0.000000                    on MPI rank :      223
     Waiting lbc_lnk time :    0.000000 ( 0.0 %)           on MPI rank :      223
     Waiting  global time :    0.000000 ( 0.0 %)           on MPI rank :      223
     Total           time :  128.530499 (SYPD:     1.826 ) on MPI rank :      223
     Computing       time :    0.000000                    on MPI rank :      224
     Waiting lbc_lnk time :    0.000000 ( 0.0 %)           on MPI rank :      224
     Waiting  global time :    0.000000 ( 0.0 %)           on MPI rank :      224
     Total           time :  128.530234 (SYPD:     1.826 ) on MPI rank :      224
     Computing       time :    0.000000                    on MPI rank :      225
     Waiting lbc_lnk time :    0.000000 ( 0.0 %)           on MPI rank :      225
     Waiting  global time :    0.000000 ( 0.0 %)           on MPI rank :      225
     Total           time :  128.529589 (SYPD:     1.826 ) on MPI rank :      225
     Computing       time :    0.000000                    on MPI rank :      226
     Waiting lbc_lnk time :    0.000000 ( 0.0 %)           on MPI rank :      226
     Waiting  global time :    0.000000 ( 0.0 %)           on MPI rank :      226
     Total           time :  128.529293 (SYPD:     1.826 ) on MPI rank :      226
     Computing       time :    0.000000                    on MPI rank :      227
     Waiting lbc_lnk time :    0.000000 ( 0.0 %)           on MPI rank :      227
     Waiting  global time :    0.000000 ( 0.0 %)           on MPI rank :      227
     Total           time :  128.529423 (SYPD:     1.826 ) on MPI rank :      227
     Computing       time :    0.000000                    on MPI rank :      228
     Waiting lbc_lnk time :    0.000000 ( 0.0 %)           on MPI rank :      228
     Waiting  global time :    0.000000 ( 0.0 %)           on MPI rank :      228
     Total           time :  128.529696 (SYPD:     1.826 ) on MPI rank :      228
     Computing       time :    0.000000                    on MPI rank :      229
     Waiting lbc_lnk time :    0.000000 ( 0.0 %)           on MPI rank :      229
     Waiting  global time :    0.000000 ( 0.0 %)           on MPI rank :      229
     Total           time :  128.528664 (SYPD:     1.826 ) on MPI rank :      229
     Computing       time :    0.000000                    on MPI rank :      230
     Waiting lbc_lnk time :    0.000000 ( 0.0 %)           on MPI rank :      230
     Waiting  global time :    0.000000 ( 0.0 %)           on MPI rank :      230
     Total           time :  128.535880 (SYPD:     1.826 ) on MPI rank :      230
     Computing       time :    0.000000                    on MPI rank :      231
     Waiting lbc_lnk time :    0.000000 ( 0.0 %)           on MPI rank :      231
     Waiting  global time :    0.000000 ( 0.0 %)           on MPI rank :      231
     Total           time :  128.535711 (SYPD:     1.826 ) on MPI rank :      231
     Computing       time :    0.000000                    on MPI rank :      232
     Waiting lbc_lnk time :    0.000000 ( 0.0 %)           on MPI rank :      232
     Waiting  global time :    0.000000 ( 0.0 %)           on MPI rank :      232
     Total           time :  128.538026 (SYPD:     1.826 ) on MPI rank :      232
     Computing       time :    0.000000                    on MPI rank :      233
     Waiting lbc_lnk time :    0.000000 ( 0.0 %)           on MPI rank :      233
     Waiting  global time :    0.000000 ( 0.0 %)           on MPI rank :      233
     Total           time :  128.538275 (SYPD:     1.826 ) on MPI rank :      233
     Computing       time :    0.000000                    on MPI rank :      234
     Waiting lbc_lnk time :    0.000000 ( 0.0 %)           on MPI rank :      234
     Waiting  global time :    0.000000 ( 0.0 %)           on MPI rank :      234
     Total           time :  128.538304 (SYPD:     1.826 ) on MPI rank :      234
     Computing       time :    0.000000                    on MPI rank :      235
     Waiting lbc_lnk time :    0.000000 ( 0.0 %)           on MPI rank :      235
     Waiting  global time :    0.000000 ( 0.0 %)           on MPI rank :      235
     Total           time :  128.538850 (SYPD:     1.826 ) on MPI rank :      235
     Computing       time :    0.000000                    on MPI rank :      236
     Waiting lbc_lnk time :    0.000000 ( 0.0 %)           on MPI rank :      236
     Waiting  global time :    0.000000 ( 0.0 %)           on MPI rank :      236
     Total           time :  128.539112 (SYPD:     1.826 ) on MPI rank :      236
     Computing       time :    0.000000                    on MPI rank :      237
     Waiting lbc_lnk time :    0.000000 ( 0.0 %)           on MPI rank :      237
     Waiting  global time :    0.000000 ( 0.0 %)           on MPI rank :      237
     Total           time :  128.538747 (SYPD:     1.826 ) on MPI rank :      237
     Computing       time :    0.000000                    on MPI rank :      238
     Waiting lbc_lnk time :    0.000000 ( 0.0 %)           on MPI rank :      238
     Waiting  global time :    0.000000 ( 0.0 %)           on MPI rank :      238
     Total           time :  128.539645 (SYPD:     1.826 ) on MPI rank :      238
     Computing       time :    0.000000                    on MPI rank :      239
     Waiting lbc_lnk time :    0.000000 ( 0.0 %)           on MPI rank :      239
     Waiting  global time :    0.000000 ( 0.0 %)           on MPI rank :      239
     Total           time :  128.541889 (SYPD:     1.826 ) on MPI rank :      239
     Computing       time :    0.000000                    on MPI rank :      240
     Waiting lbc_lnk time :    0.000000 ( 0.0 %)           on MPI rank :      240
     Waiting  global time :    0.000000 ( 0.0 %)           on MPI rank :      240
     Total           time :  128.542099 (SYPD:     1.826 ) on MPI rank :      240
     Computing       time :    0.000000                    on MPI rank :      241
     Waiting lbc_lnk time :    0.000000 ( 0.0 %)           on MPI rank :      241
     Waiting  global time :    0.000000 ( 0.0 %)           on MPI rank :      241
     Total           time :  128.543629 (SYPD:     1.826 ) on MPI rank :      241
     Computing       time :    0.000000                    on MPI rank :      242
     Waiting lbc_lnk time :    0.000000 ( 0.0 %)           on MPI rank :      242
     Waiting  global time :    0.000000 ( 0.0 %)           on MPI rank :      242
     Total           time :  128.542379 (SYPD:     1.826 ) on MPI rank :      242
     Computing       time :    0.000000                    on MPI rank :      243
     Waiting lbc_lnk time :    0.000000 ( 0.0 %)           on MPI rank :      243
     Waiting  global time :    0.000000 ( 0.0 %)           on MPI rank :      243
     Total           time :  128.544201 (SYPD:     1.826 ) on MPI rank :      243
     Computing       time :    0.000000                    on MPI rank :      244
     Waiting lbc_lnk time :    0.000000 ( 0.0 %)           on MPI rank :      244
     Waiting  global time :    0.000000 ( 0.0 %)           on MPI rank :      244
     Total           time :  128.545806 (SYPD:     1.826 ) on MPI rank :      244
     Computing       time :    0.000000                    on MPI rank :      245
     Waiting lbc_lnk time :    0.000000 ( 0.0 %)           on MPI rank :      245
     Waiting  global time :    0.000000 ( 0.0 %)           on MPI rank :      245
     Total           time :  128.547832 (SYPD:     1.826 ) on MPI rank :      245
     Computing       time :    0.000000                    on MPI rank :      246
     Waiting lbc_lnk time :    0.000000 ( 0.0 %)           on MPI rank :      246
     Waiting  global time :    0.000000 ( 0.0 %)           on MPI rank :      246
     Total           time :  128.547211 (SYPD:     1.826 ) on MPI rank :      246
     Computing       time :    0.000000                    on MPI rank :      247
     Waiting lbc_lnk time :    0.000000 ( 0.0 %)           on MPI rank :      247
     Waiting  global time :    0.000000 ( 0.0 %)           on MPI rank :      247
     Total           time :  128.546993 (SYPD:     1.826 ) on MPI rank :      247
     Computing       time :    0.000000                    on MPI rank :      248
     Waiting lbc_lnk time :    0.000000 ( 0.0 %)           on MPI rank :      248
     Waiting  global time :    0.000000 ( 0.0 %)           on MPI rank :      248
     Total           time :  128.547730 (SYPD:     1.826 ) on MPI rank :      248
     Computing       time :    0.000000                    on MPI rank :      249
     Waiting lbc_lnk time :    0.000000 ( 0.0 %)           on MPI rank :      249
     Waiting  global time :    0.000000 ( 0.0 %)           on MPI rank :      249
     Total           time :  128.547339 (SYPD:     1.826 ) on MPI rank :      249
     Computing       time :    0.000000                    on MPI rank :      250
     Waiting lbc_lnk time :    0.000000 ( 0.0 %)           on MPI rank :      250
     Waiting  global time :    0.000000 ( 0.0 %)           on MPI rank :      250
     Total           time :  128.546924 (SYPD:     1.826 ) on MPI rank :      250
     Computing       time :    0.000000                    on MPI rank :      251
     Waiting lbc_lnk time :    0.000000 ( 0.0 %)           on MPI rank :      251
     Waiting  global time :    0.000000 ( 0.0 %)           on MPI rank :      251
     Total           time :  128.548762 (SYPD:     1.826 ) on MPI rank :      251
     Computing       time :    0.000000                    on MPI rank :      252
     Waiting lbc_lnk time :    0.000000 ( 0.0 %)           on MPI rank :      252
     Waiting  global time :    0.000000 ( 0.0 %)           on MPI rank :      252
     Total           time :  128.547572 (SYPD:     1.826 ) on MPI rank :      252
     Computing       time :    0.000000                    on MPI rank :      253
     Waiting lbc_lnk time :    0.000000 ( 0.0 %)           on MPI rank :      253
     Waiting  global time :    0.000000 ( 0.0 %)           on MPI rank :      253
     Total           time :  128.549546 (SYPD:     1.826 ) on MPI rank :      253
     Computing       time :    0.000000                    on MPI rank :      254
     Waiting lbc_lnk time :    0.000000 ( 0.0 %)           on MPI rank :      254
     Waiting  global time :    0.000000 ( 0.0 %)           on MPI rank :      254
     Total           time :  128.550210 (SYPD:     1.826 ) on MPI rank :      254
     Computing       time :    0.000000                    on MPI rank :      255
     Waiting lbc_lnk time :    0.000000 ( 0.0 %)           on MPI rank :      255
     Waiting  global time :    0.000000 ( 0.0 %)           on MPI rank :      255
     Total           time :  128.550023 (SYPD:     1.826 ) on MPI rank :      255
     Computing       time :    0.000000                    on MPI rank :      256
     Waiting lbc_lnk time :    0.000000 ( 0.0 %)           on MPI rank :      256
     Waiting  global time :    0.000000 ( 0.0 %)           on MPI rank :      256
     Total           time :  128.551073 (SYPD:     1.826 ) on MPI rank :      256
     Computing       time :    0.000000                    on MPI rank :      257
     Waiting lbc_lnk time :    0.000000 ( 0.0 %)           on MPI rank :      257
     Waiting  global time :    0.000000 ( 0.0 %)           on MPI rank :      257
     Total           time :  128.554185 (SYPD:     1.826 ) on MPI rank :      257
     Computing       time :    0.000000                    on MPI rank :      258
     Waiting lbc_lnk time :    0.000000 ( 0.0 %)           on MPI rank :      258
     Waiting  global time :    0.000000 ( 0.0 %)           on MPI rank :      258
     Total           time :  128.556841 (SYPD:     1.826 ) on MPI rank :      258
     Computing       time :    0.000000                    on MPI rank :      259
     Waiting lbc_lnk time :    0.000000 ( 0.0 %)           on MPI rank :      259
     Waiting  global time :    0.000000 ( 0.0 %)           on MPI rank :      259
     Total           time :  128.559826 (SYPD:     1.826 ) on MPI rank :      259
     Computing       time :    0.000000                    on MPI rank :      260
     Waiting lbc_lnk time :    0.000000 ( 0.0 %)           on MPI rank :      260
     Waiting  global time :    0.000000 ( 0.0 %)           on MPI rank :      260
     Total           time :  128.601843 (SYPD:     1.825 ) on MPI rank :      260
     Computing       time :    0.000000                    on MPI rank :      261
     Waiting lbc_lnk time :    0.000000 ( 0.0 %)           on MPI rank :      261
     Waiting  global time :    0.000000 ( 0.0 %)           on MPI rank :      261
     Total           time :  128.602721 (SYPD:     1.825 ) on MPI rank :      261
     Computing       time :    0.000000                    on MPI rank :      262
     Waiting lbc_lnk time :    0.000000 ( 0.0 %)           on MPI rank :      262
     Waiting  global time :    0.000000 ( 0.0 %)           on MPI rank :      262
     Total           time :  128.601647 (SYPD:     1.825 ) on MPI rank :      262
     Computing       time :    0.000000                    on MPI rank :      263
     Waiting lbc_lnk time :    0.000000 ( 0.0 %)           on MPI rank :      263
     Waiting  global time :    0.000000 ( 0.0 %)           on MPI rank :      263
     Total           time :  128.562658 (SYPD:     1.826 ) on MPI rank :      263
     Computing       time :    0.000000                    on MPI rank :      264
     Waiting lbc_lnk time :    0.000000 ( 0.0 %)           on MPI rank :      264
     Waiting  global time :    0.000000 ( 0.0 %)           on MPI rank :      264
     Total           time :  128.561795 (SYPD:     1.826 ) on MPI rank :      264
     Computing       time :    0.000000                    on MPI rank :      265
     Waiting lbc_lnk time :    0.000000 ( 0.0 %)           on MPI rank :      265
     Waiting  global time :    0.000000 ( 0.0 %)           on MPI rank :      265
     Total           time :  128.559126 (SYPD:     1.826 ) on MPI rank :      265
     Computing       time :    0.000000                    on MPI rank :      266
     Waiting lbc_lnk time :    0.000000 ( 0.0 %)           on MPI rank :      266
     Waiting  global time :    0.000000 ( 0.0 %)           on MPI rank :      266
     Total           time :  128.554984 (SYPD:     1.826 ) on MPI rank :      266
     Computing       time :    0.000000                    on MPI rank :      267
     Waiting lbc_lnk time :    0.000000 ( 0.0 %)           on MPI rank :      267
     Waiting  global time :    0.000000 ( 0.0 %)           on MPI rank :      267
     Total           time :  128.541367 (SYPD:     1.826 ) on MPI rank :      267
     Computing       time :    0.000000                    on MPI rank :      268
     Waiting lbc_lnk time :    0.000000 ( 0.0 %)           on MPI rank :      268
     Waiting  global time :    0.000000 ( 0.0 %)           on MPI rank :      268
     Total           time :  128.539507 (SYPD:     1.826 ) on MPI rank :      268
     Computing       time :    0.000000                    on MPI rank :      269
     Waiting lbc_lnk time :    0.000000 ( 0.0 %)           on MPI rank :      269
     Waiting  global time :    0.000000 ( 0.0 %)           on MPI rank :      269
     Total           time :  128.537505 (SYPD:     1.826 ) on MPI rank :      269
     Computing       time :    0.000000                    on MPI rank :      270
     Waiting lbc_lnk time :    0.000000 ( 0.0 %)           on MPI rank :      270
     Waiting  global time :    0.000000 ( 0.0 %)           on MPI rank :      270
     Total           time :  128.536677 (SYPD:     1.826 ) on MPI rank :      270
     Computing       time :    0.000000                    on MPI rank :      271
     Waiting lbc_lnk time :    0.000000 ( 0.0 %)           on MPI rank :      271
     Waiting  global time :    0.000000 ( 0.0 %)           on MPI rank :      271
     Total           time :  128.535018 (SYPD:     1.826 ) on MPI rank :      271
     Computing       time :    0.000000                    on MPI rank :      272
     Waiting lbc_lnk time :    0.000000 ( 0.0 %)           on MPI rank :      272
     Waiting  global time :    0.000000 ( 0.0 %)           on MPI rank :      272
     Total           time :  128.533643 (SYPD:     1.826 ) on MPI rank :      272
     Computing       time :    0.000000                    on MPI rank :      273
     Waiting lbc_lnk time :    0.000000 ( 0.0 %)           on MPI rank :      273
     Waiting  global time :    0.000000 ( 0.0 %)           on MPI rank :      273
     Total           time :  128.533077 (SYPD:     1.826 ) on MPI rank :      273
     Computing       time :    0.000000                    on MPI rank :      274
     Waiting lbc_lnk time :    0.000000 ( 0.0 %)           on MPI rank :      274
     Waiting  global time :    0.000000 ( 0.0 %)           on MPI rank :      274
     Total           time :  128.532286 (SYPD:     1.826 ) on MPI rank :      274
     Computing       time :    0.000000                    on MPI rank :      275
     Waiting lbc_lnk time :    0.000000 ( 0.0 %)           on MPI rank :      275
     Waiting  global time :    0.000000 ( 0.0 %)           on MPI rank :      275
     Total           time :  128.531976 (SYPD:     1.826 ) on MPI rank :      275
     Computing       time :    0.000000                    on MPI rank :      276
     Waiting lbc_lnk time :    0.000000 ( 0.0 %)           on MPI rank :      276
     Waiting  global time :    0.000000 ( 0.0 %)           on MPI rank :      276
     Total           time :  128.531267 (SYPD:     1.826 ) on MPI rank :      276
     Computing       time :    0.000000                    on MPI rank :      277
     Waiting lbc_lnk time :    0.000000 ( 0.0 %)           on MPI rank :      277
     Waiting  global time :    0.000000 ( 0.0 %)           on MPI rank :      277
     Total           time :  128.531609 (SYPD:     1.826 ) on MPI rank :      277
     Computing       time :    0.000000                    on MPI rank :      278
     Waiting lbc_lnk time :    0.000000 ( 0.0 %)           on MPI rank :      278
     Waiting  global time :    0.000000 ( 0.0 %)           on MPI rank :      278
     Total           time :  128.531596 (SYPD:     1.826 ) on MPI rank :      278
     Computing       time :    0.000000                    on MPI rank :      279
     Waiting lbc_lnk time :    0.000000 ( 0.0 %)           on MPI rank :      279
     Waiting  global time :    0.000000 ( 0.0 %)           on MPI rank :      279
     Total           time :  128.527719 (SYPD:     1.826 ) on MPI rank :      279
     Computing       time :    0.000000                    on MPI rank :      280
     Waiting lbc_lnk time :    0.000000 ( 0.0 %)           on MPI rank :      280
     Waiting  global time :    0.000000 ( 0.0 %)           on MPI rank :      280
     Total           time :  128.531305 (SYPD:     1.826 ) on MPI rank :      280
     Computing       time :    0.000000                    on MPI rank :      281
     Waiting lbc_lnk time :    0.000000 ( 0.0 %)           on MPI rank :      281
     Waiting  global time :    0.000000 ( 0.0 %)           on MPI rank :      281
     Total           time :  128.518186 (SYPD:     1.827 ) on MPI rank :      281
     Computing       time :    0.000000                    on MPI rank :      282
     Waiting lbc_lnk time :    0.000000 ( 0.0 %)           on MPI rank :      282
     Waiting  global time :    0.000000 ( 0.0 %)           on MPI rank :      282
     Total           time :  128.518516 (SYPD:     1.827 ) on MPI rank :      282
     Computing       time :    0.000000                    on MPI rank :      283
     Waiting lbc_lnk time :    0.000000 ( 0.0 %)           on MPI rank :      283
     Waiting  global time :    0.000000 ( 0.0 %)           on MPI rank :      283
     Total           time :  128.518266 (SYPD:     1.827 ) on MPI rank :      283
     Computing       time :    0.000000                    on MPI rank :      284
     Waiting lbc_lnk time :    0.000000 ( 0.0 %)           on MPI rank :      284
     Waiting  global time :    0.000000 ( 0.0 %)           on MPI rank :      284
     Total           time :  128.518437 (SYPD:     1.827 ) on MPI rank :      284
     Computing       time :    0.000000                    on MPI rank :      285
     Waiting lbc_lnk time :    0.000000 ( 0.0 %)           on MPI rank :      285
     Waiting  global time :    0.000000 ( 0.0 %)           on MPI rank :      285
     Total           time :  128.518276 (SYPD:     1.827 ) on MPI rank :      285
     Computing       time :    0.000000                    on MPI rank :      286
     Waiting lbc_lnk time :    0.000000 ( 0.0 %)           on MPI rank :      286
     Waiting  global time :    0.000000 ( 0.0 %)           on MPI rank :      286
     Total           time :  128.517972 (SYPD:     1.827 ) on MPI rank :      286
     Computing       time :    0.000000                    on MPI rank :      287
     Waiting lbc_lnk time :    0.000000 ( 0.0 %)           on MPI rank :      287
     Waiting  global time :    0.000000 ( 0.0 %)           on MPI rank :      287
     Total           time :  128.518382 (SYPD:     1.827 ) on MPI rank :      287
     Computing       time :    0.000000                    on MPI rank :      288
     Waiting lbc_lnk time :    0.000000 ( 0.0 %)           on MPI rank :      288
     Waiting  global time :    0.000000 ( 0.0 %)           on MPI rank :      288
     Total           time :  128.515509 (SYPD:     1.827 ) on MPI rank :      288
     Computing       time :    0.000000                    on MPI rank :      289
     Waiting lbc_lnk time :    0.000000 ( 0.0 %)           on MPI rank :      289
     Waiting  global time :    0.000000 ( 0.0 %)           on MPI rank :      289
     Total           time :  128.515054 (SYPD:     1.827 ) on MPI rank :      289
     Computing       time :    0.000000                    on MPI rank :      290
     Waiting lbc_lnk time :    0.000000 ( 0.0 %)           on MPI rank :      290
     Waiting  global time :    0.000000 ( 0.0 %)           on MPI rank :      290
     Total           time :  128.523402 (SYPD:     1.826 ) on MPI rank :      290
     Computing       time :    0.000000                    on MPI rank :      291
     Waiting lbc_lnk time :    0.000000 ( 0.0 %)           on MPI rank :      291
     Waiting  global time :    0.000000 ( 0.0 %)           on MPI rank :      291
     Total           time :  128.521283 (SYPD:     1.826 ) on MPI rank :      291
     Computing       time :    0.000000                    on MPI rank :      292
     Waiting lbc_lnk time :    0.000000 ( 0.0 %)           on MPI rank :      292
     Waiting  global time :    0.000000 ( 0.0 %)           on MPI rank :      292
     Total           time :  128.523019 (SYPD:     1.826 ) on MPI rank :      292
     Computing       time :    0.000000                    on MPI rank :      293
     Waiting lbc_lnk time :    0.000000 ( 0.0 %)           on MPI rank :      293
     Waiting  global time :    0.000000 ( 0.0 %)           on MPI rank :      293
     Total           time :  128.521802 (SYPD:     1.826 ) on MPI rank :      293
     Computing       time :    0.000000                    on MPI rank :      294
     Waiting lbc_lnk time :    0.000000 ( 0.0 %)           on MPI rank :      294
     Waiting  global time :    0.000000 ( 0.0 %)           on MPI rank :      294
     Total           time :  128.522953 (SYPD:     1.826 ) on MPI rank :      294
     Computing       time :    0.000000                    on MPI rank :      295
     Waiting lbc_lnk time :    0.000000 ( 0.0 %)           on MPI rank :      295
     Waiting  global time :    0.000000 ( 0.0 %)           on MPI rank :      295
     Total           time :  128.532133 (SYPD:     1.826 ) on MPI rank :      295
     Computing       time :    0.000000                    on MPI rank :      296
     Waiting lbc_lnk time :    0.000000 ( 0.0 %)           on MPI rank :      296
     Waiting  global time :    0.000000 ( 0.0 %)           on MPI rank :      296
     Total           time :  128.531913 (SYPD:     1.826 ) on MPI rank :      296
     Computing       time :    0.000000                    on MPI rank :      297
     Waiting lbc_lnk time :    0.000000 ( 0.0 %)           on MPI rank :      297
     Waiting  global time :    0.000000 ( 0.0 %)           on MPI rank :      297
     Total           time :  128.532951 (SYPD:     1.826 ) on MPI rank :      297
     Computing       time :    0.000000                    on MPI rank :      298
     Waiting lbc_lnk time :    0.000000 ( 0.0 %)           on MPI rank :      298
     Waiting  global time :    0.000000 ( 0.0 %)           on MPI rank :      298
     Total           time :  128.533839 (SYPD:     1.826 ) on MPI rank :      298
     Computing       time :    0.000000                    on MPI rank :      299
     Waiting lbc_lnk time :    0.000000 ( 0.0 %)           on MPI rank :      299
     Waiting  global time :    0.000000 ( 0.0 %)           on MPI rank :      299
     Total           time :  128.532366 (SYPD:     1.826 ) on MPI rank :      299
     Computing       time :    0.000000                    on MPI rank :      300
     Waiting lbc_lnk time :    0.000000 ( 0.0 %)           on MPI rank :      300
     Waiting  global time :    0.000000 ( 0.0 %)           on MPI rank :      300
     Total           time :  128.533197 (SYPD:     1.826 ) on MPI rank :      300
     Computing       time :    0.000000                    on MPI rank :      301
     Waiting lbc_lnk time :    0.000000 ( 0.0 %)           on MPI rank :      301
     Waiting  global time :    0.000000 ( 0.0 %)           on MPI rank :      301
     Total           time :  128.533922 (SYPD:     1.826 ) on MPI rank :      301
     Computing       time :    0.000000                    on MPI rank :      302
     Waiting lbc_lnk time :    0.000000 ( 0.0 %)           on MPI rank :      302
     Waiting  global time :    0.000000 ( 0.0 %)           on MPI rank :      302
     Total           time :  128.540965 (SYPD:     1.826 ) on MPI rank :      302
     Computing       time :    0.000000                    on MPI rank :      303
     Waiting lbc_lnk time :    0.000000 ( 0.0 %)           on MPI rank :      303
     Waiting  global time :    0.000000 ( 0.0 %)           on MPI rank :      303
     Total           time :  128.537332 (SYPD:     1.826 ) on MPI rank :      303
     Computing       time :    0.000000                    on MPI rank :      304
     Waiting lbc_lnk time :    0.000000 ( 0.0 %)           on MPI rank :      304
     Waiting  global time :    0.000000 ( 0.0 %)           on MPI rank :      304
     Total           time :  128.539643 (SYPD:     1.826 ) on MPI rank :      304
     Computing       time :    0.000000                    on MPI rank :      305
     Waiting lbc_lnk time :    0.000000 ( 0.0 %)           on MPI rank :      305
     Waiting  global time :    0.000000 ( 0.0 %)           on MPI rank :      305
     Total           time :  128.541428 (SYPD:     1.826 ) on MPI rank :      305
     Computing       time :    0.000000                    on MPI rank :      306
     Waiting lbc_lnk time :    0.000000 ( 0.0 %)           on MPI rank :      306
     Waiting  global time :    0.000000 ( 0.0 %)           on MPI rank :      306
     Total           time :  128.540587 (SYPD:     1.826 ) on MPI rank :      306
     Computing       time :    0.000000                    on MPI rank :      307
     Waiting lbc_lnk time :    0.000000 ( 0.0 %)           on MPI rank :      307
     Waiting  global time :    0.000000 ( 0.0 %)           on MPI rank :      307
     Total           time :  128.541693 (SYPD:     1.826 ) on MPI rank :      307
     Computing       time :    0.000000                    on MPI rank :      308
     Waiting lbc_lnk time :    0.000000 ( 0.0 %)           on MPI rank :      308
     Waiting  global time :    0.000000 ( 0.0 %)           on MPI rank :      308
     Total           time :  128.541119 (SYPD:     1.826 ) on MPI rank :      308
     Computing       time :    0.000000                    on MPI rank :      309
     Waiting lbc_lnk time :    0.000000 ( 0.0 %)           on MPI rank :      309
     Waiting  global time :    0.000000 ( 0.0 %)           on MPI rank :      309
     Total           time :  128.540440 (SYPD:     1.826 ) on MPI rank :      309
     Computing       time :    0.000000                    on MPI rank :      310
     Waiting lbc_lnk time :    0.000000 ( 0.0 %)           on MPI rank :      310
     Waiting  global time :    0.000000 ( 0.0 %)           on MPI rank :      310
     Total           time :  128.541478 (SYPD:     1.826 ) on MPI rank :      310
     Computing       time :    0.000000                    on MPI rank :      311
     Waiting lbc_lnk time :    0.000000 ( 0.0 %)           on MPI rank :      311
     Waiting  global time :    0.000000 ( 0.0 %)           on MPI rank :      311
     Total           time :  128.542380 (SYPD:     1.826 ) on MPI rank :      311
     Computing       time :    0.000000                    on MPI rank :      312
     Waiting lbc_lnk time :    0.000000 ( 0.0 %)           on MPI rank :      312
     Waiting  global time :    0.000000 ( 0.0 %)           on MPI rank :      312
     Total           time :  128.542113 (SYPD:     1.826 ) on MPI rank :      312
     Computing       time :    0.000000                    on MPI rank :      313
     Waiting lbc_lnk time :    0.000000 ( 0.0 %)           on MPI rank :      313
     Waiting  global time :    0.000000 ( 0.0 %)           on MPI rank :      313
     Total           time :  128.542019 (SYPD:     1.826 ) on MPI rank :      313
     Computing       time :    0.000000                    on MPI rank :      314
     Waiting lbc_lnk time :    0.000000 ( 0.0 %)           on MPI rank :      314
     Waiting  global time :    0.000000 ( 0.0 %)           on MPI rank :      314
     Total           time :  128.541740 (SYPD:     1.826 ) on MPI rank :      314
     Computing       time :    0.000000                    on MPI rank :      315
     Waiting lbc_lnk time :    0.000000 ( 0.0 %)           on MPI rank :      315
     Waiting  global time :    0.000000 ( 0.0 %)           on MPI rank :      315
     Total           time :  128.542181 (SYPD:     1.826 ) on MPI rank :      315
     Computing       time :    0.000000                    on MPI rank :      316
     Waiting lbc_lnk time :    0.000000 ( 0.0 %)           on MPI rank :      316
     Waiting  global time :    0.000000 ( 0.0 %)           on MPI rank :      316
     Total           time :  128.544610 (SYPD:     1.826 ) on MPI rank :      316
     Computing       time :    0.000000                    on MPI rank :      317
     Waiting lbc_lnk time :    0.000000 ( 0.0 %)           on MPI rank :      317
     Waiting  global time :    0.000000 ( 0.0 %)           on MPI rank :      317
     Total           time :  128.545127 (SYPD:     1.826 ) on MPI rank :      317
     Computing       time :    0.000000                    on MPI rank :      318
     Waiting lbc_lnk time :    0.000000 ( 0.0 %)           on MPI rank :      318
     Waiting  global time :    0.000000 ( 0.0 %)           on MPI rank :      318
     Total           time :  128.551601 (SYPD:     1.826 ) on MPI rank :      318
     Computing       time :    0.000000                    on MPI rank :      319
     Waiting lbc_lnk time :    0.000000 ( 0.0 %)           on MPI rank :      319
     Waiting  global time :    0.000000 ( 0.0 %)           on MPI rank :      319
     Total           time :  128.555307 (SYPD:     1.826 ) on MPI rank :      319
     Computing       time :    0.000000                    on MPI rank :      320
     Waiting lbc_lnk time :    0.000000 ( 0.0 %)           on MPI rank :      320
     Waiting  global time :    0.000000 ( 0.0 %)           on MPI rank :      320
     Total           time :  128.555192 (SYPD:     1.826 ) on MPI rank :      320
     Computing       time :    0.000000                    on MPI rank :      321
     Waiting lbc_lnk time :    0.000000 ( 0.0 %)           on MPI rank :      321
     Waiting  global time :    0.000000 ( 0.0 %)           on MPI rank :      321
     Total           time :  128.599125 (SYPD:     1.825 ) on MPI rank :      321
     Computing       time :    0.000000                    on MPI rank :      322
     Waiting lbc_lnk time :    0.000000 ( 0.0 %)           on MPI rank :      322
     Waiting  global time :    0.000000 ( 0.0 %)           on MPI rank :      322
     Total           time :  128.598486 (SYPD:     1.825 ) on MPI rank :      322
     Computing       time :    0.000000                    on MPI rank :      323
     Waiting lbc_lnk time :    0.000000 ( 0.0 %)           on MPI rank :      323
     Waiting  global time :    0.000000 ( 0.0 %)           on MPI rank :      323
     Total           time :  128.557111 (SYPD:     1.826 ) on MPI rank :      323
     Computing       time :    0.000000                    on MPI rank :      324
     Waiting lbc_lnk time :    0.000000 ( 0.0 %)           on MPI rank :      324
     Waiting  global time :    0.000000 ( 0.0 %)           on MPI rank :      324
     Total           time :  128.555994 (SYPD:     1.826 ) on MPI rank :      324
     Computing       time :    0.000000                    on MPI rank :      325
     Waiting lbc_lnk time :    0.000000 ( 0.0 %)           on MPI rank :      325
     Waiting  global time :    0.000000 ( 0.0 %)           on MPI rank :      325
     Total           time :  128.553292 (SYPD:     1.826 ) on MPI rank :      325
     Computing       time :    0.000000                    on MPI rank :      326
     Waiting lbc_lnk time :    0.000000 ( 0.0 %)           on MPI rank :      326
     Waiting  global time :    0.000000 ( 0.0 %)           on MPI rank :      326
     Total           time :  128.551093 (SYPD:     1.826 ) on MPI rank :      326
     Computing       time :    0.000000                    on MPI rank :      327
     Waiting lbc_lnk time :    0.000000 ( 0.0 %)           on MPI rank :      327
     Waiting  global time :    0.000000 ( 0.0 %)           on MPI rank :      327
     Total           time :  128.537899 (SYPD:     1.826 ) on MPI rank :      327
     Computing       time :    0.000000                    on MPI rank :      328
     Waiting lbc_lnk time :    0.000000 ( 0.0 %)           on MPI rank :      328
     Waiting  global time :    0.000000 ( 0.0 %)           on MPI rank :      328
     Total           time :  128.536087 (SYPD:     1.826 ) on MPI rank :      328
     Computing       time :    0.000000                    on MPI rank :      329
     Waiting lbc_lnk time :    0.000000 ( 0.0 %)           on MPI rank :      329
     Waiting  global time :    0.000000 ( 0.0 %)           on MPI rank :      329
     Total           time :  128.532272 (SYPD:     1.826 ) on MPI rank :      329
     Computing       time :    0.000000                    on MPI rank :      330
     Waiting lbc_lnk time :    0.000000 ( 0.0 %)           on MPI rank :      330
     Waiting  global time :    0.000000 ( 0.0 %)           on MPI rank :      330
     Total           time :  128.533359 (SYPD:     1.826 ) on MPI rank :      330
     Computing       time :    0.000000                    on MPI rank :      331
     Waiting lbc_lnk time :    0.000000 ( 0.0 %)           on MPI rank :      331
     Waiting  global time :    0.000000 ( 0.0 %)           on MPI rank :      331
     Total           time :  128.528505 (SYPD:     1.826 ) on MPI rank :      331
     Computing       time :    0.000000                    on MPI rank :      332
     Waiting lbc_lnk time :    0.000000 ( 0.0 %)           on MPI rank :      332
     Waiting  global time :    0.000000 ( 0.0 %)           on MPI rank :      332
     Total           time :  128.527127 (SYPD:     1.826 ) on MPI rank :      332
     Computing       time :    0.000000                    on MPI rank :      333
     Waiting lbc_lnk time :    0.000000 ( 0.0 %)           on MPI rank :      333
     Waiting  global time :    0.000000 ( 0.0 %)           on MPI rank :      333
     Total           time :  128.526745 (SYPD:     1.826 ) on MPI rank :      333
     Computing       time :    0.000000                    on MPI rank :      334
     Waiting lbc_lnk time :    0.000000 ( 0.0 %)           on MPI rank :      334
     Waiting  global time :    0.000000 ( 0.0 %)           on MPI rank :      334
     Total           time :  128.527300 (SYPD:     1.826 ) on MPI rank :      334
     Computing       time :    0.000000                    on MPI rank :      335
     Waiting lbc_lnk time :    0.000000 ( 0.0 %)           on MPI rank :      335
     Waiting  global time :    0.000000 ( 0.0 %)           on MPI rank :      335
     Total           time :  128.528697 (SYPD:     1.826 ) on MPI rank :      335
     Computing       time :    0.000000                    on MPI rank :      336
     Waiting lbc_lnk time :    0.000000 ( 0.0 %)           on MPI rank :      336
     Waiting  global time :    0.000000 ( 0.0 %)           on MPI rank :      336
     Total           time :  128.526905 (SYPD:     1.826 ) on MPI rank :      336
     Computing       time :    0.000000                    on MPI rank :      337
     Waiting lbc_lnk time :    0.000000 ( 0.0 %)           on MPI rank :      337
     Waiting  global time :    0.000000 ( 0.0 %)           on MPI rank :      337
     Total           time :  128.521036 (SYPD:     1.826 ) on MPI rank :      337
     Computing       time :    0.000000                    on MPI rank :      338
     Waiting lbc_lnk time :    0.000000 ( 0.0 %)           on MPI rank :      338
     Waiting  global time :    0.000000 ( 0.0 %)           on MPI rank :      338
     Total           time :  128.521578 (SYPD:     1.826 ) on MPI rank :      338
     Computing       time :    0.000000                    on MPI rank :      339
     Waiting lbc_lnk time :    0.000000 ( 0.0 %)           on MPI rank :      339
     Waiting  global time :    0.000000 ( 0.0 %)           on MPI rank :      339
     Total           time :  128.521067 (SYPD:     1.826 ) on MPI rank :      339
     Computing       time :    0.000000                    on MPI rank :      340
     Waiting lbc_lnk time :    0.000000 ( 0.0 %)           on MPI rank :      340
     Waiting  global time :    0.000000 ( 0.0 %)           on MPI rank :      340
     Total           time :  128.521839 (SYPD:     1.826 ) on MPI rank :      340
     Computing       time :    0.000000                    on MPI rank :      341
     Waiting lbc_lnk time :    0.000000 ( 0.0 %)           on MPI rank :      341
     Waiting  global time :    0.000000 ( 0.0 %)           on MPI rank :      341
     Total           time :  128.522789 (SYPD:     1.826 ) on MPI rank :      341
     Computing       time :    0.000000                    on MPI rank :      342
     Waiting lbc_lnk time :    0.000000 ( 0.0 %)           on MPI rank :      342
     Waiting  global time :    0.000000 ( 0.0 %)           on MPI rank :      342
     Total           time :  128.522877 (SYPD:     1.826 ) on MPI rank :      342
     Computing       time :    0.000000                    on MPI rank :      343
     Waiting lbc_lnk time :    0.000000 ( 0.0 %)           on MPI rank :      343
     Waiting  global time :    0.000000 ( 0.0 %)           on MPI rank :      343
     Total           time :  128.522931 (SYPD:     1.826 ) on MPI rank :      343
     Computing       time :    0.000000                    on MPI rank :      344
     Waiting lbc_lnk time :    0.000000 ( 0.0 %)           on MPI rank :      344
     Waiting  global time :    0.000000 ( 0.0 %)           on MPI rank :      344
     Total           time :  128.524105 (SYPD:     1.826 ) on MPI rank :      344
     Computing       time :    0.000000                    on MPI rank :      345
     Waiting lbc_lnk time :    0.000000 ( 0.0 %)           on MPI rank :      345
     Waiting  global time :    0.000000 ( 0.0 %)           on MPI rank :      345
     Total           time :  128.522304 (SYPD:     1.826 ) on MPI rank :      345
     Computing       time :    0.000000                    on MPI rank :      346
     Waiting lbc_lnk time :    0.000000 ( 0.0 %)           on MPI rank :      346
     Waiting  global time :    0.000000 ( 0.0 %)           on MPI rank :      346
     Total           time :  128.523012 (SYPD:     1.826 ) on MPI rank :      346
     Computing       time :    0.000000                    on MPI rank :      347
     Waiting lbc_lnk time :    0.000000 ( 0.0 %)           on MPI rank :      347
     Waiting  global time :    0.000000 ( 0.0 %)           on MPI rank :      347
     Total           time :  128.523850 (SYPD:     1.826 ) on MPI rank :      347
     Computing       time :    0.000000                    on MPI rank :      348
     Waiting lbc_lnk time :    0.000000 ( 0.0 %)           on MPI rank :      348
     Waiting  global time :    0.000000 ( 0.0 %)           on MPI rank :      348
     Total           time :  128.524626 (SYPD:     1.826 ) on MPI rank :      348
     Computing       time :    0.000000                    on MPI rank :      349
     Waiting lbc_lnk time :    0.000000 ( 0.0 %)           on MPI rank :      349
     Waiting  global time :    0.000000 ( 0.0 %)           on MPI rank :      349
     Total           time :  128.523473 (SYPD:     1.826 ) on MPI rank :      349
     Computing       time :    0.000000                    on MPI rank :      350
     Waiting lbc_lnk time :    0.000000 ( 0.0 %)           on MPI rank :      350
     Waiting  global time :    0.000000 ( 0.0 %)           on MPI rank :      350
     Total           time :  128.526616 (SYPD:     1.826 ) on MPI rank :      350
     Computing       time :    0.000000                    on MPI rank :      351
     Waiting lbc_lnk time :    0.000000 ( 0.0 %)           on MPI rank :      351
     Waiting  global time :    0.000000 ( 0.0 %)           on MPI rank :      351
     Total           time :  128.530003 (SYPD:     1.826 ) on MPI rank :      351
     Computing       time :    0.000000                    on MPI rank :      352
     Waiting lbc_lnk time :    0.000000 ( 0.0 %)           on MPI rank :      352
     Waiting  global time :    0.000000 ( 0.0 %)           on MPI rank :      352
     Total           time :  128.532367 (SYPD:     1.826 ) on MPI rank :      352
     Computing       time :    0.000000                    on MPI rank :      353
     Waiting lbc_lnk time :    0.000000 ( 0.0 %)           on MPI rank :      353
     Waiting  global time :    0.000000 ( 0.0 %)           on MPI rank :      353
     Total           time :  128.532391 (SYPD:     1.826 ) on MPI rank :      353
     Computing       time :    0.000000                    on MPI rank :      354
     Waiting lbc_lnk time :    0.000000 ( 0.0 %)           on MPI rank :      354
     Waiting  global time :    0.000000 ( 0.0 %)           on MPI rank :      354
     Total           time :  128.533487 (SYPD:     1.826 ) on MPI rank :      354
     Computing       time :    0.000000                    on MPI rank :      355
     Waiting lbc_lnk time :    0.000000 ( 0.0 %)           on MPI rank :      355
     Waiting  global time :    0.000000 ( 0.0 %)           on MPI rank :      355
     Total           time :  128.532510 (SYPD:     1.826 ) on MPI rank :      355
     Computing       time :    0.000000                    on MPI rank :      356
     Waiting lbc_lnk time :    0.000000 ( 0.0 %)           on MPI rank :      356
     Waiting  global time :    0.000000 ( 0.0 %)           on MPI rank :      356
     Total           time :  128.533198 (SYPD:     1.826 ) on MPI rank :      356
     Computing       time :    0.000000                    on MPI rank :      357
     Waiting lbc_lnk time :    0.000000 ( 0.0 %)           on MPI rank :      357
     Waiting  global time :    0.000000 ( 0.0 %)           on MPI rank :      357
     Total           time :  128.533055 (SYPD:     1.826 ) on MPI rank :      357
     Computing       time :    0.000000                    on MPI rank :      358
     Waiting lbc_lnk time :    0.000000 ( 0.0 %)           on MPI rank :      358
     Waiting  global time :    0.000000 ( 0.0 %)           on MPI rank :      358
     Total           time :  128.533653 (SYPD:     1.826 ) on MPI rank :      358
     Computing       time :    0.000000                    on MPI rank :      359
     Waiting lbc_lnk time :    0.000000 ( 0.0 %)           on MPI rank :      359
     Waiting  global time :    0.000000 ( 0.0 %)           on MPI rank :      359
     Total           time :  128.533342 (SYPD:     1.826 ) on MPI rank :      359
     Computing       time :    0.000000                    on MPI rank :      360
     Waiting lbc_lnk time :    0.000000 ( 0.0 %)           on MPI rank :      360
     Waiting  global time :    0.000000 ( 0.0 %)           on MPI rank :      360
     Total           time :  128.532514 (SYPD:     1.826 ) on MPI rank :      360
     Computing       time :    0.000000                    on MPI rank :      361
     Waiting lbc_lnk time :    0.000000 ( 0.0 %)           on MPI rank :      361
     Waiting  global time :    0.000000 ( 0.0 %)           on MPI rank :      361
     Total           time :  128.532983 (SYPD:     1.826 ) on MPI rank :      361
     Computing       time :    0.000000                    on MPI rank :      362
     Waiting lbc_lnk time :    0.000000 ( 0.0 %)           on MPI rank :      362
     Waiting  global time :    0.000000 ( 0.0 %)           on MPI rank :      362
     Total           time :  128.543062 (SYPD:     1.826 ) on MPI rank :      362
     Computing       time :    0.000000                    on MPI rank :      363
     Waiting lbc_lnk time :    0.000000 ( 0.0 %)           on MPI rank :      363
     Waiting  global time :    0.000000 ( 0.0 %)           on MPI rank :      363
     Total           time :  128.534184 (SYPD:     1.826 ) on MPI rank :      363
     Computing       time :    0.000000                    on MPI rank :      364
     Waiting lbc_lnk time :    0.000000 ( 0.0 %)           on MPI rank :      364
     Waiting  global time :    0.000000 ( 0.0 %)           on MPI rank :      364
     Total           time :  128.538989 (SYPD:     1.826 ) on MPI rank :      364
     Computing       time :    0.000000                    on MPI rank :      365
     Waiting lbc_lnk time :    0.000000 ( 0.0 %)           on MPI rank :      365
     Waiting  global time :    0.000000 ( 0.0 %)           on MPI rank :      365
     Total           time :  128.540596 (SYPD:     1.826 ) on MPI rank :      365
     Computing       time :    0.000000                    on MPI rank :      366
     Waiting lbc_lnk time :    0.000000 ( 0.0 %)           on MPI rank :      366
     Waiting  global time :    0.000000 ( 0.0 %)           on MPI rank :      366
     Total           time :  128.541074 (SYPD:     1.826 ) on MPI rank :      366
     Computing       time :    0.000000                    on MPI rank :      367
     Waiting lbc_lnk time :    0.000000 ( 0.0 %)           on MPI rank :      367
     Waiting  global time :    0.000000 ( 0.0 %)           on MPI rank :      367
     Total           time :  128.541593 (SYPD:     1.826 ) on MPI rank :      367
     Computing       time :    0.000000                    on MPI rank :      368
     Waiting lbc_lnk time :    0.000000 ( 0.0 %)           on MPI rank :      368
     Waiting  global time :    0.000000 ( 0.0 %)           on MPI rank :      368
     Total           time :  128.542261 (SYPD:     1.826 ) on MPI rank :      368
     Computing       time :    0.000000                    on MPI rank :      369
     Waiting lbc_lnk time :    0.000000 ( 0.0 %)           on MPI rank :      369
     Waiting  global time :    0.000000 ( 0.0 %)           on MPI rank :      369
     Total           time :  128.540872 (SYPD:     1.826 ) on MPI rank :      369
     Computing       time :    0.000000                    on MPI rank :      370
     Waiting lbc_lnk time :    0.000000 ( 0.0 %)           on MPI rank :      370
     Waiting  global time :    0.000000 ( 0.0 %)           on MPI rank :      370
     Total           time :  128.541454 (SYPD:     1.826 ) on MPI rank :      370
     Computing       time :    0.000000                    on MPI rank :      371
     Waiting lbc_lnk time :    0.000000 ( 0.0 %)           on MPI rank :      371
     Waiting  global time :    0.000000 ( 0.0 %)           on MPI rank :      371
     Total           time :  128.541921 (SYPD:     1.826 ) on MPI rank :      371
     Computing       time :    0.000000                    on MPI rank :      372
     Waiting lbc_lnk time :    0.000000 ( 0.0 %)           on MPI rank :      372
     Waiting  global time :    0.000000 ( 0.0 %)           on MPI rank :      372
     Total           time :  128.542160 (SYPD:     1.826 ) on MPI rank :      372
     Computing       time :    0.000000                    on MPI rank :      373
     Waiting lbc_lnk time :    0.000000 ( 0.0 %)           on MPI rank :      373
     Waiting  global time :    0.000000 ( 0.0 %)           on MPI rank :      373
     Total           time :  128.542879 (SYPD:     1.826 ) on MPI rank :      373
     Computing       time :    0.000000                    on MPI rank :      374
     Waiting lbc_lnk time :    0.000000 ( 0.0 %)           on MPI rank :      374
     Waiting  global time :    0.000000 ( 0.0 %)           on MPI rank :      374
     Total           time :  128.543508 (SYPD:     1.826 ) on MPI rank :      374
     Computing       time :    0.000000                    on MPI rank :      375
     Waiting lbc_lnk time :    0.000000 ( 0.0 %)           on MPI rank :      375
     Waiting  global time :    0.000000 ( 0.0 %)           on MPI rank :      375
     Total           time :  128.550647 (SYPD:     1.826 ) on MPI rank :      375
     Computing       time :    0.000000                    on MPI rank :      376
     Waiting lbc_lnk time :    0.000000 ( 0.0 %)           on MPI rank :      376
     Waiting  global time :    0.000000 ( 0.0 %)           on MPI rank :      376
     Total           time :  128.541313 (SYPD:     1.826 ) on MPI rank :      376
     Computing       time :    0.000000                    on MPI rank :      377
     Waiting lbc_lnk time :    0.000000 ( 0.0 %)           on MPI rank :      377
     Waiting  global time :    0.000000 ( 0.0 %)           on MPI rank :      377
     Total           time :  128.541927 (SYPD:     1.826 ) on MPI rank :      377
     Computing       time :    0.000000                    on MPI rank :      378
     Waiting lbc_lnk time :    0.000000 ( 0.0 %)           on MPI rank :      378
     Waiting  global time :    0.000000 ( 0.0 %)           on MPI rank :      378
     Total           time :  128.550288 (SYPD:     1.826 ) on MPI rank :      378
     Computing       time :    0.000000                    on MPI rank :      379
     Waiting lbc_lnk time :    0.000000 ( 0.0 %)           on MPI rank :      379
     Waiting  global time :    0.000000 ( 0.0 %)           on MPI rank :      379
     Total           time :  128.551651 (SYPD:     1.826 ) on MPI rank :      379
     Computing       time :    0.000000                    on MPI rank :      380
     Waiting lbc_lnk time :    0.000000 ( 0.0 %)           on MPI rank :      380
     Waiting  global time :    0.000000 ( 0.0 %)           on MPI rank :      380
     Total           time :  128.555312 (SYPD:     1.826 ) on MPI rank :      380
     Computing       time :    0.000000                    on MPI rank :      381
     Waiting lbc_lnk time :    0.000000 ( 0.0 %)           on MPI rank :      381
     Waiting  global time :    0.000000 ( 0.0 %)           on MPI rank :      381
     Total           time :  128.596365 (SYPD:     1.825 ) on MPI rank :      381
     Computing       time :    0.000000                    on MPI rank :      382
     Waiting lbc_lnk time :    0.000000 ( 0.0 %)           on MPI rank :      382
     Waiting  global time :    0.000000 ( 0.0 %)           on MPI rank :      382
     Total           time :  128.596645 (SYPD:     1.825 ) on MPI rank :      382
     Computing       time :    0.000000                    on MPI rank :      383
     Waiting lbc_lnk time :    0.000000 ( 0.0 %)           on MPI rank :      383
     Waiting  global time :    0.000000 ( 0.0 %)           on MPI rank :      383
     Total           time :  128.558627 (SYPD:     1.826 ) on MPI rank :      383
     Computing       time :    0.000000                    on MPI rank :      384
     Waiting lbc_lnk time :    0.000000 ( 0.0 %)           on MPI rank :      384
     Waiting  global time :    0.000000 ( 0.0 %)           on MPI rank :      384
     Total           time :  128.558254 (SYPD:     1.826 ) on MPI rank :      384
     Computing       time :    0.000000                    on MPI rank :      385
     Waiting lbc_lnk time :    0.000000 ( 0.0 %)           on MPI rank :      385
     Waiting  global time :    0.000000 ( 0.0 %)           on MPI rank :      385
     Total           time :  128.553301 (SYPD:     1.826 ) on MPI rank :      385
     Computing       time :    0.000000                    on MPI rank :      386
     Waiting lbc_lnk time :    0.000000 ( 0.0 %)           on MPI rank :      386
     Waiting  global time :    0.000000 ( 0.0 %)           on MPI rank :      386
     Total           time :  128.551890 (SYPD:     1.826 ) on MPI rank :      386
     Computing       time :    0.000000                    on MPI rank :      387
     Waiting lbc_lnk time :    0.000000 ( 0.0 %)           on MPI rank :      387
     Waiting  global time :    0.000000 ( 0.0 %)           on MPI rank :      387
     Total           time :  128.539359 (SYPD:     1.826 ) on MPI rank :      387
     Computing       time :    0.000000                    on MPI rank :      388
     Waiting lbc_lnk time :    0.000000 ( 0.0 %)           on MPI rank :      388
     Waiting  global time :    0.000000 ( 0.0 %)           on MPI rank :      388
     Total           time :  128.537247 (SYPD:     1.826 ) on MPI rank :      388
     Computing       time :    0.000000                    on MPI rank :      389
     Waiting lbc_lnk time :    0.000000 ( 0.0 %)           on MPI rank :      389
     Waiting  global time :    0.000000 ( 0.0 %)           on MPI rank :      389
     Total           time :  128.535004 (SYPD:     1.826 ) on MPI rank :      389
     Computing       time :    0.000000                    on MPI rank :      390
     Waiting lbc_lnk time :    0.000000 ( 0.0 %)           on MPI rank :      390
     Waiting  global time :    0.000000 ( 0.0 %)           on MPI rank :      390
     Total           time :  128.535272 (SYPD:     1.826 ) on MPI rank :      390
     Computing       time :    0.000000                    on MPI rank :      391
     Waiting lbc_lnk time :    0.000000 ( 0.0 %)           on MPI rank :      391
     Waiting  global time :    0.000000 ( 0.0 %)           on MPI rank :      391
     Total           time :  128.535946 (SYPD:     1.826 ) on MPI rank :      391
     Computing       time :    0.000000                    on MPI rank :      392
     Waiting lbc_lnk time :    0.000000 ( 0.0 %)           on MPI rank :      392
     Waiting  global time :    0.000000 ( 0.0 %)           on MPI rank :      392
     Total           time :  128.531274 (SYPD:     1.826 ) on MPI rank :      392
     Computing       time :    0.000000                    on MPI rank :      393
     Waiting lbc_lnk time :    0.000000 ( 0.0 %)           on MPI rank :      393
     Waiting  global time :    0.000000 ( 0.0 %)           on MPI rank :      393
     Total           time :  128.527256 (SYPD:     1.826 ) on MPI rank :      393
     Computing       time :    0.000000                    on MPI rank :      394
     Waiting lbc_lnk time :    0.000000 ( 0.0 %)           on MPI rank :      394
     Waiting  global time :    0.000000 ( 0.0 %)           on MPI rank :      394
     Total           time :  128.527515 (SYPD:     1.826 ) on MPI rank :      394
     Computing       time :    0.000000                    on MPI rank :      395
     Waiting lbc_lnk time :    0.000000 ( 0.0 %)           on MPI rank :      395
     Waiting  global time :    0.000000 ( 0.0 %)           on MPI rank :      395
     Total           time :  128.526364 (SYPD:     1.826 ) on MPI rank :      395
     Computing       time :    0.000000                    on MPI rank :      396
     Waiting lbc_lnk time :    0.000000 ( 0.0 %)           on MPI rank :      396
     Waiting  global time :    0.000000 ( 0.0 %)           on MPI rank :      396
     Total           time :  128.525122 (SYPD:     1.826 ) on MPI rank :      396
     Computing       time :    0.000000                    on MPI rank :      397
     Waiting lbc_lnk time :    0.000000 ( 0.0 %)           on MPI rank :      397
     Waiting  global time :    0.000000 ( 0.0 %)           on MPI rank :      397
     Total           time :  128.525318 (SYPD:     1.826 ) on MPI rank :      397
     Computing       time :    0.000000                    on MPI rank :      398
     Waiting lbc_lnk time :    0.000000 ( 0.0 %)           on MPI rank :      398
     Waiting  global time :    0.000000 ( 0.0 %)           on MPI rank :      398
     Total           time :  128.525076 (SYPD:     1.826 ) on MPI rank :      398
     Computing       time :    0.000000                    on MPI rank :      399
     Waiting lbc_lnk time :    0.000000 ( 0.0 %)           on MPI rank :      399
     Waiting  global time :    0.000000 ( 0.0 %)           on MPI rank :      399
     Total           time :  128.525997 (SYPD:     1.826 ) on MPI rank :      399
     Computing       time :    0.000000                    on MPI rank :      400
     Waiting lbc_lnk time :    0.000000 ( 0.0 %)           on MPI rank :      400
     Waiting  global time :    0.000000 ( 0.0 %)           on MPI rank :      400
     Total           time :  128.519765 (SYPD:     1.826 ) on MPI rank :      400
     Computing       time :    0.000000                    on MPI rank :      401
     Waiting lbc_lnk time :    0.000000 ( 0.0 %)           on MPI rank :      401
     Waiting  global time :    0.000000 ( 0.0 %)           on MPI rank :      401
     Total           time :  128.517088 (SYPD:     1.827 ) on MPI rank :      401
     Computing       time :    0.000000                    on MPI rank :      402
     Waiting lbc_lnk time :    0.000000 ( 0.0 %)           on MPI rank :      402
     Waiting  global time :    0.000000 ( 0.0 %)           on MPI rank :      402
     Total           time :  128.517771 (SYPD:     1.827 ) on MPI rank :      402
     Computing       time :    0.000000                    on MPI rank :      403
     Waiting lbc_lnk time :    0.000000 ( 0.0 %)           on MPI rank :      403
     Waiting  global time :    0.000000 ( 0.0 %)           on MPI rank :      403
     Total           time :  128.517389 (SYPD:     1.827 ) on MPI rank :      403
     Computing       time :    0.000000                    on MPI rank :      404
     Waiting lbc_lnk time :    0.000000 ( 0.0 %)           on MPI rank :      404
     Waiting  global time :    0.000000 ( 0.0 %)           on MPI rank :      404
     Total           time :  128.528779 (SYPD:     1.826 ) on MPI rank :      404
     Computing       time :    0.000000                    on MPI rank :      405
     Waiting lbc_lnk time :    0.000000 ( 0.0 %)           on MPI rank :      405
     Waiting  global time :    0.000000 ( 0.0 %)           on MPI rank :      405
     Total           time :  128.528241 (SYPD:     1.826 ) on MPI rank :      405
     Computing       time :    0.000000                    on MPI rank :      406
     Waiting lbc_lnk time :    0.000000 ( 0.0 %)           on MPI rank :      406
     Waiting  global time :    0.000000 ( 0.0 %)           on MPI rank :      406
     Total           time :  128.517002 (SYPD:     1.827 ) on MPI rank :      406
     Computing       time :    0.000000                    on MPI rank :      407
     Waiting lbc_lnk time :    0.000000 ( 0.0 %)           on MPI rank :      407
     Waiting  global time :    0.000000 ( 0.0 %)           on MPI rank :      407
     Total           time :  128.521780 (SYPD:     1.826 ) on MPI rank :      407
     Computing       time :    0.000000                    on MPI rank :      408
     Waiting lbc_lnk time :    0.000000 ( 0.0 %)           on MPI rank :      408
     Waiting  global time :    0.000000 ( 0.0 %)           on MPI rank :      408
     Total           time :  128.522088 (SYPD:     1.826 ) on MPI rank :      408
     Computing       time :    0.000000                    on MPI rank :      409
     Waiting lbc_lnk time :    0.000000 ( 0.0 %)           on MPI rank :      409
     Waiting  global time :    0.000000 ( 0.0 %)           on MPI rank :      409
     Total           time :  128.521418 (SYPD:     1.826 ) on MPI rank :      409
     Computing       time :    0.000000                    on MPI rank :      410
     Waiting lbc_lnk time :    0.000000 ( 0.0 %)           on MPI rank :      410
     Waiting  global time :    0.000000 ( 0.0 %)           on MPI rank :      410
     Total           time :  128.530019 (SYPD:     1.826 ) on MPI rank :      410
     Computing       time :    0.000000                    on MPI rank :      411
     Waiting lbc_lnk time :    0.000000 ( 0.0 %)           on MPI rank :      411
     Waiting  global time :    0.000000 ( 0.0 %)           on MPI rank :      411
     Total           time :  128.535942 (SYPD:     1.826 ) on MPI rank :      411
     Computing       time :    0.000000                    on MPI rank :      412
     Waiting lbc_lnk time :    0.000000 ( 0.0 %)           on MPI rank :      412
     Waiting  global time :    0.000000 ( 0.0 %)           on MPI rank :      412
     Total           time :  128.536476 (SYPD:     1.826 ) on MPI rank :      412
     Computing       time :    0.000000                    on MPI rank :      413
     Waiting lbc_lnk time :    0.000000 ( 0.0 %)           on MPI rank :      413
     Waiting  global time :    0.000000 ( 0.0 %)           on MPI rank :      413
     Total           time :  128.535470 (SYPD:     1.826 ) on MPI rank :      413
     Computing       time :    0.000000                    on MPI rank :      414
     Waiting lbc_lnk time :    0.000000 ( 0.0 %)           on MPI rank :      414
     Waiting  global time :    0.000000 ( 0.0 %)           on MPI rank :      414
     Total           time :  128.530646 (SYPD:     1.826 ) on MPI rank :      414
     Computing       time :    0.000000                    on MPI rank :      415
     Waiting lbc_lnk time :    0.000000 ( 0.0 %)           on MPI rank :      415
     Waiting  global time :    0.000000 ( 0.0 %)           on MPI rank :      415
     Total           time :  128.531622 (SYPD:     1.826 ) on MPI rank :      415
     Computing       time :    0.000000                    on MPI rank :      416
     Waiting lbc_lnk time :    0.000000 ( 0.0 %)           on MPI rank :      416
     Waiting  global time :    0.000000 ( 0.0 %)           on MPI rank :      416
     Total           time :  128.531878 (SYPD:     1.826 ) on MPI rank :      416
     Computing       time :    0.000000                    on MPI rank :      417
     Waiting lbc_lnk time :    0.000000 ( 0.0 %)           on MPI rank :      417
     Waiting  global time :    0.000000 ( 0.0 %)           on MPI rank :      417
     Total           time :  128.539156 (SYPD:     1.826 ) on MPI rank :      417
     Computing       time :    0.000000                    on MPI rank :      418
     Waiting lbc_lnk time :    0.000000 ( 0.0 %)           on MPI rank :      418
     Waiting  global time :    0.000000 ( 0.0 %)           on MPI rank :      418
     Total           time :  128.540420 (SYPD:     1.826 ) on MPI rank :      418
     Computing       time :    0.000000                    on MPI rank :      419
     Waiting lbc_lnk time :    0.000000 ( 0.0 %)           on MPI rank :      419
     Waiting  global time :    0.000000 ( 0.0 %)           on MPI rank :      419
     Total           time :  128.540275 (SYPD:     1.826 ) on MPI rank :      419
     Computing       time :    0.000000                    on MPI rank :      420
     Waiting lbc_lnk time :    0.000000 ( 0.0 %)           on MPI rank :      420
     Waiting  global time :    0.000000 ( 0.0 %)           on MPI rank :      420
     Total           time :  128.532584 (SYPD:     1.826 ) on MPI rank :      420
     Computing       time :    0.000000                    on MPI rank :      421
     Waiting lbc_lnk time :    0.000000 ( 0.0 %)           on MPI rank :      421
     Waiting  global time :    0.000000 ( 0.0 %)           on MPI rank :      421
     Total           time :  128.535748 (SYPD:     1.826 ) on MPI rank :      421
     Computing       time :    0.000000                    on MPI rank :      422
     Waiting lbc_lnk time :    0.000000 ( 0.0 %)           on MPI rank :      422
     Waiting  global time :    0.000000 ( 0.0 %)           on MPI rank :      422
     Total           time :  128.535446 (SYPD:     1.826 ) on MPI rank :      422
     Computing       time :    0.000000                    on MPI rank :      423
     Waiting lbc_lnk time :    0.000000 ( 0.0 %)           on MPI rank :      423
     Waiting  global time :    0.000000 ( 0.0 %)           on MPI rank :      423
     Total           time :  128.536002 (SYPD:     1.826 ) on MPI rank :      423
     Computing       time :    0.000000                    on MPI rank :      424
     Waiting lbc_lnk time :    0.000000 ( 0.0 %)           on MPI rank :      424
     Waiting  global time :    0.000000 ( 0.0 %)           on MPI rank :      424
     Total           time :  128.537873 (SYPD:     1.826 ) on MPI rank :      424
     Computing       time :    0.000000                    on MPI rank :      425
     Waiting lbc_lnk time :    0.000000 ( 0.0 %)           on MPI rank :      425
     Waiting  global time :    0.000000 ( 0.0 %)           on MPI rank :      425
     Total           time :  128.538704 (SYPD:     1.826 ) on MPI rank :      425
     Computing       time :    0.000000                    on MPI rank :      426
     Waiting lbc_lnk time :    0.000000 ( 0.0 %)           on MPI rank :      426
     Waiting  global time :    0.000000 ( 0.0 %)           on MPI rank :      426
     Total           time :  128.537965 (SYPD:     1.826 ) on MPI rank :      426
     Computing       time :    0.000000                    on MPI rank :      427
     Waiting lbc_lnk time :    0.000000 ( 0.0 %)           on MPI rank :      427
     Waiting  global time :    0.000000 ( 0.0 %)           on MPI rank :      427
     Total           time :  128.538110 (SYPD:     1.826 ) on MPI rank :      427
     Computing       time :    0.000000                    on MPI rank :      428
     Waiting lbc_lnk time :    0.000000 ( 0.0 %)           on MPI rank :      428
     Waiting  global time :    0.000000 ( 0.0 %)           on MPI rank :      428
     Total           time :  128.532917 (SYPD:     1.826 ) on MPI rank :      428
     Computing       time :    0.000000                    on MPI rank :      429
     Waiting lbc_lnk time :    0.000000 ( 0.0 %)           on MPI rank :      429
     Waiting  global time :    0.000000 ( 0.0 %)           on MPI rank :      429
     Total           time :  128.533149 (SYPD:     1.826 ) on MPI rank :      429
     Computing       time :    0.000000                    on MPI rank :      430
     Waiting lbc_lnk time :    0.000000 ( 0.0 %)           on MPI rank :      430
     Waiting  global time :    0.000000 ( 0.0 %)           on MPI rank :      430
     Total           time :  128.533545 (SYPD:     1.826 ) on MPI rank :      430
     Computing       time :    0.000000                    on MPI rank :      431
     Waiting lbc_lnk time :    0.000000 ( 0.0 %)           on MPI rank :      431
     Waiting  global time :    0.000000 ( 0.0 %)           on MPI rank :      431
     Total           time :  128.536420 (SYPD:     1.826 ) on MPI rank :      431
     Computing       time :    0.000000                    on MPI rank :      432
     Waiting lbc_lnk time :    0.000000 ( 0.0 %)           on MPI rank :      432
     Waiting  global time :    0.000000 ( 0.0 %)           on MPI rank :      432
     Total           time :  128.533864 (SYPD:     1.826 ) on MPI rank :      432
     Computing       time :    0.000000                    on MPI rank :      433
     Waiting lbc_lnk time :    0.000000 ( 0.0 %)           on MPI rank :      433
     Waiting  global time :    0.000000 ( 0.0 %)           on MPI rank :      433
     Total           time :  128.534737 (SYPD:     1.826 ) on MPI rank :      433
     Computing       time :    0.000000                    on MPI rank :      434
     Waiting lbc_lnk time :    0.000000 ( 0.0 %)           on MPI rank :      434
     Waiting  global time :    0.000000 ( 0.0 %)           on MPI rank :      434
     Total           time :  128.533008 (SYPD:     1.826 ) on MPI rank :      434
     Computing       time :    0.000000                    on MPI rank :      435
     Waiting lbc_lnk time :    0.000000 ( 0.0 %)           on MPI rank :      435
     Waiting  global time :    0.000000 ( 0.0 %)           on MPI rank :      435
     Total           time :  128.543344 (SYPD:     1.826 ) on MPI rank :      435
     Computing       time :    0.000000                    on MPI rank :      436
     Waiting lbc_lnk time :    0.000000 ( 0.0 %)           on MPI rank :      436
     Waiting  global time :    0.000000 ( 0.0 %)           on MPI rank :      436
     Total           time :  128.543824 (SYPD:     1.826 ) on MPI rank :      436
     Computing       time :    0.000000                    on MPI rank :      437
     Waiting lbc_lnk time :    0.000000 ( 0.0 %)           on MPI rank :      437
     Waiting  global time :    0.000000 ( 0.0 %)           on MPI rank :      437
     Total           time :  128.543786 (SYPD:     1.826 ) on MPI rank :      437
     Computing       time :    0.000000                    on MPI rank :      438
     Waiting lbc_lnk time :    0.000000 ( 0.0 %)           on MPI rank :      438
     Waiting  global time :    0.000000 ( 0.0 %)           on MPI rank :      438
     Total           time :  128.549847 (SYPD:     1.826 ) on MPI rank :      438
     Computing       time :    0.000000                    on MPI rank :      439
     Waiting lbc_lnk time :    0.000000 ( 0.0 %)           on MPI rank :      439
     Waiting  global time :    0.000000 ( 0.0 %)           on MPI rank :      439
     Total           time :  128.554065 (SYPD:     1.826 ) on MPI rank :      439
     Computing       time :    0.000000                    on MPI rank :      440
     Waiting lbc_lnk time :    0.000000 ( 0.0 %)           on MPI rank :      440
     Waiting  global time :    0.000000 ( 0.0 %)           on MPI rank :      440
     Total           time :  128.555914 (SYPD:     1.826 ) on MPI rank :      440
     Computing       time :    0.000000                    on MPI rank :      441
     Waiting lbc_lnk time :    0.000000 ( 0.0 %)           on MPI rank :      441
     Waiting  global time :    0.000000 ( 0.0 %)           on MPI rank :      441
     Total           time :  128.596340 (SYPD:     1.825 ) on MPI rank :      441
     Computing       time :    0.000000                    on MPI rank :      442
     Waiting lbc_lnk time :    0.000000 ( 0.0 %)           on MPI rank :      442
     Waiting  global time :    0.000000 ( 0.0 %)           on MPI rank :      442
     Total           time :  128.591381 (SYPD:     1.825 ) on MPI rank :      442
     Computing       time :    0.000000                    on MPI rank :      443
     Waiting lbc_lnk time :    0.000000 ( 0.0 %)           on MPI rank :      443
     Waiting  global time :    0.000000 ( 0.0 %)           on MPI rank :      443
     Total           time :  128.553551 (SYPD:     1.826 ) on MPI rank :      443
     Computing       time :    0.000000                    on MPI rank :      444
     Waiting lbc_lnk time :    0.000000 ( 0.0 %)           on MPI rank :      444
     Waiting  global time :    0.000000 ( 0.0 %)           on MPI rank :      444
     Total           time :  128.553765 (SYPD:     1.826 ) on MPI rank :      444
     Computing       time :    0.000000                    on MPI rank :      445
     Waiting lbc_lnk time :    0.000000 ( 0.0 %)           on MPI rank :      445
     Waiting  global time :    0.000000 ( 0.0 %)           on MPI rank :      445
     Total           time :  128.550230 (SYPD:     1.826 ) on MPI rank :      445
     Computing       time :    0.000000                    on MPI rank :      446
     Waiting lbc_lnk time :    0.000000 ( 0.0 %)           on MPI rank :      446
     Waiting  global time :    0.000000 ( 0.0 %)           on MPI rank :      446
     Total           time :  128.547026 (SYPD:     1.826 ) on MPI rank :      446
     Computing       time :    0.000000                    on MPI rank :      447
     Waiting lbc_lnk time :    0.000000 ( 0.0 %)           on MPI rank :      447
     Waiting  global time :    0.000000 ( 0.0 %)           on MPI rank :      447
     Total           time :  128.536053 (SYPD:     1.826 ) on MPI rank :      447
     Computing       time :    0.000000                    on MPI rank :      448
     Waiting lbc_lnk time :    0.000000 ( 0.0 %)           on MPI rank :      448
     Waiting  global time :    0.000000 ( 0.0 %)           on MPI rank :      448
     Total           time :  128.532075 (SYPD:     1.826 ) on MPI rank :      448
     Computing       time :    0.000000                    on MPI rank :      449
     Waiting lbc_lnk time :    0.000000 ( 0.0 %)           on MPI rank :      449
     Waiting  global time :    0.000000 ( 0.0 %)           on MPI rank :      449
     Total           time :  128.530675 (SYPD:     1.826 ) on MPI rank :      449
     Computing       time :    0.000000                    on MPI rank :      450
     Waiting lbc_lnk time :    0.000000 ( 0.0 %)           on MPI rank :      450
     Waiting  global time :    0.000000 ( 0.0 %)           on MPI rank :      450
     Total           time :  128.531053 (SYPD:     1.826 ) on MPI rank :      450
     Computing       time :    0.000000                    on MPI rank :      451
     Waiting lbc_lnk time :    0.000000 ( 0.0 %)           on MPI rank :      451
     Waiting  global time :    0.000000 ( 0.0 %)           on MPI rank :      451
     Total           time :  128.528635 (SYPD:     1.826 ) on MPI rank :      451
     Computing       time :    0.000000                    on MPI rank :      452
     Waiting lbc_lnk time :    0.000000 ( 0.0 %)           on MPI rank :      452
     Waiting  global time :    0.000000 ( 0.0 %)           on MPI rank :      452
     Total           time :  128.526370 (SYPD:     1.826 ) on MPI rank :      452
     Computing       time :    0.000000                    on MPI rank :      453
     Waiting lbc_lnk time :    0.000000 ( 0.0 %)           on MPI rank :      453
     Waiting  global time :    0.000000 ( 0.0 %)           on MPI rank :      453
     Total           time :  128.526717 (SYPD:     1.826 ) on MPI rank :      453
     Computing       time :    0.000000                    on MPI rank :      454
     Waiting lbc_lnk time :    0.000000 ( 0.0 %)           on MPI rank :      454
     Waiting  global time :    0.000000 ( 0.0 %)           on MPI rank :      454
     Total           time :  128.526825 (SYPD:     1.826 ) on MPI rank :      454
     Computing       time :    0.000000                    on MPI rank :      455
     Waiting lbc_lnk time :    0.000000 ( 0.0 %)           on MPI rank :      455
     Waiting  global time :    0.000000 ( 0.0 %)           on MPI rank :      455
     Total           time :  128.526703 (SYPD:     1.826 ) on MPI rank :      455
     Computing       time :    0.000000                    on MPI rank :      456
     Waiting lbc_lnk time :    0.000000 ( 0.0 %)           on MPI rank :      456
     Waiting  global time :    0.000000 ( 0.0 %)           on MPI rank :      456
     Total           time :  128.515850 (SYPD:     1.827 ) on MPI rank :      456
     Computing       time :    0.000000                    on MPI rank :      457
     Waiting lbc_lnk time :    0.000000 ( 0.0 %)           on MPI rank :      457
     Waiting  global time :    0.000000 ( 0.0 %)           on MPI rank :      457
     Total           time :  128.516854 (SYPD:     1.827 ) on MPI rank :      457
     Computing       time :    0.000000                    on MPI rank :      458
     Waiting lbc_lnk time :    0.000000 ( 0.0 %)           on MPI rank :      458
     Waiting  global time :    0.000000 ( 0.0 %)           on MPI rank :      458
     Total           time :  128.517058 (SYPD:     1.827 ) on MPI rank :      458
     Computing       time :    0.000000                    on MPI rank :      459
     Waiting lbc_lnk time :    0.000000 ( 0.0 %)           on MPI rank :      459
     Waiting  global time :    0.000000 ( 0.0 %)           on MPI rank :      459
     Total           time :  128.511645 (SYPD:     1.827 ) on MPI rank :      459
     Computing       time :    0.000000                    on MPI rank :      460
     Waiting lbc_lnk time :    0.000000 ( 0.0 %)           on MPI rank :      460
     Waiting  global time :    0.000000 ( 0.0 %)           on MPI rank :      460
     Total           time :  128.512148 (SYPD:     1.827 ) on MPI rank :      460
     Computing       time :    0.000000                    on MPI rank :      461
     Waiting lbc_lnk time :    0.000000 ( 0.0 %)           on MPI rank :      461
     Waiting  global time :    0.000000 ( 0.0 %)           on MPI rank :      461
     Total           time :  128.516825 (SYPD:     1.827 ) on MPI rank :      461
     Computing       time :    0.000000                    on MPI rank :      462
     Waiting lbc_lnk time :    0.000000 ( 0.0 %)           on MPI rank :      462
     Waiting  global time :    0.000000 ( 0.0 %)           on MPI rank :      462
     Total           time :  128.515705 (SYPD:     1.827 ) on MPI rank :      462
     Computing       time :    0.000000                    on MPI rank :      463
     Waiting lbc_lnk time :    0.000000 ( 0.0 %)           on MPI rank :      463
     Waiting  global time :    0.000000 ( 0.0 %)           on MPI rank :      463
     Total           time :  128.520465 (SYPD:     1.826 ) on MPI rank :      463
     Computing       time :    0.000000                    on MPI rank :      464
     Waiting lbc_lnk time :    0.000000 ( 0.0 %)           on MPI rank :      464
     Waiting  global time :    0.000000 ( 0.0 %)           on MPI rank :      464
     Total           time :  128.520853 (SYPD:     1.826 ) on MPI rank :      464
     Computing       time :    0.000000                    on MPI rank :      465
     Waiting lbc_lnk time :    0.000000 ( 0.0 %)           on MPI rank :      465
     Waiting  global time :    0.000000 ( 0.0 %)           on MPI rank :      465
     Total           time :  128.521798 (SYPD:     1.826 ) on MPI rank :      465
     Computing       time :    0.000000                    on MPI rank :      466
     Waiting lbc_lnk time :    0.000000 ( 0.0 %)           on MPI rank :      466
     Waiting  global time :    0.000000 ( 0.0 %)           on MPI rank :      466
     Total           time :  128.521660 (SYPD:     1.826 ) on MPI rank :      466
     Computing       time :    0.000000                    on MPI rank :      467
     Waiting lbc_lnk time :    0.000000 ( 0.0 %)           on MPI rank :      467
     Waiting  global time :    0.000000 ( 0.0 %)           on MPI rank :      467
     Total           time :  128.520510 (SYPD:     1.826 ) on MPI rank :      467
     Computing       time :    0.000000                    on MPI rank :      468
     Waiting lbc_lnk time :    0.000000 ( 0.0 %)           on MPI rank :      468
     Waiting  global time :    0.000000 ( 0.0 %)           on MPI rank :      468
     Total           time :  128.520700 (SYPD:     1.826 ) on MPI rank :      468
     Computing       time :    0.000000                    on MPI rank :      469
     Waiting lbc_lnk time :    0.000000 ( 0.0 %)           on MPI rank :      469
     Waiting  global time :    0.000000 ( 0.0 %)           on MPI rank :      469
     Total           time :  128.520058 (SYPD:     1.826 ) on MPI rank :      469
     Computing       time :    0.000000                    on MPI rank :      470
     Waiting lbc_lnk time :    0.000000 ( 0.0 %)           on MPI rank :      470
     Waiting  global time :    0.000000 ( 0.0 %)           on MPI rank :      470
     Total           time :  128.526752 (SYPD:     1.826 ) on MPI rank :      470
     Computing       time :    0.000000                    on MPI rank :      471
     Waiting lbc_lnk time :    0.000000 ( 0.0 %)           on MPI rank :      471
     Waiting  global time :    0.000000 ( 0.0 %)           on MPI rank :      471
     Total           time :  128.526173 (SYPD:     1.826 ) on MPI rank :      471
     Computing       time :    0.000000                    on MPI rank :      472
     Waiting lbc_lnk time :    0.000000 ( 0.0 %)           on MPI rank :      472
     Waiting  global time :    0.000000 ( 0.0 %)           on MPI rank :      472
     Total           time :  128.525773 (SYPD:     1.826 ) on MPI rank :      472
     Computing       time :    0.000000                    on MPI rank :      473
     Waiting lbc_lnk time :    0.000000 ( 0.0 %)           on MPI rank :      473
     Waiting  global time :    0.000000 ( 0.0 %)           on MPI rank :      473
     Total           time :  128.524161 (SYPD:     1.826 ) on MPI rank :      473
     Computing       time :    0.000000                    on MPI rank :      474
     Waiting lbc_lnk time :    0.000000 ( 0.0 %)           on MPI rank :      474
     Waiting  global time :    0.000000 ( 0.0 %)           on MPI rank :      474
     Total           time :  128.526122 (SYPD:     1.826 ) on MPI rank :      474
     Computing       time :    0.000000                    on MPI rank :      475
     Waiting lbc_lnk time :    0.000000 ( 0.0 %)           on MPI rank :      475
     Waiting  global time :    0.000000 ( 0.0 %)           on MPI rank :      475
     Total           time :  128.527426 (SYPD:     1.826 ) on MPI rank :      475
     Computing       time :    0.000000                    on MPI rank :      476
     Waiting lbc_lnk time :    0.000000 ( 0.0 %)           on MPI rank :      476
     Waiting  global time :    0.000000 ( 0.0 %)           on MPI rank :      476
     Total           time :  128.525277 (SYPD:     1.826 ) on MPI rank :      476
     Computing       time :    0.000000                    on MPI rank :      477
     Waiting lbc_lnk time :    0.000000 ( 0.0 %)           on MPI rank :      477
     Waiting  global time :    0.000000 ( 0.0 %)           on MPI rank :      477
     Total           time :  128.528824 (SYPD:     1.826 ) on MPI rank :      477
     Computing       time :    0.000000                    on MPI rank :      478
     Waiting lbc_lnk time :    0.000000 ( 0.0 %)           on MPI rank :      478
     Waiting  global time :    0.000000 ( 0.0 %)           on MPI rank :      478
     Total           time :  128.531200 (SYPD:     1.826 ) on MPI rank :      478
     Computing       time :    0.000000                    on MPI rank :      479
     Waiting lbc_lnk time :    0.000000 ( 0.0 %)           on MPI rank :      479
     Waiting  global time :    0.000000 ( 0.0 %)           on MPI rank :      479
     Total           time :  128.531466 (SYPD:     1.826 ) on MPI rank :      479
     Computing       time :    0.000000                    on MPI rank :      480
     Waiting lbc_lnk time :    0.000000 ( 0.0 %)           on MPI rank :      480
     Waiting  global time :    0.000000 ( 0.0 %)           on MPI rank :      480
     Total           time :  128.532319 (SYPD:     1.826 ) on MPI rank :      480
     Computing       time :    0.000000                    on MPI rank :      481
     Waiting lbc_lnk time :    0.000000 ( 0.0 %)           on MPI rank :      481
     Waiting  global time :    0.000000 ( 0.0 %)           on MPI rank :      481
     Total           time :  128.533390 (SYPD:     1.826 ) on MPI rank :      481
     Computing       time :    0.000000                    on MPI rank :      482
     Waiting lbc_lnk time :    0.000000 ( 0.0 %)           on MPI rank :      482
     Waiting  global time :    0.000000 ( 0.0 %)           on MPI rank :      482
     Total           time :  128.530550 (SYPD:     1.826 ) on MPI rank :      482
     Computing       time :    0.000000                    on MPI rank :      483
     Waiting lbc_lnk time :    0.000000 ( 0.0 %)           on MPI rank :      483
     Waiting  global time :    0.000000 ( 0.0 %)           on MPI rank :      483
     Total           time :  128.532547 (SYPD:     1.826 ) on MPI rank :      483
     Computing       time :    0.000000                    on MPI rank :      484
     Waiting lbc_lnk time :    0.000000 ( 0.0 %)           on MPI rank :      484
     Waiting  global time :    0.000000 ( 0.0 %)           on MPI rank :      484
     Total           time :  128.535586 (SYPD:     1.826 ) on MPI rank :      484
     Computing       time :    0.000000                    on MPI rank :      485
     Waiting lbc_lnk time :    0.000000 ( 0.0 %)           on MPI rank :      485
     Waiting  global time :    0.000000 ( 0.0 %)           on MPI rank :      485
     Total           time :  128.537731 (SYPD:     1.826 ) on MPI rank :      485
     Computing       time :    0.000000                    on MPI rank :      486
     Waiting lbc_lnk time :    0.000000 ( 0.0 %)           on MPI rank :      486
     Waiting  global time :    0.000000 ( 0.0 %)           on MPI rank :      486
     Total           time :  128.538680 (SYPD:     1.826 ) on MPI rank :      486
     Computing       time :    0.000000                    on MPI rank :      487
     Waiting lbc_lnk time :    0.000000 ( 0.0 %)           on MPI rank :      487
     Waiting  global time :    0.000000 ( 0.0 %)           on MPI rank :      487
     Total           time :  128.538235 (SYPD:     1.826 ) on MPI rank :      487
     Computing       time :    0.000000                    on MPI rank :      488
     Waiting lbc_lnk time :    0.000000 ( 0.0 %)           on MPI rank :      488
     Waiting  global time :    0.000000 ( 0.0 %)           on MPI rank :      488
     Total           time :  128.538508 (SYPD:     1.826 ) on MPI rank :      488
     Computing       time :    0.000000                    on MPI rank :      489
     Waiting lbc_lnk time :    0.000000 ( 0.0 %)           on MPI rank :      489
     Waiting  global time :    0.000000 ( 0.0 %)           on MPI rank :      489
     Total           time :  128.538816 (SYPD:     1.826 ) on MPI rank :      489
     Computing       time :    0.000000                    on MPI rank :      490
     Waiting lbc_lnk time :    0.000000 ( 0.0 %)           on MPI rank :      490
     Waiting  global time :    0.000000 ( 0.0 %)           on MPI rank :      490
     Total           time :  128.539491 (SYPD:     1.826 ) on MPI rank :      490
     Computing       time :    0.000000                    on MPI rank :      491
     Waiting lbc_lnk time :    0.000000 ( 0.0 %)           on MPI rank :      491
     Waiting  global time :    0.000000 ( 0.0 %)           on MPI rank :      491
     Total           time :  128.542000 (SYPD:     1.826 ) on MPI rank :      491
     Computing       time :    0.000000                    on MPI rank :      492
     Waiting lbc_lnk time :    0.000000 ( 0.0 %)           on MPI rank :      492
     Waiting  global time :    0.000000 ( 0.0 %)           on MPI rank :      492
     Total           time :  128.541214 (SYPD:     1.826 ) on MPI rank :      492
     Computing       time :    0.000000                    on MPI rank :      493
     Waiting lbc_lnk time :    0.000000 ( 0.0 %)           on MPI rank :      493
     Waiting  global time :    0.000000 ( 0.0 %)           on MPI rank :      493
     Total           time :  128.540703 (SYPD:     1.826 ) on MPI rank :      493
     Computing       time :    0.000000                    on MPI rank :      494
     Waiting lbc_lnk time :    0.000000 ( 0.0 %)           on MPI rank :      494
     Waiting  global time :    0.000000 ( 0.0 %)           on MPI rank :      494
     Total           time :  128.540649 (SYPD:     1.826 ) on MPI rank :      494
     Computing       time :    0.000000                    on MPI rank :      495
     Waiting lbc_lnk time :    0.000000 ( 0.0 %)           on MPI rank :      495
     Waiting  global time :    0.000000 ( 0.0 %)           on MPI rank :      495
     Total           time :  128.541626 (SYPD:     1.826 ) on MPI rank :      495
     Computing       time :    0.000000                    on MPI rank :      496
     Waiting lbc_lnk time :    0.000000 ( 0.0 %)           on MPI rank :      496
     Waiting  global time :    0.000000 ( 0.0 %)           on MPI rank :      496
     Total           time :  128.542071 (SYPD:     1.826 ) on MPI rank :      496
     Computing       time :    0.000000                    on MPI rank :      497
     Waiting lbc_lnk time :    0.000000 ( 0.0 %)           on MPI rank :      497
     Waiting  global time :    0.000000 ( 0.0 %)           on MPI rank :      497
     Total           time :  128.542498 (SYPD:     1.826 ) on MPI rank :      497
     Computing       time :    0.000000                    on MPI rank :      498
     Waiting lbc_lnk time :    0.000000 ( 0.0 %)           on MPI rank :      498
     Waiting  global time :    0.000000 ( 0.0 %)           on MPI rank :      498
     Total           time :  128.550004 (SYPD:     1.826 ) on MPI rank :      498
     Computing       time :    0.000000                    on MPI rank :      499
     Waiting lbc_lnk time :    0.000000 ( 0.0 %)           on MPI rank :      499
     Waiting  global time :    0.000000 ( 0.0 %)           on MPI rank :      499
     Total           time :  128.553156 (SYPD:     1.826 ) on MPI rank :      499
     Computing       time :    0.000000                    on MPI rank :      500
     Waiting lbc_lnk time :    0.000000 ( 0.0 %)           on MPI rank :      500
     Waiting  global time :    0.000000 ( 0.0 %)           on MPI rank :      500
     Total           time :  128.553974 (SYPD:     1.826 ) on MPI rank :      500
     Computing       time :    0.000000                    on MPI rank :      501
     Waiting lbc_lnk time :    0.000000 ( 0.0 %)           on MPI rank :      501
     Waiting  global time :    0.000000 ( 0.0 %)           on MPI rank :      501
     Total           time :  128.594987 (SYPD:     1.825 ) on MPI rank :      501
     Computing       time :    0.000000                    on MPI rank :      502
     Waiting lbc_lnk time :    0.000000 ( 0.0 %)           on MPI rank :      502
     Waiting  global time :    0.000000 ( 0.0 %)           on MPI rank :      502
     Total           time :  128.594509 (SYPD:     1.825 ) on MPI rank :      502
     Computing       time :    0.000000                    on MPI rank :      503
     Waiting lbc_lnk time :    0.000000 ( 0.0 %)           on MPI rank :      503
     Waiting  global time :    0.000000 ( 0.0 %)           on MPI rank :      503
     Total           time :  128.557056 (SYPD:     1.826 ) on MPI rank :      503
     Computing       time :    0.000000                    on MPI rank :      504
     Waiting lbc_lnk time :    0.000000 ( 0.0 %)           on MPI rank :      504
     Waiting  global time :    0.000000 ( 0.0 %)           on MPI rank :      504
     Total           time :  128.554085 (SYPD:     1.826 ) on MPI rank :      504
     Computing       time :    0.000000                    on MPI rank :      505
     Waiting lbc_lnk time :    0.000000 ( 0.0 %)           on MPI rank :      505
     Waiting  global time :    0.000000 ( 0.0 %)           on MPI rank :      505
     Total           time :  128.551681 (SYPD:     1.826 ) on MPI rank :      505
     Computing       time :    0.000000                    on MPI rank :      506
     Waiting lbc_lnk time :    0.000000 ( 0.0 %)           on MPI rank :      506
     Waiting  global time :    0.000000 ( 0.0 %)           on MPI rank :      506
     Total           time :  128.549332 (SYPD:     1.826 ) on MPI rank :      506
     Computing       time :    0.000000                    on MPI rank :      507
     Waiting lbc_lnk time :    0.000000 ( 0.0 %)           on MPI rank :      507
     Waiting  global time :    0.000000 ( 0.0 %)           on MPI rank :      507
     Total           time :  128.535802 (SYPD:     1.826 ) on MPI rank :      507
     Computing       time :    0.000000                    on MPI rank :      508
     Waiting lbc_lnk time :    0.000000 ( 0.0 %)           on MPI rank :      508
     Waiting  global time :    0.000000 ( 0.0 %)           on MPI rank :      508
     Total           time :  128.533284 (SYPD:     1.826 ) on MPI rank :      508
     Computing       time :    0.000000                    on MPI rank :      509
     Waiting lbc_lnk time :    0.000000 ( 0.0 %)           on MPI rank :      509
     Waiting  global time :    0.000000 ( 0.0 %)           on MPI rank :      509
     Total           time :  128.532817 (SYPD:     1.826 ) on MPI rank :      509
     Computing       time :    0.000000                    on MPI rank :      510
     Waiting lbc_lnk time :    0.000000 ( 0.0 %)           on MPI rank :      510
     Waiting  global time :    0.000000 ( 0.0 %)           on MPI rank :      510
     Total           time :  128.533907 (SYPD:     1.826 ) on MPI rank :      510
     Computing       time :    0.000000                    on MPI rank :      511
     Waiting lbc_lnk time :    0.000000 ( 0.0 %)           on MPI rank :      511
     Waiting  global time :    0.000000 ( 0.0 %)           on MPI rank :      511
     Total           time :  128.531290 (SYPD:     1.826 ) on MPI rank :      511
     Computing       time :    0.000000                    on MPI rank :      512
     Waiting lbc_lnk time :    0.000000 ( 0.0 %)           on MPI rank :      512
     Waiting  global time :    0.000000 ( 0.0 %)           on MPI rank :      512
     Total           time :  128.519971 (SYPD:     1.826 ) on MPI rank :      512
     Computing       time :    0.000000                    on MPI rank :      513
     Waiting lbc_lnk time :    0.000000 ( 0.0 %)           on MPI rank :      513
     Waiting  global time :    0.000000 ( 0.0 %)           on MPI rank :      513
     Total           time :  128.521892 (SYPD:     1.826 ) on MPI rank :      513
     Computing       time :    0.000000                    on MPI rank :      514
     Waiting lbc_lnk time :    0.000000 ( 0.0 %)           on MPI rank :      514
     Waiting  global time :    0.000000 ( 0.0 %)           on MPI rank :      514
     Total           time :  128.520805 (SYPD:     1.826 ) on MPI rank :      514
     Computing       time :    0.000000                    on MPI rank :      515
     Waiting lbc_lnk time :    0.000000 ( 0.0 %)           on MPI rank :      515
     Waiting  global time :    0.000000 ( 0.0 %)           on MPI rank :      515
     Total           time :  128.521738 (SYPD:     1.826 ) on MPI rank :      515
     Computing       time :    0.000000                    on MPI rank :      516
     Waiting lbc_lnk time :    0.000000 ( 0.0 %)           on MPI rank :      516
     Waiting  global time :    0.000000 ( 0.0 %)           on MPI rank :      516
     Total           time :  128.520880 (SYPD:     1.826 ) on MPI rank :      516
     Computing       time :    0.000000                    on MPI rank :      517
     Waiting lbc_lnk time :    0.000000 ( 0.0 %)           on MPI rank :      517
     Waiting  global time :    0.000000 ( 0.0 %)           on MPI rank :      517
     Total           time :  128.518350 (SYPD:     1.827 ) on MPI rank :      517
     Computing       time :    0.000000                    on MPI rank :      518
     Waiting lbc_lnk time :    0.000000 ( 0.0 %)           on MPI rank :      518
     Waiting  global time :    0.000000 ( 0.0 %)           on MPI rank :      518
     Total           time :  128.518883 (SYPD:     1.826 ) on MPI rank :      518
     Computing       time :    0.000000                    on MPI rank :      519
     Waiting lbc_lnk time :    0.000000 ( 0.0 %)           on MPI rank :      519
     Waiting  global time :    0.000000 ( 0.0 %)           on MPI rank :      519
     Total           time :  128.520902 (SYPD:     1.826 ) on MPI rank :      519
     Computing       time :    0.000000                    on MPI rank :      520
     Waiting lbc_lnk time :    0.000000 ( 0.0 %)           on MPI rank :      520
     Waiting  global time :    0.000000 ( 0.0 %)           on MPI rank :      520
     Total           time :  128.521168 (SYPD:     1.826 ) on MPI rank :      520
     Computing       time :    0.000000                    on MPI rank :      521
     Waiting lbc_lnk time :    0.000000 ( 0.0 %)           on MPI rank :      521
     Waiting  global time :    0.000000 ( 0.0 %)           on MPI rank :      521
     Total           time :  128.521271 (SYPD:     1.826 ) on MPI rank :      521
     Computing       time :    0.000000                    on MPI rank :      522
     Waiting lbc_lnk time :    0.000000 ( 0.0 %)           on MPI rank :      522
     Waiting  global time :    0.000000 ( 0.0 %)           on MPI rank :      522
     Total           time :  128.522112 (SYPD:     1.826 ) on MPI rank :      522
     Computing       time :    0.000000                    on MPI rank :      523
     Waiting lbc_lnk time :    0.000000 ( 0.0 %)           on MPI rank :      523
     Waiting  global time :    0.000000 ( 0.0 %)           on MPI rank :      523
     Total           time :  128.522976 (SYPD:     1.826 ) on MPI rank :      523
     Computing       time :    0.000000                    on MPI rank :      524
     Waiting lbc_lnk time :    0.000000 ( 0.0 %)           on MPI rank :      524
     Waiting  global time :    0.000000 ( 0.0 %)           on MPI rank :      524
     Total           time :  128.522567 (SYPD:     1.826 ) on MPI rank :      524
     Computing       time :    0.000000                    on MPI rank :      525
     Waiting lbc_lnk time :    0.000000 ( 0.0 %)           on MPI rank :      525
     Waiting  global time :    0.000000 ( 0.0 %)           on MPI rank :      525
     Total           time :  128.522959 (SYPD:     1.826 ) on MPI rank :      525
     Computing       time :    0.000000                    on MPI rank :      526
     Waiting lbc_lnk time :    0.000000 ( 0.0 %)           on MPI rank :      526
     Waiting  global time :    0.000000 ( 0.0 %)           on MPI rank :      526
     Total           time :  128.521693 (SYPD:     1.826 ) on MPI rank :      526
     Computing       time :    0.000000                    on MPI rank :      527
     Waiting lbc_lnk time :    0.000000 ( 0.0 %)           on MPI rank :      527
     Waiting  global time :    0.000000 ( 0.0 %)           on MPI rank :      527
     Total           time :  128.521245 (SYPD:     1.826 ) on MPI rank :      527
     Computing       time :    0.000000                    on MPI rank :      528
     Waiting lbc_lnk time :    0.000000 ( 0.0 %)           on MPI rank :      528
     Waiting  global time :    0.000000 ( 0.0 %)           on MPI rank :      528
     Total           time :  128.521451 (SYPD:     1.826 ) on MPI rank :      528
     Computing       time :    0.000000                    on MPI rank :      529
     Waiting lbc_lnk time :    0.000000 ( 0.0 %)           on MPI rank :      529
     Waiting  global time :    0.000000 ( 0.0 %)           on MPI rank :      529
     Total           time :  128.521173 (SYPD:     1.826 ) on MPI rank :      529
     Computing       time :    0.000000                    on MPI rank :      530
     Waiting lbc_lnk time :    0.000000 ( 0.0 %)           on MPI rank :      530
     Waiting  global time :    0.000000 ( 0.0 %)           on MPI rank :      530
     Total           time :  128.527539 (SYPD:     1.826 ) on MPI rank :      530
     Computing       time :    0.000000                    on MPI rank :      531
     Waiting lbc_lnk time :    0.000000 ( 0.0 %)           on MPI rank :      531
     Waiting  global time :    0.000000 ( 0.0 %)           on MPI rank :      531
     Total           time :  128.527799 (SYPD:     1.826 ) on MPI rank :      531
     Computing       time :    0.000000                    on MPI rank :      532
     Waiting lbc_lnk time :    0.000000 ( 0.0 %)           on MPI rank :      532
     Waiting  global time :    0.000000 ( 0.0 %)           on MPI rank :      532
     Total           time :  128.528202 (SYPD:     1.826 ) on MPI rank :      532
     Computing       time :    0.000000                    on MPI rank :      533
     Waiting lbc_lnk time :    0.000000 ( 0.0 %)           on MPI rank :      533
     Waiting  global time :    0.000000 ( 0.0 %)           on MPI rank :      533
     Total           time :  128.529805 (SYPD:     1.826 ) on MPI rank :      533
     Computing       time :    0.000000                    on MPI rank :      534
     Waiting lbc_lnk time :    0.000000 ( 0.0 %)           on MPI rank :      534
     Waiting  global time :    0.000000 ( 0.0 %)           on MPI rank :      534
     Total           time :  128.530663 (SYPD:     1.826 ) on MPI rank :      534
     Computing       time :    0.000000                    on MPI rank :      535
     Waiting lbc_lnk time :    0.000000 ( 0.0 %)           on MPI rank :      535
     Waiting  global time :    0.000000 ( 0.0 %)           on MPI rank :      535
     Total           time :  128.530555 (SYPD:     1.826 ) on MPI rank :      535
     Computing       time :    0.000000                    on MPI rank :      536
     Waiting lbc_lnk time :    0.000000 ( 0.0 %)           on MPI rank :      536
     Waiting  global time :    0.000000 ( 0.0 %)           on MPI rank :      536
     Total           time :  128.530637 (SYPD:     1.826 ) on MPI rank :      536
     Computing       time :    0.000000                    on MPI rank :      537
     Waiting lbc_lnk time :    0.000000 ( 0.0 %)           on MPI rank :      537
     Waiting  global time :    0.000000 ( 0.0 %)           on MPI rank :      537
     Total           time :  128.531034 (SYPD:     1.826 ) on MPI rank :      537
     Computing       time :    0.000000                    on MPI rank :      538
     Waiting lbc_lnk time :    0.000000 ( 0.0 %)           on MPI rank :      538
     Waiting  global time :    0.000000 ( 0.0 %)           on MPI rank :      538
     Total           time :  128.531175 (SYPD:     1.826 ) on MPI rank :      538
     Computing       time :    0.000000                    on MPI rank :      539
     Waiting lbc_lnk time :    0.000000 ( 0.0 %)           on MPI rank :      539
     Waiting  global time :    0.000000 ( 0.0 %)           on MPI rank :      539
     Total           time :  128.531546 (SYPD:     1.826 ) on MPI rank :      539
     Computing       time :    0.000000                    on MPI rank :      540
     Waiting lbc_lnk time :    0.000000 ( 0.0 %)           on MPI rank :      540
     Waiting  global time :    0.000000 ( 0.0 %)           on MPI rank :      540
     Total           time :  128.534708 (SYPD:     1.826 ) on MPI rank :      540
     Computing       time :    0.000000                    on MPI rank :      541
     Waiting lbc_lnk time :    0.000000 ( 0.0 %)           on MPI rank :      541
     Waiting  global time :    0.000000 ( 0.0 %)           on MPI rank :      541
     Total           time :  128.535313 (SYPD:     1.826 ) on MPI rank :      541
     Computing       time :    0.000000                    on MPI rank :      542
     Waiting lbc_lnk time :    0.000000 ( 0.0 %)           on MPI rank :      542
     Waiting  global time :    0.000000 ( 0.0 %)           on MPI rank :      542
     Total           time :  128.536061 (SYPD:     1.826 ) on MPI rank :      542
     Computing       time :    0.000000                    on MPI rank :      543
     Waiting lbc_lnk time :    0.000000 ( 0.0 %)           on MPI rank :      543
     Waiting  global time :    0.000000 ( 0.0 %)           on MPI rank :      543
     Total           time :  128.536591 (SYPD:     1.826 ) on MPI rank :      543
     Computing       time :    0.000000                    on MPI rank :      544
     Waiting lbc_lnk time :    0.000000 ( 0.0 %)           on MPI rank :      544
     Waiting  global time :    0.000000 ( 0.0 %)           on MPI rank :      544
     Total           time :  128.535478 (SYPD:     1.826 ) on MPI rank :      544
     Computing       time :    0.000000                    on MPI rank :      545
     Waiting lbc_lnk time :    0.000000 ( 0.0 %)           on MPI rank :      545
     Waiting  global time :    0.000000 ( 0.0 %)           on MPI rank :      545
     Total           time :  128.538719 (SYPD:     1.826 ) on MPI rank :      545
     Computing       time :    0.000000                    on MPI rank :      546
     Waiting lbc_lnk time :    0.000000 ( 0.0 %)           on MPI rank :      546
     Waiting  global time :    0.000000 ( 0.0 %)           on MPI rank :      546
     Total           time :  128.538885 (SYPD:     1.826 ) on MPI rank :      546
     Computing       time :    0.000000                    on MPI rank :      547
     Waiting lbc_lnk time :    0.000000 ( 0.0 %)           on MPI rank :      547
     Waiting  global time :    0.000000 ( 0.0 %)           on MPI rank :      547
     Total           time :  128.540066 (SYPD:     1.826 ) on MPI rank :      547
     Computing       time :    0.000000                    on MPI rank :      548
     Waiting lbc_lnk time :    0.000000 ( 0.0 %)           on MPI rank :      548
     Waiting  global time :    0.000000 ( 0.0 %)           on MPI rank :      548
     Total           time :  128.539506 (SYPD:     1.826 ) on MPI rank :      548
     Computing       time :    0.000000                    on MPI rank :      549
     Waiting lbc_lnk time :    0.000000 ( 0.0 %)           on MPI rank :      549
     Waiting  global time :    0.000000 ( 0.0 %)           on MPI rank :      549
     Total           time :  128.539604 (SYPD:     1.826 ) on MPI rank :      549
     Computing       time :    0.000000                    on MPI rank :      550
     Waiting lbc_lnk time :    0.000000 ( 0.0 %)           on MPI rank :      550
     Waiting  global time :    0.000000 ( 0.0 %)           on MPI rank :      550
     Total           time :  128.539844 (SYPD:     1.826 ) on MPI rank :      550
     Computing       time :    0.000000                    on MPI rank :      551
     Waiting lbc_lnk time :    0.000000 ( 0.0 %)           on MPI rank :      551
     Waiting  global time :    0.000000 ( 0.0 %)           on MPI rank :      551
     Total           time :  128.543101 (SYPD:     1.826 ) on MPI rank :      551
     Computing       time :    0.000000                    on MPI rank :      552
     Waiting lbc_lnk time :    0.000000 ( 0.0 %)           on MPI rank :      552
     Waiting  global time :    0.000000 ( 0.0 %)           on MPI rank :      552
     Total           time :  128.540179 (SYPD:     1.826 ) on MPI rank :      552
     Computing       time :    0.000000                    on MPI rank :      553
     Waiting lbc_lnk time :    0.000000 ( 0.0 %)           on MPI rank :      553
     Waiting  global time :    0.000000 ( 0.0 %)           on MPI rank :      553
     Total           time :  128.540603 (SYPD:     1.826 ) on MPI rank :      553
     Computing       time :    0.000000                    on MPI rank :      554
     Waiting lbc_lnk time :    0.000000 ( 0.0 %)           on MPI rank :      554
     Waiting  global time :    0.000000 ( 0.0 %)           on MPI rank :      554
     Total           time :  128.543094 (SYPD:     1.826 ) on MPI rank :      554
     Computing       time :    0.000000                    on MPI rank :      555
     Waiting lbc_lnk time :    0.000000 ( 0.0 %)           on MPI rank :      555
     Waiting  global time :    0.000000 ( 0.0 %)           on MPI rank :      555
     Total           time :  128.542051 (SYPD:     1.826 ) on MPI rank :      555
     Computing       time :    0.000000                    on MPI rank :      556
     Waiting lbc_lnk time :    0.000000 ( 0.0 %)           on MPI rank :      556
     Waiting  global time :    0.000000 ( 0.0 %)           on MPI rank :      556
     Total           time :  128.545637 (SYPD:     1.826 ) on MPI rank :      556
     Computing       time :    0.000000                    on MPI rank :      557
     Waiting lbc_lnk time :    0.000000 ( 0.0 %)           on MPI rank :      557
     Waiting  global time :    0.000000 ( 0.0 %)           on MPI rank :      557
     Total           time :  128.545798 (SYPD:     1.826 ) on MPI rank :      557
     Computing       time :    0.000000                    on MPI rank :      558
     Waiting lbc_lnk time :    0.000000 ( 0.0 %)           on MPI rank :      558
     Waiting  global time :    0.000000 ( 0.0 %)           on MPI rank :      558
     Total           time :  128.551061 (SYPD:     1.826 ) on MPI rank :      558
     Computing       time :    0.000000                    on MPI rank :      559
     Waiting lbc_lnk time :    0.000000 ( 0.0 %)           on MPI rank :      559
     Waiting  global time :    0.000000 ( 0.0 %)           on MPI rank :      559
     Total           time :  128.554335 (SYPD:     1.826 ) on MPI rank :      559
     Computing       time :    0.000000                    on MPI rank :      560
     Waiting lbc_lnk time :    0.000000 ( 0.0 %)           on MPI rank :      560
     Waiting  global time :    0.000000 ( 0.0 %)           on MPI rank :      560
     Total           time :  128.595538 (SYPD:     1.825 ) on MPI rank :      560
     Computing       time :    0.000000                    on MPI rank :      561
     Waiting lbc_lnk time :    0.000000 ( 0.0 %)           on MPI rank :      561
     Waiting  global time :    0.000000 ( 0.0 %)           on MPI rank :      561
     Total           time :  128.593677 (SYPD:     1.825 ) on MPI rank :      561
     Computing       time :    0.000000                    on MPI rank :      562
     Waiting lbc_lnk time :    0.000000 ( 0.0 %)           on MPI rank :      562
     Waiting  global time :    0.000000 ( 0.0 %)           on MPI rank :      562
     Total           time :  128.593405 (SYPD:     1.825 ) on MPI rank :      562
     Computing       time :    0.000000                    on MPI rank :      563
     Waiting lbc_lnk time :    0.000000 ( 0.0 %)           on MPI rank :      563
     Waiting  global time :    0.000000 ( 0.0 %)           on MPI rank :      563
     Total           time :  128.556623 (SYPD:     1.826 ) on MPI rank :      563
     Computing       time :    0.000000                    on MPI rank :      564
     Waiting lbc_lnk time :    0.000000 ( 0.0 %)           on MPI rank :      564
     Waiting  global time :    0.000000 ( 0.0 %)           on MPI rank :      564
     Total           time :  128.553594 (SYPD:     1.826 ) on MPI rank :      564
     Computing       time :    0.000000                    on MPI rank :      565
     Waiting lbc_lnk time :    0.000000 ( 0.0 %)           on MPI rank :      565
     Waiting  global time :    0.000000 ( 0.0 %)           on MPI rank :      565
     Total           time :  128.551885 (SYPD:     1.826 ) on MPI rank :      565
     Computing       time :    0.000000                    on MPI rank :      566
     Waiting lbc_lnk time :    0.000000 ( 0.0 %)           on MPI rank :      566
     Waiting  global time :    0.000000 ( 0.0 %)           on MPI rank :      566
     Total           time :  128.550467 (SYPD:     1.826 ) on MPI rank :      566
     Computing       time :    0.000000                    on MPI rank :      567
     Waiting lbc_lnk time :    0.000000 ( 0.0 %)           on MPI rank :      567
     Waiting  global time :    0.000000 ( 0.0 %)           on MPI rank :      567
     Total           time :  128.539324 (SYPD:     1.826 ) on MPI rank :      567
     Computing       time :    0.000000                    on MPI rank :      568
     Waiting lbc_lnk time :    0.000000 ( 0.0 %)           on MPI rank :      568
     Waiting  global time :    0.000000 ( 0.0 %)           on MPI rank :      568
     Total           time :  128.534251 (SYPD:     1.826 ) on MPI rank :      568
     Computing       time :    0.000000                    on MPI rank :      569
     Waiting lbc_lnk time :    0.000000 ( 0.0 %)           on MPI rank :      569
     Waiting  global time :    0.000000 ( 0.0 %)           on MPI rank :      569
     Total           time :  128.532534 (SYPD:     1.826 ) on MPI rank :      569
     Computing       time :    0.000000                    on MPI rank :      570
     Waiting lbc_lnk time :    0.000000 ( 0.0 %)           on MPI rank :      570
     Waiting  global time :    0.000000 ( 0.0 %)           on MPI rank :      570
     Total           time :  128.532433 (SYPD:     1.826 ) on MPI rank :      570
     Computing       time :    0.000000                    on MPI rank :      571
     Waiting lbc_lnk time :    0.000000 ( 0.0 %)           on MPI rank :      571
     Waiting  global time :    0.000000 ( 0.0 %)           on MPI rank :      571
     Total           time :  128.530580 (SYPD:     1.826 ) on MPI rank :      571
     Computing       time :    0.000000                    on MPI rank :      572
     Waiting lbc_lnk time :    0.000000 ( 0.0 %)           on MPI rank :      572
     Waiting  global time :    0.000000 ( 0.0 %)           on MPI rank :      572
     Total           time :  128.528147 (SYPD:     1.826 ) on MPI rank :      572
     Computing       time :    0.000000                    on MPI rank :      573
     Waiting lbc_lnk time :    0.000000 ( 0.0 %)           on MPI rank :      573
     Waiting  global time :    0.000000 ( 0.0 %)           on MPI rank :      573
     Total           time :  128.527095 (SYPD:     1.826 ) on MPI rank :      573
     Computing       time :    0.000000                    on MPI rank :      574
     Waiting lbc_lnk time :    0.000000 ( 0.0 %)           on MPI rank :      574
     Waiting  global time :    0.000000 ( 0.0 %)           on MPI rank :      574
     Total           time :  128.527689 (SYPD:     1.826 ) on MPI rank :      574
     Computing       time :    0.000000                    on MPI rank :      575
     Waiting lbc_lnk time :    0.000000 ( 0.0 %)           on MPI rank :      575
     Waiting  global time :    0.000000 ( 0.0 %)           on MPI rank :      575
     Total           time :  128.522331 (SYPD:     1.826 ) on MPI rank :      575
     Computing       time :    0.000000                    on MPI rank :      576
     Waiting lbc_lnk time :    0.000000 ( 0.0 %)           on MPI rank :      576
     Waiting  global time :    0.000000 ( 0.0 %)           on MPI rank :      576
     Total           time :  128.522041 (SYPD:     1.826 ) on MPI rank :      576
     Computing       time :    0.000000                    on MPI rank :      577
     Waiting lbc_lnk time :    0.000000 ( 0.0 %)           on MPI rank :      577
     Waiting  global time :    0.000000 ( 0.0 %)           on MPI rank :      577
     Total           time :  128.523163 (SYPD:     1.826 ) on MPI rank :      577
     Computing       time :    0.000000                    on MPI rank :      578
     Waiting lbc_lnk time :    0.000000 ( 0.0 %)           on MPI rank :      578
     Waiting  global time :    0.000000 ( 0.0 %)           on MPI rank :      578
     Total           time :  128.522657 (SYPD:     1.826 ) on MPI rank :      578
     Computing       time :    0.000000                    on MPI rank :      579
     Waiting lbc_lnk time :    0.000000 ( 0.0 %)           on MPI rank :      579
     Waiting  global time :    0.000000 ( 0.0 %)           on MPI rank :      579
     Total           time :  128.521639 (SYPD:     1.826 ) on MPI rank :      579
     Computing       time :    0.000000                    on MPI rank :      580
     Waiting lbc_lnk time :    0.000000 ( 0.0 %)           on MPI rank :      580
     Waiting  global time :    0.000000 ( 0.0 %)           on MPI rank :      580
     Total           time :  128.521828 (SYPD:     1.826 ) on MPI rank :      580
     Computing       time :    0.000000                    on MPI rank :      581
     Waiting lbc_lnk time :    0.000000 ( 0.0 %)           on MPI rank :      581
     Waiting  global time :    0.000000 ( 0.0 %)           on MPI rank :      581
     Total           time :  128.520920 (SYPD:     1.826 ) on MPI rank :      581
     Computing       time :    0.000000                    on MPI rank :      582
     Waiting lbc_lnk time :    0.000000 ( 0.0 %)           on MPI rank :      582
     Waiting  global time :    0.000000 ( 0.0 %)           on MPI rank :      582
     Total           time :  128.519524 (SYPD:     1.826 ) on MPI rank :      582
     Computing       time :    0.000000                    on MPI rank :      583
     Waiting lbc_lnk time :    0.000000 ( 0.0 %)           on MPI rank :      583
     Waiting  global time :    0.000000 ( 0.0 %)           on MPI rank :      583
     Total           time :  128.519604 (SYPD:     1.826 ) on MPI rank :      583
     Computing       time :    0.000000                    on MPI rank :      584
     Waiting lbc_lnk time :    0.000000 ( 0.0 %)           on MPI rank :      584
     Waiting  global time :    0.000000 ( 0.0 %)           on MPI rank :      584
     Total           time :  128.521015 (SYPD:     1.826 ) on MPI rank :      584
     Computing       time :    0.000000                    on MPI rank :      585
     Waiting lbc_lnk time :    0.000000 ( 0.0 %)           on MPI rank :      585
     Waiting  global time :    0.000000 ( 0.0 %)           on MPI rank :      585
     Total           time :  128.520093 (SYPD:     1.826 ) on MPI rank :      585
     Computing       time :    0.000000                    on MPI rank :      586
     Waiting lbc_lnk time :    0.000000 ( 0.0 %)           on MPI rank :      586
     Waiting  global time :    0.000000 ( 0.0 %)           on MPI rank :      586
     Total           time :  128.518759 (SYPD:     1.827 ) on MPI rank :      586
     Computing       time :    0.000000                    on MPI rank :      587
     Waiting lbc_lnk time :    0.000000 ( 0.0 %)           on MPI rank :      587
     Waiting  global time :    0.000000 ( 0.0 %)           on MPI rank :      587
     Total           time :  128.519262 (SYPD:     1.826 ) on MPI rank :      587
     Computing       time :    0.000000                    on MPI rank :      588
     Waiting lbc_lnk time :    0.000000 ( 0.0 %)           on MPI rank :      588
     Waiting  global time :    0.000000 ( 0.0 %)           on MPI rank :      588
     Total           time :  128.521010 (SYPD:     1.826 ) on MPI rank :      588
     Computing       time :    0.000000                    on MPI rank :      589
     Waiting lbc_lnk time :    0.000000 ( 0.0 %)           on MPI rank :      589
     Waiting  global time :    0.000000 ( 0.0 %)           on MPI rank :      589
     Total           time :  128.515995 (SYPD:     1.827 ) on MPI rank :      589
     Computing       time :    0.000000                    on MPI rank :      590
     Waiting lbc_lnk time :    0.000000 ( 0.0 %)           on MPI rank :      590
     Waiting  global time :    0.000000 ( 0.0 %)           on MPI rank :      590
     Total           time :  128.526574 (SYPD:     1.826 ) on MPI rank :      590
     Computing       time :    0.000000                    on MPI rank :      591
     Waiting lbc_lnk time :    0.000000 ( 0.0 %)           on MPI rank :      591
     Waiting  global time :    0.000000 ( 0.0 %)           on MPI rank :      591
     Total           time :  128.524592 (SYPD:     1.826 ) on MPI rank :      591
     Computing       time :    0.000000                    on MPI rank :      592
     Waiting lbc_lnk time :    0.000000 ( 0.0 %)           on MPI rank :      592
     Waiting  global time :    0.000000 ( 0.0 %)           on MPI rank :      592
     Total           time :  128.524883 (SYPD:     1.826 ) on MPI rank :      592
     Computing       time :    0.000000                    on MPI rank :      593
     Waiting lbc_lnk time :    0.000000 ( 0.0 %)           on MPI rank :      593
     Waiting  global time :    0.000000 ( 0.0 %)           on MPI rank :      593
     Total           time :  128.524830 (SYPD:     1.826 ) on MPI rank :      593
     Computing       time :    0.000000                    on MPI rank :      594
     Waiting lbc_lnk time :    0.000000 ( 0.0 %)           on MPI rank :      594
     Waiting  global time :    0.000000 ( 0.0 %)           on MPI rank :      594
     Total           time :  128.525082 (SYPD:     1.826 ) on MPI rank :      594
     Computing       time :    0.000000                    on MPI rank :      595
     Waiting lbc_lnk time :    0.000000 ( 0.0 %)           on MPI rank :      595
     Waiting  global time :    0.000000 ( 0.0 %)           on MPI rank :      595
     Total           time :  128.525584 (SYPD:     1.826 ) on MPI rank :      595
     Computing       time :    0.000000                    on MPI rank :      596
     Waiting lbc_lnk time :    0.000000 ( 0.0 %)           on MPI rank :      596
     Waiting  global time :    0.000000 ( 0.0 %)           on MPI rank :      596
     Total           time :  128.530312 (SYPD:     1.826 ) on MPI rank :      596
     Computing       time :    0.000000                    on MPI rank :      597
     Waiting lbc_lnk time :    0.000000 ( 0.0 %)           on MPI rank :      597
     Waiting  global time :    0.000000 ( 0.0 %)           on MPI rank :      597
     Total           time :  128.530386 (SYPD:     1.826 ) on MPI rank :      597
     Computing       time :    0.000000                    on MPI rank :      598
     Waiting lbc_lnk time :    0.000000 ( 0.0 %)           on MPI rank :      598
     Waiting  global time :    0.000000 ( 0.0 %)           on MPI rank :      598
     Total           time :  128.531196 (SYPD:     1.826 ) on MPI rank :      598
     Computing       time :    0.000000                    on MPI rank :      599
     Waiting lbc_lnk time :    0.000000 ( 0.0 %)           on MPI rank :      599
     Waiting  global time :    0.000000 ( 0.0 %)           on MPI rank :      599
     Total           time :  128.530389 (SYPD:     1.826 ) on MPI rank :      599
     Computing       time :    0.000000                    on MPI rank :      600
     Waiting lbc_lnk time :    0.000000 ( 0.0 %)           on MPI rank :      600
     Waiting  global time :    0.000000 ( 0.0 %)           on MPI rank :      600
     Total           time :  128.531048 (SYPD:     1.826 ) on MPI rank :      600
     Computing       time :    0.000000                    on MPI rank :      601
     Waiting lbc_lnk time :    0.000000 ( 0.0 %)           on MPI rank :      601
     Waiting  global time :    0.000000 ( 0.0 %)           on MPI rank :      601
     Total           time :  128.532352 (SYPD:     1.826 ) on MPI rank :      601
     Computing       time :    0.000000                    on MPI rank :      602
     Waiting lbc_lnk time :    0.000000 ( 0.0 %)           on MPI rank :      602
     Waiting  global time :    0.000000 ( 0.0 %)           on MPI rank :      602
     Total           time :  128.531319 (SYPD:     1.826 ) on MPI rank :      602
     Computing       time :    0.000000                    on MPI rank :      603
     Waiting lbc_lnk time :    0.000000 ( 0.0 %)           on MPI rank :      603
     Waiting  global time :    0.000000 ( 0.0 %)           on MPI rank :      603
     Total           time :  128.536398 (SYPD:     1.826 ) on MPI rank :      603
     Computing       time :    0.000000                    on MPI rank :      604
     Waiting lbc_lnk time :    0.000000 ( 0.0 %)           on MPI rank :      604
     Waiting  global time :    0.000000 ( 0.0 %)           on MPI rank :      604
     Total           time :  128.536298 (SYPD:     1.826 ) on MPI rank :      604
     Computing       time :    0.000000                    on MPI rank :      605
     Waiting lbc_lnk time :    0.000000 ( 0.0 %)           on MPI rank :      605
     Waiting  global time :    0.000000 ( 0.0 %)           on MPI rank :      605
     Total           time :  128.538838 (SYPD:     1.826 ) on MPI rank :      605
     Computing       time :    0.000000                    on MPI rank :      606
     Waiting lbc_lnk time :    0.000000 ( 0.0 %)           on MPI rank :      606
     Waiting  global time :    0.000000 ( 0.0 %)           on MPI rank :      606
     Total           time :  128.538328 (SYPD:     1.826 ) on MPI rank :      606
     Computing       time :    0.000000                    on MPI rank :      607
     Waiting lbc_lnk time :    0.000000 ( 0.0 %)           on MPI rank :      607
     Waiting  global time :    0.000000 ( 0.0 %)           on MPI rank :      607
     Total           time :  128.538039 (SYPD:     1.826 ) on MPI rank :      607
     Computing       time :    0.000000                    on MPI rank :      608
     Waiting lbc_lnk time :    0.000000 ( 0.0 %)           on MPI rank :      608
     Waiting  global time :    0.000000 ( 0.0 %)           on MPI rank :      608
     Total           time :  128.539484 (SYPD:     1.826 ) on MPI rank :      608
     Computing       time :    0.000000                    on MPI rank :      609
     Waiting lbc_lnk time :    0.000000 ( 0.0 %)           on MPI rank :      609
     Waiting  global time :    0.000000 ( 0.0 %)           on MPI rank :      609
     Total           time :  128.539691 (SYPD:     1.826 ) on MPI rank :      609
     Computing       time :    0.000000                    on MPI rank :      610
     Waiting lbc_lnk time :    0.000000 ( 0.0 %)           on MPI rank :      610
     Waiting  global time :    0.000000 ( 0.0 %)           on MPI rank :      610
     Total           time :  128.537765 (SYPD:     1.826 ) on MPI rank :      610
     Computing       time :    0.000000                    on MPI rank :      611
     Waiting lbc_lnk time :    0.000000 ( 0.0 %)           on MPI rank :      611
     Waiting  global time :    0.000000 ( 0.0 %)           on MPI rank :      611
     Total           time :  128.538886 (SYPD:     1.826 ) on MPI rank :      611
     Computing       time :    0.000000                    on MPI rank :      612
     Waiting lbc_lnk time :    0.000000 ( 0.0 %)           on MPI rank :      612
     Waiting  global time :    0.000000 ( 0.0 %)           on MPI rank :      612
     Total           time :  128.537577 (SYPD:     1.826 ) on MPI rank :      612
     Computing       time :    0.000000                    on MPI rank :      613
     Waiting lbc_lnk time :    0.000000 ( 0.0 %)           on MPI rank :      613
     Waiting  global time :    0.000000 ( 0.0 %)           on MPI rank :      613
     Total           time :  128.537068 (SYPD:     1.826 ) on MPI rank :      613
     Computing       time :    0.000000                    on MPI rank :      614
     Waiting lbc_lnk time :    0.000000 ( 0.0 %)           on MPI rank :      614
     Waiting  global time :    0.000000 ( 0.0 %)           on MPI rank :      614
     Total           time :  128.537554 (SYPD:     1.826 ) on MPI rank :      614
     Computing       time :    0.000000                    on MPI rank :      615
     Waiting lbc_lnk time :    0.000000 ( 0.0 %)           on MPI rank :      615
     Waiting  global time :    0.000000 ( 0.0 %)           on MPI rank :      615
     Total           time :  128.539001 (SYPD:     1.826 ) on MPI rank :      615
     Computing       time :    0.000000                    on MPI rank :      616
     Waiting lbc_lnk time :    0.000000 ( 0.0 %)           on MPI rank :      616
     Waiting  global time :    0.000000 ( 0.0 %)           on MPI rank :      616
     Total           time :  128.538277 (SYPD:     1.826 ) on MPI rank :      616
     Computing       time :    0.000000                    on MPI rank :      617
     Waiting lbc_lnk time :    0.000000 ( 0.0 %)           on MPI rank :      617
     Waiting  global time :    0.000000 ( 0.0 %)           on MPI rank :      617
     Total           time :  128.550784 (SYPD:     1.826 ) on MPI rank :      617
     Computing       time :    0.000000                    on MPI rank :      618
     Waiting lbc_lnk time :    0.000000 ( 0.0 %)           on MPI rank :      618
     Waiting  global time :    0.000000 ( 0.0 %)           on MPI rank :      618
     Total           time :  128.553010 (SYPD:     1.826 ) on MPI rank :      618
     Computing       time :    0.000000                    on MPI rank :      619
     Waiting lbc_lnk time :    0.000000 ( 0.0 %)           on MPI rank :      619
     Waiting  global time :    0.000000 ( 0.0 %)           on MPI rank :      619
     Total           time :  128.594020 (SYPD:     1.825 ) on MPI rank :      619
     Computing       time :    0.000000                    on MPI rank :      620
     Waiting lbc_lnk time :    0.000000 ( 0.0 %)           on MPI rank :      620
     Waiting  global time :    0.000000 ( 0.0 %)           on MPI rank :      620
     Total           time :  128.599704 (SYPD:     1.825 ) on MPI rank :      620
     Computing       time :    0.000000                    on MPI rank :      621
     Waiting lbc_lnk time :    0.000000 ( 0.0 %)           on MPI rank :      621
     Waiting  global time :    0.000000 ( 0.0 %)           on MPI rank :      621
     Total           time :  128.599284 (SYPD:     1.825 ) on MPI rank :      621
     Computing       time :    0.000000                    on MPI rank :      622
     Waiting lbc_lnk time :    0.000000 ( 0.0 %)           on MPI rank :      622
     Waiting  global time :    0.000000 ( 0.0 %)           on MPI rank :      622
     Total           time :  128.563304 (SYPD:     1.826 ) on MPI rank :      622
     Computing       time :    0.000000                    on MPI rank :      623
     Waiting lbc_lnk time :    0.000000 ( 0.0 %)           on MPI rank :      623
     Waiting  global time :    0.000000 ( 0.0 %)           on MPI rank :      623
     Total           time :  128.560622 (SYPD:     1.826 ) on MPI rank :      623
     Computing       time :    0.000000                    on MPI rank :      624
     Waiting lbc_lnk time :    0.000000 ( 0.0 %)           on MPI rank :      624
     Waiting  global time :    0.000000 ( 0.0 %)           on MPI rank :      624
     Total           time :  128.551382 (SYPD:     1.826 ) on MPI rank :      624
     Computing       time :    0.000000                    on MPI rank :      625
     Waiting lbc_lnk time :    0.000000 ( 0.0 %)           on MPI rank :      625
     Waiting  global time :    0.000000 ( 0.0 %)           on MPI rank :      625
     Total           time :  128.549508 (SYPD:     1.826 ) on MPI rank :      625
     Computing       time :    0.000000                    on MPI rank :      626
     Waiting lbc_lnk time :    0.000000 ( 0.0 %)           on MPI rank :      626
     Waiting  global time :    0.000000 ( 0.0 %)           on MPI rank :      626
     Total           time :  128.536611 (SYPD:     1.826 ) on MPI rank :      626
     Computing       time :    0.000000                    on MPI rank :      627
     Waiting lbc_lnk time :    0.000000 ( 0.0 %)           on MPI rank :      627
     Waiting  global time :    0.000000 ( 0.0 %)           on MPI rank :      627
     Total           time :  128.534737 (SYPD:     1.826 ) on MPI rank :      627
     Computing       time :    0.000000                    on MPI rank :      628
     Waiting lbc_lnk time :    0.000000 ( 0.0 %)           on MPI rank :      628
     Waiting  global time :    0.000000 ( 0.0 %)           on MPI rank :      628
     Total           time :  128.539675 (SYPD:     1.826 ) on MPI rank :      628
     Computing       time :    0.000000                    on MPI rank :      629
     Waiting lbc_lnk time :    0.000000 ( 0.0 %)           on MPI rank :      629
     Waiting  global time :    0.000000 ( 0.0 %)           on MPI rank :      629
     Total           time :  128.538872 (SYPD:     1.826 ) on MPI rank :      629
     Computing       time :    0.000000                    on MPI rank :      630
     Waiting lbc_lnk time :    0.000000 ( 0.0 %)           on MPI rank :      630
     Waiting  global time :    0.000000 ( 0.0 %)           on MPI rank :      630
     Total           time :  128.530991 (SYPD:     1.826 ) on MPI rank :      630
     Computing       time :    0.000000                    on MPI rank :      631
     Waiting lbc_lnk time :    0.000000 ( 0.0 %)           on MPI rank :      631
     Waiting  global time :    0.000000 ( 0.0 %)           on MPI rank :      631
     Total           time :  128.531668 (SYPD:     1.826 ) on MPI rank :      631
     Computing       time :    0.000000                    on MPI rank :      632
     Waiting lbc_lnk time :    0.000000 ( 0.0 %)           on MPI rank :      632
     Waiting  global time :    0.000000 ( 0.0 %)           on MPI rank :      632
     Total           time :  128.526259 (SYPD:     1.826 ) on MPI rank :      632
     Computing       time :    0.000000                    on MPI rank :      633
     Waiting lbc_lnk time :    0.000000 ( 0.0 %)           on MPI rank :      633
     Waiting  global time :    0.000000 ( 0.0 %)           on MPI rank :      633
     Total           time :  128.527161 (SYPD:     1.826 ) on MPI rank :      633
     Computing       time :    0.000000                    on MPI rank :      634
     Waiting lbc_lnk time :    0.000000 ( 0.0 %)           on MPI rank :      634
     Waiting  global time :    0.000000 ( 0.0 %)           on MPI rank :      634
     Total           time :  128.526130 (SYPD:     1.826 ) on MPI rank :      634
     Computing       time :    0.000000                    on MPI rank :      635
     Waiting lbc_lnk time :    0.000000 ( 0.0 %)           on MPI rank :      635
     Waiting  global time :    0.000000 ( 0.0 %)           on MPI rank :      635
     Total           time :  128.531306 (SYPD:     1.826 ) on MPI rank :      635
     Computing       time :    0.000000                    on MPI rank :      636
     Waiting lbc_lnk time :    0.000000 ( 0.0 %)           on MPI rank :      636
     Waiting  global time :    0.000000 ( 0.0 %)           on MPI rank :      636
     Total           time :  128.529824 (SYPD:     1.826 ) on MPI rank :      636
     Computing       time :    0.000000                    on MPI rank :      637
     Waiting lbc_lnk time :    0.000000 ( 0.0 %)           on MPI rank :      637
     Waiting  global time :    0.000000 ( 0.0 %)           on MPI rank :      637
     Total           time :  128.530219 (SYPD:     1.826 ) on MPI rank :      637
     Computing       time :    0.000000                    on MPI rank :      638
     Waiting lbc_lnk time :    0.000000 ( 0.0 %)           on MPI rank :      638
     Waiting  global time :    0.000000 ( 0.0 %)           on MPI rank :      638
     Total           time :  128.529148 (SYPD:     1.826 ) on MPI rank :      638
     Computing       time :    0.000000                    on MPI rank :      639
     Waiting lbc_lnk time :    0.000000 ( 0.0 %)           on MPI rank :      639
     Waiting  global time :    0.000000 ( 0.0 %)           on MPI rank :      639
     Total           time :  128.528509 (SYPD:     1.826 ) on MPI rank :      639
     Computing       time :    0.000000                    on MPI rank :      640
     Waiting lbc_lnk time :    0.000000 ( 0.0 %)           on MPI rank :      640
     Waiting  global time :    0.000000 ( 0.0 %)           on MPI rank :      640
     Total           time :  128.522554 (SYPD:     1.826 ) on MPI rank :      640
     Computing       time :    0.000000                    on MPI rank :      641
     Waiting lbc_lnk time :    0.000000 ( 0.0 %)           on MPI rank :      641
     Waiting  global time :    0.000000 ( 0.0 %)           on MPI rank :      641
     Total           time :  128.522528 (SYPD:     1.826 ) on MPI rank :      641
     Computing       time :    0.000000                    on MPI rank :      642
     Waiting lbc_lnk time :    0.000000 ( 0.0 %)           on MPI rank :      642
     Waiting  global time :    0.000000 ( 0.0 %)           on MPI rank :      642
     Total           time :  128.529184 (SYPD:     1.826 ) on MPI rank :      642
     Computing       time :    0.000000                    on MPI rank :      643
     Waiting lbc_lnk time :    0.000000 ( 0.0 %)           on MPI rank :      643
     Waiting  global time :    0.000000 ( 0.0 %)           on MPI rank :      643
     Total           time :  128.529363 (SYPD:     1.826 ) on MPI rank :      643
     Computing       time :    0.000000                    on MPI rank :      644
     Waiting lbc_lnk time :    0.000000 ( 0.0 %)           on MPI rank :      644
     Waiting  global time :    0.000000 ( 0.0 %)           on MPI rank :      644
     Total           time :  128.523387 (SYPD:     1.826 ) on MPI rank :      644
     Computing       time :    0.000000                    on MPI rank :      645
     Waiting lbc_lnk time :    0.000000 ( 0.0 %)           on MPI rank :      645
     Waiting  global time :    0.000000 ( 0.0 %)           on MPI rank :      645
     Total           time :  128.521742 (SYPD:     1.826 ) on MPI rank :      645
     Computing       time :    0.000000                    on MPI rank :      646
     Waiting lbc_lnk time :    0.000000 ( 0.0 %)           on MPI rank :      646
     Waiting  global time :    0.000000 ( 0.0 %)           on MPI rank :      646
     Total           time :  128.521476 (SYPD:     1.826 ) on MPI rank :      646
     Computing       time :    0.000000                    on MPI rank :      647
     Waiting lbc_lnk time :    0.000000 ( 0.0 %)           on MPI rank :      647
     Waiting  global time :    0.000000 ( 0.0 %)           on MPI rank :      647
     Total           time :  128.529580 (SYPD:     1.826 ) on MPI rank :      647
     Computing       time :    0.000000                    on MPI rank :      648
     Waiting lbc_lnk time :    0.000000 ( 0.0 %)           on MPI rank :      648
     Waiting  global time :    0.000000 ( 0.0 %)           on MPI rank :      648
     Total           time :  128.521770 (SYPD:     1.826 ) on MPI rank :      648
     Computing       time :    0.000000                    on MPI rank :      649
     Waiting lbc_lnk time :    0.000000 ( 0.0 %)           on MPI rank :      649
     Waiting  global time :    0.000000 ( 0.0 %)           on MPI rank :      649
     Total           time :  128.524955 (SYPD:     1.826 ) on MPI rank :      649
     Computing       time :    0.000000                    on MPI rank :      650
     Waiting lbc_lnk time :    0.000000 ( 0.0 %)           on MPI rank :      650
     Waiting  global time :    0.000000 ( 0.0 %)           on MPI rank :      650
     Total           time :  128.524669 (SYPD:     1.826 ) on MPI rank :      650
     Computing       time :    0.000000                    on MPI rank :      651
     Waiting lbc_lnk time :    0.000000 ( 0.0 %)           on MPI rank :      651
     Waiting  global time :    0.000000 ( 0.0 %)           on MPI rank :      651
     Total           time :  128.528662 (SYPD:     1.826 ) on MPI rank :      651
     Computing       time :    0.000000                    on MPI rank :      652
     Waiting lbc_lnk time :    0.000000 ( 0.0 %)           on MPI rank :      652
     Waiting  global time :    0.000000 ( 0.0 %)           on MPI rank :      652
     Total           time :  128.529512 (SYPD:     1.826 ) on MPI rank :      652
     Computing       time :    0.000000                    on MPI rank :      653
     Waiting lbc_lnk time :    0.000000 ( 0.0 %)           on MPI rank :      653
     Waiting  global time :    0.000000 ( 0.0 %)           on MPI rank :      653
     Total           time :  128.529310 (SYPD:     1.826 ) on MPI rank :      653
     Computing       time :    0.000000                    on MPI rank :      654
     Waiting lbc_lnk time :    0.000000 ( 0.0 %)           on MPI rank :      654
     Waiting  global time :    0.000000 ( 0.0 %)           on MPI rank :      654
     Total           time :  128.529253 (SYPD:     1.826 ) on MPI rank :      654
     Computing       time :    0.000000                    on MPI rank :      655
     Waiting lbc_lnk time :    0.000000 ( 0.0 %)           on MPI rank :      655
     Waiting  global time :    0.000000 ( 0.0 %)           on MPI rank :      655
     Total           time :  128.529424 (SYPD:     1.826 ) on MPI rank :      655
     Computing       time :    0.000000                    on MPI rank :      656
     Waiting lbc_lnk time :    0.000000 ( 0.0 %)           on MPI rank :      656
     Waiting  global time :    0.000000 ( 0.0 %)           on MPI rank :      656
     Total           time :  128.530084 (SYPD:     1.826 ) on MPI rank :      656
     Computing       time :    0.000000                    on MPI rank :      657
     Waiting lbc_lnk time :    0.000000 ( 0.0 %)           on MPI rank :      657
     Waiting  global time :    0.000000 ( 0.0 %)           on MPI rank :      657
     Total           time :  128.530198 (SYPD:     1.826 ) on MPI rank :      657
     Computing       time :    0.000000                    on MPI rank :      658
     Waiting lbc_lnk time :    0.000000 ( 0.0 %)           on MPI rank :      658
     Waiting  global time :    0.000000 ( 0.0 %)           on MPI rank :      658
     Total           time :  128.537714 (SYPD:     1.826 ) on MPI rank :      658
     Computing       time :    0.000000                    on MPI rank :      659
     Waiting lbc_lnk time :    0.000000 ( 0.0 %)           on MPI rank :      659
     Waiting  global time :    0.000000 ( 0.0 %)           on MPI rank :      659
     Total           time :  128.535965 (SYPD:     1.826 ) on MPI rank :      659
     Computing       time :    0.000000                    on MPI rank :      660
     Waiting lbc_lnk time :    0.000000 ( 0.0 %)           on MPI rank :      660
     Waiting  global time :    0.000000 ( 0.0 %)           on MPI rank :      660
     Total           time :  128.536307 (SYPD:     1.826 ) on MPI rank :      660
     Computing       time :    0.000000                    on MPI rank :      661
     Waiting lbc_lnk time :    0.000000 ( 0.0 %)           on MPI rank :      661
     Waiting  global time :    0.000000 ( 0.0 %)           on MPI rank :      661
     Total           time :  128.536704 (SYPD:     1.826 ) on MPI rank :      661
     Computing       time :    0.000000                    on MPI rank :      662
     Waiting lbc_lnk time :    0.000000 ( 0.0 %)           on MPI rank :      662
     Waiting  global time :    0.000000 ( 0.0 %)           on MPI rank :      662
     Total           time :  128.536844 (SYPD:     1.826 ) on MPI rank :      662
     Computing       time :    0.000000                    on MPI rank :      663
     Waiting lbc_lnk time :    0.000000 ( 0.0 %)           on MPI rank :      663
     Waiting  global time :    0.000000 ( 0.0 %)           on MPI rank :      663
     Total           time :  128.537044 (SYPD:     1.826 ) on MPI rank :      663
     Computing       time :    0.000000                    on MPI rank :      664
     Waiting lbc_lnk time :    0.000000 ( 0.0 %)           on MPI rank :      664
     Waiting  global time :    0.000000 ( 0.0 %)           on MPI rank :      664
     Total           time :  128.540454 (SYPD:     1.826 ) on MPI rank :      664
     Computing       time :    0.000000                    on MPI rank :      665
     Waiting lbc_lnk time :    0.000000 ( 0.0 %)           on MPI rank :      665
     Waiting  global time :    0.000000 ( 0.0 %)           on MPI rank :      665
     Total           time :  128.540416 (SYPD:     1.826 ) on MPI rank :      665
     Computing       time :    0.000000                    on MPI rank :      666
     Waiting lbc_lnk time :    0.000000 ( 0.0 %)           on MPI rank :      666
     Waiting  global time :    0.000000 ( 0.0 %)           on MPI rank :      666
     Total           time :  128.539064 (SYPD:     1.826 ) on MPI rank :      666
     Computing       time :    0.000000                    on MPI rank :      667
     Waiting lbc_lnk time :    0.000000 ( 0.0 %)           on MPI rank :      667
     Waiting  global time :    0.000000 ( 0.0 %)           on MPI rank :      667
     Total           time :  128.538943 (SYPD:     1.826 ) on MPI rank :      667
     Computing       time :    0.000000                    on MPI rank :      668
     Waiting lbc_lnk time :    0.000000 ( 0.0 %)           on MPI rank :      668
     Waiting  global time :    0.000000 ( 0.0 %)           on MPI rank :      668
     Total           time :  128.538578 (SYPD:     1.826 ) on MPI rank :      668
     Computing       time :    0.000000                    on MPI rank :      669
     Waiting lbc_lnk time :    0.000000 ( 0.0 %)           on MPI rank :      669
     Waiting  global time :    0.000000 ( 0.0 %)           on MPI rank :      669
     Total           time :  128.540361 (SYPD:     1.826 ) on MPI rank :      669
     Computing       time :    0.000000                    on MPI rank :      670
     Waiting lbc_lnk time :    0.000000 ( 0.0 %)           on MPI rank :      670
     Waiting  global time :    0.000000 ( 0.0 %)           on MPI rank :      670
     Total           time :  128.546070 (SYPD:     1.826 ) on MPI rank :      670
     Computing       time :    0.000000                    on MPI rank :      671
     Waiting lbc_lnk time :    0.000000 ( 0.0 %)           on MPI rank :      671
     Waiting  global time :    0.000000 ( 0.0 %)           on MPI rank :      671
     Total           time :  128.546247 (SYPD:     1.826 ) on MPI rank :      671
     Computing       time :    0.000000                    on MPI rank :      672
     Waiting lbc_lnk time :    0.000000 ( 0.0 %)           on MPI rank :      672
     Waiting  global time :    0.000000 ( 0.0 %)           on MPI rank :      672
     Total           time :  128.537545 (SYPD:     1.826 ) on MPI rank :      672
     Computing       time :    0.000000                    on MPI rank :      673
     Waiting lbc_lnk time :    0.000000 ( 0.0 %)           on MPI rank :      673
     Waiting  global time :    0.000000 ( 0.0 %)           on MPI rank :      673
     Total           time :  128.541397 (SYPD:     1.826 ) on MPI rank :      673
     Computing       time :    0.000000                    on MPI rank :      674
     Waiting lbc_lnk time :    0.000000 ( 0.0 %)           on MPI rank :      674
     Waiting  global time :    0.000000 ( 0.0 %)           on MPI rank :      674
     Total           time :  128.542333 (SYPD:     1.826 ) on MPI rank :      674
     Computing       time :    0.000000                    on MPI rank :      675
     Waiting lbc_lnk time :    0.000000 ( 0.0 %)           on MPI rank :      675
     Waiting  global time :    0.000000 ( 0.0 %)           on MPI rank :      675
     Total           time :  128.554860 (SYPD:     1.826 ) on MPI rank :      675
     Computing       time :    0.000000                    on MPI rank :      676
     Waiting lbc_lnk time :    0.000000 ( 0.0 %)           on MPI rank :      676
     Waiting  global time :    0.000000 ( 0.0 %)           on MPI rank :      676
     Total           time :  128.592866 (SYPD:     1.825 ) on MPI rank :      676
     Computing       time :    0.000000                    on MPI rank :      677
     Waiting lbc_lnk time :    0.000000 ( 0.0 %)           on MPI rank :      677
     Waiting  global time :    0.000000 ( 0.0 %)           on MPI rank :      677
     Total           time :  128.594250 (SYPD:     1.825 ) on MPI rank :      677
     Computing       time :    0.000000                    on MPI rank :      678
     Waiting lbc_lnk time :    0.000000 ( 0.0 %)           on MPI rank :      678
     Waiting  global time :    0.000000 ( 0.0 %)           on MPI rank :      678
     Total           time :  128.592940 (SYPD:     1.825 ) on MPI rank :      678
     Computing       time :    0.000000                    on MPI rank :      679
     Waiting lbc_lnk time :    0.000000 ( 0.0 %)           on MPI rank :      679
     Waiting  global time :    0.000000 ( 0.0 %)           on MPI rank :      679
     Total           time :  128.564530 (SYPD:     1.826 ) on MPI rank :      679
     Computing       time :    0.000000                    on MPI rank :      680
     Waiting lbc_lnk time :    0.000000 ( 0.0 %)           on MPI rank :      680
     Waiting  global time :    0.000000 ( 0.0 %)           on MPI rank :      680
     Total           time :  128.554000 (SYPD:     1.826 ) on MPI rank :      680
     Computing       time :    0.000000                    on MPI rank :      681
     Waiting lbc_lnk time :    0.000000 ( 0.0 %)           on MPI rank :      681
     Waiting  global time :    0.000000 ( 0.0 %)           on MPI rank :      681
     Total           time :  128.549931 (SYPD:     1.826 ) on MPI rank :      681
     Computing       time :    0.000000                    on MPI rank :      682
     Waiting lbc_lnk time :    0.000000 ( 0.0 %)           on MPI rank :      682
     Waiting  global time :    0.000000 ( 0.0 %)           on MPI rank :      682
     Total           time :  128.549642 (SYPD:     1.826 ) on MPI rank :      682
     Computing       time :    0.000000                    on MPI rank :      683
     Waiting lbc_lnk time :    0.000000 ( 0.0 %)           on MPI rank :      683
     Waiting  global time :    0.000000 ( 0.0 %)           on MPI rank :      683
     Total           time :  128.535809 (SYPD:     1.826 ) on MPI rank :      683
     Computing       time :    0.000000                    on MPI rank :      684
     Waiting lbc_lnk time :    0.000000 ( 0.0 %)           on MPI rank :      684
     Waiting  global time :    0.000000 ( 0.0 %)           on MPI rank :      684
     Total           time :  128.534761 (SYPD:     1.826 ) on MPI rank :      684
     Computing       time :    0.000000                    on MPI rank :      685
     Waiting lbc_lnk time :    0.000000 ( 0.0 %)           on MPI rank :      685
     Waiting  global time :    0.000000 ( 0.0 %)           on MPI rank :      685
     Total           time :  128.531490 (SYPD:     1.826 ) on MPI rank :      685
     Computing       time :    0.000000                    on MPI rank :      686
     Waiting lbc_lnk time :    0.000000 ( 0.0 %)           on MPI rank :      686
     Waiting  global time :    0.000000 ( 0.0 %)           on MPI rank :      686
     Total           time :  128.531533 (SYPD:     1.826 ) on MPI rank :      686
     Computing       time :    0.000000                    on MPI rank :      687
     Waiting lbc_lnk time :    0.000000 ( 0.0 %)           on MPI rank :      687
     Waiting  global time :    0.000000 ( 0.0 %)           on MPI rank :      687
     Total           time :  128.527405 (SYPD:     1.826 ) on MPI rank :      687
     Computing       time :    0.000000                    on MPI rank :      688
     Waiting lbc_lnk time :    0.000000 ( 0.0 %)           on MPI rank :      688
     Waiting  global time :    0.000000 ( 0.0 %)           on MPI rank :      688
     Total           time :  128.532920 (SYPD:     1.826 ) on MPI rank :      688
     Computing       time :    0.000000                    on MPI rank :      689
     Waiting lbc_lnk time :    0.000000 ( 0.0 %)           on MPI rank :      689
     Waiting  global time :    0.000000 ( 0.0 %)           on MPI rank :      689
     Total           time :  128.523583 (SYPD:     1.826 ) on MPI rank :      689
     Computing       time :    0.000000                    on MPI rank :      690
     Waiting lbc_lnk time :    0.000000 ( 0.0 %)           on MPI rank :      690
     Waiting  global time :    0.000000 ( 0.0 %)           on MPI rank :      690
     Total           time :  128.525099 (SYPD:     1.826 ) on MPI rank :      690
     Computing       time :    0.000000                    on MPI rank :      691
     Waiting lbc_lnk time :    0.000000 ( 0.0 %)           on MPI rank :      691
     Waiting  global time :    0.000000 ( 0.0 %)           on MPI rank :      691
     Total           time :  128.524962 (SYPD:     1.826 ) on MPI rank :      691
     Computing       time :    0.000000                    on MPI rank :      692
     Waiting lbc_lnk time :    0.000000 ( 0.0 %)           on MPI rank :      692
     Waiting  global time :    0.000000 ( 0.0 %)           on MPI rank :      692
     Total           time :  128.524336 (SYPD:     1.826 ) on MPI rank :      692
     Computing       time :    0.000000                    on MPI rank :      693
     Waiting lbc_lnk time :    0.000000 ( 0.0 %)           on MPI rank :      693
     Waiting  global time :    0.000000 ( 0.0 %)           on MPI rank :      693
     Total           time :  128.523102 (SYPD:     1.826 ) on MPI rank :      693
     Computing       time :    0.000000                    on MPI rank :      694
     Waiting lbc_lnk time :    0.000000 ( 0.0 %)           on MPI rank :      694
     Waiting  global time :    0.000000 ( 0.0 %)           on MPI rank :      694
     Total           time :  128.518684 (SYPD:     1.827 ) on MPI rank :      694
     Computing       time :    0.000000                    on MPI rank :      695
     Waiting lbc_lnk time :    0.000000 ( 0.0 %)           on MPI rank :      695
     Waiting  global time :    0.000000 ( 0.0 %)           on MPI rank :      695
     Total           time :  128.519222 (SYPD:     1.826 ) on MPI rank :      695
     Computing       time :    0.000000                    on MPI rank :      696
     Waiting lbc_lnk time :    0.000000 ( 0.0 %)           on MPI rank :      696
     Waiting  global time :    0.000000 ( 0.0 %)           on MPI rank :      696
     Total           time :  128.518751 (SYPD:     1.827 ) on MPI rank :      696
     Computing       time :    0.000000                    on MPI rank :      697
     Waiting lbc_lnk time :    0.000000 ( 0.0 %)           on MPI rank :      697
     Waiting  global time :    0.000000 ( 0.0 %)           on MPI rank :      697
     Total           time :  128.517688 (SYPD:     1.827 ) on MPI rank :      697
     Computing       time :    0.000000                    on MPI rank :      698
     Waiting lbc_lnk time :    0.000000 ( 0.0 %)           on MPI rank :      698
     Waiting  global time :    0.000000 ( 0.0 %)           on MPI rank :      698
     Total           time :  128.518846 (SYPD:     1.827 ) on MPI rank :      698
     Computing       time :    0.000000                    on MPI rank :      699
     Waiting lbc_lnk time :    0.000000 ( 0.0 %)           on MPI rank :      699
     Waiting  global time :    0.000000 ( 0.0 %)           on MPI rank :      699
     Total           time :  128.518773 (SYPD:     1.827 ) on MPI rank :      699
     Computing       time :    0.000000                    on MPI rank :      700
     Waiting lbc_lnk time :    0.000000 ( 0.0 %)           on MPI rank :      700
     Waiting  global time :    0.000000 ( 0.0 %)           on MPI rank :      700
     Total           time :  128.518303 (SYPD:     1.827 ) on MPI rank :      700
     Computing       time :    0.000000                    on MPI rank :      701
     Waiting lbc_lnk time :    0.000000 ( 0.0 %)           on MPI rank :      701
     Waiting  global time :    0.000000 ( 0.0 %)           on MPI rank :      701
     Total           time :  128.520491 (SYPD:     1.826 ) on MPI rank :      701
     Computing       time :    0.000000                    on MPI rank :      702
     Waiting lbc_lnk time :    0.000000 ( 0.0 %)           on MPI rank :      702
     Waiting  global time :    0.000000 ( 0.0 %)           on MPI rank :      702
     Total           time :  128.520644 (SYPD:     1.826 ) on MPI rank :      702
     Computing       time :    0.000000                    on MPI rank :      703
     Waiting lbc_lnk time :    0.000000 ( 0.0 %)           on MPI rank :      703
     Waiting  global time :    0.000000 ( 0.0 %)           on MPI rank :      703
     Total           time :  128.520758 (SYPD:     1.826 ) on MPI rank :      703
     Computing       time :    0.000000                    on MPI rank :      704
     Waiting lbc_lnk time :    0.000000 ( 0.0 %)           on MPI rank :      704
     Waiting  global time :    0.000000 ( 0.0 %)           on MPI rank :      704
     Total           time :  128.526310 (SYPD:     1.826 ) on MPI rank :      704
     Computing       time :    0.000000                    on MPI rank :      705
     Waiting lbc_lnk time :    0.000000 ( 0.0 %)           on MPI rank :      705
     Waiting  global time :    0.000000 ( 0.0 %)           on MPI rank :      705
     Total           time :  128.527891 (SYPD:     1.826 ) on MPI rank :      705
     Computing       time :    0.000000                    on MPI rank :      706
     Waiting lbc_lnk time :    0.000000 ( 0.0 %)           on MPI rank :      706
     Waiting  global time :    0.000000 ( 0.0 %)           on MPI rank :      706
     Total           time :  128.529472 (SYPD:     1.826 ) on MPI rank :      706
     Computing       time :    0.000000                    on MPI rank :      707
     Waiting lbc_lnk time :    0.000000 ( 0.0 %)           on MPI rank :      707
     Waiting  global time :    0.000000 ( 0.0 %)           on MPI rank :      707
     Total           time :  128.529322 (SYPD:     1.826 ) on MPI rank :      707
     Computing       time :    0.000000                    on MPI rank :      708
     Waiting lbc_lnk time :    0.000000 ( 0.0 %)           on MPI rank :      708
     Waiting  global time :    0.000000 ( 0.0 %)           on MPI rank :      708
     Total           time :  128.529790 (SYPD:     1.826 ) on MPI rank :      708
     Computing       time :    0.000000                    on MPI rank :      709
     Waiting lbc_lnk time :    0.000000 ( 0.0 %)           on MPI rank :      709
     Waiting  global time :    0.000000 ( 0.0 %)           on MPI rank :      709
     Total           time :  128.529583 (SYPD:     1.826 ) on MPI rank :      709
     Computing       time :    0.000000                    on MPI rank :      710
     Waiting lbc_lnk time :    0.000000 ( 0.0 %)           on MPI rank :      710
     Waiting  global time :    0.000000 ( 0.0 %)           on MPI rank :      710
     Total           time :  128.530659 (SYPD:     1.826 ) on MPI rank :      710
     Computing       time :    0.000000                    on MPI rank :      711
     Waiting lbc_lnk time :    0.000000 ( 0.0 %)           on MPI rank :      711
     Waiting  global time :    0.000000 ( 0.0 %)           on MPI rank :      711
     Total           time :  128.531294 (SYPD:     1.826 ) on MPI rank :      711
     Computing       time :    0.000000                    on MPI rank :      712
     Waiting lbc_lnk time :    0.000000 ( 0.0 %)           on MPI rank :      712
     Waiting  global time :    0.000000 ( 0.0 %)           on MPI rank :      712
     Total           time :  128.533368 (SYPD:     1.826 ) on MPI rank :      712
     Computing       time :    0.000000                    on MPI rank :      713
     Waiting lbc_lnk time :    0.000000 ( 0.0 %)           on MPI rank :      713
     Waiting  global time :    0.000000 ( 0.0 %)           on MPI rank :      713
     Total           time :  128.531831 (SYPD:     1.826 ) on MPI rank :      713
     Computing       time :    0.000000                    on MPI rank :      714
     Waiting lbc_lnk time :    0.000000 ( 0.0 %)           on MPI rank :      714
     Waiting  global time :    0.000000 ( 0.0 %)           on MPI rank :      714
     Total           time :  128.534480 (SYPD:     1.826 ) on MPI rank :      714
     Computing       time :    0.000000                    on MPI rank :      715
     Waiting lbc_lnk time :    0.000000 ( 0.0 %)           on MPI rank :      715
     Waiting  global time :    0.000000 ( 0.0 %)           on MPI rank :      715
     Total           time :  128.534505 (SYPD:     1.826 ) on MPI rank :      715
     Computing       time :    0.000000                    on MPI rank :      716
     Waiting lbc_lnk time :    0.000000 ( 0.0 %)           on MPI rank :      716
     Waiting  global time :    0.000000 ( 0.0 %)           on MPI rank :      716
     Total           time :  128.535223 (SYPD:     1.826 ) on MPI rank :      716
     Computing       time :    0.000000                    on MPI rank :      717
     Waiting lbc_lnk time :    0.000000 ( 0.0 %)           on MPI rank :      717
     Waiting  global time :    0.000000 ( 0.0 %)           on MPI rank :      717
     Total           time :  128.536047 (SYPD:     1.826 ) on MPI rank :      717
     Computing       time :    0.000000                    on MPI rank :      718
     Waiting lbc_lnk time :    0.000000 ( 0.0 %)           on MPI rank :      718
     Waiting  global time :    0.000000 ( 0.0 %)           on MPI rank :      718
     Total           time :  128.535981 (SYPD:     1.826 ) on MPI rank :      718
     Computing       time :    0.000000                    on MPI rank :      719
     Waiting lbc_lnk time :    0.000000 ( 0.0 %)           on MPI rank :      719
     Waiting  global time :    0.000000 ( 0.0 %)           on MPI rank :      719
     Total           time :  128.536227 (SYPD:     1.826 ) on MPI rank :      719
     Computing       time :    0.000000                    on MPI rank :      720
     Waiting lbc_lnk time :    0.000000 ( 0.0 %)           on MPI rank :      720
     Waiting  global time :    0.000000 ( 0.0 %)           on MPI rank :      720
     Total           time :  128.536893 (SYPD:     1.826 ) on MPI rank :      720
     Computing       time :    0.000000                    on MPI rank :      721
     Waiting lbc_lnk time :    0.000000 ( 0.0 %)           on MPI rank :      721
     Waiting  global time :    0.000000 ( 0.0 %)           on MPI rank :      721
     Total           time :  128.537953 (SYPD:     1.826 ) on MPI rank :      721
     Computing       time :    0.000000                    on MPI rank :      722
     Waiting lbc_lnk time :    0.000000 ( 0.0 %)           on MPI rank :      722
     Waiting  global time :    0.000000 ( 0.0 %)           on MPI rank :      722
     Total           time :  128.539637 (SYPD:     1.826 ) on MPI rank :      722
     Computing       time :    0.000000                    on MPI rank :      723
     Waiting lbc_lnk time :    0.000000 ( 0.0 %)           on MPI rank :      723
     Waiting  global time :    0.000000 ( 0.0 %)           on MPI rank :      723
     Total           time :  128.537848 (SYPD:     1.826 ) on MPI rank :      723
     Computing       time :    0.000000                    on MPI rank :      724
     Waiting lbc_lnk time :    0.000000 ( 0.0 %)           on MPI rank :      724
     Waiting  global time :    0.000000 ( 0.0 %)           on MPI rank :      724
     Total           time :  128.537899 (SYPD:     1.826 ) on MPI rank :      724
     Computing       time :    0.000000                    on MPI rank :      725
     Waiting lbc_lnk time :    0.000000 ( 0.0 %)           on MPI rank :      725
     Waiting  global time :    0.000000 ( 0.0 %)           on MPI rank :      725
     Total           time :  128.537536 (SYPD:     1.826 ) on MPI rank :      725
     Computing       time :    0.000000                    on MPI rank :      726
     Waiting lbc_lnk time :    0.000000 ( 0.0 %)           on MPI rank :      726
     Waiting  global time :    0.000000 ( 0.0 %)           on MPI rank :      726
     Total           time :  128.547076 (SYPD:     1.826 ) on MPI rank :      726
     Computing       time :    0.000000                    on MPI rank :      727
     Waiting lbc_lnk time :    0.000000 ( 0.0 %)           on MPI rank :      727
     Waiting  global time :    0.000000 ( 0.0 %)           on MPI rank :      727
     Total           time :  128.538827 (SYPD:     1.826 ) on MPI rank :      727
     Computing       time :    0.000000                    on MPI rank :      728
     Waiting lbc_lnk time :    0.000000 ( 0.0 %)           on MPI rank :      728
     Waiting  global time :    0.000000 ( 0.0 %)           on MPI rank :      728
     Total           time :  128.540370 (SYPD:     1.826 ) on MPI rank :      728
     Computing       time :    0.000000                    on MPI rank :      729
     Waiting lbc_lnk time :    0.000000 ( 0.0 %)           on MPI rank :      729
     Waiting  global time :    0.000000 ( 0.0 %)           on MPI rank :      729
     Total           time :  128.593967 (SYPD:     1.825 ) on MPI rank :      729
     Computing       time :    0.000000                    on MPI rank :      730
     Waiting lbc_lnk time :    0.000000 ( 0.0 %)           on MPI rank :      730
     Waiting  global time :    0.000000 ( 0.0 %)           on MPI rank :      730
     Total           time :  128.593218 (SYPD:     1.825 ) on MPI rank :      730
     Computing       time :    0.000000                    on MPI rank :      731
     Waiting lbc_lnk time :    0.000000 ( 0.0 %)           on MPI rank :      731
     Waiting  global time :    0.000000 ( 0.0 %)           on MPI rank :      731
     Total           time :  128.592451 (SYPD:     1.825 ) on MPI rank :      731
     Computing       time :    0.000000                    on MPI rank :      732
     Waiting lbc_lnk time :    0.000000 ( 0.0 %)           on MPI rank :      732
     Waiting  global time :    0.000000 ( 0.0 %)           on MPI rank :      732
     Total           time :  128.557701 (SYPD:     1.826 ) on MPI rank :      732
     Computing       time :    0.000000                    on MPI rank :      733
     Waiting lbc_lnk time :    0.000000 ( 0.0 %)           on MPI rank :      733
     Waiting  global time :    0.000000 ( 0.0 %)           on MPI rank :      733
     Total           time :  128.555388 (SYPD:     1.826 ) on MPI rank :      733
     Computing       time :    0.000000                    on MPI rank :      734
     Waiting lbc_lnk time :    0.000000 ( 0.0 %)           on MPI rank :      734
     Waiting  global time :    0.000000 ( 0.0 %)           on MPI rank :      734
     Total           time :  128.552227 (SYPD:     1.826 ) on MPI rank :      734
     Computing       time :    0.000000                    on MPI rank :      735
     Waiting lbc_lnk time :    0.000000 ( 0.0 %)           on MPI rank :      735
     Waiting  global time :    0.000000 ( 0.0 %)           on MPI rank :      735
     Total           time :  128.550573 (SYPD:     1.826 ) on MPI rank :      735
     Computing       time :    0.000000                    on MPI rank :      736
     Waiting lbc_lnk time :    0.000000 ( 0.0 %)           on MPI rank :      736
     Waiting  global time :    0.000000 ( 0.0 %)           on MPI rank :      736
     Total           time :  128.533108 (SYPD:     1.826 ) on MPI rank :      736
     Computing       time :    0.000000                    on MPI rank :      737
     Waiting lbc_lnk time :    0.000000 ( 0.0 %)           on MPI rank :      737
     Waiting  global time :    0.000000 ( 0.0 %)           on MPI rank :      737
     Total           time :  128.530088 (SYPD:     1.826 ) on MPI rank :      737
     Computing       time :    0.000000                    on MPI rank :      738
     Waiting lbc_lnk time :    0.000000 ( 0.0 %)           on MPI rank :      738
     Waiting  global time :    0.000000 ( 0.0 %)           on MPI rank :      738
     Total           time :  128.527402 (SYPD:     1.826 ) on MPI rank :      738
     Computing       time :    0.000000                    on MPI rank :      739
     Waiting lbc_lnk time :    0.000000 ( 0.0 %)           on MPI rank :      739
     Waiting  global time :    0.000000 ( 0.0 %)           on MPI rank :      739
     Total           time :  128.528355 (SYPD:     1.826 ) on MPI rank :      739
     Computing       time :    0.000000                    on MPI rank :      740
     Waiting lbc_lnk time :    0.000000 ( 0.0 %)           on MPI rank :      740
     Waiting  global time :    0.000000 ( 0.0 %)           on MPI rank :      740
     Total           time :  128.522164 (SYPD:     1.826 ) on MPI rank :      740
     Computing       time :    0.000000                    on MPI rank :      741
     Waiting lbc_lnk time :    0.000000 ( 0.0 %)           on MPI rank :      741
     Waiting  global time :    0.000000 ( 0.0 %)           on MPI rank :      741
     Total           time :  128.523049 (SYPD:     1.826 ) on MPI rank :      741
     Computing       time :    0.000000                    on MPI rank :      742
     Waiting lbc_lnk time :    0.000000 ( 0.0 %)           on MPI rank :      742
     Waiting  global time :    0.000000 ( 0.0 %)           on MPI rank :      742
     Total           time :  127.222736 (SYPD:     1.845 ) on MPI rank :      742
     Computing       time :    0.000000                    on MPI rank :      743
     Waiting lbc_lnk time :    0.000000 ( 0.0 %)           on MPI rank :      743
     Waiting  global time :    0.000000 ( 0.0 %)           on MPI rank :      743
     Total           time :  128.520877 (SYPD:     1.826 ) on MPI rank :      743
     Computing       time :    0.000000                    on MPI rank :      744
     Waiting lbc_lnk time :    0.000000 ( 0.0 %)           on MPI rank :      744
     Waiting  global time :    0.000000 ( 0.0 %)           on MPI rank :      744
     Total           time :  128.520305 (SYPD:     1.826 ) on MPI rank :      744
     Computing       time :    0.000000                    on MPI rank :      745
     Waiting lbc_lnk time :    0.000000 ( 0.0 %)           on MPI rank :      745
     Waiting  global time :    0.000000 ( 0.0 %)           on MPI rank :      745
     Total           time :  128.520408 (SYPD:     1.826 ) on MPI rank :      745
     Computing       time :    0.000000                    on MPI rank :      746
     Waiting lbc_lnk time :    0.000000 ( 0.0 %)           on MPI rank :      746
     Waiting  global time :    0.000000 ( 0.0 %)           on MPI rank :      746
     Total           time :  128.521401 (SYPD:     1.826 ) on MPI rank :      746
     Computing       time :    0.000000                    on MPI rank :      747
     Waiting lbc_lnk time :    0.000000 ( 0.0 %)           on MPI rank :      747
     Waiting  global time :    0.000000 ( 0.0 %)           on MPI rank :      747
     Total           time :  128.520974 (SYPD:     1.826 ) on MPI rank :      747
     Computing       time :    0.000000                    on MPI rank :      748
     Waiting lbc_lnk time :    0.000000 ( 0.0 %)           on MPI rank :      748
     Waiting  global time :    0.000000 ( 0.0 %)           on MPI rank :      748
     Total           time :  128.528936 (SYPD:     1.826 ) on MPI rank :      748
     Computing       time :    0.000000                    on MPI rank :      749
     Waiting lbc_lnk time :    0.000000 ( 0.0 %)           on MPI rank :      749
     Waiting  global time :    0.000000 ( 0.0 %)           on MPI rank :      749
     Total           time :  128.529211 (SYPD:     1.826 ) on MPI rank :      749
     Computing       time :    0.000000                    on MPI rank :      750
     Waiting lbc_lnk time :    0.000000 ( 0.0 %)           on MPI rank :      750
     Waiting  global time :    0.000000 ( 0.0 %)           on MPI rank :      750
     Total           time :  128.528977 (SYPD:     1.826 ) on MPI rank :      750
     Computing       time :    0.000000                    on MPI rank :      751
     Waiting lbc_lnk time :    0.000000 ( 0.0 %)           on MPI rank :      751
     Waiting  global time :    0.000000 ( 0.0 %)           on MPI rank :      751
     Total           time :  128.529083 (SYPD:     1.826 ) on MPI rank :      751
     Computing       time :    0.000000                    on MPI rank :      752
     Waiting lbc_lnk time :    0.000000 ( 0.0 %)           on MPI rank :      752
     Waiting  global time :    0.000000 ( 0.0 %)           on MPI rank :      752
     Total           time :  128.528745 (SYPD:     1.826 ) on MPI rank :      752
     Computing       time :    0.000000                    on MPI rank :      753
     Waiting lbc_lnk time :    0.000000 ( 0.0 %)           on MPI rank :      753
     Waiting  global time :    0.000000 ( 0.0 %)           on MPI rank :      753
     Total           time :  128.528497 (SYPD:     1.826 ) on MPI rank :      753
     Computing       time :    0.000000                    on MPI rank :      754
     Waiting lbc_lnk time :    0.000000 ( 0.0 %)           on MPI rank :      754
     Waiting  global time :    0.000000 ( 0.0 %)           on MPI rank :      754
     Total           time :  128.527857 (SYPD:     1.826 ) on MPI rank :      754
     Computing       time :    0.000000                    on MPI rank :      755
     Waiting lbc_lnk time :    0.000000 ( 0.0 %)           on MPI rank :      755
     Waiting  global time :    0.000000 ( 0.0 %)           on MPI rank :      755
     Total           time :  128.525262 (SYPD:     1.826 ) on MPI rank :      755
     Computing       time :    0.000000                    on MPI rank :      756
     Waiting lbc_lnk time :    0.000000 ( 0.0 %)           on MPI rank :      756
     Waiting  global time :    0.000000 ( 0.0 %)           on MPI rank :      756
     Total           time :  128.522339 (SYPD:     1.826 ) on MPI rank :      756
     Computing       time :    0.000000                    on MPI rank :      757
     Waiting lbc_lnk time :    0.000000 ( 0.0 %)           on MPI rank :      757
     Waiting  global time :    0.000000 ( 0.0 %)           on MPI rank :      757
     Total           time :  128.535001 (SYPD:     1.826 ) on MPI rank :      757
     Computing       time :    0.000000                    on MPI rank :      758
     Waiting lbc_lnk time :    0.000000 ( 0.0 %)           on MPI rank :      758
     Waiting  global time :    0.000000 ( 0.0 %)           on MPI rank :      758
     Total           time :  128.533456 (SYPD:     1.826 ) on MPI rank :      758
     Computing       time :    0.000000                    on MPI rank :      759
     Waiting lbc_lnk time :    0.000000 ( 0.0 %)           on MPI rank :      759
     Waiting  global time :    0.000000 ( 0.0 %)           on MPI rank :      759
     Total           time :  128.535317 (SYPD:     1.826 ) on MPI rank :      759
     Computing       time :    0.000000                    on MPI rank :      760
     Waiting lbc_lnk time :    0.000000 ( 0.0 %)           on MPI rank :      760
     Waiting  global time :    0.000000 ( 0.0 %)           on MPI rank :      760
     Total           time :  128.535817 (SYPD:     1.826 ) on MPI rank :      760
     Computing       time :    0.000000                    on MPI rank :      761
     Waiting lbc_lnk time :    0.000000 ( 0.0 %)           on MPI rank :      761
     Waiting  global time :    0.000000 ( 0.0 %)           on MPI rank :      761
     Total           time :  128.536885 (SYPD:     1.826 ) on MPI rank :      761
     Computing       time :    0.000000                    on MPI rank :      762
     Waiting lbc_lnk time :    0.000000 ( 0.0 %)           on MPI rank :      762
     Waiting  global time :    0.000000 ( 0.0 %)           on MPI rank :      762
     Total           time :  128.537431 (SYPD:     1.826 ) on MPI rank :      762
     Computing       time :    0.000000                    on MPI rank :      763
     Waiting lbc_lnk time :    0.000000 ( 0.0 %)           on MPI rank :      763
     Waiting  global time :    0.000000 ( 0.0 %)           on MPI rank :      763
     Total           time :  128.536858 (SYPD:     1.826 ) on MPI rank :      763
     Computing       time :    0.000000                    on MPI rank :      764
     Waiting lbc_lnk time :    0.000000 ( 0.0 %)           on MPI rank :      764
     Waiting  global time :    0.000000 ( 0.0 %)           on MPI rank :      764
     Total           time :  128.540505 (SYPD:     1.826 ) on MPI rank :      764
     Computing       time :    0.000000                    on MPI rank :      765
     Waiting lbc_lnk time :    0.000000 ( 0.0 %)           on MPI rank :      765
     Waiting  global time :    0.000000 ( 0.0 %)           on MPI rank :      765
     Total           time :  128.540656 (SYPD:     1.826 ) on MPI rank :      765
     Computing       time :    0.000000                    on MPI rank :      766
     Waiting lbc_lnk time :    0.000000 ( 0.0 %)           on MPI rank :      766
     Waiting  global time :    0.000000 ( 0.0 %)           on MPI rank :      766
     Total           time :  128.538610 (SYPD:     1.826 ) on MPI rank :      766
     Computing       time :    0.000000                    on MPI rank :      767
     Waiting lbc_lnk time :    0.000000 ( 0.0 %)           on MPI rank :      767
     Waiting  global time :    0.000000 ( 0.0 %)           on MPI rank :      767
     Total           time :  128.541063 (SYPD:     1.826 ) on MPI rank :      767
     Computing       time :    0.000000                    on MPI rank :      768
     Waiting lbc_lnk time :    0.000000 ( 0.0 %)           on MPI rank :      768
     Waiting  global time :    0.000000 ( 0.0 %)           on MPI rank :      768
     Total           time :  128.543005 (SYPD:     1.826 ) on MPI rank :      768
     Computing       time :    0.000000                    on MPI rank :      769
     Waiting lbc_lnk time :    0.000000 ( 0.0 %)           on MPI rank :      769
     Waiting  global time :    0.000000 ( 0.0 %)           on MPI rank :      769
     Total           time :  128.545154 (SYPD:     1.826 ) on MPI rank :      769
     Computing       time :    0.000000                    on MPI rank :      770
     Waiting lbc_lnk time :    0.000000 ( 0.0 %)           on MPI rank :      770
     Waiting  global time :    0.000000 ( 0.0 %)           on MPI rank :      770
     Total           time :  128.544478 (SYPD:     1.826 ) on MPI rank :      770
     Computing       time :    0.000000                    on MPI rank :      771
     Waiting lbc_lnk time :    0.000000 ( 0.0 %)           on MPI rank :      771
     Waiting  global time :    0.000000 ( 0.0 %)           on MPI rank :      771
     Total           time :  128.546106 (SYPD:     1.826 ) on MPI rank :      771
     Computing       time :    0.000000                    on MPI rank :      772
     Waiting lbc_lnk time :    0.000000 ( 0.0 %)           on MPI rank :      772
     Waiting  global time :    0.000000 ( 0.0 %)           on MPI rank :      772
     Total           time :  128.547743 (SYPD:     1.826 ) on MPI rank :      772
     Computing       time :    0.000000                    on MPI rank :      773
     Waiting lbc_lnk time :    0.000000 ( 0.0 %)           on MPI rank :      773
     Waiting  global time :    0.000000 ( 0.0 %)           on MPI rank :      773
     Total           time :  128.547944 (SYPD:     1.826 ) on MPI rank :      773
     Computing       time :    0.000000                    on MPI rank :      774
     Waiting lbc_lnk time :    0.000000 ( 0.0 %)           on MPI rank :      774
     Waiting  global time :    0.000000 ( 0.0 %)           on MPI rank :      774
     Total           time :  128.549491 (SYPD:     1.826 ) on MPI rank :      774
     Computing       time :    0.000000                    on MPI rank :      775
     Waiting lbc_lnk time :    0.000000 ( 0.0 %)           on MPI rank :      775
     Waiting  global time :    0.000000 ( 0.0 %)           on MPI rank :      775
     Total           time :  128.548485 (SYPD:     1.826 ) on MPI rank :      775
     Computing       time :    0.000000                    on MPI rank :      776
     Waiting lbc_lnk time :    0.000000 ( 0.0 %)           on MPI rank :      776
     Waiting  global time :    0.000000 ( 0.0 %)           on MPI rank :      776
     Total           time :  128.549119 (SYPD:     1.826 ) on MPI rank :      776
     Computing       time :    0.000000                    on MPI rank :      777
     Waiting lbc_lnk time :    0.000000 ( 0.0 %)           on MPI rank :      777
     Waiting  global time :    0.000000 ( 0.0 %)           on MPI rank :      777
     Total           time :  128.548616 (SYPD:     1.826 ) on MPI rank :      777
     Computing       time :    0.000000                    on MPI rank :      778
     Waiting lbc_lnk time :    0.000000 ( 0.0 %)           on MPI rank :      778
     Waiting  global time :    0.000000 ( 0.0 %)           on MPI rank :      778
     Total           time :  128.548514 (SYPD:     1.826 ) on MPI rank :      778
     Computing       time :    0.000000                    on MPI rank :      779
     Waiting lbc_lnk time :    0.000000 ( 0.0 %)           on MPI rank :      779
     Waiting  global time :    0.000000 ( 0.0 %)           on MPI rank :      779
     Total           time :  128.548363 (SYPD:     1.826 ) on MPI rank :      779
     Computing       time :    0.000000                    on MPI rank :      780
     Waiting lbc_lnk time :    0.000000 ( 0.0 %)           on MPI rank :      780
     Waiting  global time :    0.000000 ( 0.0 %)           on MPI rank :      780
     Total           time :  128.548492 (SYPD:     1.826 ) on MPI rank :      780
     Computing       time :    0.000000                    on MPI rank :      781
     Waiting lbc_lnk time :    0.000000 ( 0.0 %)           on MPI rank :      781
     Waiting  global time :    0.000000 ( 0.0 %)           on MPI rank :      781
     Total           time :  128.548600 (SYPD:     1.826 ) on MPI rank :      781
     Computing       time :    0.000000                    on MPI rank :      782
     Waiting lbc_lnk time :    0.000000 ( 0.0 %)           on MPI rank :      782
     Waiting  global time :    0.000000 ( 0.0 %)           on MPI rank :      782
     Total           time :  128.549338 (SYPD:     1.826 ) on MPI rank :      782
     Computing       time :    0.000000                    on MPI rank :      783
     Waiting lbc_lnk time :    0.000000 ( 0.0 %)           on MPI rank :      783
     Waiting  global time :    0.000000 ( 0.0 %)           on MPI rank :      783
     Total           time :  128.548118 (SYPD:     1.826 ) on MPI rank :      783
     Computing       time :    0.000000                    on MPI rank :      784
     Waiting lbc_lnk time :    0.000000 ( 0.0 %)           on MPI rank :      784
     Waiting  global time :    0.000000 ( 0.0 %)           on MPI rank :      784
     Total           time :  128.601283 (SYPD:     1.825 ) on MPI rank :      784
     Computing       time :    0.000000                    on MPI rank :      785
     Waiting lbc_lnk time :    0.000000 ( 0.0 %)           on MPI rank :      785
     Waiting  global time :    0.000000 ( 0.0 %)           on MPI rank :      785
     Total           time :  128.598632 (SYPD:     1.825 ) on MPI rank :      785
     Computing       time :    0.000000                    on MPI rank :      786
     Waiting lbc_lnk time :    0.000000 ( 0.0 %)           on MPI rank :      786
     Waiting  global time :    0.000000 ( 0.0 %)           on MPI rank :      786
     Total           time :  128.562831 (SYPD:     1.826 ) on MPI rank :      786
     Computing       time :    0.000000                    on MPI rank :      787
     Waiting lbc_lnk time :    0.000000 ( 0.0 %)           on MPI rank :      787
     Waiting  global time :    0.000000 ( 0.0 %)           on MPI rank :      787
     Total           time :  128.561206 (SYPD:     1.826 ) on MPI rank :      787
     Computing       time :    0.000000                    on MPI rank :      788
     Waiting lbc_lnk time :    0.000000 ( 0.0 %)           on MPI rank :      788
     Waiting  global time :    0.000000 ( 0.0 %)           on MPI rank :      788
     Total           time :  128.559647 (SYPD:     1.826 ) on MPI rank :      788
     Computing       time :    0.000000                    on MPI rank :      789
     Waiting lbc_lnk time :    0.000000 ( 0.0 %)           on MPI rank :      789
     Waiting  global time :    0.000000 ( 0.0 %)           on MPI rank :      789
     Total           time :  128.556509 (SYPD:     1.826 ) on MPI rank :      789
     Computing       time :    0.000000                    on MPI rank :      790
     Waiting lbc_lnk time :    0.000000 ( 0.0 %)           on MPI rank :      790
     Waiting  global time :    0.000000 ( 0.0 %)           on MPI rank :      790
     Total           time :  128.543477 (SYPD:     1.826 ) on MPI rank :      790
     Computing       time :    0.000000                    on MPI rank :      791
     Waiting lbc_lnk time :    0.000000 ( 0.0 %)           on MPI rank :      791
     Waiting  global time :    0.000000 ( 0.0 %)           on MPI rank :      791
     Total           time :  128.542737 (SYPD:     1.826 ) on MPI rank :      791
     Computing       time :    0.000000                    on MPI rank :      792
     Waiting lbc_lnk time :    0.000000 ( 0.0 %)           on MPI rank :      792
     Waiting  global time :    0.000000 ( 0.0 %)           on MPI rank :      792
     Total           time :  128.539388 (SYPD:     1.826 ) on MPI rank :      792
     Computing       time :    0.000000                    on MPI rank :      793
     Waiting lbc_lnk time :    0.000000 ( 0.0 %)           on MPI rank :      793
     Waiting  global time :    0.000000 ( 0.0 %)           on MPI rank :      793
     Total           time :  128.539483 (SYPD:     1.826 ) on MPI rank :      793
     Computing       time :    0.000000                    on MPI rank :      794
     Waiting lbc_lnk time :    0.000000 ( 0.0 %)           on MPI rank :      794
     Waiting  global time :    0.000000 ( 0.0 %)           on MPI rank :      794
     Total           time :  128.536179 (SYPD:     1.826 ) on MPI rank :      794
     Computing       time :    0.000000                    on MPI rank :      795
     Waiting lbc_lnk time :    0.000000 ( 0.0 %)           on MPI rank :      795
     Waiting  global time :    0.000000 ( 0.0 %)           on MPI rank :      795
     Total           time :  128.531464 (SYPD:     1.826 ) on MPI rank :      795
     Computing       time :    0.000000                    on MPI rank :      796
     Waiting lbc_lnk time :    0.000000 ( 0.0 %)           on MPI rank :      796
     Waiting  global time :    0.000000 ( 0.0 %)           on MPI rank :      796
     Total           time :  128.533090 (SYPD:     1.826 ) on MPI rank :      796
     Computing       time :    0.000000                    on MPI rank :      797
     Waiting lbc_lnk time :    0.000000 ( 0.0 %)           on MPI rank :      797
     Waiting  global time :    0.000000 ( 0.0 %)           on MPI rank :      797
     Total           time :  128.532099 (SYPD:     1.826 ) on MPI rank :      797
     Computing       time :    0.000000                    on MPI rank :      798
     Waiting lbc_lnk time :    0.000000 ( 0.0 %)           on MPI rank :      798
     Waiting  global time :    0.000000 ( 0.0 %)           on MPI rank :      798
     Total           time :  128.531839 (SYPD:     1.826 ) on MPI rank :      798
     Computing       time :    0.000000                    on MPI rank :      799
     Waiting lbc_lnk time :    0.000000 ( 0.0 %)           on MPI rank :      799
     Waiting  global time :    0.000000 ( 0.0 %)           on MPI rank :      799
     Total           time :  128.528812 (SYPD:     1.826 ) on MPI rank :      799
     Computing       time :    0.000000                    on MPI rank :      800
     Waiting lbc_lnk time :    0.000000 ( 0.0 %)           on MPI rank :      800
     Waiting  global time :    0.000000 ( 0.0 %)           on MPI rank :      800
     Total           time :  128.528645 (SYPD:     1.826 ) on MPI rank :      800
     Computing       time :    0.000000                    on MPI rank :      801
     Waiting lbc_lnk time :    0.000000 ( 0.0 %)           on MPI rank :      801
     Waiting  global time :    0.000000 ( 0.0 %)           on MPI rank :      801
     Total           time :  128.529267 (SYPD:     1.826 ) on MPI rank :      801
     Computing       time :    0.000000                    on MPI rank :      802
     Waiting lbc_lnk time :    0.000000 ( 0.0 %)           on MPI rank :      802
     Waiting  global time :    0.000000 ( 0.0 %)           on MPI rank :      802
     Total           time :  128.521577 (SYPD:     1.826 ) on MPI rank :      802
     Computing       time :    0.000000                    on MPI rank :      803
     Waiting lbc_lnk time :    0.000000 ( 0.0 %)           on MPI rank :      803
     Waiting  global time :    0.000000 ( 0.0 %)           on MPI rank :      803
     Total           time :  128.521421 (SYPD:     1.826 ) on MPI rank :      803
     Computing       time :    0.000000                    on MPI rank :      804
     Waiting lbc_lnk time :    0.000000 ( 0.0 %)           on MPI rank :      804
     Waiting  global time :    0.000000 ( 0.0 %)           on MPI rank :      804
     Total           time :  128.522067 (SYPD:     1.826 ) on MPI rank :      804
     Computing       time :    0.000000                    on MPI rank :      805
     Waiting lbc_lnk time :    0.000000 ( 0.0 %)           on MPI rank :      805
     Waiting  global time :    0.000000 ( 0.0 %)           on MPI rank :      805
     Total           time :  128.521397 (SYPD:     1.826 ) on MPI rank :      805
     Computing       time :    0.000000                    on MPI rank :      806
     Waiting lbc_lnk time :    0.000000 ( 0.0 %)           on MPI rank :      806
     Waiting  global time :    0.000000 ( 0.0 %)           on MPI rank :      806
     Total           time :  128.518108 (SYPD:     1.827 ) on MPI rank :      806
     Computing       time :    0.000000                    on MPI rank :      807
     Waiting lbc_lnk time :    0.000000 ( 0.0 %)           on MPI rank :      807
     Waiting  global time :    0.000000 ( 0.0 %)           on MPI rank :      807
     Total           time :  128.514681 (SYPD:     1.827 ) on MPI rank :      807
     Computing       time :    0.000000                    on MPI rank :      808
     Waiting lbc_lnk time :    0.000000 ( 0.0 %)           on MPI rank :      808
     Waiting  global time :    0.000000 ( 0.0 %)           on MPI rank :      808
     Total           time :  128.517342 (SYPD:     1.827 ) on MPI rank :      808
     Computing       time :    0.000000                    on MPI rank :      809
     Waiting lbc_lnk time :    0.000000 ( 0.0 %)           on MPI rank :      809
     Waiting  global time :    0.000000 ( 0.0 %)           on MPI rank :      809
     Total           time :  128.514812 (SYPD:     1.827 ) on MPI rank :      809
     Computing       time :    0.000000                    on MPI rank :      810
     Waiting lbc_lnk time :    0.000000 ( 0.0 %)           on MPI rank :      810
     Waiting  global time :    0.000000 ( 0.0 %)           on MPI rank :      810
     Total           time :  128.515039 (SYPD:     1.827 ) on MPI rank :      810
     Computing       time :    0.000000                    on MPI rank :      811
     Waiting lbc_lnk time :    0.000000 ( 0.0 %)           on MPI rank :      811
     Waiting  global time :    0.000000 ( 0.0 %)           on MPI rank :      811
     Total           time :  128.530019 (SYPD:     1.826 ) on MPI rank :      811
     Computing       time :    0.000000                    on MPI rank :      812
     Waiting lbc_lnk time :    0.000000 ( 0.0 %)           on MPI rank :      812
     Waiting  global time :    0.000000 ( 0.0 %)           on MPI rank :      812
     Total           time :  128.525710 (SYPD:     1.826 ) on MPI rank :      812
     Computing       time :    0.000000                    on MPI rank :      813
     Waiting lbc_lnk time :    0.000000 ( 0.0 %)           on MPI rank :      813
     Waiting  global time :    0.000000 ( 0.0 %)           on MPI rank :      813
     Total           time :  128.534357 (SYPD:     1.826 ) on MPI rank :      813
     Computing       time :    0.000000                    on MPI rank :      814
     Waiting lbc_lnk time :    0.000000 ( 0.0 %)           on MPI rank :      814
     Waiting  global time :    0.000000 ( 0.0 %)           on MPI rank :      814
     Total           time :  128.534293 (SYPD:     1.826 ) on MPI rank :      814
     Computing       time :    0.000000                    on MPI rank :      815
     Waiting lbc_lnk time :    0.000000 ( 0.0 %)           on MPI rank :      815
     Waiting  global time :    0.000000 ( 0.0 %)           on MPI rank :      815
     Total           time :  128.533842 (SYPD:     1.826 ) on MPI rank :      815
     Computing       time :    0.000000                    on MPI rank :      816
     Waiting lbc_lnk time :    0.000000 ( 0.0 %)           on MPI rank :      816
     Waiting  global time :    0.000000 ( 0.0 %)           on MPI rank :      816
     Total           time :  128.536657 (SYPD:     1.826 ) on MPI rank :      816
     Computing       time :    0.000000                    on MPI rank :      817
     Waiting lbc_lnk time :    0.000000 ( 0.0 %)           on MPI rank :      817
     Waiting  global time :    0.000000 ( 0.0 %)           on MPI rank :      817
     Total           time :  128.536367 (SYPD:     1.826 ) on MPI rank :      817
     Computing       time :    0.000000                    on MPI rank :      818
     Waiting lbc_lnk time :    0.000000 ( 0.0 %)           on MPI rank :      818
     Waiting  global time :    0.000000 ( 0.0 %)           on MPI rank :      818
     Total           time :  128.536675 (SYPD:     1.826 ) on MPI rank :      818
     Computing       time :    0.000000                    on MPI rank :      819
     Waiting lbc_lnk time :    0.000000 ( 0.0 %)           on MPI rank :      819
     Waiting  global time :    0.000000 ( 0.0 %)           on MPI rank :      819
     Total           time :  128.536434 (SYPD:     1.826 ) on MPI rank :      819
     Computing       time :    0.000000                    on MPI rank :      820
     Waiting lbc_lnk time :    0.000000 ( 0.0 %)           on MPI rank :      820
     Waiting  global time :    0.000000 ( 0.0 %)           on MPI rank :      820
     Total           time :  128.533012 (SYPD:     1.826 ) on MPI rank :      820
     Computing       time :    0.000000                    on MPI rank :      821
     Waiting lbc_lnk time :    0.000000 ( 0.0 %)           on MPI rank :      821
     Waiting  global time :    0.000000 ( 0.0 %)           on MPI rank :      821
     Total           time :  128.531858 (SYPD:     1.826 ) on MPI rank :      821
     Computing       time :    0.000000                    on MPI rank :      822
     Waiting lbc_lnk time :    0.000000 ( 0.0 %)           on MPI rank :      822
     Waiting  global time :    0.000000 ( 0.0 %)           on MPI rank :      822
     Total           time :  128.541886 (SYPD:     1.826 ) on MPI rank :      822
     Computing       time :    0.000000                    on MPI rank :      823
     Waiting lbc_lnk time :    0.000000 ( 0.0 %)           on MPI rank :      823
     Waiting  global time :    0.000000 ( 0.0 %)           on MPI rank :      823
     Total           time :  128.542124 (SYPD:     1.826 ) on MPI rank :      823
     Computing       time :    0.000000                    on MPI rank :      824
     Waiting lbc_lnk time :    0.000000 ( 0.0 %)           on MPI rank :      824
     Waiting  global time :    0.000000 ( 0.0 %)           on MPI rank :      824
     Total           time :  128.543351 (SYPD:     1.826 ) on MPI rank :      824
     Computing       time :    0.000000                    on MPI rank :      825
     Waiting lbc_lnk time :    0.000000 ( 0.0 %)           on MPI rank :      825
     Waiting  global time :    0.000000 ( 0.0 %)           on MPI rank :      825
     Total           time :  128.543044 (SYPD:     1.826 ) on MPI rank :      825
     Computing       time :    0.000000                    on MPI rank :      826
     Waiting lbc_lnk time :    0.000000 ( 0.0 %)           on MPI rank :      826
     Waiting  global time :    0.000000 ( 0.0 %)           on MPI rank :      826
     Total           time :  128.534917 (SYPD:     1.826 ) on MPI rank :      826
     Computing       time :    0.000000                    on MPI rank :      827
     Waiting lbc_lnk time :    0.000000 ( 0.0 %)           on MPI rank :      827
     Waiting  global time :    0.000000 ( 0.0 %)           on MPI rank :      827
     Total           time :  128.541176 (SYPD:     1.826 ) on MPI rank :      827
     Computing       time :    0.000000                    on MPI rank :      828
     Waiting lbc_lnk time :    0.000000 ( 0.0 %)           on MPI rank :      828
     Waiting  global time :    0.000000 ( 0.0 %)           on MPI rank :      828
     Total           time :  128.546447 (SYPD:     1.826 ) on MPI rank :      828
     Computing       time :    0.000000                    on MPI rank :      829
     Waiting lbc_lnk time :    0.000000 ( 0.0 %)           on MPI rank :      829
     Waiting  global time :    0.000000 ( 0.0 %)           on MPI rank :      829
     Total           time :  128.547326 (SYPD:     1.826 ) on MPI rank :      829
     Computing       time :    0.000000                    on MPI rank :      830
     Waiting lbc_lnk time :    0.000000 ( 0.0 %)           on MPI rank :      830
     Waiting  global time :    0.000000 ( 0.0 %)           on MPI rank :      830
     Total           time :  128.547053 (SYPD:     1.826 ) on MPI rank :      830
     Computing       time :    0.000000                    on MPI rank :      831
     Waiting lbc_lnk time :    0.000000 ( 0.0 %)           on MPI rank :      831
     Waiting  global time :    0.000000 ( 0.0 %)           on MPI rank :      831
     Total           time :  128.547013 (SYPD:     1.826 ) on MPI rank :      831
     Computing       time :    0.000000                    on MPI rank :      832
     Waiting lbc_lnk time :    0.000000 ( 0.0 %)           on MPI rank :      832
     Waiting  global time :    0.000000 ( 0.0 %)           on MPI rank :      832
     Total           time :  128.548924 (SYPD:     1.826 ) on MPI rank :      832
     Computing       time :    0.000000                    on MPI rank :      833
     Waiting lbc_lnk time :    0.000000 ( 0.0 %)           on MPI rank :      833
     Waiting  global time :    0.000000 ( 0.0 %)           on MPI rank :      833
     Total           time :  128.540889 (SYPD:     1.826 ) on MPI rank :      833
     Computing       time :    0.000000                    on MPI rank :      834
     Waiting lbc_lnk time :    0.000000 ( 0.0 %)           on MPI rank :      834
     Waiting  global time :    0.000000 ( 0.0 %)           on MPI rank :      834
     Total           time :  128.545974 (SYPD:     1.826 ) on MPI rank :      834
     Computing       time :    0.000000                    on MPI rank :      835
     Waiting lbc_lnk time :    0.000000 ( 0.0 %)           on MPI rank :      835
     Waiting  global time :    0.000000 ( 0.0 %)           on MPI rank :      835
     Total           time :  128.545840 (SYPD:     1.826 ) on MPI rank :      835
     Computing       time :    0.000000                    on MPI rank :      836
     Waiting lbc_lnk time :    0.000000 ( 0.0 %)           on MPI rank :      836
     Waiting  global time :    0.000000 ( 0.0 %)           on MPI rank :      836
     Total           time :  128.546688 (SYPD:     1.826 ) on MPI rank :      836
     Computing       time :    0.000000                    on MPI rank :      837
     Waiting lbc_lnk time :    0.000000 ( 0.0 %)           on MPI rank :      837
     Waiting  global time :    0.000000 ( 0.0 %)           on MPI rank :      837
     Total           time :  128.543558 (SYPD:     1.826 ) on MPI rank :      837
     Computing       time :    0.000000                    on MPI rank :      838
     Waiting lbc_lnk time :    0.000000 ( 0.0 %)           on MPI rank :      838
     Waiting  global time :    0.000000 ( 0.0 %)           on MPI rank :      838
     Total           time :  128.593867 (SYPD:     1.825 ) on MPI rank :      838
     Computing       time :    0.000000                    on MPI rank :      839
     Waiting lbc_lnk time :    0.000000 ( 0.0 %)           on MPI rank :      839
     Waiting  global time :    0.000000 ( 0.0 %)           on MPI rank :      839
     Total           time :  128.562087 (SYPD:     1.826 ) on MPI rank :      839
     Computing       time :    0.000000                    on MPI rank :      840
     Waiting lbc_lnk time :    0.000000 ( 0.0 %)           on MPI rank :      840
     Waiting  global time :    0.000000 ( 0.0 %)           on MPI rank :      840
     Total           time :  128.557539 (SYPD:     1.826 ) on MPI rank :      840
     Computing       time :    0.000000                    on MPI rank :      841
     Waiting lbc_lnk time :    0.000000 ( 0.0 %)           on MPI rank :      841
     Waiting  global time :    0.000000 ( 0.0 %)           on MPI rank :      841
     Total           time :  128.551119 (SYPD:     1.826 ) on MPI rank :      841
     Computing       time :    0.000000                    on MPI rank :      842
     Waiting lbc_lnk time :    0.000000 ( 0.0 %)           on MPI rank :      842
     Waiting  global time :    0.000000 ( 0.0 %)           on MPI rank :      842
     Total           time :  128.555922 (SYPD:     1.826 ) on MPI rank :      842
     Computing       time :    0.000000                    on MPI rank :      843
     Waiting lbc_lnk time :    0.000000 ( 0.0 %)           on MPI rank :      843
     Waiting  global time :    0.000000 ( 0.0 %)           on MPI rank :      843
     Total           time :  128.541812 (SYPD:     1.826 ) on MPI rank :      843
     Computing       time :    0.000000                    on MPI rank :      844
     Waiting lbc_lnk time :    0.000000 ( 0.0 %)           on MPI rank :      844
     Waiting  global time :    0.000000 ( 0.0 %)           on MPI rank :      844
     Total           time :  128.541349 (SYPD:     1.826 ) on MPI rank :      844
     Computing       time :    0.000000                    on MPI rank :      845
     Waiting lbc_lnk time :    0.000000 ( 0.0 %)           on MPI rank :      845
     Waiting  global time :    0.000000 ( 0.0 %)           on MPI rank :      845
     Total           time :  128.538641 (SYPD:     1.826 ) on MPI rank :      845
     Computing       time :    0.000000                    on MPI rank :      846
     Waiting lbc_lnk time :    0.000000 ( 0.0 %)           on MPI rank :      846
     Waiting  global time :    0.000000 ( 0.0 %)           on MPI rank :      846
     Total           time :  128.538998 (SYPD:     1.826 ) on MPI rank :      846
     Computing       time :    0.000000                    on MPI rank :      847
     Waiting lbc_lnk time :    0.000000 ( 0.0 %)           on MPI rank :      847
     Waiting  global time :    0.000000 ( 0.0 %)           on MPI rank :      847
     Total           time :  128.533486 (SYPD:     1.826 ) on MPI rank :      847
     Computing       time :    0.000000                    on MPI rank :      848
     Waiting lbc_lnk time :    0.000000 ( 0.0 %)           on MPI rank :      848
     Waiting  global time :    0.000000 ( 0.0 %)           on MPI rank :      848
     Total           time :  128.522060 (SYPD:     1.826 ) on MPI rank :      848
     Computing       time :    0.000000                    on MPI rank :      849
     Waiting lbc_lnk time :    0.000000 ( 0.0 %)           on MPI rank :      849
     Waiting  global time :    0.000000 ( 0.0 %)           on MPI rank :      849
     Total           time :  128.530112 (SYPD:     1.826 ) on MPI rank :      849
     Computing       time :    0.000000                    on MPI rank :      850
     Waiting lbc_lnk time :    0.000000 ( 0.0 %)           on MPI rank :      850
     Waiting  global time :    0.000000 ( 0.0 %)           on MPI rank :      850
     Total           time :  128.528976 (SYPD:     1.826 ) on MPI rank :      850
     Computing       time :    0.000000                    on MPI rank :      851
     Waiting lbc_lnk time :    0.000000 ( 0.0 %)           on MPI rank :      851
     Waiting  global time :    0.000000 ( 0.0 %)           on MPI rank :      851
     Total           time :  128.520124 (SYPD:     1.826 ) on MPI rank :      851
     Computing       time :    0.000000                    on MPI rank :      852
     Waiting lbc_lnk time :    0.000000 ( 0.0 %)           on MPI rank :      852
     Waiting  global time :    0.000000 ( 0.0 %)           on MPI rank :      852
     Total           time :  128.520008 (SYPD:     1.826 ) on MPI rank :      852
     Computing       time :    0.000000                    on MPI rank :      853
     Waiting lbc_lnk time :    0.000000 ( 0.0 %)           on MPI rank :      853
     Waiting  global time :    0.000000 ( 0.0 %)           on MPI rank :      853
     Total           time :  128.520587 (SYPD:     1.826 ) on MPI rank :      853
     Computing       time :    0.000000                    on MPI rank :      854
     Waiting lbc_lnk time :    0.000000 ( 0.0 %)           on MPI rank :      854
     Waiting  global time :    0.000000 ( 0.0 %)           on MPI rank :      854
     Total           time :  128.520431 (SYPD:     1.826 ) on MPI rank :      854
     Computing       time :    0.000000                    on MPI rank :      855
     Waiting lbc_lnk time :    0.000000 ( 0.0 %)           on MPI rank :      855
     Waiting  global time :    0.000000 ( 0.0 %)           on MPI rank :      855
     Total           time :  128.517987 (SYPD:     1.827 ) on MPI rank :      855
     Computing       time :    0.000000                    on MPI rank :      856
     Waiting lbc_lnk time :    0.000000 ( 0.0 %)           on MPI rank :      856
     Waiting  global time :    0.000000 ( 0.0 %)           on MPI rank :      856
     Total           time :  128.518816 (SYPD:     1.827 ) on MPI rank :      856
     Computing       time :    0.000000                    on MPI rank :      857
     Waiting lbc_lnk time :    0.000000 ( 0.0 %)           on MPI rank :      857
     Waiting  global time :    0.000000 ( 0.0 %)           on MPI rank :      857
     Total           time :  128.517666 (SYPD:     1.827 ) on MPI rank :      857
     Computing       time :    0.000000                    on MPI rank :      858
     Waiting lbc_lnk time :    0.000000 ( 0.0 %)           on MPI rank :      858
     Waiting  global time :    0.000000 ( 0.0 %)           on MPI rank :      858
     Total           time :  128.517873 (SYPD:     1.827 ) on MPI rank :      858
     Computing       time :    0.000000                    on MPI rank :      859
     Waiting lbc_lnk time :    0.000000 ( 0.0 %)           on MPI rank :      859
     Waiting  global time :    0.000000 ( 0.0 %)           on MPI rank :      859
     Total           time :  128.520626 (SYPD:     1.826 ) on MPI rank :      859
     Computing       time :    0.000000                    on MPI rank :      860
     Waiting lbc_lnk time :    0.000000 ( 0.0 %)           on MPI rank :      860
     Waiting  global time :    0.000000 ( 0.0 %)           on MPI rank :      860
     Total           time :  128.516745 (SYPD:     1.827 ) on MPI rank :      860
     Computing       time :    0.000000                    on MPI rank :      861
     Waiting lbc_lnk time :    0.000000 ( 0.0 %)           on MPI rank :      861
     Waiting  global time :    0.000000 ( 0.0 %)           on MPI rank :      861
     Total           time :  127.221008 (SYPD:     1.845 ) on MPI rank :      861
     Computing       time :    0.000000                    on MPI rank :      862
     Waiting lbc_lnk time :    0.000000 ( 0.0 %)           on MPI rank :      862
     Waiting  global time :    0.000000 ( 0.0 %)           on MPI rank :      862
     Total           time :  128.513118 (SYPD:     1.827 ) on MPI rank :      862
     Computing       time :    0.000000                    on MPI rank :      863
     Waiting lbc_lnk time :    0.000000 ( 0.0 %)           on MPI rank :      863
     Waiting  global time :    0.000000 ( 0.0 %)           on MPI rank :      863
     Total           time :  128.525908 (SYPD:     1.826 ) on MPI rank :      863
     Computing       time :    0.000000                    on MPI rank :      864
     Waiting lbc_lnk time :    0.000000 ( 0.0 %)           on MPI rank :      864
     Waiting  global time :    0.000000 ( 0.0 %)           on MPI rank :      864
     Total           time :  128.523511 (SYPD:     1.826 ) on MPI rank :      864
     Computing       time :    0.000000                    on MPI rank :      865
     Waiting lbc_lnk time :    0.000000 ( 0.0 %)           on MPI rank :      865
     Waiting  global time :    0.000000 ( 0.0 %)           on MPI rank :      865
     Total           time :  128.522670 (SYPD:     1.826 ) on MPI rank :      865
     Computing       time :    0.000000                    on MPI rank :      866
     Waiting lbc_lnk time :    0.000000 ( 0.0 %)           on MPI rank :      866
     Waiting  global time :    0.000000 ( 0.0 %)           on MPI rank :      866
     Total           time :  128.522379 (SYPD:     1.826 ) on MPI rank :      866
     Computing       time :    0.000000                    on MPI rank :      867
     Waiting lbc_lnk time :    0.000000 ( 0.0 %)           on MPI rank :      867
     Waiting  global time :    0.000000 ( 0.0 %)           on MPI rank :      867
     Total           time :  128.522134 (SYPD:     1.826 ) on MPI rank :      867
     Computing       time :    0.000000                    on MPI rank :      868
     Waiting lbc_lnk time :    0.000000 ( 0.0 %)           on MPI rank :      868
     Waiting  global time :    0.000000 ( 0.0 %)           on MPI rank :      868
     Total           time :  128.523984 (SYPD:     1.826 ) on MPI rank :      868
     Computing       time :    0.000000                    on MPI rank :      869
     Waiting lbc_lnk time :    0.000000 ( 0.0 %)           on MPI rank :      869
     Waiting  global time :    0.000000 ( 0.0 %)           on MPI rank :      869
     Total           time :  127.231091 (SYPD:     1.845 ) on MPI rank :      869
     Computing       time :    0.000000                    on MPI rank :      870
     Waiting lbc_lnk time :    0.000000 ( 0.0 %)           on MPI rank :      870
     Waiting  global time :    0.000000 ( 0.0 %)           on MPI rank :      870
     Total           time :  128.528587 (SYPD:     1.826 ) on MPI rank :      870
     Computing       time :    0.000000                    on MPI rank :      871
     Waiting lbc_lnk time :    0.000000 ( 0.0 %)           on MPI rank :      871
     Waiting  global time :    0.000000 ( 0.0 %)           on MPI rank :      871
     Total           time :  127.230848 (SYPD:     1.845 ) on MPI rank :      871
     Computing       time :    0.000000                    on MPI rank :      872
     Waiting lbc_lnk time :    0.000000 ( 0.0 %)           on MPI rank :      872
     Waiting  global time :    0.000000 ( 0.0 %)           on MPI rank :      872
     Total           time :  127.230678 (SYPD:     1.845 ) on MPI rank :      872
     Computing       time :    0.000000                    on MPI rank :      873
     Waiting lbc_lnk time :    0.000000 ( 0.0 %)           on MPI rank :      873
     Waiting  global time :    0.000000 ( 0.0 %)           on MPI rank :      873
     Total           time :  127.230777 (SYPD:     1.845 ) on MPI rank :      873
     Computing       time :    0.000000                    on MPI rank :      874
     Waiting lbc_lnk time :    0.000000 ( 0.0 %)           on MPI rank :      874
     Waiting  global time :    0.000000 ( 0.0 %)           on MPI rank :      874
     Total           time :  128.529018 (SYPD:     1.826 ) on MPI rank :      874
     Computing       time :    0.000000                    on MPI rank :      875
     Waiting lbc_lnk time :    0.000000 ( 0.0 %)           on MPI rank :      875
     Waiting  global time :    0.000000 ( 0.0 %)           on MPI rank :      875
     Total           time :  128.530290 (SYPD:     1.826 ) on MPI rank :      875
     Computing       time :    0.000000                    on MPI rank :      876
     Waiting lbc_lnk time :    0.000000 ( 0.0 %)           on MPI rank :      876
     Waiting  global time :    0.000000 ( 0.0 %)           on MPI rank :      876
     Total           time :  128.535080 (SYPD:     1.826 ) on MPI rank :      876
     Computing       time :    0.000000                    on MPI rank :      877
     Waiting lbc_lnk time :    0.000000 ( 0.0 %)           on MPI rank :      877
     Waiting  global time :    0.000000 ( 0.0 %)           on MPI rank :      877
     Total           time :  128.534848 (SYPD:     1.826 ) on MPI rank :      877
     Computing       time :    0.000000                    on MPI rank :      878
     Waiting lbc_lnk time :    0.000000 ( 0.0 %)           on MPI rank :      878
     Waiting  global time :    0.000000 ( 0.0 %)           on MPI rank :      878
     Total           time :  128.536946 (SYPD:     1.826 ) on MPI rank :      878
     Computing       time :    0.000000                    on MPI rank :      879
     Waiting lbc_lnk time :    0.000000 ( 0.0 %)           on MPI rank :      879
     Waiting  global time :    0.000000 ( 0.0 %)           on MPI rank :      879
     Total           time :  128.537429 (SYPD:     1.826 ) on MPI rank :      879
     Computing       time :    0.000000                    on MPI rank :      880
     Waiting lbc_lnk time :    0.000000 ( 0.0 %)           on MPI rank :      880
     Waiting  global time :    0.000000 ( 0.0 %)           on MPI rank :      880
     Total           time :  128.537661 (SYPD:     1.826 ) on MPI rank :      880
     Computing       time :    0.000000                    on MPI rank :      881
     Waiting lbc_lnk time :    0.000000 ( 0.0 %)           on MPI rank :      881
     Waiting  global time :    0.000000 ( 0.0 %)           on MPI rank :      881
     Total           time :  128.539073 (SYPD:     1.826 ) on MPI rank :      881
     Computing       time :    0.000000                    on MPI rank :      882
     Waiting lbc_lnk time :    0.000000 ( 0.0 %)           on MPI rank :      882
     Waiting  global time :    0.000000 ( 0.0 %)           on MPI rank :      882
     Total           time :  128.537229 (SYPD:     1.826 ) on MPI rank :      882
     Computing       time :    0.000000                    on MPI rank :      883
     Waiting lbc_lnk time :    0.000000 ( 0.0 %)           on MPI rank :      883
     Waiting  global time :    0.000000 ( 0.0 %)           on MPI rank :      883
     Total           time :  128.539318 (SYPD:     1.826 ) on MPI rank :      883
     Computing       time :    0.000000                    on MPI rank :      884
     Waiting lbc_lnk time :    0.000000 ( 0.0 %)           on MPI rank :      884
     Waiting  global time :    0.000000 ( 0.0 %)           on MPI rank :      884
     Total           time :  128.537952 (SYPD:     1.826 ) on MPI rank :      884
     Computing       time :    0.000000                    on MPI rank :      885
     Waiting lbc_lnk time :    0.000000 ( 0.0 %)           on MPI rank :      885
     Waiting  global time :    0.000000 ( 0.0 %)           on MPI rank :      885
     Total           time :  128.537292 (SYPD:     1.826 ) on MPI rank :      885
     Computing       time :    0.000000                    on MPI rank :      886
     Waiting lbc_lnk time :    0.000000 ( 0.0 %)           on MPI rank :      886
     Waiting  global time :    0.000000 ( 0.0 %)           on MPI rank :      886
     Total           time :  128.537078 (SYPD:     1.826 ) on MPI rank :      886
     Computing       time :    0.000000                    on MPI rank :      887
     Waiting lbc_lnk time :    0.000000 ( 0.0 %)           on MPI rank :      887
     Waiting  global time :    0.000000 ( 0.0 %)           on MPI rank :      887
     Total           time :  128.536418 (SYPD:     1.826 ) on MPI rank :      887
     Computing       time :    0.000000                    on MPI rank :      888
     Waiting lbc_lnk time :    0.000000 ( 0.0 %)           on MPI rank :      888
     Waiting  global time :    0.000000 ( 0.0 %)           on MPI rank :      888
     Total           time :  128.537813 (SYPD:     1.826 ) on MPI rank :      888
     Computing       time :    0.000000                    on MPI rank :      889
     Waiting lbc_lnk time :    0.000000 ( 0.0 %)           on MPI rank :      889
     Waiting  global time :    0.000000 ( 0.0 %)           on MPI rank :      889
     Total           time :  128.589406 (SYPD:     1.825 ) on MPI rank :      889
     Computing       time :    0.000000                    on MPI rank :      890
     Waiting lbc_lnk time :    0.000000 ( 0.0 %)           on MPI rank :      890
     Waiting  global time :    0.000000 ( 0.0 %)           on MPI rank :      890
     Total           time :  128.588677 (SYPD:     1.826 ) on MPI rank :      890
     Computing       time :    0.000000                    on MPI rank :      891
     Waiting lbc_lnk time :    0.000000 ( 0.0 %)           on MPI rank :      891
     Waiting  global time :    0.000000 ( 0.0 %)           on MPI rank :      891
     Total           time :  128.552135 (SYPD:     1.826 ) on MPI rank :      891
     Computing       time :    0.000000                    on MPI rank :      892
     Waiting lbc_lnk time :    0.000000 ( 0.0 %)           on MPI rank :      892
     Waiting  global time :    0.000000 ( 0.0 %)           on MPI rank :      892
     Total           time :  128.551094 (SYPD:     1.826 ) on MPI rank :      892
     Computing       time :    0.000000                    on MPI rank :      893
     Waiting lbc_lnk time :    0.000000 ( 0.0 %)           on MPI rank :      893
     Waiting  global time :    0.000000 ( 0.0 %)           on MPI rank :      893
     Total           time :  128.547355 (SYPD:     1.826 ) on MPI rank :      893
     Computing       time :    0.000000                    on MPI rank :      894
     Waiting lbc_lnk time :    0.000000 ( 0.0 %)           on MPI rank :      894
     Waiting  global time :    0.000000 ( 0.0 %)           on MPI rank :      894
     Total           time :  128.545667 (SYPD:     1.826 ) on MPI rank :      894
     Computing       time :    0.000000                    on MPI rank :      895
     Waiting lbc_lnk time :    0.000000 ( 0.0 %)           on MPI rank :      895
     Waiting  global time :    0.000000 ( 0.0 %)           on MPI rank :      895
     Total           time :  128.533832 (SYPD:     1.826 ) on MPI rank :      895
     Computing       time :    0.000000                    on MPI rank :      896
     Waiting lbc_lnk time :    0.000000 ( 0.0 %)           on MPI rank :      896
     Waiting  global time :    0.000000 ( 0.0 %)           on MPI rank :      896
     Total           time :  128.534565 (SYPD:     1.826 ) on MPI rank :      896
     Computing       time :    0.000000                    on MPI rank :      897
     Waiting lbc_lnk time :    0.000000 ( 0.0 %)           on MPI rank :      897
     Waiting  global time :    0.000000 ( 0.0 %)           on MPI rank :      897
     Total           time :  128.529304 (SYPD:     1.826 ) on MPI rank :      897
     Computing       time :    0.000000                    on MPI rank :      898
     Waiting lbc_lnk time :    0.000000 ( 0.0 %)           on MPI rank :      898
     Waiting  global time :    0.000000 ( 0.0 %)           on MPI rank :      898
     Total           time :  128.530744 (SYPD:     1.826 ) on MPI rank :      898
     Computing       time :    0.000000                    on MPI rank :      899
     Waiting lbc_lnk time :    0.000000 ( 0.0 %)           on MPI rank :      899
     Waiting  global time :    0.000000 ( 0.0 %)           on MPI rank :      899
     Total           time :  128.528901 (SYPD:     1.826 ) on MPI rank :      899
     Computing       time :    0.000000                    on MPI rank :      900
     Waiting lbc_lnk time :    0.000000 ( 0.0 %)           on MPI rank :      900
     Waiting  global time :    0.000000 ( 0.0 %)           on MPI rank :      900
     Total           time :  128.523134 (SYPD:     1.826 ) on MPI rank :      900
     Computing       time :    0.000000                    on MPI rank :      901
     Waiting lbc_lnk time :    0.000000 ( 0.0 %)           on MPI rank :      901
     Waiting  global time :    0.000000 ( 0.0 %)           on MPI rank :      901
     Total           time :  128.523902 (SYPD:     1.826 ) on MPI rank :      901
     Computing       time :    0.000000                    on MPI rank :      902
     Waiting lbc_lnk time :    0.000000 ( 0.0 %)           on MPI rank :      902
     Waiting  global time :    0.000000 ( 0.0 %)           on MPI rank :      902
     Total           time :  128.522301 (SYPD:     1.826 ) on MPI rank :      902
     Computing       time :    0.000000                    on MPI rank :      903
     Waiting lbc_lnk time :    0.000000 ( 0.0 %)           on MPI rank :      903
     Waiting  global time :    0.000000 ( 0.0 %)           on MPI rank :      903
     Total           time :  128.521932 (SYPD:     1.826 ) on MPI rank :      903
     Computing       time :    0.000000                    on MPI rank :      904
     Waiting lbc_lnk time :    0.000000 ( 0.0 %)           on MPI rank :      904
     Waiting  global time :    0.000000 ( 0.0 %)           on MPI rank :      904
     Total           time :  128.519606 (SYPD:     1.826 ) on MPI rank :      904
     Computing       time :    0.000000                    on MPI rank :      905
     Waiting lbc_lnk time :    0.000000 ( 0.0 %)           on MPI rank :      905
     Waiting  global time :    0.000000 ( 0.0 %)           on MPI rank :      905
     Total           time :  128.520035 (SYPD:     1.826 ) on MPI rank :      905
     Computing       time :    0.000000                    on MPI rank :      906
     Waiting lbc_lnk time :    0.000000 ( 0.0 %)           on MPI rank :      906
     Waiting  global time :    0.000000 ( 0.0 %)           on MPI rank :      906
     Total           time :  128.520400 (SYPD:     1.826 ) on MPI rank :      906
     Computing       time :    0.000000                    on MPI rank :      907
     Waiting lbc_lnk time :    0.000000 ( 0.0 %)           on MPI rank :      907
     Waiting  global time :    0.000000 ( 0.0 %)           on MPI rank :      907
     Total           time :  128.526419 (SYPD:     1.826 ) on MPI rank :      907
     Computing       time :    0.000000                    on MPI rank :      908
     Waiting lbc_lnk time :    0.000000 ( 0.0 %)           on MPI rank :      908
     Waiting  global time :    0.000000 ( 0.0 %)           on MPI rank :      908
     Total           time :  128.526715 (SYPD:     1.826 ) on MPI rank :      908
     Computing       time :    0.000000                    on MPI rank :      909
     Waiting lbc_lnk time :    0.000000 ( 0.0 %)           on MPI rank :      909
     Waiting  global time :    0.000000 ( 0.0 %)           on MPI rank :      909
     Total           time :  128.527190 (SYPD:     1.826 ) on MPI rank :      909
     Computing       time :    0.000000                    on MPI rank :      910
     Waiting lbc_lnk time :    0.000000 ( 0.0 %)           on MPI rank :      910
     Waiting  global time :    0.000000 ( 0.0 %)           on MPI rank :      910
     Total           time :  128.527496 (SYPD:     1.826 ) on MPI rank :      910
     Computing       time :    0.000000                    on MPI rank :      911
     Waiting lbc_lnk time :    0.000000 ( 0.0 %)           on MPI rank :      911
     Waiting  global time :    0.000000 ( 0.0 %)           on MPI rank :      911
     Total           time :  128.525584 (SYPD:     1.826 ) on MPI rank :      911
     Computing       time :    0.000000                    on MPI rank :      912
     Waiting lbc_lnk time :    0.000000 ( 0.0 %)           on MPI rank :      912
     Waiting  global time :    0.000000 ( 0.0 %)           on MPI rank :      912
     Total           time :  128.524126 (SYPD:     1.826 ) on MPI rank :      912
     Computing       time :    0.000000                    on MPI rank :      913
     Waiting lbc_lnk time :    0.000000 ( 0.0 %)           on MPI rank :      913
     Waiting  global time :    0.000000 ( 0.0 %)           on MPI rank :      913
     Total           time :  128.524665 (SYPD:     1.826 ) on MPI rank :      913
     Computing       time :    0.000000                    on MPI rank :      914
     Waiting lbc_lnk time :    0.000000 ( 0.0 %)           on MPI rank :      914
     Waiting  global time :    0.000000 ( 0.0 %)           on MPI rank :      914
     Total           time :  128.525401 (SYPD:     1.826 ) on MPI rank :      914
     Computing       time :    0.000000                    on MPI rank :      915
     Waiting lbc_lnk time :    0.000000 ( 0.0 %)           on MPI rank :      915
     Waiting  global time :    0.000000 ( 0.0 %)           on MPI rank :      915
     Total           time :  128.524102 (SYPD:     1.826 ) on MPI rank :      915
     Computing       time :    0.000000                    on MPI rank :      916
     Waiting lbc_lnk time :    0.000000 ( 0.0 %)           on MPI rank :      916
     Waiting  global time :    0.000000 ( 0.0 %)           on MPI rank :      916
     Total           time :  128.533284 (SYPD:     1.826 ) on MPI rank :      916
     Computing       time :    0.000000                    on MPI rank :      917
     Waiting lbc_lnk time :    0.000000 ( 0.0 %)           on MPI rank :      917
     Waiting  global time :    0.000000 ( 0.0 %)           on MPI rank :      917
     Total           time :  128.533519 (SYPD:     1.826 ) on MPI rank :      917
     Computing       time :    0.000000                    on MPI rank :      918
     Waiting lbc_lnk time :    0.000000 ( 0.0 %)           on MPI rank :      918
     Waiting  global time :    0.000000 ( 0.0 %)           on MPI rank :      918
     Total           time :  128.532255 (SYPD:     1.826 ) on MPI rank :      918
     Computing       time :    0.000000                    on MPI rank :      919
     Waiting lbc_lnk time :    0.000000 ( 0.0 %)           on MPI rank :      919
     Waiting  global time :    0.000000 ( 0.0 %)           on MPI rank :      919
     Total           time :  127.231052 (SYPD:     1.845 ) on MPI rank :      919
     Computing       time :    0.000000                    on MPI rank :      920
     Waiting lbc_lnk time :    0.000000 ( 0.0 %)           on MPI rank :      920
     Waiting  global time :    0.000000 ( 0.0 %)           on MPI rank :      920
     Total           time :  128.531751 (SYPD:     1.826 ) on MPI rank :      920
     Computing       time :    0.000000                    on MPI rank :      921
     Waiting lbc_lnk time :    0.000000 ( 0.0 %)           on MPI rank :      921
     Waiting  global time :    0.000000 ( 0.0 %)           on MPI rank :      921
     Total           time :  128.534067 (SYPD:     1.826 ) on MPI rank :      921
     Computing       time :    0.000000                    on MPI rank :      922
     Waiting lbc_lnk time :    0.000000 ( 0.0 %)           on MPI rank :      922
     Waiting  global time :    0.000000 ( 0.0 %)           on MPI rank :      922
     Total           time :  128.534333 (SYPD:     1.826 ) on MPI rank :      922
     Computing       time :    0.000000                    on MPI rank :      923
     Waiting lbc_lnk time :    0.000000 ( 0.0 %)           on MPI rank :      923
     Waiting  global time :    0.000000 ( 0.0 %)           on MPI rank :      923
     Total           time :  128.534385 (SYPD:     1.826 ) on MPI rank :      923
     Computing       time :    0.000000                    on MPI rank :      924
     Waiting lbc_lnk time :    0.000000 ( 0.0 %)           on MPI rank :      924
     Waiting  global time :    0.000000 ( 0.0 %)           on MPI rank :      924
     Total           time :  127.233570 (SYPD:     1.845 ) on MPI rank :      924
     Computing       time :    0.000000                    on MPI rank :      925
     Waiting lbc_lnk time :    0.000000 ( 0.0 %)           on MPI rank :      925
     Waiting  global time :    0.000000 ( 0.0 %)           on MPI rank :      925
     Total           time :  128.534331 (SYPD:     1.826 ) on MPI rank :      925
     Computing       time :    0.000000                    on MPI rank :      926
     Waiting lbc_lnk time :    0.000000 ( 0.0 %)           on MPI rank :      926
     Waiting  global time :    0.000000 ( 0.0 %)           on MPI rank :      926
     Total           time :  128.534198 (SYPD:     1.826 ) on MPI rank :      926
     Computing       time :    0.000000                    on MPI rank :      927
     Waiting lbc_lnk time :    0.000000 ( 0.0 %)           on MPI rank :      927
     Waiting  global time :    0.000000 ( 0.0 %)           on MPI rank :      927
     Total           time :  128.540429 (SYPD:     1.826 ) on MPI rank :      927
     Computing       time :    0.000000                    on MPI rank :      928
     Waiting lbc_lnk time :    0.000000 ( 0.0 %)           on MPI rank :      928
     Waiting  global time :    0.000000 ( 0.0 %)           on MPI rank :      928
     Total           time :  128.541451 (SYPD:     1.826 ) on MPI rank :      928
     Computing       time :    0.000000                    on MPI rank :      929
     Waiting lbc_lnk time :    0.000000 ( 0.0 %)           on MPI rank :      929
     Waiting  global time :    0.000000 ( 0.0 %)           on MPI rank :      929
     Total           time :  128.541931 (SYPD:     1.826 ) on MPI rank :      929
     Computing       time :    0.000000                    on MPI rank :      930
     Waiting lbc_lnk time :    0.000000 ( 0.0 %)           on MPI rank :      930
     Waiting  global time :    0.000000 ( 0.0 %)           on MPI rank :      930
     Total           time :  128.543260 (SYPD:     1.826 ) on MPI rank :      930
     Computing       time :    0.000000                    on MPI rank :      931
     Waiting lbc_lnk time :    0.000000 ( 0.0 %)           on MPI rank :      931
     Waiting  global time :    0.000000 ( 0.0 %)           on MPI rank :      931
     Total           time :  128.543270 (SYPD:     1.826 ) on MPI rank :      931
     Computing       time :    0.000000                    on MPI rank :      932
     Waiting lbc_lnk time :    0.000000 ( 0.0 %)           on MPI rank :      932
     Waiting  global time :    0.000000 ( 0.0 %)           on MPI rank :      932
     Total           time :  128.545364 (SYPD:     1.826 ) on MPI rank :      932
     Computing       time :    0.000000                    on MPI rank :      933
     Waiting lbc_lnk time :    0.000000 ( 0.0 %)           on MPI rank :      933
     Waiting  global time :    0.000000 ( 0.0 %)           on MPI rank :      933
     Total           time :  128.545011 (SYPD:     1.826 ) on MPI rank :      933
     Computing       time :    0.000000                    on MPI rank :      934
     Waiting lbc_lnk time :    0.000000 ( 0.0 %)           on MPI rank :      934
     Waiting  global time :    0.000000 ( 0.0 %)           on MPI rank :      934
     Total           time :  128.546305 (SYPD:     1.826 ) on MPI rank :      934
     Computing       time :    0.000000                    on MPI rank :      935
     Waiting lbc_lnk time :    0.000000 ( 0.0 %)           on MPI rank :      935
     Waiting  global time :    0.000000 ( 0.0 %)           on MPI rank :      935
     Total           time :  128.545602 (SYPD:     1.826 ) on MPI rank :      935
     Computing       time :    0.000000                    on MPI rank :      936
     Waiting lbc_lnk time :    0.000000 ( 0.0 %)           on MPI rank :      936
     Waiting  global time :    0.000000 ( 0.0 %)           on MPI rank :      936
     Total           time :  128.545109 (SYPD:     1.826 ) on MPI rank :      936
     Computing       time :    0.000000                    on MPI rank :      937
     Waiting lbc_lnk time :    0.000000 ( 0.0 %)           on MPI rank :      937
     Waiting  global time :    0.000000 ( 0.0 %)           on MPI rank :      937
     Total           time :  128.546715 (SYPD:     1.826 ) on MPI rank :      937
     Computing       time :    0.000000                    on MPI rank :      938
     Waiting lbc_lnk time :    0.000000 ( 0.0 %)           on MPI rank :      938
     Waiting  global time :    0.000000 ( 0.0 %)           on MPI rank :      938
     Total           time :  128.545260 (SYPD:     1.826 ) on MPI rank :      938
     Computing       time :    0.000000                    on MPI rank :      939
     Waiting lbc_lnk time :    0.000000 ( 0.0 %)           on MPI rank :      939
     Waiting  global time :    0.000000 ( 0.0 %)           on MPI rank :      939
     Total           time :  128.545574 (SYPD:     1.826 ) on MPI rank :      939
     Computing       time :    0.000000                    on MPI rank :      940
     Waiting lbc_lnk time :    0.000000 ( 0.0 %)           on MPI rank :      940
     Waiting  global time :    0.000000 ( 0.0 %)           on MPI rank :      940
     Total           time :  128.545530 (SYPD:     1.826 ) on MPI rank :      940
     Computing       time :    0.000000                    on MPI rank :      941
     Waiting lbc_lnk time :    0.000000 ( 0.0 %)           on MPI rank :      941
     Waiting  global time :    0.000000 ( 0.0 %)           on MPI rank :      941
     Total           time :  128.546393 (SYPD:     1.826 ) on MPI rank :      941
     Computing       time :    0.000000                    on MPI rank :      942
     Waiting lbc_lnk time :    0.000000 ( 0.0 %)           on MPI rank :      942
     Waiting  global time :    0.000000 ( 0.0 %)           on MPI rank :      942
     Total           time :  128.554220 (SYPD:     1.826 ) on MPI rank :      942
     Computing       time :    0.000000                    on MPI rank :      943
     Waiting lbc_lnk time :    0.000000 ( 0.0 %)           on MPI rank :      943
     Waiting  global time :    0.000000 ( 0.0 %)           on MPI rank :      943
     Total           time :  128.598556 (SYPD:     1.825 ) on MPI rank :      943
     Computing       time :    0.000000                    on MPI rank :      944
     Waiting lbc_lnk time :    0.000000 ( 0.0 %)           on MPI rank :      944
     Waiting  global time :    0.000000 ( 0.0 %)           on MPI rank :      944
     Total           time :  128.597342 (SYPD:     1.825 ) on MPI rank :      944
     Computing       time :    0.000000                    on MPI rank :      945
     Waiting lbc_lnk time :    0.000000 ( 0.0 %)           on MPI rank :      945
     Waiting  global time :    0.000000 ( 0.0 %)           on MPI rank :      945
     Total           time :  128.563658 (SYPD:     1.826 ) on MPI rank :      945
     Computing       time :    0.000000                    on MPI rank :      946
     Waiting lbc_lnk time :    0.000000 ( 0.0 %)           on MPI rank :      946
     Waiting  global time :    0.000000 ( 0.0 %)           on MPI rank :      946
     Total           time :  128.559312 (SYPD:     1.826 ) on MPI rank :      946
     Computing       time :    0.000000                    on MPI rank :      947
     Waiting lbc_lnk time :    0.000000 ( 0.0 %)           on MPI rank :      947
     Waiting  global time :    0.000000 ( 0.0 %)           on MPI rank :      947
     Total           time :  128.556185 (SYPD:     1.826 ) on MPI rank :      947
     Computing       time :    0.000000                    on MPI rank :      948
     Waiting lbc_lnk time :    0.000000 ( 0.0 %)           on MPI rank :      948
     Waiting  global time :    0.000000 ( 0.0 %)           on MPI rank :      948
     Total           time :  128.555407 (SYPD:     1.826 ) on MPI rank :      948
     Computing       time :    0.000000                    on MPI rank :      949
     Waiting lbc_lnk time :    0.000000 ( 0.0 %)           on MPI rank :      949
     Waiting  global time :    0.000000 ( 0.0 %)           on MPI rank :      949
     Total           time :  128.541063 (SYPD:     1.826 ) on MPI rank :      949
     Computing       time :    0.000000                    on MPI rank :      950
     Waiting lbc_lnk time :    0.000000 ( 0.0 %)           on MPI rank :      950
     Waiting  global time :    0.000000 ( 0.0 %)           on MPI rank :      950
     Total           time :  128.541184 (SYPD:     1.826 ) on MPI rank :      950
     Computing       time :    0.000000                    on MPI rank :      951
     Waiting lbc_lnk time :    0.000000 ( 0.0 %)           on MPI rank :      951
     Waiting  global time :    0.000000 ( 0.0 %)           on MPI rank :      951
     Total           time :  128.539446 (SYPD:     1.826 ) on MPI rank :      951
     Computing       time :    0.000000                    on MPI rank :      952
     Waiting lbc_lnk time :    0.000000 ( 0.0 %)           on MPI rank :      952
     Waiting  global time :    0.000000 ( 0.0 %)           on MPI rank :      952
     Total           time :  128.539277 (SYPD:     1.826 ) on MPI rank :      952
     Computing       time :    0.000000                    on MPI rank :      953
     Waiting lbc_lnk time :    0.000000 ( 0.0 %)           on MPI rank :      953
     Waiting  global time :    0.000000 ( 0.0 %)           on MPI rank :      953
     Total           time :  128.528667 (SYPD:     1.826 ) on MPI rank :      953
     Computing       time :    0.000000                    on MPI rank :      954
     Waiting lbc_lnk time :    0.000000 ( 0.0 %)           on MPI rank :      954
     Waiting  global time :    0.000000 ( 0.0 %)           on MPI rank :      954
     Total           time :  128.521599 (SYPD:     1.826 ) on MPI rank :      954
     Computing       time :    0.000000                    on MPI rank :      955
     Waiting lbc_lnk time :    0.000000 ( 0.0 %)           on MPI rank :      955
     Waiting  global time :    0.000000 ( 0.0 %)           on MPI rank :      955
     Total           time :  128.527899 (SYPD:     1.826 ) on MPI rank :      955
     Computing       time :    0.000000                    on MPI rank :      956
     Waiting lbc_lnk time :    0.000000 ( 0.0 %)           on MPI rank :      956
     Waiting  global time :    0.000000 ( 0.0 %)           on MPI rank :      956
     Total           time :  128.525405 (SYPD:     1.826 ) on MPI rank :      956
     Computing       time :    0.000000                    on MPI rank :      957
     Waiting lbc_lnk time :    0.000000 ( 0.0 %)           on MPI rank :      957
     Waiting  global time :    0.000000 ( 0.0 %)           on MPI rank :      957
     Total           time :  128.525363 (SYPD:     1.826 ) on MPI rank :      957
     Computing       time :    0.000000                    on MPI rank :      958
     Waiting lbc_lnk time :    0.000000 ( 0.0 %)           on MPI rank :      958
     Waiting  global time :    0.000000 ( 0.0 %)           on MPI rank :      958
     Total           time :  128.528695 (SYPD:     1.826 ) on MPI rank :      958
     Computing       time :    0.000000                    on MPI rank :      959
     Waiting lbc_lnk time :    0.000000 ( 0.0 %)           on MPI rank :      959
     Waiting  global time :    0.000000 ( 0.0 %)           on MPI rank :      959
     Total           time :  128.525257 (SYPD:     1.826 ) on MPI rank :      959
     Computing       time :    0.000000                    on MPI rank :      960
     Waiting lbc_lnk time :    0.000000 ( 0.0 %)           on MPI rank :      960
     Waiting  global time :    0.000000 ( 0.0 %)           on MPI rank :      960
     Total           time :  128.512019 (SYPD:     1.827 ) on MPI rank :      960
     Computing       time :    0.000000                    on MPI rank :      961
     Waiting lbc_lnk time :    0.000000 ( 0.0 %)           on MPI rank :      961
     Waiting  global time :    0.000000 ( 0.0 %)           on MPI rank :      961
     Total           time :  128.512645 (SYPD:     1.827 ) on MPI rank :      961
     Computing       time :    0.000000                    on MPI rank :      962
     Waiting lbc_lnk time :    0.000000 ( 0.0 %)           on MPI rank :      962
     Waiting  global time :    0.000000 ( 0.0 %)           on MPI rank :      962
     Total           time :  128.512145 (SYPD:     1.827 ) on MPI rank :      962
     Computing       time :    0.000000                    on MPI rank :      963
     Waiting lbc_lnk time :    0.000000 ( 0.0 %)           on MPI rank :      963
     Waiting  global time :    0.000000 ( 0.0 %)           on MPI rank :      963
     Total           time :  128.512453 (SYPD:     1.827 ) on MPI rank :      963
     Computing       time :    0.000000                    on MPI rank :      964
     Waiting lbc_lnk time :    0.000000 ( 0.0 %)           on MPI rank :      964
     Waiting  global time :    0.000000 ( 0.0 %)           on MPI rank :      964
     Total           time :  128.513079 (SYPD:     1.827 ) on MPI rank :      964
     Computing       time :    0.000000                    on MPI rank :      965
     Waiting lbc_lnk time :    0.000000 ( 0.0 %)           on MPI rank :      965
     Waiting  global time :    0.000000 ( 0.0 %)           on MPI rank :      965
     Total           time :  128.511849 (SYPD:     1.827 ) on MPI rank :      965
     Computing       time :    0.000000                    on MPI rank :      966
     Waiting lbc_lnk time :    0.000000 ( 0.0 %)           on MPI rank :      966
     Waiting  global time :    0.000000 ( 0.0 %)           on MPI rank :      966
     Total           time :  128.511494 (SYPD:     1.827 ) on MPI rank :      966
     Computing       time :    0.000000                    on MPI rank :      967
     Waiting lbc_lnk time :    0.000000 ( 0.0 %)           on MPI rank :      967
     Waiting  global time :    0.000000 ( 0.0 %)           on MPI rank :      967
     Total           time :  128.515942 (SYPD:     1.827 ) on MPI rank :      967
     Computing       time :    0.000000                    on MPI rank :      968
     Waiting lbc_lnk time :    0.000000 ( 0.0 %)           on MPI rank :      968
     Waiting  global time :    0.000000 ( 0.0 %)           on MPI rank :      968
     Total           time :  128.514113 (SYPD:     1.827 ) on MPI rank :      968
     Computing       time :    0.000000                    on MPI rank :      969
     Waiting lbc_lnk time :    0.000000 ( 0.0 %)           on MPI rank :      969
     Waiting  global time :    0.000000 ( 0.0 %)           on MPI rank :      969
     Total           time :  128.524925 (SYPD:     1.826 ) on MPI rank :      969
     Computing       time :    0.000000                    on MPI rank :      970
     Waiting lbc_lnk time :    0.000000 ( 0.0 %)           on MPI rank :      970
     Waiting  global time :    0.000000 ( 0.0 %)           on MPI rank :      970
     Total           time :  128.525609 (SYPD:     1.826 ) on MPI rank :      970
     Computing       time :    0.000000                    on MPI rank :      971
     Waiting lbc_lnk time :    0.000000 ( 0.0 %)           on MPI rank :      971
     Waiting  global time :    0.000000 ( 0.0 %)           on MPI rank :      971
     Total           time :  128.523084 (SYPD:     1.826 ) on MPI rank :      971
     Computing       time :    0.000000                    on MPI rank :      972
     Waiting lbc_lnk time :    0.000000 ( 0.0 %)           on MPI rank :      972
     Waiting  global time :    0.000000 ( 0.0 %)           on MPI rank :      972
     Total           time :  128.522638 (SYPD:     1.826 ) on MPI rank :      972
     Computing       time :    0.000000                    on MPI rank :      973
     Waiting lbc_lnk time :    0.000000 ( 0.0 %)           on MPI rank :      973
     Waiting  global time :    0.000000 ( 0.0 %)           on MPI rank :      973
     Total           time :  128.522502 (SYPD:     1.826 ) on MPI rank :      973
     Computing       time :    0.000000                    on MPI rank :      974
     Waiting lbc_lnk time :    0.000000 ( 0.0 %)           on MPI rank :      974
     Waiting  global time :    0.000000 ( 0.0 %)           on MPI rank :      974
     Total           time :  128.528293 (SYPD:     1.826 ) on MPI rank :      974
     Computing       time :    0.000000                    on MPI rank :      975
     Waiting lbc_lnk time :    0.000000 ( 0.0 %)           on MPI rank :      975
     Waiting  global time :    0.000000 ( 0.0 %)           on MPI rank :      975
     Total           time :  128.537034 (SYPD:     1.826 ) on MPI rank :      975
     Computing       time :    0.000000                    on MPI rank :      976
     Waiting lbc_lnk time :    0.000000 ( 0.0 %)           on MPI rank :      976
     Waiting  global time :    0.000000 ( 0.0 %)           on MPI rank :      976
     Total           time :  128.528159 (SYPD:     1.826 ) on MPI rank :      976
     Computing       time :    0.000000                    on MPI rank :      977
     Waiting lbc_lnk time :    0.000000 ( 0.0 %)           on MPI rank :      977
     Waiting  global time :    0.000000 ( 0.0 %)           on MPI rank :      977
     Total           time :  128.528400 (SYPD:     1.826 ) on MPI rank :      977
     Computing       time :    0.000000                    on MPI rank :      978
     Waiting lbc_lnk time :    0.000000 ( 0.0 %)           on MPI rank :      978
     Waiting  global time :    0.000000 ( 0.0 %)           on MPI rank :      978
     Total           time :  128.529764 (SYPD:     1.826 ) on MPI rank :      978
     Computing       time :    0.000000                    on MPI rank :      979
     Waiting lbc_lnk time :    0.000000 ( 0.0 %)           on MPI rank :      979
     Waiting  global time :    0.000000 ( 0.0 %)           on MPI rank :      979
     Total           time :  128.531522 (SYPD:     1.826 ) on MPI rank :      979
     Computing       time :    0.000000                    on MPI rank :      980
     Waiting lbc_lnk time :    0.000000 ( 0.0 %)           on MPI rank :      980
     Waiting  global time :    0.000000 ( 0.0 %)           on MPI rank :      980
     Total           time :  128.530039 (SYPD:     1.826 ) on MPI rank :      980
     Computing       time :    0.000000                    on MPI rank :      981
     Waiting lbc_lnk time :    0.000000 ( 0.0 %)           on MPI rank :      981
     Waiting  global time :    0.000000 ( 0.0 %)           on MPI rank :      981
     Total           time :  128.535931 (SYPD:     1.826 ) on MPI rank :      981
     Computing       time :    0.000000                    on MPI rank :      982
     Waiting lbc_lnk time :    0.000000 ( 0.0 %)           on MPI rank :      982
     Waiting  global time :    0.000000 ( 0.0 %)           on MPI rank :      982
     Total           time :  128.536881 (SYPD:     1.826 ) on MPI rank :      982
     Computing       time :    0.000000                    on MPI rank :      983
     Waiting lbc_lnk time :    0.000000 ( 0.0 %)           on MPI rank :      983
     Waiting  global time :    0.000000 ( 0.0 %)           on MPI rank :      983
     Total           time :  128.538616 (SYPD:     1.826 ) on MPI rank :      983
     Computing       time :    0.000000                    on MPI rank :      984
     Waiting lbc_lnk time :    0.000000 ( 0.0 %)           on MPI rank :      984
     Waiting  global time :    0.000000 ( 0.0 %)           on MPI rank :      984
     Total           time :  128.539078 (SYPD:     1.826 ) on MPI rank :      984
     Computing       time :    0.000000                    on MPI rank :      985
     Waiting lbc_lnk time :    0.000000 ( 0.0 %)           on MPI rank :      985
     Waiting  global time :    0.000000 ( 0.0 %)           on MPI rank :      985
     Total           time :  128.541283 (SYPD:     1.826 ) on MPI rank :      985
     Computing       time :    0.000000                    on MPI rank :      986
     Waiting lbc_lnk time :    0.000000 ( 0.0 %)           on MPI rank :      986
     Waiting  global time :    0.000000 ( 0.0 %)           on MPI rank :      986
     Total           time :  128.540892 (SYPD:     1.826 ) on MPI rank :      986
     Computing       time :    0.000000                    on MPI rank :      987
     Waiting lbc_lnk time :    0.000000 ( 0.0 %)           on MPI rank :      987
     Waiting  global time :    0.000000 ( 0.0 %)           on MPI rank :      987
     Total           time :  128.542563 (SYPD:     1.826 ) on MPI rank :      987
     Computing       time :    0.000000                    on MPI rank :      988
     Waiting lbc_lnk time :    0.000000 ( 0.0 %)           on MPI rank :      988
     Waiting  global time :    0.000000 ( 0.0 %)           on MPI rank :      988
     Total           time :  128.539217 (SYPD:     1.826 ) on MPI rank :      988
     Computing       time :    0.000000                    on MPI rank :      989
     Waiting lbc_lnk time :    0.000000 ( 0.0 %)           on MPI rank :      989
     Waiting  global time :    0.000000 ( 0.0 %)           on MPI rank :      989
     Total           time :  128.538844 (SYPD:     1.826 ) on MPI rank :      989
     Computing       time :    0.000000                    on MPI rank :      990
     Waiting lbc_lnk time :    0.000000 ( 0.0 %)           on MPI rank :      990
     Waiting  global time :    0.000000 ( 0.0 %)           on MPI rank :      990
     Total           time :  128.539850 (SYPD:     1.826 ) on MPI rank :      990
     Computing       time :    0.000000                    on MPI rank :      991
     Waiting lbc_lnk time :    0.000000 ( 0.0 %)           on MPI rank :      991
     Waiting  global time :    0.000000 ( 0.0 %)           on MPI rank :      991
     Total           time :  128.538750 (SYPD:     1.826 ) on MPI rank :      991
     Computing       time :    0.000000                    on MPI rank :      992
     Waiting lbc_lnk time :    0.000000 ( 0.0 %)           on MPI rank :      992
     Waiting  global time :    0.000000 ( 0.0 %)           on MPI rank :      992
     Total           time :  128.538194 (SYPD:     1.826 ) on MPI rank :      992
     Computing       time :    0.000000                    on MPI rank :      993
     Waiting lbc_lnk time :    0.000000 ( 0.0 %)           on MPI rank :      993
     Waiting  global time :    0.000000 ( 0.0 %)           on MPI rank :      993
     Total           time :  128.539407 (SYPD:     1.826 ) on MPI rank :      993
     Computing       time :    0.000000                    on MPI rank :      994
     Waiting lbc_lnk time :    0.000000 ( 0.0 %)           on MPI rank :      994
     Waiting  global time :    0.000000 ( 0.0 %)           on MPI rank :      994
     Total           time :  128.538085 (SYPD:     1.826 ) on MPI rank :      994
     Computing       time :    0.000000                    on MPI rank :      995
     Waiting lbc_lnk time :    0.000000 ( 0.0 %)           on MPI rank :      995
     Waiting  global time :    0.000000 ( 0.0 %)           on MPI rank :      995
     Total           time :  128.541371 (SYPD:     1.826 ) on MPI rank :      995
     Computing       time :    0.000000                    on MPI rank :      996
     Waiting lbc_lnk time :    0.000000 ( 0.0 %)           on MPI rank :      996
     Waiting  global time :    0.000000 ( 0.0 %)           on MPI rank :      996
     Total           time :  128.543408 (SYPD:     1.826 ) on MPI rank :      996
     Computing       time :    0.000000                    on MPI rank :      997
     Waiting lbc_lnk time :    0.000000 ( 0.0 %)           on MPI rank :      997
     Waiting  global time :    0.000000 ( 0.0 %)           on MPI rank :      997
     Total           time :  128.545289 (SYPD:     1.826 ) on MPI rank :      997
     Computing       time :    0.000000                    on MPI rank :      998
     Waiting lbc_lnk time :    0.000000 ( 0.0 %)           on MPI rank :      998
     Waiting  global time :    0.000000 ( 0.0 %)           on MPI rank :      998
     Total           time :  128.546808 (SYPD:     1.826 ) on MPI rank :      998
     Computing       time :    0.000000                    on MPI rank :      999
     Waiting lbc_lnk time :    0.000000 ( 0.0 %)           on MPI rank :      999
     Waiting  global time :    0.000000 ( 0.0 %)           on MPI rank :      999
     Total           time :  128.550238 (SYPD:     1.826 ) on MPI rank :      999
     Computing       time :    0.000000                    on MPI rank :     1000
     Waiting lbc_lnk time :    0.000000 ( 0.0 %)           on MPI rank :     1000
     Waiting  global time :    0.000000 ( 0.0 %)           on MPI rank :     1000
     Total           time :  128.592871 (SYPD:     1.825 ) on MPI rank :     1000
     Computing       time :    0.000000                    on MPI rank :     1001
     Waiting lbc_lnk time :    0.000000 ( 0.0 %)           on MPI rank :     1001
     Waiting  global time :    0.000000 ( 0.0 %)           on MPI rank :     1001
     Total           time :  128.591576 (SYPD:     1.825 ) on MPI rank :     1001
     Computing       time :    0.000000                    on MPI rank :     1002
     Waiting lbc_lnk time :    0.000000 ( 0.0 %)           on MPI rank :     1002
     Waiting  global time :    0.000000 ( 0.0 %)           on MPI rank :     1002
     Total           time :  128.556063 (SYPD:     1.826 ) on MPI rank :     1002
     Computing       time :    0.000000                    on MPI rank :     1003
     Waiting lbc_lnk time :    0.000000 ( 0.0 %)           on MPI rank :     1003
     Waiting  global time :    0.000000 ( 0.0 %)           on MPI rank :     1003
     Total           time :  128.555089 (SYPD:     1.826 ) on MPI rank :     1003
     Computing       time :    0.000000                    on MPI rank :     1004
     Waiting lbc_lnk time :    0.000000 ( 0.0 %)           on MPI rank :     1004
     Waiting  global time :    0.000000 ( 0.0 %)           on MPI rank :     1004
     Total           time :  128.550870 (SYPD:     1.826 ) on MPI rank :     1004
     Computing       time :    0.000000                    on MPI rank :     1005
     Waiting lbc_lnk time :    0.000000 ( 0.0 %)           on MPI rank :     1005
     Waiting  global time :    0.000000 ( 0.0 %)           on MPI rank :     1005
     Total           time :  128.548792 (SYPD:     1.826 ) on MPI rank :     1005
     Computing       time :    0.000000                    on MPI rank :     1006
     Waiting lbc_lnk time :    0.000000 ( 0.0 %)           on MPI rank :     1006
     Waiting  global time :    0.000000 ( 0.0 %)           on MPI rank :     1006
     Total           time :  128.541750 (SYPD:     1.826 ) on MPI rank :     1006
     Computing       time :    0.000000                    on MPI rank :     1007
     Waiting lbc_lnk time :    0.000000 ( 0.0 %)           on MPI rank :     1007
     Waiting  global time :    0.000000 ( 0.0 %)           on MPI rank :     1007
     Total           time :  128.542109 (SYPD:     1.826 ) on MPI rank :     1007
     Computing       time :    0.000000                    on MPI rank :     1008
     Waiting lbc_lnk time :    0.000000 ( 0.0 %)           on MPI rank :     1008
     Waiting  global time :    0.000000 ( 0.0 %)           on MPI rank :     1008
     Total           time :  128.534911 (SYPD:     1.826 ) on MPI rank :     1008
     Computing       time :    0.000000                    on MPI rank :     1009
     Waiting lbc_lnk time :    0.000000 ( 0.0 %)           on MPI rank :     1009
     Waiting  global time :    0.000000 ( 0.0 %)           on MPI rank :     1009
     Total           time :  128.515136 (SYPD:     1.827 ) on MPI rank :     1009
     Computing       time :    0.000000                    on MPI rank :     1010
     Waiting lbc_lnk time :    0.000000 ( 0.0 %)           on MPI rank :     1010
     Waiting  global time :    0.000000 ( 0.0 %)           on MPI rank :     1010
     Total           time :  128.515300 (SYPD:     1.827 ) on MPI rank :     1010
     Computing       time :    0.000000                    on MPI rank :     1011
     Waiting lbc_lnk time :    0.000000 ( 0.0 %)           on MPI rank :     1011
     Waiting  global time :    0.000000 ( 0.0 %)           on MPI rank :     1011
     Total           time :  128.514838 (SYPD:     1.827 ) on MPI rank :     1011
     Computing       time :    0.000000                    on MPI rank :     1012
     Waiting lbc_lnk time :    0.000000 ( 0.0 %)           on MPI rank :     1012
     Waiting  global time :    0.000000 ( 0.0 %)           on MPI rank :     1012
     Total           time :  128.514490 (SYPD:     1.827 ) on MPI rank :     1012
     Computing       time :    0.000000                    on MPI rank :     1013
     Waiting lbc_lnk time :    0.000000 ( 0.0 %)           on MPI rank :     1013
     Waiting  global time :    0.000000 ( 0.0 %)           on MPI rank :     1013
     Total           time :  128.515251 (SYPD:     1.827 ) on MPI rank :     1013
     Computing       time :    0.000000                    on MPI rank :     1014
     Waiting lbc_lnk time :    0.000000 ( 0.0 %)           on MPI rank :     1014
     Waiting  global time :    0.000000 ( 0.0 %)           on MPI rank :     1014
     Total           time :  128.514370 (SYPD:     1.827 ) on MPI rank :     1014
     Computing       time :    0.000000                    on MPI rank :     1015
     Waiting lbc_lnk time :    0.000000 ( 0.0 %)           on MPI rank :     1015
     Waiting  global time :    0.000000 ( 0.0 %)           on MPI rank :     1015
     Total           time :  128.527306 (SYPD:     1.826 ) on MPI rank :     1015
     Computing       time :    0.000000                    on MPI rank :     1016
     Waiting lbc_lnk time :    0.000000 ( 0.0 %)           on MPI rank :     1016
     Waiting  global time :    0.000000 ( 0.0 %)           on MPI rank :     1016
     Total           time :  128.515846 (SYPD:     1.827 ) on MPI rank :     1016
     Computing       time :    0.000000                    on MPI rank :     1017
     Waiting lbc_lnk time :    0.000000 ( 0.0 %)           on MPI rank :     1017
     Waiting  global time :    0.000000 ( 0.0 %)           on MPI rank :     1017
     Total           time :  128.516085 (SYPD:     1.827 ) on MPI rank :     1017
     Computing       time :    0.000000                    on MPI rank :     1018
     Waiting lbc_lnk time :    0.000000 ( 0.0 %)           on MPI rank :     1018
     Waiting  global time :    0.000000 ( 0.0 %)           on MPI rank :     1018
     Total           time :  128.515997 (SYPD:     1.827 ) on MPI rank :     1018
     Computing       time :    0.000000                    on MPI rank :     1019
     Waiting lbc_lnk time :    0.000000 ( 0.0 %)           on MPI rank :     1019
     Waiting  global time :    0.000000 ( 0.0 %)           on MPI rank :     1019
     Total           time :  128.515250 (SYPD:     1.827 ) on MPI rank :     1019
     Computing       time :    0.000000                    on MPI rank :     1020
     Waiting lbc_lnk time :    0.000000 ( 0.0 %)           on MPI rank :     1020
     Waiting  global time :    0.000000 ( 0.0 %)           on MPI rank :     1020
     Total           time :  128.515076 (SYPD:     1.827 ) on MPI rank :     1020
     Computing       time :    0.000000                    on MPI rank :     1021
     Waiting lbc_lnk time :    0.000000 ( 0.0 %)           on MPI rank :     1021
     Waiting  global time :    0.000000 ( 0.0 %)           on MPI rank :     1021
     Total           time :  128.515190 (SYPD:     1.827 ) on MPI rank :     1021
     Computing       time :    0.000000                    on MPI rank :     1022
     Waiting lbc_lnk time :    0.000000 ( 0.0 %)           on MPI rank :     1022
     Waiting  global time :    0.000000 ( 0.0 %)           on MPI rank :     1022
     Total           time :  128.514405 (SYPD:     1.827 ) on MPI rank :     1022
     Computing       time :    0.000000                    on MPI rank :     1023
     Waiting lbc_lnk time :    0.000000 ( 0.0 %)           on MPI rank :     1023
     Waiting  global time :    0.000000 ( 0.0 %)           on MPI rank :     1023
     Total           time :  128.511030 (SYPD:     1.827 ) on MPI rank :     1023
     Computing       time :    0.000000                    on MPI rank :     1024
     Waiting lbc_lnk time :    0.000000 ( 0.0 %)           on MPI rank :     1024
     Waiting  global time :    0.000000 ( 0.0 %)           on MPI rank :     1024
     Total           time :  128.523052 (SYPD:     1.826 ) on MPI rank :     1024
     Computing       time :    0.000000                    on MPI rank :     1025
     Waiting lbc_lnk time :    0.000000 ( 0.0 %)           on MPI rank :     1025
     Waiting  global time :    0.000000 ( 0.0 %)           on MPI rank :     1025
     Total           time :  128.522950 (SYPD:     1.826 ) on MPI rank :     1025
     Computing       time :    0.000000                    on MPI rank :     1026
     Waiting lbc_lnk time :    0.000000 ( 0.0 %)           on MPI rank :     1026
     Waiting  global time :    0.000000 ( 0.0 %)           on MPI rank :     1026
     Total           time :  128.520798 (SYPD:     1.826 ) on MPI rank :     1026
     Computing       time :    0.000000                    on MPI rank :     1027
     Waiting lbc_lnk time :    0.000000 ( 0.0 %)           on MPI rank :     1027
     Waiting  global time :    0.000000 ( 0.0 %)           on MPI rank :     1027
     Total           time :  128.521192 (SYPD:     1.826 ) on MPI rank :     1027
     Computing       time :    0.000000                    on MPI rank :     1028
     Waiting lbc_lnk time :    0.000000 ( 0.0 %)           on MPI rank :     1028
     Waiting  global time :    0.000000 ( 0.0 %)           on MPI rank :     1028
     Total           time :  128.520882 (SYPD:     1.826 ) on MPI rank :     1028
     Computing       time :    0.000000                    on MPI rank :     1029
     Waiting lbc_lnk time :    0.000000 ( 0.0 %)           on MPI rank :     1029
     Waiting  global time :    0.000000 ( 0.0 %)           on MPI rank :     1029
     Total           time :  128.523675 (SYPD:     1.826 ) on MPI rank :     1029
     Computing       time :    0.000000                    on MPI rank :     1030
     Waiting lbc_lnk time :    0.000000 ( 0.0 %)           on MPI rank :     1030
     Waiting  global time :    0.000000 ( 0.0 %)           on MPI rank :     1030
     Total           time :  128.524468 (SYPD:     1.826 ) on MPI rank :     1030
     Computing       time :    0.000000                    on MPI rank :     1031
     Waiting lbc_lnk time :    0.000000 ( 0.0 %)           on MPI rank :     1031
     Waiting  global time :    0.000000 ( 0.0 %)           on MPI rank :     1031
     Total           time :  128.524612 (SYPD:     1.826 ) on MPI rank :     1031
     Computing       time :    0.000000                    on MPI rank :     1032
     Waiting lbc_lnk time :    0.000000 ( 0.0 %)           on MPI rank :     1032
     Waiting  global time :    0.000000 ( 0.0 %)           on MPI rank :     1032
     Total           time :  128.525228 (SYPD:     1.826 ) on MPI rank :     1032
     Computing       time :    0.000000                    on MPI rank :     1033
     Waiting lbc_lnk time :    0.000000 ( 0.0 %)           on MPI rank :     1033
     Waiting  global time :    0.000000 ( 0.0 %)           on MPI rank :     1033
     Total           time :  128.525570 (SYPD:     1.826 ) on MPI rank :     1033
     Computing       time :    0.000000                    on MPI rank :     1034
     Waiting lbc_lnk time :    0.000000 ( 0.0 %)           on MPI rank :     1034
     Waiting  global time :    0.000000 ( 0.0 %)           on MPI rank :     1034
     Total           time :  128.527875 (SYPD:     1.826 ) on MPI rank :     1034
     Computing       time :    0.000000                    on MPI rank :     1035
     Waiting lbc_lnk time :    0.000000 ( 0.0 %)           on MPI rank :     1035
     Waiting  global time :    0.000000 ( 0.0 %)           on MPI rank :     1035
     Total           time :  128.532356 (SYPD:     1.826 ) on MPI rank :     1035
     Computing       time :    0.000000                    on MPI rank :     1036
     Waiting lbc_lnk time :    0.000000 ( 0.0 %)           on MPI rank :     1036
     Waiting  global time :    0.000000 ( 0.0 %)           on MPI rank :     1036
     Total           time :  128.529926 (SYPD:     1.826 ) on MPI rank :     1036
     Computing       time :    0.000000                    on MPI rank :     1037
     Waiting lbc_lnk time :    0.000000 ( 0.0 %)           on MPI rank :     1037
     Waiting  global time :    0.000000 ( 0.0 %)           on MPI rank :     1037
     Total           time :  128.537181 (SYPD:     1.826 ) on MPI rank :     1037
     Computing       time :    0.000000                    on MPI rank :     1038
     Waiting lbc_lnk time :    0.000000 ( 0.0 %)           on MPI rank :     1038
     Waiting  global time :    0.000000 ( 0.0 %)           on MPI rank :     1038
     Total           time :  128.538435 (SYPD:     1.826 ) on MPI rank :     1038
     Computing       time :    0.000000                    on MPI rank :     1039
     Waiting lbc_lnk time :    0.000000 ( 0.0 %)           on MPI rank :     1039
     Waiting  global time :    0.000000 ( 0.0 %)           on MPI rank :     1039
     Total           time :  128.537204 (SYPD:     1.826 ) on MPI rank :     1039
     Computing       time :    0.000000                    on MPI rank :     1040
     Waiting lbc_lnk time :    0.000000 ( 0.0 %)           on MPI rank :     1040
     Waiting  global time :    0.000000 ( 0.0 %)           on MPI rank :     1040
     Total           time :  128.540222 (SYPD:     1.826 ) on MPI rank :     1040
     Computing       time :    0.000000                    on MPI rank :     1041
     Waiting lbc_lnk time :    0.000000 ( 0.0 %)           on MPI rank :     1041
     Waiting  global time :    0.000000 ( 0.0 %)           on MPI rank :     1041
     Total           time :  128.539989 (SYPD:     1.826 ) on MPI rank :     1041
     Computing       time :    0.000000                    on MPI rank :     1042
     Waiting lbc_lnk time :    0.000000 ( 0.0 %)           on MPI rank :     1042
     Waiting  global time :    0.000000 ( 0.0 %)           on MPI rank :     1042
     Total           time :  128.540357 (SYPD:     1.826 ) on MPI rank :     1042
     Computing       time :    0.000000                    on MPI rank :     1043
     Waiting lbc_lnk time :    0.000000 ( 0.0 %)           on MPI rank :     1043
     Waiting  global time :    0.000000 ( 0.0 %)           on MPI rank :     1043
     Total           time :  128.540032 (SYPD:     1.826 ) on MPI rank :     1043
     Computing       time :    0.000000                    on MPI rank :     1044
     Waiting lbc_lnk time :    0.000000 ( 0.0 %)           on MPI rank :     1044
     Waiting  global time :    0.000000 ( 0.0 %)           on MPI rank :     1044
     Total           time :  128.539531 (SYPD:     1.826 ) on MPI rank :     1044
     Computing       time :    0.000000                    on MPI rank :     1045
     Waiting lbc_lnk time :    0.000000 ( 0.0 %)           on MPI rank :     1045
     Waiting  global time :    0.000000 ( 0.0 %)           on MPI rank :     1045
     Total           time :  128.539742 (SYPD:     1.826 ) on MPI rank :     1045
     Computing       time :    0.000000                    on MPI rank :     1046
     Waiting lbc_lnk time :    0.000000 ( 0.0 %)           on MPI rank :     1046
     Waiting  global time :    0.000000 ( 0.0 %)           on MPI rank :     1046
     Total           time :  128.538497 (SYPD:     1.826 ) on MPI rank :     1046
     Computing       time :    0.000000                    on MPI rank :     1047
     Waiting lbc_lnk time :    0.000000 ( 0.0 %)           on MPI rank :     1047
     Waiting  global time :    0.000000 ( 0.0 %)           on MPI rank :     1047
     Total           time :  128.538307 (SYPD:     1.826 ) on MPI rank :     1047
     Computing       time :    0.000000                    on MPI rank :     1048
     Waiting lbc_lnk time :    0.000000 ( 0.0 %)           on MPI rank :     1048
     Waiting  global time :    0.000000 ( 0.0 %)           on MPI rank :     1048
     Total           time :  128.539227 (SYPD:     1.826 ) on MPI rank :     1048
     Computing       time :    0.000000                    on MPI rank :     1049
     Waiting lbc_lnk time :    0.000000 ( 0.0 %)           on MPI rank :     1049
     Waiting  global time :    0.000000 ( 0.0 %)           on MPI rank :     1049
     Total           time :  128.538662 (SYPD:     1.826 ) on MPI rank :     1049
     Computing       time :    0.000000                    on MPI rank :     1050
     Waiting lbc_lnk time :    0.000000 ( 0.0 %)           on MPI rank :     1050
     Waiting  global time :    0.000000 ( 0.0 %)           on MPI rank :     1050
     Total           time :  128.539889 (SYPD:     1.826 ) on MPI rank :     1050
     Computing       time :    0.000000                    on MPI rank :     1051
     Waiting lbc_lnk time :    0.000000 ( 0.0 %)           on MPI rank :     1051
     Waiting  global time :    0.000000 ( 0.0 %)           on MPI rank :     1051
     Total           time :  128.540401 (SYPD:     1.826 ) on MPI rank :     1051
     Computing       time :    0.000000                    on MPI rank :     1052
     Waiting lbc_lnk time :    0.000000 ( 0.0 %)           on MPI rank :     1052
     Waiting  global time :    0.000000 ( 0.0 %)           on MPI rank :     1052
     Total           time :  128.541963 (SYPD:     1.826 ) on MPI rank :     1052
     Computing       time :    0.000000                    on MPI rank :     1053
     Waiting lbc_lnk time :    0.000000 ( 0.0 %)           on MPI rank :     1053
     Waiting  global time :    0.000000 ( 0.0 %)           on MPI rank :     1053
     Total           time :  128.543602 (SYPD:     1.826 ) on MPI rank :     1053
     Computing       time :    0.000000                    on MPI rank :     1054
     Waiting lbc_lnk time :    0.000000 ( 0.0 %)           on MPI rank :     1054
     Waiting  global time :    0.000000 ( 0.0 %)           on MPI rank :     1054
     Total           time :  128.549064 (SYPD:     1.826 ) on MPI rank :     1054
     Computing       time :    0.000000                    on MPI rank :     1055
     Waiting lbc_lnk time :    0.000000 ( 0.0 %)           on MPI rank :     1055
     Waiting  global time :    0.000000 ( 0.0 %)           on MPI rank :     1055
     Total           time :  128.590795 (SYPD:     1.825 ) on MPI rank :     1055
     Computing       time :    0.000000                    on MPI rank :     1056
     Waiting lbc_lnk time :    0.000000 ( 0.0 %)           on MPI rank :     1056
     Waiting  global time :    0.000000 ( 0.0 %)           on MPI rank :     1056
     Total           time :  128.589975 (SYPD:     1.825 ) on MPI rank :     1056
     Computing       time :    0.000000                    on MPI rank :     1057
     Waiting lbc_lnk time :    0.000000 ( 0.0 %)           on MPI rank :     1057
     Waiting  global time :    0.000000 ( 0.0 %)           on MPI rank :     1057
     Total           time :  128.555503 (SYPD:     1.826 ) on MPI rank :     1057
     Computing       time :    0.000000                    on MPI rank :     1058
     Waiting lbc_lnk time :    0.000000 ( 0.0 %)           on MPI rank :     1058
     Waiting  global time :    0.000000 ( 0.0 %)           on MPI rank :     1058
     Total           time :  128.551636 (SYPD:     1.826 ) on MPI rank :     1058
     Computing       time :    0.000000                    on MPI rank :     1059
     Waiting lbc_lnk time :    0.000000 ( 0.0 %)           on MPI rank :     1059
     Waiting  global time :    0.000000 ( 0.0 %)           on MPI rank :     1059
     Total           time :  128.546365 (SYPD:     1.826 ) on MPI rank :     1059
     Computing       time :    0.000000                    on MPI rank :     1060
     Waiting lbc_lnk time :    0.000000 ( 0.0 %)           on MPI rank :     1060
     Waiting  global time :    0.000000 ( 0.0 %)           on MPI rank :     1060
     Total           time :  128.546063 (SYPD:     1.826 ) on MPI rank :     1060
     Computing       time :    0.000000                    on MPI rank :     1061
     Waiting lbc_lnk time :    0.000000 ( 0.0 %)           on MPI rank :     1061
     Waiting  global time :    0.000000 ( 0.0 %)           on MPI rank :     1061
     Total           time :  128.521366 (SYPD:     1.826 ) on MPI rank :     1061
     Computing       time :    0.000000                    on MPI rank :     1062
     Waiting lbc_lnk time :    0.000000 ( 0.0 %)           on MPI rank :     1062
     Waiting  global time :    0.000000 ( 0.0 %)           on MPI rank :     1062
     Total           time :  128.520080 (SYPD:     1.826 ) on MPI rank :     1062
     Computing       time :    0.000000                    on MPI rank :     1063
     Waiting lbc_lnk time :    0.000000 ( 0.0 %)           on MPI rank :     1063
     Waiting  global time :    0.000000 ( 0.0 %)           on MPI rank :     1063
     Total           time :  128.521300 (SYPD:     1.826 ) on MPI rank :     1063
     Computing       time :    0.000000                    on MPI rank :     1064
     Waiting lbc_lnk time :    0.000000 ( 0.0 %)           on MPI rank :     1064
     Waiting  global time :    0.000000 ( 0.0 %)           on MPI rank :     1064
     Total           time :  128.520696 (SYPD:     1.826 ) on MPI rank :     1064
     Computing       time :    0.000000                    on MPI rank :     1065
     Waiting lbc_lnk time :    0.000000 ( 0.0 %)           on MPI rank :     1065
     Waiting  global time :    0.000000 ( 0.0 %)           on MPI rank :     1065
     Total           time :  128.516721 (SYPD:     1.827 ) on MPI rank :     1065
     Computing       time :    0.000000                    on MPI rank :     1066
     Waiting lbc_lnk time :    0.000000 ( 0.0 %)           on MPI rank :     1066
     Waiting  global time :    0.000000 ( 0.0 %)           on MPI rank :     1066
     Total           time :  128.517784 (SYPD:     1.827 ) on MPI rank :     1066
     Computing       time :    0.000000                    on MPI rank :     1067
     Waiting lbc_lnk time :    0.000000 ( 0.0 %)           on MPI rank :     1067
     Waiting  global time :    0.000000 ( 0.0 %)           on MPI rank :     1067
     Total           time :  128.525647 (SYPD:     1.826 ) on MPI rank :     1067
     Computing       time :    0.000000                    on MPI rank :     1068
     Waiting lbc_lnk time :    0.000000 ( 0.0 %)           on MPI rank :     1068
     Waiting  global time :    0.000000 ( 0.0 %)           on MPI rank :     1068
     Total           time :  128.525867 (SYPD:     1.826 ) on MPI rank :     1068
     Computing       time :    0.000000                    on MPI rank :     1069
     Waiting lbc_lnk time :    0.000000 ( 0.0 %)           on MPI rank :     1069
     Waiting  global time :    0.000000 ( 0.0 %)           on MPI rank :     1069
     Total           time :  128.525119 (SYPD:     1.826 ) on MPI rank :     1069
     Computing       time :    0.000000                    on MPI rank :     1070
     Waiting lbc_lnk time :    0.000000 ( 0.0 %)           on MPI rank :     1070
     Waiting  global time :    0.000000 ( 0.0 %)           on MPI rank :     1070
     Total           time :  128.524904 (SYPD:     1.826 ) on MPI rank :     1070
     Computing       time :    0.000000                    on MPI rank :     1071
     Waiting lbc_lnk time :    0.000000 ( 0.0 %)           on MPI rank :     1071
     Waiting  global time :    0.000000 ( 0.0 %)           on MPI rank :     1071
     Total           time :  128.524436 (SYPD:     1.826 ) on MPI rank :     1071
     Computing       time :    0.000000                    on MPI rank :     1072
     Waiting lbc_lnk time :    0.000000 ( 0.0 %)           on MPI rank :     1072
     Waiting  global time :    0.000000 ( 0.0 %)           on MPI rank :     1072
     Total           time :  128.522681 (SYPD:     1.826 ) on MPI rank :     1072
     Computing       time :    0.000000                    on MPI rank :     1073
     Waiting lbc_lnk time :    0.000000 ( 0.0 %)           on MPI rank :     1073
     Waiting  global time :    0.000000 ( 0.0 %)           on MPI rank :     1073
     Total           time :  128.522753 (SYPD:     1.826 ) on MPI rank :     1073
     Computing       time :    0.000000                    on MPI rank :     1074
     Waiting lbc_lnk time :    0.000000 ( 0.0 %)           on MPI rank :     1074
     Waiting  global time :    0.000000 ( 0.0 %)           on MPI rank :     1074
     Total           time :  128.533930 (SYPD:     1.826 ) on MPI rank :     1074
     Computing       time :    0.000000                    on MPI rank :     1075
     Waiting lbc_lnk time :    0.000000 ( 0.0 %)           on MPI rank :     1075
     Waiting  global time :    0.000000 ( 0.0 %)           on MPI rank :     1075
     Total           time :  128.533832 (SYPD:     1.826 ) on MPI rank :     1075
     Computing       time :    0.000000                    on MPI rank :     1076
     Waiting lbc_lnk time :    0.000000 ( 0.0 %)           on MPI rank :     1076
     Waiting  global time :    0.000000 ( 0.0 %)           on MPI rank :     1076
     Total           time :  128.533520 (SYPD:     1.826 ) on MPI rank :     1076
     Computing       time :    0.000000                    on MPI rank :     1077
     Waiting lbc_lnk time :    0.000000 ( 0.0 %)           on MPI rank :     1077
     Waiting  global time :    0.000000 ( 0.0 %)           on MPI rank :     1077
     Total           time :  128.533191 (SYPD:     1.826 ) on MPI rank :     1077
     Computing       time :    0.000000                    on MPI rank :     1078
     Waiting lbc_lnk time :    0.000000 ( 0.0 %)           on MPI rank :     1078
     Waiting  global time :    0.000000 ( 0.0 %)           on MPI rank :     1078
     Total           time :  128.532435 (SYPD:     1.826 ) on MPI rank :     1078
     Computing       time :    0.000000                    on MPI rank :     1079
     Waiting lbc_lnk time :    0.000000 ( 0.0 %)           on MPI rank :     1079
     Waiting  global time :    0.000000 ( 0.0 %)           on MPI rank :     1079
     Total           time :  128.536802 (SYPD:     1.826 ) on MPI rank :     1079
     Computing       time :    0.000000                    on MPI rank :     1080
     Waiting lbc_lnk time :    0.000000 ( 0.0 %)           on MPI rank :     1080
     Waiting  global time :    0.000000 ( 0.0 %)           on MPI rank :     1080
     Total           time :  128.537074 (SYPD:     1.826 ) on MPI rank :     1080
     Computing       time :    0.000000                    on MPI rank :     1081
     Waiting lbc_lnk time :    0.000000 ( 0.0 %)           on MPI rank :     1081
     Waiting  global time :    0.000000 ( 0.0 %)           on MPI rank :     1081
     Total           time :  128.537552 (SYPD:     1.826 ) on MPI rank :     1081
     Computing       time :    0.000000                    on MPI rank :     1082
     Waiting lbc_lnk time :    0.000000 ( 0.0 %)           on MPI rank :     1082
     Waiting  global time :    0.000000 ( 0.0 %)           on MPI rank :     1082
     Total           time :  128.537323 (SYPD:     1.826 ) on MPI rank :     1082
     Computing       time :    0.000000                    on MPI rank :     1083
     Waiting lbc_lnk time :    0.000000 ( 0.0 %)           on MPI rank :     1083
     Waiting  global time :    0.000000 ( 0.0 %)           on MPI rank :     1083
     Total           time :  128.537737 (SYPD:     1.826 ) on MPI rank :     1083
     Computing       time :    0.000000                    on MPI rank :     1084
     Waiting lbc_lnk time :    0.000000 ( 0.0 %)           on MPI rank :     1084
     Waiting  global time :    0.000000 ( 0.0 %)           on MPI rank :     1084
     Total           time :  128.538954 (SYPD:     1.826 ) on MPI rank :     1084
     Computing       time :    0.000000                    on MPI rank :     1085
     Waiting lbc_lnk time :    0.000000 ( 0.0 %)           on MPI rank :     1085
     Waiting  global time :    0.000000 ( 0.0 %)           on MPI rank :     1085
     Total           time :  128.540468 (SYPD:     1.826 ) on MPI rank :     1085
     Computing       time :    0.000000                    on MPI rank :     1086
     Waiting lbc_lnk time :    0.000000 ( 0.0 %)           on MPI rank :     1086
     Waiting  global time :    0.000000 ( 0.0 %)           on MPI rank :     1086
     Total           time :  128.541646 (SYPD:     1.826 ) on MPI rank :     1086
     Computing       time :    0.000000                    on MPI rank :     1087
     Waiting lbc_lnk time :    0.000000 ( 0.0 %)           on MPI rank :     1087
     Waiting  global time :    0.000000 ( 0.0 %)           on MPI rank :     1087
     Total           time :  128.541784 (SYPD:     1.826 ) on MPI rank :     1087
     Computing       time :    0.000000                    on MPI rank :     1088
     Waiting lbc_lnk time :    0.000000 ( 0.0 %)           on MPI rank :     1088
     Waiting  global time :    0.000000 ( 0.0 %)           on MPI rank :     1088
     Total           time :  128.543532 (SYPD:     1.826 ) on MPI rank :     1088
     Computing       time :    0.000000                    on MPI rank :     1089
     Waiting lbc_lnk time :    0.000000 ( 0.0 %)           on MPI rank :     1089
     Waiting  global time :    0.000000 ( 0.0 %)           on MPI rank :     1089
     Total           time :  128.544195 (SYPD:     1.826 ) on MPI rank :     1089
     Computing       time :    0.000000                    on MPI rank :     1090
     Waiting lbc_lnk time :    0.000000 ( 0.0 %)           on MPI rank :     1090
     Waiting  global time :    0.000000 ( 0.0 %)           on MPI rank :     1090
     Total           time :  128.546701 (SYPD:     1.826 ) on MPI rank :     1090
     Computing       time :    0.000000                    on MPI rank :     1091
     Waiting lbc_lnk time :    0.000000 ( 0.0 %)           on MPI rank :     1091
     Waiting  global time :    0.000000 ( 0.0 %)           on MPI rank :     1091
     Total           time :  128.547084 (SYPD:     1.826 ) on MPI rank :     1091
     Computing       time :    0.000000                    on MPI rank :     1092
     Waiting lbc_lnk time :    0.000000 ( 0.0 %)           on MPI rank :     1092
     Waiting  global time :    0.000000 ( 0.0 %)           on MPI rank :     1092
     Total           time :  128.547291 (SYPD:     1.826 ) on MPI rank :     1092
     Computing       time :    0.000000                    on MPI rank :     1093
     Waiting lbc_lnk time :    0.000000 ( 0.0 %)           on MPI rank :     1093
     Waiting  global time :    0.000000 ( 0.0 %)           on MPI rank :     1093
     Total           time :  128.545986 (SYPD:     1.826 ) on MPI rank :     1093
     Computing       time :    0.000000                    on MPI rank :     1094
     Waiting lbc_lnk time :    0.000000 ( 0.0 %)           on MPI rank :     1094
     Waiting  global time :    0.000000 ( 0.0 %)           on MPI rank :     1094
     Total           time :  128.546390 (SYPD:     1.826 ) on MPI rank :     1094
     Computing       time :    0.000000                    on MPI rank :     1095
     Waiting lbc_lnk time :    0.000000 ( 0.0 %)           on MPI rank :     1095
     Waiting  global time :    0.000000 ( 0.0 %)           on MPI rank :     1095
     Total           time :  128.544179 (SYPD:     1.826 ) on MPI rank :     1095
     Computing       time :    0.000000                    on MPI rank :     1096
     Waiting lbc_lnk time :    0.000000 ( 0.0 %)           on MPI rank :     1096
     Waiting  global time :    0.000000 ( 0.0 %)           on MPI rank :     1096
     Total           time :  128.545547 (SYPD:     1.826 ) on MPI rank :     1096
     Computing       time :    0.000000                    on MPI rank :     1097
     Waiting lbc_lnk time :    0.000000 ( 0.0 %)           on MPI rank :     1097
     Waiting  global time :    0.000000 ( 0.0 %)           on MPI rank :     1097
     Total           time :  128.545716 (SYPD:     1.826 ) on MPI rank :     1097
     Computing       time :    0.000000                    on MPI rank :     1098
     Waiting lbc_lnk time :    0.000000 ( 0.0 %)           on MPI rank :     1098
     Waiting  global time :    0.000000 ( 0.0 %)           on MPI rank :     1098
     Total           time :  128.545895 (SYPD:     1.826 ) on MPI rank :     1098
     Computing       time :    0.000000                    on MPI rank :     1099
     Waiting lbc_lnk time :    0.000000 ( 0.0 %)           on MPI rank :     1099
     Waiting  global time :    0.000000 ( 0.0 %)           on MPI rank :     1099
     Total           time :  128.545558 (SYPD:     1.826 ) on MPI rank :     1099
     Computing       time :    0.000000                    on MPI rank :     1100
     Waiting lbc_lnk time :    0.000000 ( 0.0 %)           on MPI rank :     1100
     Waiting  global time :    0.000000 ( 0.0 %)           on MPI rank :     1100
     Total           time :  128.547357 (SYPD:     1.826 ) on MPI rank :     1100
     Computing       time :    0.000000                    on MPI rank :     1101
     Waiting lbc_lnk time :    0.000000 ( 0.0 %)           on MPI rank :     1101
     Waiting  global time :    0.000000 ( 0.0 %)           on MPI rank :     1101
     Total           time :  128.548602 (SYPD:     1.826 ) on MPI rank :     1101
     Computing       time :    0.000000                    on MPI rank :     1102
     Waiting lbc_lnk time :    0.000000 ( 0.0 %)           on MPI rank :     1102
     Waiting  global time :    0.000000 ( 0.0 %)           on MPI rank :     1102
     Total           time :  128.549876 (SYPD:     1.826 ) on MPI rank :     1102
     Computing       time :    0.000000                    on MPI rank :     1103
     Waiting lbc_lnk time :    0.000000 ( 0.0 %)           on MPI rank :     1103
     Waiting  global time :    0.000000 ( 0.0 %)           on MPI rank :     1103
     Total           time :  128.550381 (SYPD:     1.826 ) on MPI rank :     1103
     Computing       time :    0.000000                    on MPI rank :     1104
     Waiting lbc_lnk time :    0.000000 ( 0.0 %)           on MPI rank :     1104
     Waiting  global time :    0.000000 ( 0.0 %)           on MPI rank :     1104
     Total           time :  128.548998 (SYPD:     1.826 ) on MPI rank :     1104
     Computing       time :    0.000000                    on MPI rank :     1105
     Waiting lbc_lnk time :    0.000000 ( 0.0 %)           on MPI rank :     1105
     Waiting  global time :    0.000000 ( 0.0 %)           on MPI rank :     1105
     Total           time :  128.598323 (SYPD:     1.825 ) on MPI rank :     1105
     Computing       time :    0.000000                    on MPI rank :     1106
     Waiting lbc_lnk time :    0.000000 ( 0.0 %)           on MPI rank :     1106
     Waiting  global time :    0.000000 ( 0.0 %)           on MPI rank :     1106
     Total           time :  128.596660 (SYPD:     1.825 ) on MPI rank :     1106
     Computing       time :    0.000000                    on MPI rank :     1107
     Waiting lbc_lnk time :    0.000000 ( 0.0 %)           on MPI rank :     1107
     Waiting  global time :    0.000000 ( 0.0 %)           on MPI rank :     1107
     Total           time :  128.558637 (SYPD:     1.826 ) on MPI rank :     1107
     Computing       time :    0.000000                    on MPI rank :     1108
     Waiting lbc_lnk time :    0.000000 ( 0.0 %)           on MPI rank :     1108
     Waiting  global time :    0.000000 ( 0.0 %)           on MPI rank :     1108
     Total           time :  128.549799 (SYPD:     1.826 ) on MPI rank :     1108
     Computing       time :    0.000000                    on MPI rank :     1109
     Waiting lbc_lnk time :    0.000000 ( 0.0 %)           on MPI rank :     1109
     Waiting  global time :    0.000000 ( 0.0 %)           on MPI rank :     1109
     Total           time :  128.543541 (SYPD:     1.826 ) on MPI rank :     1109
     Computing       time :    0.000000                    on MPI rank :     1110
     Waiting lbc_lnk time :    0.000000 ( 0.0 %)           on MPI rank :     1110
     Waiting  global time :    0.000000 ( 0.0 %)           on MPI rank :     1110
     Total           time :  128.543499 (SYPD:     1.826 ) on MPI rank :     1110
     Computing       time :    0.000000                    on MPI rank :     1111
     Waiting lbc_lnk time :    0.000000 ( 0.0 %)           on MPI rank :     1111
     Waiting  global time :    0.000000 ( 0.0 %)           on MPI rank :     1111
     Total           time :  128.519545 (SYPD:     1.826 ) on MPI rank :     1111
     Computing       time :    0.000000                    on MPI rank :     1112
     Waiting lbc_lnk time :    0.000000 ( 0.0 %)           on MPI rank :     1112
     Waiting  global time :    0.000000 ( 0.0 %)           on MPI rank :     1112
     Total           time :  128.518321 (SYPD:     1.827 ) on MPI rank :     1112
     Computing       time :    0.000000                    on MPI rank :     1113
     Waiting lbc_lnk time :    0.000000 ( 0.0 %)           on MPI rank :     1113
     Waiting  global time :    0.000000 ( 0.0 %)           on MPI rank :     1113
     Total           time :  128.519081 (SYPD:     1.826 ) on MPI rank :     1113
     Computing       time :    0.000000                    on MPI rank :     1114
     Waiting lbc_lnk time :    0.000000 ( 0.0 %)           on MPI rank :     1114
     Waiting  global time :    0.000000 ( 0.0 %)           on MPI rank :     1114
     Total           time :  128.514124 (SYPD:     1.827 ) on MPI rank :     1114
     Computing       time :    0.000000                    on MPI rank :     1115
     Waiting lbc_lnk time :    0.000000 ( 0.0 %)           on MPI rank :     1115
     Waiting  global time :    0.000000 ( 0.0 %)           on MPI rank :     1115
     Total           time :  128.513543 (SYPD:     1.827 ) on MPI rank :     1115
     Computing       time :    0.000000                    on MPI rank :     1116
     Waiting lbc_lnk time :    0.000000 ( 0.0 %)           on MPI rank :     1116
     Waiting  global time :    0.000000 ( 0.0 %)           on MPI rank :     1116
     Total           time :  128.513727 (SYPD:     1.827 ) on MPI rank :     1116
     Computing       time :    0.000000                    on MPI rank :     1117
     Waiting lbc_lnk time :    0.000000 ( 0.0 %)           on MPI rank :     1117
     Waiting  global time :    0.000000 ( 0.0 %)           on MPI rank :     1117
     Total           time :  128.511542 (SYPD:     1.827 ) on MPI rank :     1117
     Computing       time :    0.000000                    on MPI rank :     1118
     Waiting lbc_lnk time :    0.000000 ( 0.0 %)           on MPI rank :     1118
     Waiting  global time :    0.000000 ( 0.0 %)           on MPI rank :     1118
     Total           time :  128.512972 (SYPD:     1.827 ) on MPI rank :     1118
     Computing       time :    0.000000                    on MPI rank :     1119
     Waiting lbc_lnk time :    0.000000 ( 0.0 %)           on MPI rank :     1119
     Waiting  global time :    0.000000 ( 0.0 %)           on MPI rank :     1119
     Total           time :  128.520974 (SYPD:     1.826 ) on MPI rank :     1119
     Computing       time :    0.000000                    on MPI rank :     1120
     Waiting lbc_lnk time :    0.000000 ( 0.0 %)           on MPI rank :     1120
     Waiting  global time :    0.000000 ( 0.0 %)           on MPI rank :     1120
     Total           time :  128.520420 (SYPD:     1.826 ) on MPI rank :     1120
     Computing       time :    0.000000                    on MPI rank :     1121
     Waiting lbc_lnk time :    0.000000 ( 0.0 %)           on MPI rank :     1121
     Waiting  global time :    0.000000 ( 0.0 %)           on MPI rank :     1121
     Total           time :  128.528704 (SYPD:     1.826 ) on MPI rank :     1121
     Computing       time :    0.000000                    on MPI rank :     1122
     Waiting lbc_lnk time :    0.000000 ( 0.0 %)           on MPI rank :     1122
     Waiting  global time :    0.000000 ( 0.0 %)           on MPI rank :     1122
     Total           time :  128.528387 (SYPD:     1.826 ) on MPI rank :     1122
     Computing       time :    0.000000                    on MPI rank :     1123
     Waiting lbc_lnk time :    0.000000 ( 0.0 %)           on MPI rank :     1123
     Waiting  global time :    0.000000 ( 0.0 %)           on MPI rank :     1123
     Total           time :  128.529184 (SYPD:     1.826 ) on MPI rank :     1123
     Computing       time :    0.000000                    on MPI rank :     1124
     Waiting lbc_lnk time :    0.000000 ( 0.0 %)           on MPI rank :     1124
     Waiting  global time :    0.000000 ( 0.0 %)           on MPI rank :     1124
     Total           time :  128.531131 (SYPD:     1.826 ) on MPI rank :     1124
     Computing       time :    0.000000                    on MPI rank :     1125
     Waiting lbc_lnk time :    0.000000 ( 0.0 %)           on MPI rank :     1125
     Waiting  global time :    0.000000 ( 0.0 %)           on MPI rank :     1125
     Total           time :  128.530717 (SYPD:     1.826 ) on MPI rank :     1125
     Computing       time :    0.000000                    on MPI rank :     1126
     Waiting lbc_lnk time :    0.000000 ( 0.0 %)           on MPI rank :     1126
     Waiting  global time :    0.000000 ( 0.0 %)           on MPI rank :     1126
     Total           time :  128.530873 (SYPD:     1.826 ) on MPI rank :     1126
     Computing       time :    0.000000                    on MPI rank :     1127
     Waiting lbc_lnk time :    0.000000 ( 0.0 %)           on MPI rank :     1127
     Waiting  global time :    0.000000 ( 0.0 %)           on MPI rank :     1127
     Total           time :  128.530577 (SYPD:     1.826 ) on MPI rank :     1127
     Computing       time :    0.000000                    on MPI rank :     1128
     Waiting lbc_lnk time :    0.000000 ( 0.0 %)           on MPI rank :     1128
     Waiting  global time :    0.000000 ( 0.0 %)           on MPI rank :     1128
     Total           time :  128.534053 (SYPD:     1.826 ) on MPI rank :     1128
     Computing       time :    0.000000                    on MPI rank :     1129
     Waiting lbc_lnk time :    0.000000 ( 0.0 %)           on MPI rank :     1129
     Waiting  global time :    0.000000 ( 0.0 %)           on MPI rank :     1129
     Total           time :  128.534954 (SYPD:     1.826 ) on MPI rank :     1129
     Computing       time :    0.000000                    on MPI rank :     1130
     Waiting lbc_lnk time :    0.000000 ( 0.0 %)           on MPI rank :     1130
     Waiting  global time :    0.000000 ( 0.0 %)           on MPI rank :     1130
     Total           time :  128.534477 (SYPD:     1.826 ) on MPI rank :     1130
     Computing       time :    0.000000                    on MPI rank :     1131
     Waiting lbc_lnk time :    0.000000 ( 0.0 %)           on MPI rank :     1131
     Waiting  global time :    0.000000 ( 0.0 %)           on MPI rank :     1131
     Total           time :  128.536989 (SYPD:     1.826 ) on MPI rank :     1131
     Computing       time :    0.000000                    on MPI rank :     1132
     Waiting lbc_lnk time :    0.000000 ( 0.0 %)           on MPI rank :     1132
     Waiting  global time :    0.000000 ( 0.0 %)           on MPI rank :     1132
     Total           time :  128.538228 (SYPD:     1.826 ) on MPI rank :     1132
     Computing       time :    0.000000                    on MPI rank :     1133
     Waiting lbc_lnk time :    0.000000 ( 0.0 %)           on MPI rank :     1133
     Waiting  global time :    0.000000 ( 0.0 %)           on MPI rank :     1133
     Total           time :  128.537532 (SYPD:     1.826 ) on MPI rank :     1133
     Computing       time :    0.000000                    on MPI rank :     1134
     Waiting lbc_lnk time :    0.000000 ( 0.0 %)           on MPI rank :     1134
     Waiting  global time :    0.000000 ( 0.0 %)           on MPI rank :     1134
     Total           time :  128.538150 (SYPD:     1.826 ) on MPI rank :     1134
     Computing       time :    0.000000                    on MPI rank :     1135
     Waiting lbc_lnk time :    0.000000 ( 0.0 %)           on MPI rank :     1135
     Waiting  global time :    0.000000 ( 0.0 %)           on MPI rank :     1135
     Total           time :  128.536139 (SYPD:     1.826 ) on MPI rank :     1135
     Computing       time :    0.000000                    on MPI rank :     1136
     Waiting lbc_lnk time :    0.000000 ( 0.0 %)           on MPI rank :     1136
     Waiting  global time :    0.000000 ( 0.0 %)           on MPI rank :     1136
     Total           time :  128.538400 (SYPD:     1.826 ) on MPI rank :     1136
     Computing       time :    0.000000                    on MPI rank :     1137
     Waiting lbc_lnk time :    0.000000 ( 0.0 %)           on MPI rank :     1137
     Waiting  global time :    0.000000 ( 0.0 %)           on MPI rank :     1137
     Total           time :  128.538792 (SYPD:     1.826 ) on MPI rank :     1137
     Computing       time :    0.000000                    on MPI rank :     1138
     Waiting lbc_lnk time :    0.000000 ( 0.0 %)           on MPI rank :     1138
     Waiting  global time :    0.000000 ( 0.0 %)           on MPI rank :     1138
     Total           time :  128.537697 (SYPD:     1.826 ) on MPI rank :     1138
     Computing       time :    0.000000                    on MPI rank :     1139
     Waiting lbc_lnk time :    0.000000 ( 0.0 %)           on MPI rank :     1139
     Waiting  global time :    0.000000 ( 0.0 %)           on MPI rank :     1139
     Total           time :  128.535271 (SYPD:     1.826 ) on MPI rank :     1139
     Computing       time :    0.000000                    on MPI rank :     1140
     Waiting lbc_lnk time :    0.000000 ( 0.0 %)           on MPI rank :     1140
     Waiting  global time :    0.000000 ( 0.0 %)           on MPI rank :     1140
     Total           time :  128.533819 (SYPD:     1.826 ) on MPI rank :     1140
     Computing       time :    0.000000                    on MPI rank :     1141
     Waiting lbc_lnk time :    0.000000 ( 0.0 %)           on MPI rank :     1141
     Waiting  global time :    0.000000 ( 0.0 %)           on MPI rank :     1141
     Total           time :  128.543997 (SYPD:     1.826 ) on MPI rank :     1141
     Computing       time :    0.000000                    on MPI rank :     1142
     Waiting lbc_lnk time :    0.000000 ( 0.0 %)           on MPI rank :     1142
     Waiting  global time :    0.000000 ( 0.0 %)           on MPI rank :     1142
     Total           time :  128.539464 (SYPD:     1.826 ) on MPI rank :     1142
     Computing       time :    0.000000                    on MPI rank :     1143
     Waiting lbc_lnk time :    0.000000 ( 0.0 %)           on MPI rank :     1143
     Waiting  global time :    0.000000 ( 0.0 %)           on MPI rank :     1143
     Total           time :  128.540575 (SYPD:     1.826 ) on MPI rank :     1143
     Computing       time :    0.000000                    on MPI rank :     1144
     Waiting lbc_lnk time :    0.000000 ( 0.0 %)           on MPI rank :     1144
     Waiting  global time :    0.000000 ( 0.0 %)           on MPI rank :     1144
     Total           time :  128.540780 (SYPD:     1.826 ) on MPI rank :     1144
     Computing       time :    0.000000                    on MPI rank :     1145
     Waiting lbc_lnk time :    0.000000 ( 0.0 %)           on MPI rank :     1145
     Waiting  global time :    0.000000 ( 0.0 %)           on MPI rank :     1145
     Total           time :  128.543607 (SYPD:     1.826 ) on MPI rank :     1145
     Computing       time :    0.000000                    on MPI rank :     1146
     Waiting lbc_lnk time :    0.000000 ( 0.0 %)           on MPI rank :     1146
     Waiting  global time :    0.000000 ( 0.0 %)           on MPI rank :     1146
     Total           time :  128.544621 (SYPD:     1.826 ) on MPI rank :     1146
     Computing       time :    0.000000                    on MPI rank :     1147
     Waiting lbc_lnk time :    0.000000 ( 0.0 %)           on MPI rank :     1147
     Waiting  global time :    0.000000 ( 0.0 %)           on MPI rank :     1147
     Total           time :  128.545150 (SYPD:     1.826 ) on MPI rank :     1147
     Computing       time :    0.000000                    on MPI rank :     1148
     Waiting lbc_lnk time :    0.000000 ( 0.0 %)           on MPI rank :     1148
     Waiting  global time :    0.000000 ( 0.0 %)           on MPI rank :     1148
     Total           time :  128.550825 (SYPD:     1.826 ) on MPI rank :     1148
     Computing       time :    0.000000                    on MPI rank :     1149
     Waiting lbc_lnk time :    0.000000 ( 0.0 %)           on MPI rank :     1149
     Waiting  global time :    0.000000 ( 0.0 %)           on MPI rank :     1149
     Total           time :  128.550844 (SYPD:     1.826 ) on MPI rank :     1149
     Computing       time :    0.000000                    on MPI rank :     1150
     Waiting lbc_lnk time :    0.000000 ( 0.0 %)           on MPI rank :     1150
     Waiting  global time :    0.000000 ( 0.0 %)           on MPI rank :     1150
     Total           time :  128.591858 (SYPD:     1.825 ) on MPI rank :     1150
     Computing       time :    0.000000                    on MPI rank :     1151
     Waiting lbc_lnk time :    0.000000 ( 0.0 %)           on MPI rank :     1151
     Waiting  global time :    0.000000 ( 0.0 %)           on MPI rank :     1151
     Total           time :  128.557973 (SYPD:     1.826 ) on MPI rank :     1151
     Computing       time :    0.000000                    on MPI rank :     1152
     Waiting lbc_lnk time :    0.000000 ( 0.0 %)           on MPI rank :     1152
     Waiting  global time :    0.000000 ( 0.0 %)           on MPI rank :     1152
     Total           time :  128.557337 (SYPD:     1.826 ) on MPI rank :     1152
     Computing       time :    0.000000                    on MPI rank :     1153
     Waiting lbc_lnk time :    0.000000 ( 0.0 %)           on MPI rank :     1153
     Waiting  global time :    0.000000 ( 0.0 %)           on MPI rank :     1153
     Total           time :  128.550377 (SYPD:     1.826 ) on MPI rank :     1153
     Computing       time :    0.000000                    on MPI rank :     1154
     Waiting lbc_lnk time :    0.000000 ( 0.0 %)           on MPI rank :     1154
     Waiting  global time :    0.000000 ( 0.0 %)           on MPI rank :     1154
     Total           time :  128.549924 (SYPD:     1.826 ) on MPI rank :     1154
     Computing       time :    0.000000                    on MPI rank :     1155
     Waiting lbc_lnk time :    0.000000 ( 0.0 %)           on MPI rank :     1155
     Waiting  global time :    0.000000 ( 0.0 %)           on MPI rank :     1155
     Total           time :  128.534031 (SYPD:     1.826 ) on MPI rank :     1155
     Computing       time :    0.000000                    on MPI rank :     1156
     Waiting lbc_lnk time :    0.000000 ( 0.0 %)           on MPI rank :     1156
     Waiting  global time :    0.000000 ( 0.0 %)           on MPI rank :     1156
     Total           time :  128.528217 (SYPD:     1.826 ) on MPI rank :     1156
     Computing       time :    0.000000                    on MPI rank :     1157
     Waiting lbc_lnk time :    0.000000 ( 0.0 %)           on MPI rank :     1157
     Waiting  global time :    0.000000 ( 0.0 %)           on MPI rank :     1157
     Total           time :  128.528909 (SYPD:     1.826 ) on MPI rank :     1157
     Computing       time :    0.000000                    on MPI rank :     1158
     Waiting lbc_lnk time :    0.000000 ( 0.0 %)           on MPI rank :     1158
     Waiting  global time :    0.000000 ( 0.0 %)           on MPI rank :     1158
     Total           time :  128.520788 (SYPD:     1.826 ) on MPI rank :     1158
     Computing       time :    0.000000                    on MPI rank :     1159
     Waiting lbc_lnk time :    0.000000 ( 0.0 %)           on MPI rank :     1159
     Waiting  global time :    0.000000 ( 0.0 %)           on MPI rank :     1159
     Total           time :  128.523084 (SYPD:     1.826 ) on MPI rank :     1159
     Computing       time :    0.000000                    on MPI rank :     1160
     Waiting lbc_lnk time :    0.000000 ( 0.0 %)           on MPI rank :     1160
     Waiting  global time :    0.000000 ( 0.0 %)           on MPI rank :     1160
     Total           time :  128.520566 (SYPD:     1.826 ) on MPI rank :     1160
     Computing       time :    0.000000                    on MPI rank :     1161
     Waiting lbc_lnk time :    0.000000 ( 0.0 %)           on MPI rank :     1161
     Waiting  global time :    0.000000 ( 0.0 %)           on MPI rank :     1161
     Total           time :  128.527871 (SYPD:     1.826 ) on MPI rank :     1161
     Computing       time :    0.000000                    on MPI rank :     1162
     Waiting lbc_lnk time :    0.000000 ( 0.0 %)           on MPI rank :     1162
     Waiting  global time :    0.000000 ( 0.0 %)           on MPI rank :     1162
     Total           time :  128.527233 (SYPD:     1.826 ) on MPI rank :     1162
     Computing       time :    0.000000                    on MPI rank :     1163
     Waiting lbc_lnk time :    0.000000 ( 0.0 %)           on MPI rank :     1163
     Waiting  global time :    0.000000 ( 0.0 %)           on MPI rank :     1163
     Total           time :  128.524621 (SYPD:     1.826 ) on MPI rank :     1163
     Computing       time :    0.000000                    on MPI rank :     1164
     Waiting lbc_lnk time :    0.000000 ( 0.0 %)           on MPI rank :     1164
     Waiting  global time :    0.000000 ( 0.0 %)           on MPI rank :     1164
     Total           time :  128.516887 (SYPD:     1.827 ) on MPI rank :     1164
     Computing       time :    0.000000                    on MPI rank :     1165
     Waiting lbc_lnk time :    0.000000 ( 0.0 %)           on MPI rank :     1165
     Waiting  global time :    0.000000 ( 0.0 %)           on MPI rank :     1165
     Total           time :  128.516467 (SYPD:     1.827 ) on MPI rank :     1165
     Computing       time :    0.000000                    on MPI rank :     1166
     Waiting lbc_lnk time :    0.000000 ( 0.0 %)           on MPI rank :     1166
     Waiting  global time :    0.000000 ( 0.0 %)           on MPI rank :     1166
     Total           time :  128.516029 (SYPD:     1.827 ) on MPI rank :     1166
     Computing       time :    0.000000                    on MPI rank :     1167
     Waiting lbc_lnk time :    0.000000 ( 0.0 %)           on MPI rank :     1167
     Waiting  global time :    0.000000 ( 0.0 %)           on MPI rank :     1167
     Total           time :  128.524647 (SYPD:     1.826 ) on MPI rank :     1167
     Computing       time :    0.000000                    on MPI rank :     1168
     Waiting lbc_lnk time :    0.000000 ( 0.0 %)           on MPI rank :     1168
     Waiting  global time :    0.000000 ( 0.0 %)           on MPI rank :     1168
     Total           time :  128.525111 (SYPD:     1.826 ) on MPI rank :     1168
     Computing       time :    0.000000                    on MPI rank :     1169
     Waiting lbc_lnk time :    0.000000 ( 0.0 %)           on MPI rank :     1169
     Waiting  global time :    0.000000 ( 0.0 %)           on MPI rank :     1169
     Total           time :  128.523988 (SYPD:     1.826 ) on MPI rank :     1169
     Computing       time :    0.000000                    on MPI rank :     1170
     Waiting lbc_lnk time :    0.000000 ( 0.0 %)           on MPI rank :     1170
     Waiting  global time :    0.000000 ( 0.0 %)           on MPI rank :     1170
     Total           time :  128.524984 (SYPD:     1.826 ) on MPI rank :     1170
     Computing       time :    0.000000                    on MPI rank :     1171
     Waiting lbc_lnk time :    0.000000 ( 0.0 %)           on MPI rank :     1171
     Waiting  global time :    0.000000 ( 0.0 %)           on MPI rank :     1171
     Total           time :  128.525793 (SYPD:     1.826 ) on MPI rank :     1171
     Computing       time :    0.000000                    on MPI rank :     1172
     Waiting lbc_lnk time :    0.000000 ( 0.0 %)           on MPI rank :     1172
     Waiting  global time :    0.000000 ( 0.0 %)           on MPI rank :     1172
     Total           time :  128.528808 (SYPD:     1.826 ) on MPI rank :     1172
     Computing       time :    0.000000                    on MPI rank :     1173
     Waiting lbc_lnk time :    0.000000 ( 0.0 %)           on MPI rank :     1173
     Waiting  global time :    0.000000 ( 0.0 %)           on MPI rank :     1173
     Total           time :  128.528519 (SYPD:     1.826 ) on MPI rank :     1173
     Computing       time :    0.000000                    on MPI rank :     1174
     Waiting lbc_lnk time :    0.000000 ( 0.0 %)           on MPI rank :     1174
     Waiting  global time :    0.000000 ( 0.0 %)           on MPI rank :     1174
     Total           time :  128.528571 (SYPD:     1.826 ) on MPI rank :     1174
     Computing       time :    0.000000                    on MPI rank :     1175
     Waiting lbc_lnk time :    0.000000 ( 0.0 %)           on MPI rank :     1175
     Waiting  global time :    0.000000 ( 0.0 %)           on MPI rank :     1175
     Total           time :  128.528805 (SYPD:     1.826 ) on MPI rank :     1175
     Computing       time :    0.000000                    on MPI rank :     1176
     Waiting lbc_lnk time :    0.000000 ( 0.0 %)           on MPI rank :     1176
     Waiting  global time :    0.000000 ( 0.0 %)           on MPI rank :     1176
     Total           time :  128.528888 (SYPD:     1.826 ) on MPI rank :     1176
     Computing       time :    0.000000                    on MPI rank :     1177
     Waiting lbc_lnk time :    0.000000 ( 0.0 %)           on MPI rank :     1177
     Waiting  global time :    0.000000 ( 0.0 %)           on MPI rank :     1177
     Total           time :  128.531943 (SYPD:     1.826 ) on MPI rank :     1177
     Computing       time :    0.000000                    on MPI rank :     1178
     Waiting lbc_lnk time :    0.000000 ( 0.0 %)           on MPI rank :     1178
     Waiting  global time :    0.000000 ( 0.0 %)           on MPI rank :     1178
     Total           time :  128.532923 (SYPD:     1.826 ) on MPI rank :     1178
     Computing       time :    0.000000                    on MPI rank :     1179
     Waiting lbc_lnk time :    0.000000 ( 0.0 %)           on MPI rank :     1179
     Waiting  global time :    0.000000 ( 0.0 %)           on MPI rank :     1179
     Total           time :  128.532973 (SYPD:     1.826 ) on MPI rank :     1179
     Computing       time :    0.000000                    on MPI rank :     1180
     Waiting lbc_lnk time :    0.000000 ( 0.0 %)           on MPI rank :     1180
     Waiting  global time :    0.000000 ( 0.0 %)           on MPI rank :     1180
     Total           time :  128.534970 (SYPD:     1.826 ) on MPI rank :     1180
     Computing       time :    0.000000                    on MPI rank :     1181
     Waiting lbc_lnk time :    0.000000 ( 0.0 %)           on MPI rank :     1181
     Waiting  global time :    0.000000 ( 0.0 %)           on MPI rank :     1181
     Total           time :  128.535591 (SYPD:     1.826 ) on MPI rank :     1181
     Computing       time :    0.000000                    on MPI rank :     1182
     Waiting lbc_lnk time :    0.000000 ( 0.0 %)           on MPI rank :     1182
     Waiting  global time :    0.000000 ( 0.0 %)           on MPI rank :     1182
     Total           time :  128.534413 (SYPD:     1.826 ) on MPI rank :     1182
     Computing       time :    0.000000                    on MPI rank :     1183
     Waiting lbc_lnk time :    0.000000 ( 0.0 %)           on MPI rank :     1183
     Waiting  global time :    0.000000 ( 0.0 %)           on MPI rank :     1183
     Total           time :  128.539461 (SYPD:     1.826 ) on MPI rank :     1183
     Computing       time :    0.000000                    on MPI rank :     1184
     Waiting lbc_lnk time :    0.000000 ( 0.0 %)           on MPI rank :     1184
     Waiting  global time :    0.000000 ( 0.0 %)           on MPI rank :     1184
     Total           time :  128.534664 (SYPD:     1.826 ) on MPI rank :     1184
     Computing       time :    0.000000                    on MPI rank :     1185
     Waiting lbc_lnk time :    0.000000 ( 0.0 %)           on MPI rank :     1185
     Waiting  global time :    0.000000 ( 0.0 %)           on MPI rank :     1185
     Total           time :  128.534055 (SYPD:     1.826 ) on MPI rank :     1185
     Computing       time :    0.000000                    on MPI rank :     1186
     Waiting lbc_lnk time :    0.000000 ( 0.0 %)           on MPI rank :     1186
     Waiting  global time :    0.000000 ( 0.0 %)           on MPI rank :     1186
     Total           time :  128.534142 (SYPD:     1.826 ) on MPI rank :     1186
     Computing       time :    0.000000                    on MPI rank :     1187
     Waiting lbc_lnk time :    0.000000 ( 0.0 %)           on MPI rank :     1187
     Waiting  global time :    0.000000 ( 0.0 %)           on MPI rank :     1187
     Total           time :  128.532893 (SYPD:     1.826 ) on MPI rank :     1187
     Computing       time :    0.000000                    on MPI rank :     1188
     Waiting lbc_lnk time :    0.000000 ( 0.0 %)           on MPI rank :     1188
     Waiting  global time :    0.000000 ( 0.0 %)           on MPI rank :     1188
     Total           time :  128.535344 (SYPD:     1.826 ) on MPI rank :     1188
     Computing       time :    0.000000                    on MPI rank :     1189
     Waiting lbc_lnk time :    0.000000 ( 0.0 %)           on MPI rank :     1189
     Waiting  global time :    0.000000 ( 0.0 %)           on MPI rank :     1189
     Total           time :  128.536848 (SYPD:     1.826 ) on MPI rank :     1189
     Computing       time :    0.000000                    on MPI rank :     1190
     Waiting lbc_lnk time :    0.000000 ( 0.0 %)           on MPI rank :     1190
     Waiting  global time :    0.000000 ( 0.0 %)           on MPI rank :     1190
     Total           time :  128.537191 (SYPD:     1.826 ) on MPI rank :     1190
     Computing       time :    0.000000                    on MPI rank :     1191
     Waiting lbc_lnk time :    0.000000 ( 0.0 %)           on MPI rank :     1191
     Waiting  global time :    0.000000 ( 0.0 %)           on MPI rank :     1191
     Total           time :  128.543856 (SYPD:     1.826 ) on MPI rank :     1191
     Computing       time :    0.000000                    on MPI rank :     1192
     Waiting lbc_lnk time :    0.000000 ( 0.0 %)           on MPI rank :     1192
     Waiting  global time :    0.000000 ( 0.0 %)           on MPI rank :     1192
     Total           time :  128.545302 (SYPD:     1.826 ) on MPI rank :     1192
     Computing       time :    0.000000                    on MPI rank :     1193
     Waiting lbc_lnk time :    0.000000 ( 0.0 %)           on MPI rank :     1193
     Waiting  global time :    0.000000 ( 0.0 %)           on MPI rank :     1193
     Total           time :  128.548567 (SYPD:     1.826 ) on MPI rank :     1193
     Computing       time :    0.000000                    on MPI rank :     1194
     Waiting lbc_lnk time :    0.000000 ( 0.0 %)           on MPI rank :     1194
     Waiting  global time :    0.000000 ( 0.0 %)           on MPI rank :     1194
     Total           time :  128.591438 (SYPD:     1.825 ) on MPI rank :     1194
     Computing       time :    0.000000                    on MPI rank :     1195
     Waiting lbc_lnk time :    0.000000 ( 0.0 %)           on MPI rank :     1195
     Waiting  global time :    0.000000 ( 0.0 %)           on MPI rank :     1195
     Total           time :  128.590391 (SYPD:     1.825 ) on MPI rank :     1195
     Computing       time :    0.000000                    on MPI rank :     1196
     Waiting lbc_lnk time :    0.000000 ( 0.0 %)           on MPI rank :     1196
     Waiting  global time :    0.000000 ( 0.0 %)           on MPI rank :     1196
     Total           time :  128.557577 (SYPD:     1.826 ) on MPI rank :     1196
     Computing       time :    0.000000                    on MPI rank :     1197
     Waiting lbc_lnk time :    0.000000 ( 0.0 %)           on MPI rank :     1197
     Waiting  global time :    0.000000 ( 0.0 %)           on MPI rank :     1197
     Total           time :  128.556798 (SYPD:     1.826 ) on MPI rank :     1197
     Computing       time :    0.000000                    on MPI rank :     1198
     Waiting lbc_lnk time :    0.000000 ( 0.0 %)           on MPI rank :     1198
     Waiting  global time :    0.000000 ( 0.0 %)           on MPI rank :     1198
     Total           time :  128.547765 (SYPD:     1.826 ) on MPI rank :     1198
     Computing       time :    0.000000                    on MPI rank :     1199
     Waiting lbc_lnk time :    0.000000 ( 0.0 %)           on MPI rank :     1199
     Waiting  global time :    0.000000 ( 0.0 %)           on MPI rank :     1199
     Total           time :  128.548798 (SYPD:     1.826 ) on MPI rank :     1199
     Computing       time :    0.000000                    on MPI rank :     1200
     Waiting lbc_lnk time :    0.000000 ( 0.0 %)           on MPI rank :     1200
     Waiting  global time :    0.000000 ( 0.0 %)           on MPI rank :     1200
     Total           time :  128.533354 (SYPD:     1.826 ) on MPI rank :     1200
     Computing       time :    0.000000                    on MPI rank :     1201
     Waiting lbc_lnk time :    0.000000 ( 0.0 %)           on MPI rank :     1201
     Waiting  global time :    0.000000 ( 0.0 %)           on MPI rank :     1201
     Total           time :  128.533012 (SYPD:     1.826 ) on MPI rank :     1201
     Computing       time :    0.000000                    on MPI rank :     1202
     Waiting lbc_lnk time :    0.000000 ( 0.0 %)           on MPI rank :     1202
     Waiting  global time :    0.000000 ( 0.0 %)           on MPI rank :     1202
     Total           time :  128.536585 (SYPD:     1.826 ) on MPI rank :     1202
     Computing       time :    0.000000                    on MPI rank :     1203
     Waiting lbc_lnk time :    0.000000 ( 0.0 %)           on MPI rank :     1203
     Waiting  global time :    0.000000 ( 0.0 %)           on MPI rank :     1203
     Total           time :  128.529370 (SYPD:     1.826 ) on MPI rank :     1203
     Computing       time :    0.000000                    on MPI rank :     1204
     Waiting lbc_lnk time :    0.000000 ( 0.0 %)           on MPI rank :     1204
     Waiting  global time :    0.000000 ( 0.0 %)           on MPI rank :     1204
     Total           time :  128.529846 (SYPD:     1.826 ) on MPI rank :     1204
     Computing       time :    0.000000                    on MPI rank :     1205
     Waiting lbc_lnk time :    0.000000 ( 0.0 %)           on MPI rank :     1205
     Waiting  global time :    0.000000 ( 0.0 %)           on MPI rank :     1205
     Total           time :  128.516397 (SYPD:     1.827 ) on MPI rank :     1205
     Computing       time :    0.000000                    on MPI rank :     1206
     Waiting lbc_lnk time :    0.000000 ( 0.0 %)           on MPI rank :     1206
     Waiting  global time :    0.000000 ( 0.0 %)           on MPI rank :     1206
     Total           time :  128.515732 (SYPD:     1.827 ) on MPI rank :     1206
     Computing       time :    0.000000                    on MPI rank :     1207
     Waiting lbc_lnk time :    0.000000 ( 0.0 %)           on MPI rank :     1207
     Waiting  global time :    0.000000 ( 0.0 %)           on MPI rank :     1207
     Total           time :  128.515863 (SYPD:     1.827 ) on MPI rank :     1207
     Computing       time :    0.000000                    on MPI rank :     1208
     Waiting lbc_lnk time :    0.000000 ( 0.0 %)           on MPI rank :     1208
     Waiting  global time :    0.000000 ( 0.0 %)           on MPI rank :     1208
     Total           time :  128.514104 (SYPD:     1.827 ) on MPI rank :     1208
     Computing       time :    0.000000                    on MPI rank :     1209
     Waiting lbc_lnk time :    0.000000 ( 0.0 %)           on MPI rank :     1209
     Waiting  global time :    0.000000 ( 0.0 %)           on MPI rank :     1209
     Total           time :  128.514957 (SYPD:     1.827 ) on MPI rank :     1209
     Computing       time :    0.000000                    on MPI rank :     1210
     Waiting lbc_lnk time :    0.000000 ( 0.0 %)           on MPI rank :     1210
     Waiting  global time :    0.000000 ( 0.0 %)           on MPI rank :     1210
     Total           time :  128.523264 (SYPD:     1.826 ) on MPI rank :     1210
     Computing       time :    0.000000                    on MPI rank :     1211
     Waiting lbc_lnk time :    0.000000 ( 0.0 %)           on MPI rank :     1211
     Waiting  global time :    0.000000 ( 0.0 %)           on MPI rank :     1211
     Total           time :  128.523994 (SYPD:     1.826 ) on MPI rank :     1211
     Computing       time :    0.000000                    on MPI rank :     1212
     Waiting lbc_lnk time :    0.000000 ( 0.0 %)           on MPI rank :     1212
     Waiting  global time :    0.000000 ( 0.0 %)           on MPI rank :     1212
     Total           time :  128.520472 (SYPD:     1.826 ) on MPI rank :     1212
     Computing       time :    0.000000                    on MPI rank :     1213
     Waiting lbc_lnk time :    0.000000 ( 0.0 %)           on MPI rank :     1213
     Waiting  global time :    0.000000 ( 0.0 %)           on MPI rank :     1213
     Total           time :  128.519930 (SYPD:     1.826 ) on MPI rank :     1213
     Computing       time :    0.000000                    on MPI rank :     1214
     Waiting lbc_lnk time :    0.000000 ( 0.0 %)           on MPI rank :     1214
     Waiting  global time :    0.000000 ( 0.0 %)           on MPI rank :     1214
     Total           time :  128.519854 (SYPD:     1.826 ) on MPI rank :     1214
     Computing       time :    0.000000                    on MPI rank :     1215
     Waiting lbc_lnk time :    0.000000 ( 0.0 %)           on MPI rank :     1215
     Waiting  global time :    0.000000 ( 0.0 %)           on MPI rank :     1215
     Total           time :  128.522817 (SYPD:     1.826 ) on MPI rank :     1215
     Computing       time :    0.000000                    on MPI rank :     1216
     Waiting lbc_lnk time :    0.000000 ( 0.0 %)           on MPI rank :     1216
     Waiting  global time :    0.000000 ( 0.0 %)           on MPI rank :     1216
     Total           time :  128.522622 (SYPD:     1.826 ) on MPI rank :     1216
     Computing       time :    0.000000                    on MPI rank :     1217
     Waiting lbc_lnk time :    0.000000 ( 0.0 %)           on MPI rank :     1217
     Waiting  global time :    0.000000 ( 0.0 %)           on MPI rank :     1217
     Total           time :  128.523741 (SYPD:     1.826 ) on MPI rank :     1217
     Computing       time :    0.000000                    on MPI rank :     1218
     Waiting lbc_lnk time :    0.000000 ( 0.0 %)           on MPI rank :     1218
     Waiting  global time :    0.000000 ( 0.0 %)           on MPI rank :     1218
     Total           time :  128.523698 (SYPD:     1.826 ) on MPI rank :     1218
     Computing       time :    0.000000                    on MPI rank :     1219
     Waiting lbc_lnk time :    0.000000 ( 0.0 %)           on MPI rank :     1219
     Waiting  global time :    0.000000 ( 0.0 %)           on MPI rank :     1219
     Total           time :  128.534721 (SYPD:     1.826 ) on MPI rank :     1219
     Computing       time :    0.000000                    on MPI rank :     1220
     Waiting lbc_lnk time :    0.000000 ( 0.0 %)           on MPI rank :     1220
     Waiting  global time :    0.000000 ( 0.0 %)           on MPI rank :     1220
     Total           time :  128.535136 (SYPD:     1.826 ) on MPI rank :     1220
     Computing       time :    0.000000                    on MPI rank :     1221
     Waiting lbc_lnk time :    0.000000 ( 0.0 %)           on MPI rank :     1221
     Waiting  global time :    0.000000 ( 0.0 %)           on MPI rank :     1221
     Total           time :  128.535090 (SYPD:     1.826 ) on MPI rank :     1221
     Computing       time :    0.000000                    on MPI rank :     1222
     Waiting lbc_lnk time :    0.000000 ( 0.0 %)           on MPI rank :     1222
     Waiting  global time :    0.000000 ( 0.0 %)           on MPI rank :     1222
     Total           time :  128.536150 (SYPD:     1.826 ) on MPI rank :     1222
     Computing       time :    0.000000                    on MPI rank :     1223
     Waiting lbc_lnk time :    0.000000 ( 0.0 %)           on MPI rank :     1223
     Waiting  global time :    0.000000 ( 0.0 %)           on MPI rank :     1223
     Total           time :  128.538455 (SYPD:     1.826 ) on MPI rank :     1223
     Computing       time :    0.000000                    on MPI rank :     1224
     Waiting lbc_lnk time :    0.000000 ( 0.0 %)           on MPI rank :     1224
     Waiting  global time :    0.000000 ( 0.0 %)           on MPI rank :     1224
     Total           time :  128.537960 (SYPD:     1.826 ) on MPI rank :     1224
     Computing       time :    0.000000                    on MPI rank :     1225
     Waiting lbc_lnk time :    0.000000 ( 0.0 %)           on MPI rank :     1225
     Waiting  global time :    0.000000 ( 0.0 %)           on MPI rank :     1225
     Total           time :  128.538506 (SYPD:     1.826 ) on MPI rank :     1225
     Computing       time :    0.000000                    on MPI rank :     1226
     Waiting lbc_lnk time :    0.000000 ( 0.0 %)           on MPI rank :     1226
     Waiting  global time :    0.000000 ( 0.0 %)           on MPI rank :     1226
     Total           time :  128.540121 (SYPD:     1.826 ) on MPI rank :     1226
     Computing       time :    0.000000                    on MPI rank :     1227
     Waiting lbc_lnk time :    0.000000 ( 0.0 %)           on MPI rank :     1227
     Waiting  global time :    0.000000 ( 0.0 %)           on MPI rank :     1227
     Total           time :  128.540001 (SYPD:     1.826 ) on MPI rank :     1227
     Computing       time :    0.000000                    on MPI rank :     1228
     Waiting lbc_lnk time :    0.000000 ( 0.0 %)           on MPI rank :     1228
     Waiting  global time :    0.000000 ( 0.0 %)           on MPI rank :     1228
     Total           time :  128.539461 (SYPD:     1.826 ) on MPI rank :     1228
     Computing       time :    0.000000                    on MPI rank :     1229
     Waiting lbc_lnk time :    0.000000 ( 0.0 %)           on MPI rank :     1229
     Waiting  global time :    0.000000 ( 0.0 %)           on MPI rank :     1229
     Total           time :  127.232660 (SYPD:     1.845 ) on MPI rank :     1229
     Computing       time :    0.000000                    on MPI rank :     1230
     Waiting lbc_lnk time :    0.000000 ( 0.0 %)           on MPI rank :     1230
     Waiting  global time :    0.000000 ( 0.0 %)           on MPI rank :     1230
     Total           time :  128.541507 (SYPD:     1.826 ) on MPI rank :     1230
     Computing       time :    0.000000                    on MPI rank :     1231
     Waiting lbc_lnk time :    0.000000 ( 0.0 %)           on MPI rank :     1231
     Waiting  global time :    0.000000 ( 0.0 %)           on MPI rank :     1231
     Total           time :  128.542030 (SYPD:     1.826 ) on MPI rank :     1231
     Computing       time :    0.000000                    on MPI rank :     1232
     Waiting lbc_lnk time :    0.000000 ( 0.0 %)           on MPI rank :     1232
     Waiting  global time :    0.000000 ( 0.0 %)           on MPI rank :     1232
     Total           time :  128.543262 (SYPD:     1.826 ) on MPI rank :     1232
     Computing       time :    0.000000                    on MPI rank :     1233
     Waiting lbc_lnk time :    0.000000 ( 0.0 %)           on MPI rank :     1233
     Waiting  global time :    0.000000 ( 0.0 %)           on MPI rank :     1233
     Total           time :  128.544502 (SYPD:     1.826 ) on MPI rank :     1233
     Computing       time :    0.000000                    on MPI rank :     1234
     Waiting lbc_lnk time :    0.000000 ( 0.0 %)           on MPI rank :     1234
     Waiting  global time :    0.000000 ( 0.0 %)           on MPI rank :     1234
     Total           time :  128.550401 (SYPD:     1.826 ) on MPI rank :     1234
     Computing       time :    0.000000                    on MPI rank :     1235
     Waiting lbc_lnk time :    0.000000 ( 0.0 %)           on MPI rank :     1235
     Waiting  global time :    0.000000 ( 0.0 %)           on MPI rank :     1235
     Total           time :  128.592111 (SYPD:     1.825 ) on MPI rank :     1235
     Computing       time :    0.000000                    on MPI rank :     1236
     Waiting lbc_lnk time :    0.000000 ( 0.0 %)           on MPI rank :     1236
     Waiting  global time :    0.000000 ( 0.0 %)           on MPI rank :     1236
     Total           time :  128.589999 (SYPD:     1.825 ) on MPI rank :     1236
     Computing       time :    0.000000                    on MPI rank :     1237
     Waiting lbc_lnk time :    0.000000 ( 0.0 %)           on MPI rank :     1237
     Waiting  global time :    0.000000 ( 0.0 %)           on MPI rank :     1237
     Total           time :  127.739721 (SYPD:     1.838 ) on MPI rank :     1237
     Computing       time :    0.000000                    on MPI rank :     1238
     Waiting lbc_lnk time :    0.000000 ( 0.0 %)           on MPI rank :     1238
     Waiting  global time :    0.000000 ( 0.0 %)           on MPI rank :     1238
     Total           time :  128.556795 (SYPD:     1.826 ) on MPI rank :     1238
     Computing       time :    0.000000                    on MPI rank :     1239
     Waiting lbc_lnk time :    0.000000 ( 0.0 %)           on MPI rank :     1239
     Waiting  global time :    0.000000 ( 0.0 %)           on MPI rank :     1239
     Total           time :  128.548927 (SYPD:     1.826 ) on MPI rank :     1239
     Computing       time :    0.000000                    on MPI rank :     1240
     Waiting lbc_lnk time :    0.000000 ( 0.0 %)           on MPI rank :     1240
     Waiting  global time :    0.000000 ( 0.0 %)           on MPI rank :     1240
     Total           time :  128.548223 (SYPD:     1.826 ) on MPI rank :     1240
     Computing       time :    0.000000                    on MPI rank :     1241
     Waiting lbc_lnk time :    0.000000 ( 0.0 %)           on MPI rank :     1241
     Waiting  global time :    0.000000 ( 0.0 %)           on MPI rank :     1241
     Total           time :  128.531111 (SYPD:     1.826 ) on MPI rank :     1241
     Computing       time :    0.000000                    on MPI rank :     1242
     Waiting lbc_lnk time :    0.000000 ( 0.0 %)           on MPI rank :     1242
     Waiting  global time :    0.000000 ( 0.0 %)           on MPI rank :     1242
     Total           time :  128.531125 (SYPD:     1.826 ) on MPI rank :     1242
     Computing       time :    0.000000                    on MPI rank :     1243
     Waiting lbc_lnk time :    0.000000 ( 0.0 %)           on MPI rank :     1243
     Waiting  global time :    0.000000 ( 0.0 %)           on MPI rank :     1243
     Total           time :  128.530189 (SYPD:     1.826 ) on MPI rank :     1243
     Computing       time :    0.000000                    on MPI rank :     1244
     Waiting lbc_lnk time :    0.000000 ( 0.0 %)           on MPI rank :     1244
     Waiting  global time :    0.000000 ( 0.0 %)           on MPI rank :     1244
     Total           time :  128.529278 (SYPD:     1.826 ) on MPI rank :     1244
     Computing       time :    0.000000                    on MPI rank :     1245
     Waiting lbc_lnk time :    0.000000 ( 0.0 %)           on MPI rank :     1245
     Waiting  global time :    0.000000 ( 0.0 %)           on MPI rank :     1245
     Total           time :  128.528505 (SYPD:     1.826 ) on MPI rank :     1245
     Computing       time :    0.000000                    on MPI rank :     1246
     Waiting lbc_lnk time :    0.000000 ( 0.0 %)           on MPI rank :     1246
     Waiting  global time :    0.000000 ( 0.0 %)           on MPI rank :     1246
     Total           time :  127.222770 (SYPD:     1.845 ) on MPI rank :     1246
     Computing       time :    0.000000                    on MPI rank :     1247
     Waiting lbc_lnk time :    0.000000 ( 0.0 %)           on MPI rank :     1247
     Waiting  global time :    0.000000 ( 0.0 %)           on MPI rank :     1247
     Total           time :  128.520988 (SYPD:     1.826 ) on MPI rank :     1247
     Computing       time :    0.000000                    on MPI rank :     1248
     Waiting lbc_lnk time :    0.000000 ( 0.0 %)           on MPI rank :     1248
     Waiting  global time :    0.000000 ( 0.0 %)           on MPI rank :     1248
     Total           time :  128.521049 (SYPD:     1.826 ) on MPI rank :     1248
     Computing       time :    0.000000                    on MPI rank :     1249
     Waiting lbc_lnk time :    0.000000 ( 0.0 %)           on MPI rank :     1249
     Waiting  global time :    0.000000 ( 0.0 %)           on MPI rank :     1249
     Total           time :  128.527625 (SYPD:     1.826 ) on MPI rank :     1249
     Computing       time :    0.000000                    on MPI rank :     1250
     Waiting lbc_lnk time :    0.000000 ( 0.0 %)           on MPI rank :     1250
     Waiting  global time :    0.000000 ( 0.0 %)           on MPI rank :     1250
     Total           time :  128.526362 (SYPD:     1.826 ) on MPI rank :     1250
     Computing       time :    0.000000                    on MPI rank :     1251
     Waiting lbc_lnk time :    0.000000 ( 0.0 %)           on MPI rank :     1251
     Waiting  global time :    0.000000 ( 0.0 %)           on MPI rank :     1251
     Total           time :  128.524725 (SYPD:     1.826 ) on MPI rank :     1251
     Computing       time :    0.000000                    on MPI rank :     1252
     Waiting lbc_lnk time :    0.000000 ( 0.0 %)           on MPI rank :     1252
     Waiting  global time :    0.000000 ( 0.0 %)           on MPI rank :     1252
     Total           time :  128.524271 (SYPD:     1.826 ) on MPI rank :     1252
     Computing       time :    0.000000                    on MPI rank :     1253
     Waiting lbc_lnk time :    0.000000 ( 0.0 %)           on MPI rank :     1253
     Waiting  global time :    0.000000 ( 0.0 %)           on MPI rank :     1253
     Total           time :  128.527296 (SYPD:     1.826 ) on MPI rank :     1253
     Computing       time :    0.000000                    on MPI rank :     1254
     Waiting lbc_lnk time :    0.000000 ( 0.0 %)           on MPI rank :     1254
     Waiting  global time :    0.000000 ( 0.0 %)           on MPI rank :     1254
     Total           time :  128.524865 (SYPD:     1.826 ) on MPI rank :     1254
     Computing       time :    0.000000                    on MPI rank :     1255
     Waiting lbc_lnk time :    0.000000 ( 0.0 %)           on MPI rank :     1255
     Waiting  global time :    0.000000 ( 0.0 %)           on MPI rank :     1255
     Total           time :  128.524300 (SYPD:     1.826 ) on MPI rank :     1255
     Computing       time :    0.000000                    on MPI rank :     1256
     Waiting lbc_lnk time :    0.000000 ( 0.0 %)           on MPI rank :     1256
     Waiting  global time :    0.000000 ( 0.0 %)           on MPI rank :     1256
     Total           time :  128.527444 (SYPD:     1.826 ) on MPI rank :     1256
     Computing       time :    0.000000                    on MPI rank :     1257
     Waiting lbc_lnk time :    0.000000 ( 0.0 %)           on MPI rank :     1257
     Waiting  global time :    0.000000 ( 0.0 %)           on MPI rank :     1257
     Total           time :  128.528320 (SYPD:     1.826 ) on MPI rank :     1257
     Computing       time :    0.000000                    on MPI rank :     1258
     Waiting lbc_lnk time :    0.000000 ( 0.0 %)           on MPI rank :     1258
     Waiting  global time :    0.000000 ( 0.0 %)           on MPI rank :     1258
     Total           time :  128.527029 (SYPD:     1.826 ) on MPI rank :     1258
     Computing       time :    0.000000                    on MPI rank :     1259
     Waiting lbc_lnk time :    0.000000 ( 0.0 %)           on MPI rank :     1259
     Waiting  global time :    0.000000 ( 0.0 %)           on MPI rank :     1259
     Total           time :  128.527923 (SYPD:     1.826 ) on MPI rank :     1259
     Computing       time :    0.000000                    on MPI rank :     1260
     Waiting lbc_lnk time :    0.000000 ( 0.0 %)           on MPI rank :     1260
     Waiting  global time :    0.000000 ( 0.0 %)           on MPI rank :     1260
     Total           time :  128.528470 (SYPD:     1.826 ) on MPI rank :     1260
     Computing       time :    0.000000                    on MPI rank :     1261
     Waiting lbc_lnk time :    0.000000 ( 0.0 %)           on MPI rank :     1261
     Waiting  global time :    0.000000 ( 0.0 %)           on MPI rank :     1261
     Total           time :  128.530706 (SYPD:     1.826 ) on MPI rank :     1261
     Computing       time :    0.000000                    on MPI rank :     1262
     Waiting lbc_lnk time :    0.000000 ( 0.0 %)           on MPI rank :     1262
     Waiting  global time :    0.000000 ( 0.0 %)           on MPI rank :     1262
     Total           time :  128.532064 (SYPD:     1.826 ) on MPI rank :     1262
     Computing       time :    0.000000                    on MPI rank :     1263
     Waiting lbc_lnk time :    0.000000 ( 0.0 %)           on MPI rank :     1263
     Waiting  global time :    0.000000 ( 0.0 %)           on MPI rank :     1263
     Total           time :  128.531517 (SYPD:     1.826 ) on MPI rank :     1263
     Computing       time :    0.000000                    on MPI rank :     1264
     Waiting lbc_lnk time :    0.000000 ( 0.0 %)           on MPI rank :     1264
     Waiting  global time :    0.000000 ( 0.0 %)           on MPI rank :     1264
     Total           time :  128.532437 (SYPD:     1.826 ) on MPI rank :     1264
     Computing       time :    0.000000                    on MPI rank :     1265
     Waiting lbc_lnk time :    0.000000 ( 0.0 %)           on MPI rank :     1265
     Waiting  global time :    0.000000 ( 0.0 %)           on MPI rank :     1265
     Total           time :  128.532717 (SYPD:     1.826 ) on MPI rank :     1265
     Computing       time :    0.000000                    on MPI rank :     1266
     Waiting lbc_lnk time :    0.000000 ( 0.0 %)           on MPI rank :     1266
     Waiting  global time :    0.000000 ( 0.0 %)           on MPI rank :     1266
     Total           time :  128.533228 (SYPD:     1.826 ) on MPI rank :     1266
     Computing       time :    0.000000                    on MPI rank :     1267
     Waiting lbc_lnk time :    0.000000 ( 0.0 %)           on MPI rank :     1267
     Waiting  global time :    0.000000 ( 0.0 %)           on MPI rank :     1267
     Total           time :  128.537067 (SYPD:     1.826 ) on MPI rank :     1267
     Computing       time :    0.000000                    on MPI rank :     1268
     Waiting lbc_lnk time :    0.000000 ( 0.0 %)           on MPI rank :     1268
     Waiting  global time :    0.000000 ( 0.0 %)           on MPI rank :     1268
     Total           time :  128.539030 (SYPD:     1.826 ) on MPI rank :     1268
     Computing       time :    0.000000                    on MPI rank :     1269
     Waiting lbc_lnk time :    0.000000 ( 0.0 %)           on MPI rank :     1269
     Waiting  global time :    0.000000 ( 0.0 %)           on MPI rank :     1269
     Total           time :  128.538588 (SYPD:     1.826 ) on MPI rank :     1269
     Computing       time :    0.000000                    on MPI rank :     1270
     Waiting lbc_lnk time :    0.000000 ( 0.0 %)           on MPI rank :     1270
     Waiting  global time :    0.000000 ( 0.0 %)           on MPI rank :     1270
     Total           time :  128.541207 (SYPD:     1.826 ) on MPI rank :     1270
     Computing       time :    0.000000                    on MPI rank :     1271
     Waiting lbc_lnk time :    0.000000 ( 0.0 %)           on MPI rank :     1271
     Waiting  global time :    0.000000 ( 0.0 %)           on MPI rank :     1271
     Total           time :  128.541464 (SYPD:     1.826 ) on MPI rank :     1271
     Computing       time :    0.000000                    on MPI rank :     1272
     Waiting lbc_lnk time :    0.000000 ( 0.0 %)           on MPI rank :     1272
     Waiting  global time :    0.000000 ( 0.0 %)           on MPI rank :     1272
     Total           time :  128.540952 (SYPD:     1.826 ) on MPI rank :     1272
     Computing       time :    0.000000                    on MPI rank :     1273
     Waiting lbc_lnk time :    0.000000 ( 0.0 %)           on MPI rank :     1273
     Waiting  global time :    0.000000 ( 0.0 %)           on MPI rank :     1273
     Total           time :  128.541025 (SYPD:     1.826 ) on MPI rank :     1273
     Computing       time :    0.000000                    on MPI rank :     1274
     Waiting lbc_lnk time :    0.000000 ( 0.0 %)           on MPI rank :     1274
     Waiting  global time :    0.000000 ( 0.0 %)           on MPI rank :     1274
     Total           time :  128.540845 (SYPD:     1.826 ) on MPI rank :     1274
     Computing       time :    0.000000                    on MPI rank :     1275
     Waiting lbc_lnk time :    0.000000 ( 0.0 %)           on MPI rank :     1275
     Waiting  global time :    0.000000 ( 0.0 %)           on MPI rank :     1275
     Total           time :  128.544967 (SYPD:     1.826 ) on MPI rank :     1275
     Computing       time :    0.000000                    on MPI rank :     1276
     Waiting lbc_lnk time :    0.000000 ( 0.0 %)           on MPI rank :     1276
     Waiting  global time :    0.000000 ( 0.0 %)           on MPI rank :     1276
     Total           time :  128.549737 (SYPD:     1.826 ) on MPI rank :     1276
     Computing       time :    0.000000                    on MPI rank :     1277
     Waiting lbc_lnk time :    0.000000 ( 0.0 %)           on MPI rank :     1277
     Waiting  global time :    0.000000 ( 0.0 %)           on MPI rank :     1277
     Total           time :  128.591174 (SYPD:     1.825 ) on MPI rank :     1277
     Computing       time :    0.000000                    on MPI rank :     1278
     Waiting lbc_lnk time :    0.000000 ( 0.0 %)           on MPI rank :     1278
     Waiting  global time :    0.000000 ( 0.0 %)           on MPI rank :     1278
     Total           time :  128.590325 (SYPD:     1.825 ) on MPI rank :     1278
     Computing       time :    0.000000                    on MPI rank :     1279
     Waiting lbc_lnk time :    0.000000 ( 0.0 %)           on MPI rank :     1279
     Waiting  global time :    0.000000 ( 0.0 %)           on MPI rank :     1279
     Total           time :  128.557734 (SYPD:     1.826 ) on MPI rank :     1279
     Computing       time :    0.000000                    on MPI rank :     1280
     Waiting lbc_lnk time :    0.000000 ( 0.0 %)           on MPI rank :     1280
     Waiting  global time :    0.000000 ( 0.0 %)           on MPI rank :     1280
     Total           time :  128.558301 (SYPD:     1.826 ) on MPI rank :     1280
     Computing       time :    0.000000                    on MPI rank :     1281
     Waiting lbc_lnk time :    0.000000 ( 0.0 %)           on MPI rank :     1281
     Waiting  global time :    0.000000 ( 0.0 %)           on MPI rank :     1281
     Total           time :  128.550419 (SYPD:     1.826 ) on MPI rank :     1281
     Computing       time :    0.000000                    on MPI rank :     1282
     Waiting lbc_lnk time :    0.000000 ( 0.0 %)           on MPI rank :     1282
     Waiting  global time :    0.000000 ( 0.0 %)           on MPI rank :     1282
     Total           time :  128.543653 (SYPD:     1.826 ) on MPI rank :     1282
     Computing       time :    0.000000                    on MPI rank :     1283
     Waiting lbc_lnk time :    0.000000 ( 0.0 %)           on MPI rank :     1283
     Waiting  global time :    0.000000 ( 0.0 %)           on MPI rank :     1283
     Total           time :  128.527373 (SYPD:     1.826 ) on MPI rank :     1283
     Computing       time :    0.000000                    on MPI rank :     1284
     Waiting lbc_lnk time :    0.000000 ( 0.0 %)           on MPI rank :     1284
     Waiting  global time :    0.000000 ( 0.0 %)           on MPI rank :     1284
     Total           time :  128.524909 (SYPD:     1.826 ) on MPI rank :     1284
     Computing       time :    0.000000                    on MPI rank :     1285
     Waiting lbc_lnk time :    0.000000 ( 0.0 %)           on MPI rank :     1285
     Waiting  global time :    0.000000 ( 0.0 %)           on MPI rank :     1285
     Total           time :  128.523442 (SYPD:     1.826 ) on MPI rank :     1285
     Computing       time :    0.000000                    on MPI rank :     1286
     Waiting lbc_lnk time :    0.000000 ( 0.0 %)           on MPI rank :     1286
     Waiting  global time :    0.000000 ( 0.0 %)           on MPI rank :     1286
     Total           time :  128.523983 (SYPD:     1.826 ) on MPI rank :     1286
     Computing       time :    0.000000                    on MPI rank :     1287
     Waiting lbc_lnk time :    0.000000 ( 0.0 %)           on MPI rank :     1287
     Waiting  global time :    0.000000 ( 0.0 %)           on MPI rank :     1287
     Total           time :  128.522068 (SYPD:     1.826 ) on MPI rank :     1287
     Computing       time :    0.000000                    on MPI rank :     1288
     Waiting lbc_lnk time :    0.000000 ( 0.0 %)           on MPI rank :     1288
     Waiting  global time :    0.000000 ( 0.0 %)           on MPI rank :     1288
     Total           time :  128.519112 (SYPD:     1.826 ) on MPI rank :     1288
     Computing       time :    0.000000                    on MPI rank :     1289
     Waiting lbc_lnk time :    0.000000 ( 0.0 %)           on MPI rank :     1289
     Waiting  global time :    0.000000 ( 0.0 %)           on MPI rank :     1289
     Total           time :  128.521332 (SYPD:     1.826 ) on MPI rank :     1289
     Computing       time :    0.000000                    on MPI rank :     1290
     Waiting lbc_lnk time :    0.000000 ( 0.0 %)           on MPI rank :     1290
     Waiting  global time :    0.000000 ( 0.0 %)           on MPI rank :     1290
     Total           time :  128.522409 (SYPD:     1.826 ) on MPI rank :     1290
     Computing       time :    0.000000                    on MPI rank :     1291
     Waiting lbc_lnk time :    0.000000 ( 0.0 %)           on MPI rank :     1291
     Waiting  global time :    0.000000 ( 0.0 %)           on MPI rank :     1291
     Total           time :  128.524496 (SYPD:     1.826 ) on MPI rank :     1291
     Computing       time :    0.000000                    on MPI rank :     1292
     Waiting lbc_lnk time :    0.000000 ( 0.0 %)           on MPI rank :     1292
     Waiting  global time :    0.000000 ( 0.0 %)           on MPI rank :     1292
     Total           time :  128.527403 (SYPD:     1.826 ) on MPI rank :     1292
     Computing       time :    0.000000                    on MPI rank :     1293
     Waiting lbc_lnk time :    0.000000 ( 0.0 %)           on MPI rank :     1293
     Waiting  global time :    0.000000 ( 0.0 %)           on MPI rank :     1293
     Total           time :  128.528395 (SYPD:     1.826 ) on MPI rank :     1293
     Computing       time :    0.000000                    on MPI rank :     1294
     Waiting lbc_lnk time :    0.000000 ( 0.0 %)           on MPI rank :     1294
     Waiting  global time :    0.000000 ( 0.0 %)           on MPI rank :     1294
     Total           time :  128.528613 (SYPD:     1.826 ) on MPI rank :     1294
     Computing       time :    0.000000                    on MPI rank :     1295
     Waiting lbc_lnk time :    0.000000 ( 0.0 %)           on MPI rank :     1295
     Waiting  global time :    0.000000 ( 0.0 %)           on MPI rank :     1295
     Total           time :  128.528590 (SYPD:     1.826 ) on MPI rank :     1295
     Computing       time :    0.000000                    on MPI rank :     1296
     Waiting lbc_lnk time :    0.000000 ( 0.0 %)           on MPI rank :     1296
     Waiting  global time :    0.000000 ( 0.0 %)           on MPI rank :     1296
     Total           time :  128.526942 (SYPD:     1.826 ) on MPI rank :     1296
     Computing       time :    0.000000                    on MPI rank :     1297
     Waiting lbc_lnk time :    0.000000 ( 0.0 %)           on MPI rank :     1297
     Waiting  global time :    0.000000 ( 0.0 %)           on MPI rank :     1297
     Total           time :  128.531261 (SYPD:     1.826 ) on MPI rank :     1297
     Computing       time :    0.000000                    on MPI rank :     1298
     Waiting lbc_lnk time :    0.000000 ( 0.0 %)           on MPI rank :     1298
     Waiting  global time :    0.000000 ( 0.0 %)           on MPI rank :     1298
     Total           time :  128.530602 (SYPD:     1.826 ) on MPI rank :     1298
     Computing       time :    0.000000                    on MPI rank :     1299
     Waiting lbc_lnk time :    0.000000 ( 0.0 %)           on MPI rank :     1299
     Waiting  global time :    0.000000 ( 0.0 %)           on MPI rank :     1299
     Total           time :  128.531328 (SYPD:     1.826 ) on MPI rank :     1299
     Computing       time :    0.000000                    on MPI rank :     1300
     Waiting lbc_lnk time :    0.000000 ( 0.0 %)           on MPI rank :     1300
     Waiting  global time :    0.000000 ( 0.0 %)           on MPI rank :     1300
     Total           time :  128.531205 (SYPD:     1.826 ) on MPI rank :     1300
     Computing       time :    0.000000                    on MPI rank :     1301
     Waiting lbc_lnk time :    0.000000 ( 0.0 %)           on MPI rank :     1301
     Waiting  global time :    0.000000 ( 0.0 %)           on MPI rank :     1301
     Total           time :  128.533104 (SYPD:     1.826 ) on MPI rank :     1301
     Computing       time :    0.000000                    on MPI rank :     1302
     Waiting lbc_lnk time :    0.000000 ( 0.0 %)           on MPI rank :     1302
     Waiting  global time :    0.000000 ( 0.0 %)           on MPI rank :     1302
     Total           time :  128.532585 (SYPD:     1.826 ) on MPI rank :     1302
     Computing       time :    0.000000                    on MPI rank :     1303
     Waiting lbc_lnk time :    0.000000 ( 0.0 %)           on MPI rank :     1303
     Waiting  global time :    0.000000 ( 0.0 %)           on MPI rank :     1303
     Total           time :  128.533412 (SYPD:     1.826 ) on MPI rank :     1303
     Computing       time :    0.000000                    on MPI rank :     1304
     Waiting lbc_lnk time :    0.000000 ( 0.0 %)           on MPI rank :     1304
     Waiting  global time :    0.000000 ( 0.0 %)           on MPI rank :     1304
     Total           time :  128.536314 (SYPD:     1.826 ) on MPI rank :     1304
     Computing       time :    0.000000                    on MPI rank :     1305
     Waiting lbc_lnk time :    0.000000 ( 0.0 %)           on MPI rank :     1305
     Waiting  global time :    0.000000 ( 0.0 %)           on MPI rank :     1305
     Total           time :  128.536347 (SYPD:     1.826 ) on MPI rank :     1305
     Computing       time :    0.000000                    on MPI rank :     1306
     Waiting lbc_lnk time :    0.000000 ( 0.0 %)           on MPI rank :     1306
     Waiting  global time :    0.000000 ( 0.0 %)           on MPI rank :     1306
     Total           time :  128.535361 (SYPD:     1.826 ) on MPI rank :     1306
     Computing       time :    0.000000                    on MPI rank :     1307
     Waiting lbc_lnk time :    0.000000 ( 0.0 %)           on MPI rank :     1307
     Waiting  global time :    0.000000 ( 0.0 %)           on MPI rank :     1307
     Total           time :  128.537847 (SYPD:     1.826 ) on MPI rank :     1307
     Computing       time :    0.000000                    on MPI rank :     1308
     Waiting lbc_lnk time :    0.000000 ( 0.0 %)           on MPI rank :     1308
     Waiting  global time :    0.000000 ( 0.0 %)           on MPI rank :     1308
     Total           time :  128.538297 (SYPD:     1.826 ) on MPI rank :     1308
     Computing       time :    0.000000                    on MPI rank :     1309
     Waiting lbc_lnk time :    0.000000 ( 0.0 %)           on MPI rank :     1309
     Waiting  global time :    0.000000 ( 0.0 %)           on MPI rank :     1309
     Total           time :  128.538570 (SYPD:     1.826 ) on MPI rank :     1309
     Computing       time :    0.000000                    on MPI rank :     1310
     Waiting lbc_lnk time :    0.000000 ( 0.0 %)           on MPI rank :     1310
     Waiting  global time :    0.000000 ( 0.0 %)           on MPI rank :     1310
     Total           time :  128.539384 (SYPD:     1.826 ) on MPI rank :     1310
     Computing       time :    0.000000                    on MPI rank :     1311
     Waiting lbc_lnk time :    0.000000 ( 0.0 %)           on MPI rank :     1311
     Waiting  global time :    0.000000 ( 0.0 %)           on MPI rank :     1311
     Total           time :  128.545391 (SYPD:     1.826 ) on MPI rank :     1311
     Computing       time :    0.000000                    on MPI rank :     1312
     Waiting lbc_lnk time :    0.000000 ( 0.0 %)           on MPI rank :     1312
     Waiting  global time :    0.000000 ( 0.0 %)           on MPI rank :     1312
     Total           time :  128.540343 (SYPD:     1.826 ) on MPI rank :     1312
     Computing       time :    0.000000                    on MPI rank :     1313
     Waiting lbc_lnk time :    0.000000 ( 0.0 %)           on MPI rank :     1313
     Waiting  global time :    0.000000 ( 0.0 %)           on MPI rank :     1313
     Total           time :  128.538860 (SYPD:     1.826 ) on MPI rank :     1313
     Computing       time :    0.000000                    on MPI rank :     1314
     Waiting lbc_lnk time :    0.000000 ( 0.0 %)           on MPI rank :     1314
     Waiting  global time :    0.000000 ( 0.0 %)           on MPI rank :     1314
     Total           time :  128.541932 (SYPD:     1.826 ) on MPI rank :     1314
     Computing       time :    0.000000                    on MPI rank :     1315
     Waiting lbc_lnk time :    0.000000 ( 0.0 %)           on MPI rank :     1315
     Waiting  global time :    0.000000 ( 0.0 %)           on MPI rank :     1315
     Total           time :  128.541511 (SYPD:     1.826 ) on MPI rank :     1315
     Computing       time :    0.000000                    on MPI rank :     1316
     Waiting lbc_lnk time :    0.000000 ( 0.0 %)           on MPI rank :     1316
     Waiting  global time :    0.000000 ( 0.0 %)           on MPI rank :     1316
     Total           time :  128.546154 (SYPD:     1.826 ) on MPI rank :     1316
     Computing       time :    0.000000                    on MPI rank :     1317
     Waiting lbc_lnk time :    0.000000 ( 0.0 %)           on MPI rank :     1317
     Waiting  global time :    0.000000 ( 0.0 %)           on MPI rank :     1317
     Total           time :  128.548540 (SYPD:     1.826 ) on MPI rank :     1317
     Computing       time :    0.000000                    on MPI rank :     1318
     Waiting lbc_lnk time :    0.000000 ( 0.0 %)           on MPI rank :     1318
     Waiting  global time :    0.000000 ( 0.0 %)           on MPI rank :     1318
     Total           time :  128.589094 (SYPD:     1.826 ) on MPI rank :     1318
     Computing       time :    0.000000                    on MPI rank :     1319
     Waiting lbc_lnk time :    0.000000 ( 0.0 %)           on MPI rank :     1319
     Waiting  global time :    0.000000 ( 0.0 %)           on MPI rank :     1319
     Total           time :  128.587141 (SYPD:     1.826 ) on MPI rank :     1319
     Computing       time :    0.000000                    on MPI rank :     1320
     Waiting lbc_lnk time :    0.000000 ( 0.0 %)           on MPI rank :     1320
     Waiting  global time :    0.000000 ( 0.0 %)           on MPI rank :     1320
     Total           time :  128.555916 (SYPD:     1.826 ) on MPI rank :     1320
     Computing       time :    0.000000                    on MPI rank :     1321
     Waiting lbc_lnk time :    0.000000 ( 0.0 %)           on MPI rank :     1321
     Waiting  global time :    0.000000 ( 0.0 %)           on MPI rank :     1321
     Total           time :  128.555624 (SYPD:     1.826 ) on MPI rank :     1321
     Computing       time :    0.000000                    on MPI rank :     1322
     Waiting lbc_lnk time :    0.000000 ( 0.0 %)           on MPI rank :     1322
     Waiting  global time :    0.000000 ( 0.0 %)           on MPI rank :     1322
     Total           time :  128.547408 (SYPD:     1.826 ) on MPI rank :     1322
     Computing       time :    0.000000                    on MPI rank :     1323
     Waiting lbc_lnk time :    0.000000 ( 0.0 %)           on MPI rank :     1323
     Waiting  global time :    0.000000 ( 0.0 %)           on MPI rank :     1323
     Total           time :  128.546583 (SYPD:     1.826 ) on MPI rank :     1323
     Computing       time :    0.000000                    on MPI rank :     1324
     Waiting lbc_lnk time :    0.000000 ( 0.0 %)           on MPI rank :     1324
     Waiting  global time :    0.000000 ( 0.0 %)           on MPI rank :     1324
     Total           time :  128.532314 (SYPD:     1.826 ) on MPI rank :     1324
     Computing       time :    0.000000                    on MPI rank :     1325
     Waiting lbc_lnk time :    0.000000 ( 0.0 %)           on MPI rank :     1325
     Waiting  global time :    0.000000 ( 0.0 %)           on MPI rank :     1325
     Total           time :  128.533303 (SYPD:     1.826 ) on MPI rank :     1325
     Computing       time :    0.000000                    on MPI rank :     1326
     Waiting lbc_lnk time :    0.000000 ( 0.0 %)           on MPI rank :     1326
     Waiting  global time :    0.000000 ( 0.0 %)           on MPI rank :     1326
     Total           time :  128.530851 (SYPD:     1.826 ) on MPI rank :     1326
     Computing       time :    0.000000                    on MPI rank :     1327
     Waiting lbc_lnk time :    0.000000 ( 0.0 %)           on MPI rank :     1327
     Waiting  global time :    0.000000 ( 0.0 %)           on MPI rank :     1327
     Total           time :  128.525179 (SYPD:     1.826 ) on MPI rank :     1327
     Computing       time :    0.000000                    on MPI rank :     1328
     Waiting lbc_lnk time :    0.000000 ( 0.0 %)           on MPI rank :     1328
     Waiting  global time :    0.000000 ( 0.0 %)           on MPI rank :     1328
     Total           time :  128.524582 (SYPD:     1.826 ) on MPI rank :     1328
     Computing       time :    0.000000                    on MPI rank :     1329
     Waiting lbc_lnk time :    0.000000 ( 0.0 %)           on MPI rank :     1329
     Waiting  global time :    0.000000 ( 0.0 %)           on MPI rank :     1329
     Total           time :  128.524294 (SYPD:     1.826 ) on MPI rank :     1329
     Computing       time :    0.000000                    on MPI rank :     1330
     Waiting lbc_lnk time :    0.000000 ( 0.0 %)           on MPI rank :     1330
     Waiting  global time :    0.000000 ( 0.0 %)           on MPI rank :     1330
     Total           time :  128.528136 (SYPD:     1.826 ) on MPI rank :     1330
     Computing       time :    0.000000                    on MPI rank :     1331
     Waiting lbc_lnk time :    0.000000 ( 0.0 %)           on MPI rank :     1331
     Waiting  global time :    0.000000 ( 0.0 %)           on MPI rank :     1331
     Total           time :  128.526370 (SYPD:     1.826 ) on MPI rank :     1331
     Computing       time :    0.000000                    on MPI rank :     1332
     Waiting lbc_lnk time :    0.000000 ( 0.0 %)           on MPI rank :     1332
     Waiting  global time :    0.000000 ( 0.0 %)           on MPI rank :     1332
     Total           time :  128.532422 (SYPD:     1.826 ) on MPI rank :     1332
     Computing       time :    0.000000                    on MPI rank :     1333
     Waiting lbc_lnk time :    0.000000 ( 0.0 %)           on MPI rank :     1333
     Waiting  global time :    0.000000 ( 0.0 %)           on MPI rank :     1333
     Total           time :  128.534043 (SYPD:     1.826 ) on MPI rank :     1333
     Computing       time :    0.000000                    on MPI rank :     1334
     Waiting lbc_lnk time :    0.000000 ( 0.0 %)           on MPI rank :     1334
     Waiting  global time :    0.000000 ( 0.0 %)           on MPI rank :     1334
     Total           time :  128.534693 (SYPD:     1.826 ) on MPI rank :     1334
     Computing       time :    0.000000                    on MPI rank :     1335
     Waiting lbc_lnk time :    0.000000 ( 0.0 %)           on MPI rank :     1335
     Waiting  global time :    0.000000 ( 0.0 %)           on MPI rank :     1335
     Total           time :  128.534453 (SYPD:     1.826 ) on MPI rank :     1335
     Computing       time :    0.000000                    on MPI rank :     1336
     Waiting lbc_lnk time :    0.000000 ( 0.0 %)           on MPI rank :     1336
     Waiting  global time :    0.000000 ( 0.0 %)           on MPI rank :     1336
     Total           time :  128.537770 (SYPD:     1.826 ) on MPI rank :     1336
     Computing       time :    0.000000                    on MPI rank :     1337
     Waiting lbc_lnk time :    0.000000 ( 0.0 %)           on MPI rank :     1337
     Waiting  global time :    0.000000 ( 0.0 %)           on MPI rank :     1337
     Total           time :  128.537802 (SYPD:     1.826 ) on MPI rank :     1337
     Computing       time :    0.000000                    on MPI rank :     1338
     Waiting lbc_lnk time :    0.000000 ( 0.0 %)           on MPI rank :     1338
     Waiting  global time :    0.000000 ( 0.0 %)           on MPI rank :     1338
     Total           time :  128.539405 (SYPD:     1.826 ) on MPI rank :     1338
     Computing       time :    0.000000                    on MPI rank :     1339
     Waiting lbc_lnk time :    0.000000 ( 0.0 %)           on MPI rank :     1339
     Waiting  global time :    0.000000 ( 0.0 %)           on MPI rank :     1339
     Total           time :  128.539150 (SYPD:     1.826 ) on MPI rank :     1339
     Computing       time :    0.000000                    on MPI rank :     1340
     Waiting lbc_lnk time :    0.000000 ( 0.0 %)           on MPI rank :     1340
     Waiting  global time :    0.000000 ( 0.0 %)           on MPI rank :     1340
     Total           time :  128.539713 (SYPD:     1.826 ) on MPI rank :     1340
     Computing       time :    0.000000                    on MPI rank :     1341
     Waiting lbc_lnk time :    0.000000 ( 0.0 %)           on MPI rank :     1341
     Waiting  global time :    0.000000 ( 0.0 %)           on MPI rank :     1341
     Total           time :  128.540377 (SYPD:     1.826 ) on MPI rank :     1341
     Computing       time :    0.000000                    on MPI rank :     1342
     Waiting lbc_lnk time :    0.000000 ( 0.0 %)           on MPI rank :     1342
     Waiting  global time :    0.000000 ( 0.0 %)           on MPI rank :     1342
     Total           time :  128.542438 (SYPD:     1.826 ) on MPI rank :     1342
     Computing       time :    0.000000                    on MPI rank :     1343
     Waiting lbc_lnk time :    0.000000 ( 0.0 %)           on MPI rank :     1343
     Waiting  global time :    0.000000 ( 0.0 %)           on MPI rank :     1343
     Total           time :  128.542013 (SYPD:     1.826 ) on MPI rank :     1343
     Computing       time :    0.000000                    on MPI rank :     1344
     Waiting lbc_lnk time :    0.000000 ( 0.0 %)           on MPI rank :     1344
     Waiting  global time :    0.000000 ( 0.0 %)           on MPI rank :     1344
     Total           time :  128.542883 (SYPD:     1.826 ) on MPI rank :     1344
     Computing       time :    0.000000                    on MPI rank :     1345
     Waiting lbc_lnk time :    0.000000 ( 0.0 %)           on MPI rank :     1345
     Waiting  global time :    0.000000 ( 0.0 %)           on MPI rank :     1345
     Total           time :  128.542105 (SYPD:     1.826 ) on MPI rank :     1345
     Computing       time :    0.000000                    on MPI rank :     1346
     Waiting lbc_lnk time :    0.000000 ( 0.0 %)           on MPI rank :     1346
     Waiting  global time :    0.000000 ( 0.0 %)           on MPI rank :     1346
     Total           time :  128.545107 (SYPD:     1.826 ) on MPI rank :     1346
     Computing       time :    0.000000                    on MPI rank :     1347
     Waiting lbc_lnk time :    0.000000 ( 0.0 %)           on MPI rank :     1347
     Waiting  global time :    0.000000 ( 0.0 %)           on MPI rank :     1347
     Total           time :  128.547423 (SYPD:     1.826 ) on MPI rank :     1347
     Computing       time :    0.000000                    on MPI rank :     1348
     Waiting lbc_lnk time :    0.000000 ( 0.0 %)           on MPI rank :     1348
     Waiting  global time :    0.000000 ( 0.0 %)           on MPI rank :     1348
     Total           time :  128.547028 (SYPD:     1.826 ) on MPI rank :     1348
     Computing       time :    0.000000                    on MPI rank :     1349
     Waiting lbc_lnk time :    0.000000 ( 0.0 %)           on MPI rank :     1349
     Waiting  global time :    0.000000 ( 0.0 %)           on MPI rank :     1349
     Total           time :  128.547607 (SYPD:     1.826 ) on MPI rank :     1349
     Computing       time :    0.000000                    on MPI rank :     1350
     Waiting lbc_lnk time :    0.000000 ( 0.0 %)           on MPI rank :     1350
     Waiting  global time :    0.000000 ( 0.0 %)           on MPI rank :     1350
     Total           time :  128.547570 (SYPD:     1.826 ) on MPI rank :     1350
     Computing       time :    0.000000                    on MPI rank :     1351
     Waiting lbc_lnk time :    0.000000 ( 0.0 %)           on MPI rank :     1351
     Waiting  global time :    0.000000 ( 0.0 %)           on MPI rank :     1351
     Total           time :  128.550676 (SYPD:     1.826 ) on MPI rank :     1351
     Computing       time :    0.000000                    on MPI rank :     1352
     Waiting lbc_lnk time :    0.000000 ( 0.0 %)           on MPI rank :     1352
     Waiting  global time :    0.000000 ( 0.0 %)           on MPI rank :     1352
     Total           time :  128.554563 (SYPD:     1.826 ) on MPI rank :     1352
     Computing       time :    0.000000                    on MPI rank :     1353
     Waiting lbc_lnk time :    0.000000 ( 0.0 %)           on MPI rank :     1353
     Waiting  global time :    0.000000 ( 0.0 %)           on MPI rank :     1353
     Total           time :  128.554562 (SYPD:     1.826 ) on MPI rank :     1353
     Computing       time :    0.000000                    on MPI rank :     1354
     Waiting lbc_lnk time :    0.000000 ( 0.0 %)           on MPI rank :     1354
     Waiting  global time :    0.000000 ( 0.0 %)           on MPI rank :     1354
     Total           time :  128.594522 (SYPD:     1.825 ) on MPI rank :     1354
     Computing       time :    0.000000                    on MPI rank :     1355
     Waiting lbc_lnk time :    0.000000 ( 0.0 %)           on MPI rank :     1355
     Waiting  global time :    0.000000 ( 0.0 %)           on MPI rank :     1355
     Total           time :  128.592760 (SYPD:     1.825 ) on MPI rank :     1355
     Computing       time :    0.000000                    on MPI rank :     1356
     Waiting lbc_lnk time :    0.000000 ( 0.0 %)           on MPI rank :     1356
     Waiting  global time :    0.000000 ( 0.0 %)           on MPI rank :     1356
     Total           time :  128.562838 (SYPD:     1.826 ) on MPI rank :     1356
     Computing       time :    0.000000                    on MPI rank :     1357
     Waiting lbc_lnk time :    0.000000 ( 0.0 %)           on MPI rank :     1357
     Waiting  global time :    0.000000 ( 0.0 %)           on MPI rank :     1357
     Total           time :  128.562192 (SYPD:     1.826 ) on MPI rank :     1357
     Computing       time :    0.000000                    on MPI rank :     1358
     Waiting lbc_lnk time :    0.000000 ( 0.0 %)           on MPI rank :     1358
     Waiting  global time :    0.000000 ( 0.0 %)           on MPI rank :     1358
     Total           time :  128.553447 (SYPD:     1.826 ) on MPI rank :     1358
     Computing       time :    0.000000                    on MPI rank :     1359
     Waiting lbc_lnk time :    0.000000 ( 0.0 %)           on MPI rank :     1359
     Waiting  global time :    0.000000 ( 0.0 %)           on MPI rank :     1359
     Total           time :  128.553050 (SYPD:     1.826 ) on MPI rank :     1359
     Computing       time :    0.000000                    on MPI rank :     1360
     Waiting lbc_lnk time :    0.000000 ( 0.0 %)           on MPI rank :     1360
     Waiting  global time :    0.000000 ( 0.0 %)           on MPI rank :     1360
     Total           time :  128.538233 (SYPD:     1.826 ) on MPI rank :     1360
     Computing       time :    0.000000                    on MPI rank :     1361
     Waiting lbc_lnk time :    0.000000 ( 0.0 %)           on MPI rank :     1361
     Waiting  global time :    0.000000 ( 0.0 %)           on MPI rank :     1361
     Total           time :  128.537681 (SYPD:     1.826 ) on MPI rank :     1361
     Computing       time :    0.000000                    on MPI rank :     1362
     Waiting lbc_lnk time :    0.000000 ( 0.0 %)           on MPI rank :     1362
     Waiting  global time :    0.000000 ( 0.0 %)           on MPI rank :     1362
     Total           time :  128.536721 (SYPD:     1.826 ) on MPI rank :     1362
     Computing       time :    0.000000                    on MPI rank :     1363
     Waiting lbc_lnk time :    0.000000 ( 0.0 %)           on MPI rank :     1363
     Waiting  global time :    0.000000 ( 0.0 %)           on MPI rank :     1363
     Total           time :  128.536560 (SYPD:     1.826 ) on MPI rank :     1363
     Computing       time :    0.000000                    on MPI rank :     1364
     Waiting lbc_lnk time :    0.000000 ( 0.0 %)           on MPI rank :     1364
     Waiting  global time :    0.000000 ( 0.0 %)           on MPI rank :     1364
     Total           time :  128.531336 (SYPD:     1.826 ) on MPI rank :     1364
     Computing       time :    0.000000                    on MPI rank :     1365
     Waiting lbc_lnk time :    0.000000 ( 0.0 %)           on MPI rank :     1365
     Waiting  global time :    0.000000 ( 0.0 %)           on MPI rank :     1365
     Total           time :  128.535316 (SYPD:     1.826 ) on MPI rank :     1365
     Computing       time :    0.000000                    on MPI rank :     1366
     Waiting lbc_lnk time :    0.000000 ( 0.0 %)           on MPI rank :     1366
     Waiting  global time :    0.000000 ( 0.0 %)           on MPI rank :     1366
     Total           time :  128.530472 (SYPD:     1.826 ) on MPI rank :     1366
     Computing       time :    0.000000                    on MPI rank :     1367
     Waiting lbc_lnk time :    0.000000 ( 0.0 %)           on MPI rank :     1367
     Waiting  global time :    0.000000 ( 0.0 %)           on MPI rank :     1367
     Total           time :  128.522010 (SYPD:     1.826 ) on MPI rank :     1367
     Computing       time :    0.000000                    on MPI rank :     1368
     Waiting lbc_lnk time :    0.000000 ( 0.0 %)           on MPI rank :     1368
     Waiting  global time :    0.000000 ( 0.0 %)           on MPI rank :     1368
     Total           time :  128.535506 (SYPD:     1.826 ) on MPI rank :     1368
     Computing       time :    0.000000                    on MPI rank :     1369
     Waiting lbc_lnk time :    0.000000 ( 0.0 %)           on MPI rank :     1369
     Waiting  global time :    0.000000 ( 0.0 %)           on MPI rank :     1369
     Total           time :  128.534736 (SYPD:     1.826 ) on MPI rank :     1369
     Computing       time :    0.000000                    on MPI rank :     1370
     Waiting lbc_lnk time :    0.000000 ( 0.0 %)           on MPI rank :     1370
     Waiting  global time :    0.000000 ( 0.0 %)           on MPI rank :     1370
     Total           time :  128.535069 (SYPD:     1.826 ) on MPI rank :     1370
     Computing       time :    0.000000                    on MPI rank :     1371
     Waiting lbc_lnk time :    0.000000 ( 0.0 %)           on MPI rank :     1371
     Waiting  global time :    0.000000 ( 0.0 %)           on MPI rank :     1371
     Total           time :  128.532426 (SYPD:     1.826 ) on MPI rank :     1371
     Computing       time :    0.000000                    on MPI rank :     1372
     Waiting lbc_lnk time :    0.000000 ( 0.0 %)           on MPI rank :     1372
     Waiting  global time :    0.000000 ( 0.0 %)           on MPI rank :     1372
     Total           time :  128.526548 (SYPD:     1.826 ) on MPI rank :     1372
     Computing       time :    0.000000                    on MPI rank :     1373
     Waiting lbc_lnk time :    0.000000 ( 0.0 %)           on MPI rank :     1373
     Waiting  global time :    0.000000 ( 0.0 %)           on MPI rank :     1373
     Total           time :  128.530685 (SYPD:     1.826 ) on MPI rank :     1373
     Computing       time :    0.000000                    on MPI rank :     1374
     Waiting lbc_lnk time :    0.000000 ( 0.0 %)           on MPI rank :     1374
     Waiting  global time :    0.000000 ( 0.0 %)           on MPI rank :     1374
     Total           time :  128.530150 (SYPD:     1.826 ) on MPI rank :     1374
     Computing       time :    0.000000                    on MPI rank :     1375
     Waiting lbc_lnk time :    0.000000 ( 0.0 %)           on MPI rank :     1375
     Waiting  global time :    0.000000 ( 0.0 %)           on MPI rank :     1375
     Total           time :  127.233057 (SYPD:     1.845 ) on MPI rank :     1375
     Computing       time :    0.000000                    on MPI rank :     1376
     Waiting lbc_lnk time :    0.000000 ( 0.0 %)           on MPI rank :     1376
     Waiting  global time :    0.000000 ( 0.0 %)           on MPI rank :     1376
     Total           time :  127.232954 (SYPD:     1.845 ) on MPI rank :     1376
     Computing       time :    0.000000                    on MPI rank :     1377
     Waiting lbc_lnk time :    0.000000 ( 0.0 %)           on MPI rank :     1377
     Waiting  global time :    0.000000 ( 0.0 %)           on MPI rank :     1377
     Total           time :  127.233096 (SYPD:     1.845 ) on MPI rank :     1377
     Computing       time :    0.000000                    on MPI rank :     1378
     Waiting lbc_lnk time :    0.000000 ( 0.0 %)           on MPI rank :     1378
     Waiting  global time :    0.000000 ( 0.0 %)           on MPI rank :     1378
     Total           time :  128.531689 (SYPD:     1.826 ) on MPI rank :     1378
     Computing       time :    0.000000                    on MPI rank :     1379
     Waiting lbc_lnk time :    0.000000 ( 0.0 %)           on MPI rank :     1379
     Waiting  global time :    0.000000 ( 0.0 %)           on MPI rank :     1379
     Total           time :  128.533960 (SYPD:     1.826 ) on MPI rank :     1379
     Computing       time :    0.000000                    on MPI rank :     1380
     Waiting lbc_lnk time :    0.000000 ( 0.0 %)           on MPI rank :     1380
     Waiting  global time :    0.000000 ( 0.0 %)           on MPI rank :     1380
     Total           time :  128.536564 (SYPD:     1.826 ) on MPI rank :     1380
     Computing       time :    0.000000                    on MPI rank :     1381
     Waiting lbc_lnk time :    0.000000 ( 0.0 %)           on MPI rank :     1381
     Waiting  global time :    0.000000 ( 0.0 %)           on MPI rank :     1381
     Total           time :  128.536993 (SYPD:     1.826 ) on MPI rank :     1381
     Computing       time :    0.000000                    on MPI rank :     1382
     Waiting lbc_lnk time :    0.000000 ( 0.0 %)           on MPI rank :     1382
     Waiting  global time :    0.000000 ( 0.0 %)           on MPI rank :     1382
     Total           time :  128.546364 (SYPD:     1.826 ) on MPI rank :     1382
     Computing       time :    0.000000                    on MPI rank :     1383
     Waiting lbc_lnk time :    0.000000 ( 0.0 %)           on MPI rank :     1383
     Waiting  global time :    0.000000 ( 0.0 %)           on MPI rank :     1383
     Total           time :  128.539321 (SYPD:     1.826 ) on MPI rank :     1383
     Computing       time :    0.000000                    on MPI rank :     1384
     Waiting lbc_lnk time :    0.000000 ( 0.0 %)           on MPI rank :     1384
     Waiting  global time :    0.000000 ( 0.0 %)           on MPI rank :     1384
     Total           time :  128.546434 (SYPD:     1.826 ) on MPI rank :     1384
     Computing       time :    0.000000                    on MPI rank :     1385
     Waiting lbc_lnk time :    0.000000 ( 0.0 %)           on MPI rank :     1385
     Waiting  global time :    0.000000 ( 0.0 %)           on MPI rank :     1385
     Total           time :  128.540774 (SYPD:     1.826 ) on MPI rank :     1385
     Computing       time :    0.000000                    on MPI rank :     1386
     Waiting lbc_lnk time :    0.000000 ( 0.0 %)           on MPI rank :     1386
     Waiting  global time :    0.000000 ( 0.0 %)           on MPI rank :     1386
     Total           time :  128.544544 (SYPD:     1.826 ) on MPI rank :     1386
     Computing       time :    0.000000                    on MPI rank :     1387
     Waiting lbc_lnk time :    0.000000 ( 0.0 %)           on MPI rank :     1387
     Waiting  global time :    0.000000 ( 0.0 %)           on MPI rank :     1387
     Total           time :  128.541714 (SYPD:     1.826 ) on MPI rank :     1387
     Computing       time :    0.000000                    on MPI rank :     1388
     Waiting lbc_lnk time :    0.000000 ( 0.0 %)           on MPI rank :     1388
     Waiting  global time :    0.000000 ( 0.0 %)           on MPI rank :     1388
     Total           time :  128.540029 (SYPD:     1.826 ) on MPI rank :     1388
     Computing       time :    0.000000                    on MPI rank :     1389
     Waiting lbc_lnk time :    0.000000 ( 0.0 %)           on MPI rank :     1389
     Waiting  global time :    0.000000 ( 0.0 %)           on MPI rank :     1389
     Total           time :  128.541214 (SYPD:     1.826 ) on MPI rank :     1389
     Computing       time :    0.000000                    on MPI rank :     1390
     Waiting lbc_lnk time :    0.000000 ( 0.0 %)           on MPI rank :     1390
     Waiting  global time :    0.000000 ( 0.0 %)           on MPI rank :     1390
     Total           time :  128.542270 (SYPD:     1.826 ) on MPI rank :     1390
     Computing       time :    0.000000                    on MPI rank :     1391
     Waiting lbc_lnk time :    0.000000 ( 0.0 %)           on MPI rank :     1391
     Waiting  global time :    0.000000 ( 0.0 %)           on MPI rank :     1391
     Total           time :  128.540829 (SYPD:     1.826 ) on MPI rank :     1391
     Computing       time :    0.000000                    on MPI rank :     1392
     Waiting lbc_lnk time :    0.000000 ( 0.0 %)           on MPI rank :     1392
     Waiting  global time :    0.000000 ( 0.0 %)           on MPI rank :     1392
     Total           time :  128.551661 (SYPD:     1.826 ) on MPI rank :     1392
     Computing       time :    0.000000                    on MPI rank :     1393
     Waiting lbc_lnk time :    0.000000 ( 0.0 %)           on MPI rank :     1393
     Waiting  global time :    0.000000 ( 0.0 %)           on MPI rank :     1393
     Total           time :  128.541001 (SYPD:     1.826 ) on MPI rank :     1393
     Computing       time :    0.000000                    on MPI rank :     1394
     Waiting lbc_lnk time :    0.000000 ( 0.0 %)           on MPI rank :     1394
     Waiting  global time :    0.000000 ( 0.0 %)           on MPI rank :     1394
     Total           time :  128.537522 (SYPD:     1.826 ) on MPI rank :     1394
     Computing       time :    0.000000                    on MPI rank :     1395
     Waiting lbc_lnk time :    0.000000 ( 0.0 %)           on MPI rank :     1395
     Waiting  global time :    0.000000 ( 0.0 %)           on MPI rank :     1395
     Total           time :  128.536662 (SYPD:     1.826 ) on MPI rank :     1395
     Computing       time :    0.000000                    on MPI rank :     1396
     Waiting lbc_lnk time :    0.000000 ( 0.0 %)           on MPI rank :     1396
     Waiting  global time :    0.000000 ( 0.0 %)           on MPI rank :     1396
     Total           time :  128.527228 (SYPD:     1.826 ) on MPI rank :     1396
     Computing       time :    0.000000                    on MPI rank :     1397
     Waiting lbc_lnk time :    0.000000 ( 0.0 %)           on MPI rank :     1397
     Waiting  global time :    0.000000 ( 0.0 %)           on MPI rank :     1397
     Total           time :  128.527260 (SYPD:     1.826 ) on MPI rank :     1397
     Computing       time :    0.000000                    on MPI rank :     1398
     Waiting lbc_lnk time :    0.000000 ( 0.0 %)           on MPI rank :     1398
     Waiting  global time :    0.000000 ( 0.0 %)           on MPI rank :     1398
     Total           time :  128.526480 (SYPD:     1.826 ) on MPI rank :     1398
     Computing       time :    0.000000                    on MPI rank :     1399
     Waiting lbc_lnk time :    0.000000 ( 0.0 %)           on MPI rank :     1399
     Waiting  global time :    0.000000 ( 0.0 %)           on MPI rank :     1399
     Total           time :  128.525600 (SYPD:     1.826 ) on MPI rank :     1399
     Computing       time :    0.000000                    on MPI rank :     1400
     Waiting lbc_lnk time :    0.000000 ( 0.0 %)           on MPI rank :     1400
     Waiting  global time :    0.000000 ( 0.0 %)           on MPI rank :     1400
     Total           time :  128.525780 (SYPD:     1.826 ) on MPI rank :     1400
     Computing       time :    0.000000                    on MPI rank :     1401
     Waiting lbc_lnk time :    0.000000 ( 0.0 %)           on MPI rank :     1401
     Waiting  global time :    0.000000 ( 0.0 %)           on MPI rank :     1401
     Total           time :  128.525089 (SYPD:     1.826 ) on MPI rank :     1401
     Computing       time :    0.000000                    on MPI rank :     1402
     Waiting lbc_lnk time :    0.000000 ( 0.0 %)           on MPI rank :     1402
     Waiting  global time :    0.000000 ( 0.0 %)           on MPI rank :     1402
     Total           time :  128.527294 (SYPD:     1.826 ) on MPI rank :     1402
     Computing       time :    0.000000                    on MPI rank :     1403
     Waiting lbc_lnk time :    0.000000 ( 0.0 %)           on MPI rank :     1403
     Waiting  global time :    0.000000 ( 0.0 %)           on MPI rank :     1403
     Total           time :  128.525606 (SYPD:     1.826 ) on MPI rank :     1403
     Computing       time :    0.000000                    on MPI rank :     1404
     Waiting lbc_lnk time :    0.000000 ( 0.0 %)           on MPI rank :     1404
     Waiting  global time :    0.000000 ( 0.0 %)           on MPI rank :     1404
     Total           time :  128.526196 (SYPD:     1.826 ) on MPI rank :     1404
     Computing       time :    0.000000                    on MPI rank :     1405
     Waiting lbc_lnk time :    0.000000 ( 0.0 %)           on MPI rank :     1405
     Waiting  global time :    0.000000 ( 0.0 %)           on MPI rank :     1405
     Total           time :  128.526781 (SYPD:     1.826 ) on MPI rank :     1405
     Computing       time :    0.000000                    on MPI rank :     1406
     Waiting lbc_lnk time :    0.000000 ( 0.0 %)           on MPI rank :     1406
     Waiting  global time :    0.000000 ( 0.0 %)           on MPI rank :     1406
     Total           time :  128.533814 (SYPD:     1.826 ) on MPI rank :     1406
     Computing       time :    0.000000                    on MPI rank :     1407
     Waiting lbc_lnk time :    0.000000 ( 0.0 %)           on MPI rank :     1407
     Waiting  global time :    0.000000 ( 0.0 %)           on MPI rank :     1407
     Total           time :  128.533200 (SYPD:     1.826 ) on MPI rank :     1407
     Computing       time :    0.000000                    on MPI rank :     1408
     Waiting lbc_lnk time :    0.000000 ( 0.0 %)           on MPI rank :     1408
     Waiting  global time :    0.000000 ( 0.0 %)           on MPI rank :     1408
     Total           time :  128.534998 (SYPD:     1.826 ) on MPI rank :     1408
     Computing       time :    0.000000                    on MPI rank :     1409
     Waiting lbc_lnk time :    0.000000 ( 0.0 %)           on MPI rank :     1409
     Waiting  global time :    0.000000 ( 0.0 %)           on MPI rank :     1409
     Total           time :  128.541200 (SYPD:     1.826 ) on MPI rank :     1409
     Computing       time :    0.000000                    on MPI rank :     1410
     Waiting lbc_lnk time :    0.000000 ( 0.0 %)           on MPI rank :     1410
     Waiting  global time :    0.000000 ( 0.0 %)           on MPI rank :     1410
     Total           time :  128.542056 (SYPD:     1.826 ) on MPI rank :     1410
     Computing       time :    0.000000                    on MPI rank :     1411
     Waiting lbc_lnk time :    0.000000 ( 0.0 %)           on MPI rank :     1411
     Waiting  global time :    0.000000 ( 0.0 %)           on MPI rank :     1411
     Total           time :  128.535010 (SYPD:     1.826 ) on MPI rank :     1411
     Computing       time :    0.000000                    on MPI rank :     1412
     Waiting lbc_lnk time :    0.000000 ( 0.0 %)           on MPI rank :     1412
     Waiting  global time :    0.000000 ( 0.0 %)           on MPI rank :     1412
     Total           time :  128.534801 (SYPD:     1.826 ) on MPI rank :     1412
     Computing       time :    0.000000                    on MPI rank :     1413
     Waiting lbc_lnk time :    0.000000 ( 0.0 %)           on MPI rank :     1413
     Waiting  global time :    0.000000 ( 0.0 %)           on MPI rank :     1413
     Total           time :  128.543661 (SYPD:     1.826 ) on MPI rank :     1413
     Computing       time :    0.000000                    on MPI rank :     1414
     Waiting lbc_lnk time :    0.000000 ( 0.0 %)           on MPI rank :     1414
     Waiting  global time :    0.000000 ( 0.0 %)           on MPI rank :     1414
     Total           time :  128.540863 (SYPD:     1.826 ) on MPI rank :     1414
     Computing       time :    0.000000                    on MPI rank :     1415
     Waiting lbc_lnk time :    0.000000 ( 0.0 %)           on MPI rank :     1415
     Waiting  global time :    0.000000 ( 0.0 %)           on MPI rank :     1415
     Total           time :  128.550629 (SYPD:     1.826 ) on MPI rank :     1415
     Computing       time :    0.000000                    on MPI rank :     1416
     Waiting lbc_lnk time :    0.000000 ( 0.0 %)           on MPI rank :     1416
     Waiting  global time :    0.000000 ( 0.0 %)           on MPI rank :     1416
     Total           time :  128.537426 (SYPD:     1.826 ) on MPI rank :     1416
     Computing       time :    0.000000                    on MPI rank :     1417
     Waiting lbc_lnk time :    0.000000 ( 0.0 %)           on MPI rank :     1417
     Waiting  global time :    0.000000 ( 0.0 %)           on MPI rank :     1417
     Total           time :  128.546648 (SYPD:     1.826 ) on MPI rank :     1417
     Computing       time :    0.000000                    on MPI rank :     1418
     Waiting lbc_lnk time :    0.000000 ( 0.0 %)           on MPI rank :     1418
     Waiting  global time :    0.000000 ( 0.0 %)           on MPI rank :     1418
     Total           time :  128.541870 (SYPD:     1.826 ) on MPI rank :     1418
     Computing       time :    0.000000                    on MPI rank :     1419
     Waiting lbc_lnk time :    0.000000 ( 0.0 %)           on MPI rank :     1419
     Waiting  global time :    0.000000 ( 0.0 %)           on MPI rank :     1419
     Total           time :  128.535832 (SYPD:     1.826 ) on MPI rank :     1419
     Computing       time :    0.000000                    on MPI rank :     1420
     Waiting lbc_lnk time :    0.000000 ( 0.0 %)           on MPI rank :     1420
     Waiting  global time :    0.000000 ( 0.0 %)           on MPI rank :     1420
     Total           time :  128.535802 (SYPD:     1.826 ) on MPI rank :     1420
     Computing       time :    0.000000                    on MPI rank :     1421
     Waiting lbc_lnk time :    0.000000 ( 0.0 %)           on MPI rank :     1421
     Waiting  global time :    0.000000 ( 0.0 %)           on MPI rank :     1421
     Total           time :  128.542094 (SYPD:     1.826 ) on MPI rank :     1421
     Computing       time :    0.000000                    on MPI rank :     1422
     Waiting lbc_lnk time :    0.000000 ( 0.0 %)           on MPI rank :     1422
     Waiting  global time :    0.000000 ( 0.0 %)           on MPI rank :     1422
     Total           time :  128.533414 (SYPD:     1.826 ) on MPI rank :     1422
     Computing       time :    0.000000                    on MPI rank :     1423
     Waiting lbc_lnk time :    0.000000 ( 0.0 %)           on MPI rank :     1423
     Waiting  global time :    0.000000 ( 0.0 %)           on MPI rank :     1423
     Total           time :  128.548015 (SYPD:     1.826 ) on MPI rank :     1423
     Computing       time :    0.000000                    on MPI rank :     1424
     Waiting lbc_lnk time :    0.000000 ( 0.0 %)           on MPI rank :     1424
     Waiting  global time :    0.000000 ( 0.0 %)           on MPI rank :     1424
     Total           time :  128.531034 (SYPD:     1.826 ) on MPI rank :     1424
     Computing       time :    0.000000                    on MPI rank :     1425
     Waiting lbc_lnk time :    0.000000 ( 0.0 %)           on MPI rank :     1425
     Waiting  global time :    0.000000 ( 0.0 %)           on MPI rank :     1425
     Total           time :  128.537133 (SYPD:     1.826 ) on MPI rank :     1425
     Computing       time :    0.000000                    on MPI rank :     1426
     Waiting lbc_lnk time :    0.000000 ( 0.0 %)           on MPI rank :     1426
     Waiting  global time :    0.000000 ( 0.0 %)           on MPI rank :     1426
     Total           time :  128.534450 (SYPD:     1.826 ) on MPI rank :     1426
     Computing       time :    0.000000                    on MPI rank :     1427
     Waiting lbc_lnk time :    0.000000 ( 0.0 %)           on MPI rank :     1427
     Waiting  global time :    0.000000 ( 0.0 %)           on MPI rank :     1427
     Total           time :  128.527098 (SYPD:     1.826 ) on MPI rank :     1427
     Computing       time :    0.000000                    on MPI rank :     1428
     Waiting lbc_lnk time :    0.000000 ( 0.0 %)           on MPI rank :     1428
     Waiting  global time :    0.000000 ( 0.0 %)           on MPI rank :     1428
     Total           time :  128.530367 (SYPD:     1.826 ) on MPI rank :     1428
     Computing       time :    0.000000                    on MPI rank :     1429
     Waiting lbc_lnk time :    0.000000 ( 0.0 %)           on MPI rank :     1429
     Waiting  global time :    0.000000 ( 0.0 %)           on MPI rank :     1429
     Total           time :  128.527728 (SYPD:     1.826 ) on MPI rank :     1429
     Computing       time :    0.000000                    on MPI rank :     1430
     Waiting lbc_lnk time :    0.000000 ( 0.0 %)           on MPI rank :     1430
     Waiting  global time :    0.000000 ( 0.0 %)           on MPI rank :     1430
     Total           time :  128.528672 (SYPD:     1.826 ) on MPI rank :     1430
     Computing       time :    0.000000                    on MPI rank :     1431
     Waiting lbc_lnk time :    0.000000 ( 0.0 %)           on MPI rank :     1431
     Waiting  global time :    0.000000 ( 0.0 %)           on MPI rank :     1431
     Total           time :  128.528964 (SYPD:     1.826 ) on MPI rank :     1431
     Computing       time :    0.000000                    on MPI rank :     1432
     Waiting lbc_lnk time :    0.000000 ( 0.0 %)           on MPI rank :     1432
     Waiting  global time :    0.000000 ( 0.0 %)           on MPI rank :     1432
     Total           time :  128.538988 (SYPD:     1.826 ) on MPI rank :     1432
     Computing       time :    0.000000                    on MPI rank :     1433
     Waiting lbc_lnk time :    0.000000 ( 0.0 %)           on MPI rank :     1433
     Waiting  global time :    0.000000 ( 0.0 %)           on MPI rank :     1433
     Total           time :  128.538754 (SYPD:     1.826 ) on MPI rank :     1433
     Computing       time :    0.000000                    on MPI rank :     1434
     Waiting lbc_lnk time :    0.000000 ( 0.0 %)           on MPI rank :     1434
     Waiting  global time :    0.000000 ( 0.0 %)           on MPI rank :     1434
     Total           time :  128.538938 (SYPD:     1.826 ) on MPI rank :     1434
     Computing       time :    0.000000                    on MPI rank :     1435
     Waiting lbc_lnk time :    0.000000 ( 0.0 %)           on MPI rank :     1435
     Waiting  global time :    0.000000 ( 0.0 %)           on MPI rank :     1435
     Total           time :  128.538858 (SYPD:     1.826 ) on MPI rank :     1435
     Computing       time :    0.000000                    on MPI rank :     1436
     Waiting lbc_lnk time :    0.000000 ( 0.0 %)           on MPI rank :     1436
     Waiting  global time :    0.000000 ( 0.0 %)           on MPI rank :     1436
     Total           time :  128.539501 (SYPD:     1.826 ) on MPI rank :     1436
     Computing       time :    0.000000                    on MPI rank :     1437
     Waiting lbc_lnk time :    0.000000 ( 0.0 %)           on MPI rank :     1437
     Waiting  global time :    0.000000 ( 0.0 %)           on MPI rank :     1437
     Total           time :  128.539570 (SYPD:     1.826 ) on MPI rank :     1437
     Computing       time :    0.000000                    on MPI rank :     1438
     Waiting lbc_lnk time :    0.000000 ( 0.0 %)           on MPI rank :     1438
     Waiting  global time :    0.000000 ( 0.0 %)           on MPI rank :     1438
     Total           time :  128.552397 (SYPD:     1.826 ) on MPI rank :     1438
     Computing       time :    0.000000                    on MPI rank :     1439
     Waiting lbc_lnk time :    0.000000 ( 0.0 %)           on MPI rank :     1439
     Waiting  global time :    0.000000 ( 0.0 %)           on MPI rank :     1439
     Total           time :  128.548982 (SYPD:     1.826 ) on MPI rank :     1439
     Computing       time :    0.000000                    on MPI rank :     1440
     Waiting lbc_lnk time :    0.000000 ( 0.0 %)           on MPI rank :     1440
     Waiting  global time :    0.000000 ( 0.0 %)           on MPI rank :     1440
     Total           time :  128.548818 (SYPD:     1.826 ) on MPI rank :     1440
     Computing       time :    0.000000                    on MPI rank :     1441
     Waiting lbc_lnk time :    0.000000 ( 0.0 %)           on MPI rank :     1441
     Waiting  global time :    0.000000 ( 0.0 %)           on MPI rank :     1441
     Total           time :  128.548228 (SYPD:     1.826 ) on MPI rank :     1441
     Computing       time :    0.000000                    on MPI rank :     1442
     Waiting lbc_lnk time :    0.000000 ( 0.0 %)           on MPI rank :     1442
     Waiting  global time :    0.000000 ( 0.0 %)           on MPI rank :     1442
     Total           time :  128.547714 (SYPD:     1.826 ) on MPI rank :     1442
     Computing       time :    0.000000                    on MPI rank :     1443
     Waiting lbc_lnk time :    0.000000 ( 0.0 %)           on MPI rank :     1443
     Waiting  global time :    0.000000 ( 0.0 %)           on MPI rank :     1443
     Total           time :  128.545747 (SYPD:     1.826 ) on MPI rank :     1443
     Computing       time :    0.000000                    on MPI rank :     1444
     Waiting lbc_lnk time :    0.000000 ( 0.0 %)           on MPI rank :     1444
     Waiting  global time :    0.000000 ( 0.0 %)           on MPI rank :     1444
     Total           time :  128.545801 (SYPD:     1.826 ) on MPI rank :     1444
     Computing       time :    0.000000                    on MPI rank :     1445
     Waiting lbc_lnk time :    0.000000 ( 0.0 %)           on MPI rank :     1445
     Waiting  global time :    0.000000 ( 0.0 %)           on MPI rank :     1445
     Total           time :  128.545759 (SYPD:     1.826 ) on MPI rank :     1445
     Computing       time :    0.000000                    on MPI rank :     1446
     Waiting lbc_lnk time :    0.000000 ( 0.0 %)           on MPI rank :     1446
     Waiting  global time :    0.000000 ( 0.0 %)           on MPI rank :     1446
     Total           time :  128.547493 (SYPD:     1.826 ) on MPI rank :     1446
     Computing       time :    0.000000                    on MPI rank :     1447
     Waiting lbc_lnk time :    0.000000 ( 0.0 %)           on MPI rank :     1447
     Waiting  global time :    0.000000 ( 0.0 %)           on MPI rank :     1447
     Total           time :  128.547299 (SYPD:     1.826 ) on MPI rank :     1447
     Computing       time :    0.000000                    on MPI rank :     1448
     Waiting lbc_lnk time :    0.000000 ( 0.0 %)           on MPI rank :     1448
     Waiting  global time :    0.000000 ( 0.0 %)           on MPI rank :     1448
     Total           time :  128.546894 (SYPD:     1.826 ) on MPI rank :     1448
     Computing       time :    0.000000                    on MPI rank :     1449
     Waiting lbc_lnk time :    0.000000 ( 0.0 %)           on MPI rank :     1449
     Waiting  global time :    0.000000 ( 0.0 %)           on MPI rank :     1449
     Total           time :  128.542934 (SYPD:     1.826 ) on MPI rank :     1449
     Computing       time :    0.000000                    on MPI rank :     1450
     Waiting lbc_lnk time :    0.000000 ( 0.0 %)           on MPI rank :     1450
     Waiting  global time :    0.000000 ( 0.0 %)           on MPI rank :     1450
     Total           time :  127.229519 (SYPD:     1.845 ) on MPI rank :     1450
     Computing       time :    0.000000                    on MPI rank :     1451
     Waiting lbc_lnk time :    0.000000 ( 0.0 %)           on MPI rank :     1451
     Waiting  global time :    0.000000 ( 0.0 %)           on MPI rank :     1451
     Total           time :  128.539305 (SYPD:     1.826 ) on MPI rank :     1451
     Computing       time :    0.000000                    on MPI rank :     1452
     Waiting lbc_lnk time :    0.000000 ( 0.0 %)           on MPI rank :     1452
     Waiting  global time :    0.000000 ( 0.0 %)           on MPI rank :     1452
     Total           time :  128.537182 (SYPD:     1.826 ) on MPI rank :     1452
     Computing       time :    0.000000                    on MPI rank :     1453
     Waiting lbc_lnk time :    0.000000 ( 0.0 %)           on MPI rank :     1453
     Waiting  global time :    0.000000 ( 0.0 %)           on MPI rank :     1453
     Total           time :  128.536390 (SYPD:     1.826 ) on MPI rank :     1453
     Computing       time :    0.000000                    on MPI rank :     1454
     Waiting lbc_lnk time :    0.000000 ( 0.0 %)           on MPI rank :     1454
     Waiting  global time :    0.000000 ( 0.0 %)           on MPI rank :     1454
     Total           time :  128.536091 (SYPD:     1.826 ) on MPI rank :     1454
     Computing       time :    0.000000                    on MPI rank :     1455
     Waiting lbc_lnk time :    0.000000 ( 0.0 %)           on MPI rank :     1455
     Waiting  global time :    0.000000 ( 0.0 %)           on MPI rank :     1455
     Total           time :  127.226122 (SYPD:     1.845 ) on MPI rank :     1455
     Computing       time :    0.000000                    on MPI rank :     1456
     Waiting lbc_lnk time :    0.000000 ( 0.0 %)           on MPI rank :     1456
     Waiting  global time :    0.000000 ( 0.0 %)           on MPI rank :     1456
     Total           time :  127.226138 (SYPD:     1.845 ) on MPI rank :     1456
     Computing       time :    0.000000                    on MPI rank :     1457
     Waiting lbc_lnk time :    0.000000 ( 0.0 %)           on MPI rank :     1457
     Waiting  global time :    0.000000 ( 0.0 %)           on MPI rank :     1457
     Total           time :  128.537538 (SYPD:     1.826 ) on MPI rank :     1457
     Computing       time :    0.000000                    on MPI rank :     1458
     Waiting lbc_lnk time :    0.000000 ( 0.0 %)           on MPI rank :     1458
     Waiting  global time :    0.000000 ( 0.0 %)           on MPI rank :     1458
     Total           time :  128.529563 (SYPD:     1.826 ) on MPI rank :     1458
     Computing       time :    0.000000                    on MPI rank :     1459
     Waiting lbc_lnk time :    0.000000 ( 0.0 %)           on MPI rank :     1459
     Waiting  global time :    0.000000 ( 0.0 %)           on MPI rank :     1459
     Total           time :  128.529222 (SYPD:     1.826 ) on MPI rank :     1459
     Computing       time :    0.000000                    on MPI rank :     1460
     Waiting lbc_lnk time :    0.000000 ( 0.0 %)           on MPI rank :     1460
     Waiting  global time :    0.000000 ( 0.0 %)           on MPI rank :     1460
     Total           time :  128.532076 (SYPD:     1.826 ) on MPI rank :     1460
     Computing       time :    0.000000                    on MPI rank :     1461
     Waiting lbc_lnk time :    0.000000 ( 0.0 %)           on MPI rank :     1461
     Waiting  global time :    0.000000 ( 0.0 %)           on MPI rank :     1461
     Total           time :  128.532504 (SYPD:     1.826 ) on MPI rank :     1461
     Computing       time :    0.000000                    on MPI rank :     1462
     Waiting lbc_lnk time :    0.000000 ( 0.0 %)           on MPI rank :     1462
     Waiting  global time :    0.000000 ( 0.0 %)           on MPI rank :     1462
     Total           time :  128.539342 (SYPD:     1.826 ) on MPI rank :     1462
     Computing       time :    0.000000                    on MPI rank :     1463
     Waiting lbc_lnk time :    0.000000 ( 0.0 %)           on MPI rank :     1463
     Waiting  global time :    0.000000 ( 0.0 %)           on MPI rank :     1463
     Total           time :  128.532442 (SYPD:     1.826 ) on MPI rank :     1463
     Computing       time :    0.000000                    on MPI rank :     1464
     Waiting lbc_lnk time :    0.000000 ( 0.0 %)           on MPI rank :     1464
     Waiting  global time :    0.000000 ( 0.0 %)           on MPI rank :     1464
     Total           time :  128.534493 (SYPD:     1.826 ) on MPI rank :     1464
     Computing       time :    0.000000                    on MPI rank :     1465
     Waiting lbc_lnk time :    0.000000 ( 0.0 %)           on MPI rank :     1465
     Waiting  global time :    0.000000 ( 0.0 %)           on MPI rank :     1465
     Total           time :  128.545776 (SYPD:     1.826 ) on MPI rank :     1465
     Computing       time :    0.000000                    on MPI rank :     1466
     Waiting lbc_lnk time :    0.000000 ( 0.0 %)           on MPI rank :     1466
     Waiting  global time :    0.000000 ( 0.0 %)           on MPI rank :     1466
     Total           time :  128.541513 (SYPD:     1.826 ) on MPI rank :     1466
     Computing       time :    0.000000                    on MPI rank :     1467
     Waiting lbc_lnk time :    0.000000 ( 0.0 %)           on MPI rank :     1467
     Waiting  global time :    0.000000 ( 0.0 %)           on MPI rank :     1467
     Total           time :  128.540050 (SYPD:     1.826 ) on MPI rank :     1467
     Computing       time :    0.000000                    on MPI rank :     1468
     Waiting lbc_lnk time :    0.000000 ( 0.0 %)           on MPI rank :     1468
     Waiting  global time :    0.000000 ( 0.0 %)           on MPI rank :     1468
     Total           time :  128.540449 (SYPD:     1.826 ) on MPI rank :     1468
     Computing       time :    0.000000                    on MPI rank :     1469
     Waiting lbc_lnk time :    0.000000 ( 0.0 %)           on MPI rank :     1469
     Waiting  global time :    0.000000 ( 0.0 %)           on MPI rank :     1469
     Total           time :  128.539874 (SYPD:     1.826 ) on MPI rank :     1469
     Computing       time :    0.000000                    on MPI rank :     1470
     Waiting lbc_lnk time :    0.000000 ( 0.0 %)           on MPI rank :     1470
     Waiting  global time :    0.000000 ( 0.0 %)           on MPI rank :     1470
     Total           time :  128.539218 (SYPD:     1.826 ) on MPI rank :     1470
     Computing       time :    0.000000                    on MPI rank :     1471
     Waiting lbc_lnk time :    0.000000 ( 0.0 %)           on MPI rank :     1471
     Waiting  global time :    0.000000 ( 0.0 %)           on MPI rank :     1471
     Total           time :  128.537712 (SYPD:     1.826 ) on MPI rank :     1471
     Computing       time :    0.000000                    on MPI rank :     1472
     Waiting lbc_lnk time :    0.000000 ( 0.0 %)           on MPI rank :     1472
     Waiting  global time :    0.000000 ( 0.0 %)           on MPI rank :     1472
     Total           time :  128.536451 (SYPD:     1.826 ) on MPI rank :     1472
     Computing       time :    0.000000                    on MPI rank :     1473
     Waiting lbc_lnk time :    0.000000 ( 0.0 %)           on MPI rank :     1473
     Waiting  global time :    0.000000 ( 0.0 %)           on MPI rank :     1473
     Total           time :  128.535195 (SYPD:     1.826 ) on MPI rank :     1473
     Computing       time :    0.000000                    on MPI rank :     1474
     Waiting lbc_lnk time :    0.000000 ( 0.0 %)           on MPI rank :     1474
     Waiting  global time :    0.000000 ( 0.0 %)           on MPI rank :     1474
     Total           time :  128.533700 (SYPD:     1.826 ) on MPI rank :     1474
     Computing       time :    0.000000                    on MPI rank :     1475
     Waiting lbc_lnk time :    0.000000 ( 0.0 %)           on MPI rank :     1475
     Waiting  global time :    0.000000 ( 0.0 %)           on MPI rank :     1475
     Total           time :  128.533449 (SYPD:     1.826 ) on MPI rank :     1475
     Computing       time :    0.000000                    on MPI rank :     1476
     Waiting lbc_lnk time :    0.000000 ( 0.0 %)           on MPI rank :     1476
     Waiting  global time :    0.000000 ( 0.0 %)           on MPI rank :     1476
     Total           time :  128.531758 (SYPD:     1.826 ) on MPI rank :     1476
     Computing       time :    0.000000                    on MPI rank :     1477
     Waiting lbc_lnk time :    0.000000 ( 0.0 %)           on MPI rank :     1477
     Waiting  global time :    0.000000 ( 0.0 %)           on MPI rank :     1477
     Total           time :  128.529641 (SYPD:     1.826 ) on MPI rank :     1477
     Computing       time :    0.000000                    on MPI rank :     1478
     Waiting lbc_lnk time :    0.000000 ( 0.0 %)           on MPI rank :     1478
     Waiting  global time :    0.000000 ( 0.0 %)           on MPI rank :     1478
     Total           time :  128.536579 (SYPD:     1.826 ) on MPI rank :     1478
     Computing       time :    0.000000                    on MPI rank :     1479
     Waiting lbc_lnk time :    0.000000 ( 0.0 %)           on MPI rank :     1479
     Waiting  global time :    0.000000 ( 0.0 %)           on MPI rank :     1479
     Total           time :  128.530220 (SYPD:     1.826 ) on MPI rank :     1479
     Computing       time :    0.000000                    on MPI rank :     1480
     Waiting lbc_lnk time :    0.000000 ( 0.0 %)           on MPI rank :     1480
     Waiting  global time :    0.000000 ( 0.0 %)           on MPI rank :     1480
     Total           time :  128.530372 (SYPD:     1.826 ) on MPI rank :     1480
     Computing       time :    0.000000                    on MPI rank :     1481
     Waiting lbc_lnk time :    0.000000 ( 0.0 %)           on MPI rank :     1481
     Waiting  global time :    0.000000 ( 0.0 %)           on MPI rank :     1481
     Total           time :  128.535050 (SYPD:     1.826 ) on MPI rank :     1481
     Computing       time :    0.000000                    on MPI rank :     1482
     Waiting lbc_lnk time :    0.000000 ( 0.0 %)           on MPI rank :     1482
     Waiting  global time :    0.000000 ( 0.0 %)           on MPI rank :     1482
     Total           time :  128.532309 (SYPD:     1.826 ) on MPI rank :     1482
     Computing       time :    0.000000                    on MPI rank :     1483
     Waiting lbc_lnk time :    0.000000 ( 0.0 %)           on MPI rank :     1483
     Waiting  global time :    0.000000 ( 0.0 %)           on MPI rank :     1483
     Total           time :  128.537037 (SYPD:     1.826 ) on MPI rank :     1483
     Computing       time :    0.000000                    on MPI rank :     1484
     Waiting lbc_lnk time :    0.000000 ( 0.0 %)           on MPI rank :     1484
     Waiting  global time :    0.000000 ( 0.0 %)           on MPI rank :     1484
     Total           time :  128.529754 (SYPD:     1.826 ) on MPI rank :     1484
     Computing       time :    0.000000                    on MPI rank :     1485
     Waiting lbc_lnk time :    0.000000 ( 0.0 %)           on MPI rank :     1485
     Waiting  global time :    0.000000 ( 0.0 %)           on MPI rank :     1485
     Total           time :  128.524365 (SYPD:     1.826 ) on MPI rank :     1485
     Computing       time :    0.000000                    on MPI rank :     1486
     Waiting lbc_lnk time :    0.000000 ( 0.0 %)           on MPI rank :     1486
     Waiting  global time :    0.000000 ( 0.0 %)           on MPI rank :     1486
     Total           time :  128.527406 (SYPD:     1.826 ) on MPI rank :     1486
     Computing       time :    0.000000                    on MPI rank :     1487
     Waiting lbc_lnk time :    0.000000 ( 0.0 %)           on MPI rank :     1487
     Waiting  global time :    0.000000 ( 0.0 %)           on MPI rank :     1487
     Total           time :  128.527010 (SYPD:     1.826 ) on MPI rank :     1487
     Computing       time :    0.000000                    on MPI rank :     1488
     Waiting lbc_lnk time :    0.000000 ( 0.0 %)           on MPI rank :     1488
     Waiting  global time :    0.000000 ( 0.0 %)           on MPI rank :     1488
     Total           time :  128.527388 (SYPD:     1.826 ) on MPI rank :     1488
     Computing       time :    0.000000                    on MPI rank :     1489
     Waiting lbc_lnk time :    0.000000 ( 0.0 %)           on MPI rank :     1489
     Waiting  global time :    0.000000 ( 0.0 %)           on MPI rank :     1489
     Total           time :  128.530353 (SYPD:     1.826 ) on MPI rank :     1489
     Computing       time :    0.000000                    on MPI rank :     1490
     Waiting lbc_lnk time :    0.000000 ( 0.0 %)           on MPI rank :     1490
     Waiting  global time :    0.000000 ( 0.0 %)           on MPI rank :     1490
     Total           time :  128.529041 (SYPD:     1.826 ) on MPI rank :     1490
     Computing       time :    0.000000                    on MPI rank :     1491
     Waiting lbc_lnk time :    0.000000 ( 0.0 %)           on MPI rank :     1491
     Waiting  global time :    0.000000 ( 0.0 %)           on MPI rank :     1491
     Total           time :  128.526044 (SYPD:     1.826 ) on MPI rank :     1491
     Computing       time :    0.000000                    on MPI rank :     1492
     Waiting lbc_lnk time :    0.000000 ( 0.0 %)           on MPI rank :     1492
     Waiting  global time :    0.000000 ( 0.0 %)           on MPI rank :     1492
     Total           time :  128.529955 (SYPD:     1.826 ) on MPI rank :     1492
     Computing       time :    0.000000                    on MPI rank :     1493
     Waiting lbc_lnk time :    0.000000 ( 0.0 %)           on MPI rank :     1493
     Waiting  global time :    0.000000 ( 0.0 %)           on MPI rank :     1493
     Total           time :  128.529050 (SYPD:     1.826 ) on MPI rank :     1493
     Computing       time :    0.000000                    on MPI rank :     1494
     Waiting lbc_lnk time :    0.000000 ( 0.0 %)           on MPI rank :     1494
     Waiting  global time :    0.000000 ( 0.0 %)           on MPI rank :     1494
     Total           time :  128.537237 (SYPD:     1.826 ) on MPI rank :     1494
     Computing       time :    0.000000                    on MPI rank :     1495
     Waiting lbc_lnk time :    0.000000 ( 0.0 %)           on MPI rank :     1495
     Waiting  global time :    0.000000 ( 0.0 %)           on MPI rank :     1495
     Total           time :  128.537853 (SYPD:     1.826 ) on MPI rank :     1495
     Computing       time :    0.000000                    on MPI rank :     1496
     Waiting lbc_lnk time :    0.000000 ( 0.0 %)           on MPI rank :     1496
     Waiting  global time :    0.000000 ( 0.0 %)           on MPI rank :     1496
     Total           time :  128.535050 (SYPD:     1.826 ) on MPI rank :     1496
     Computing       time :    0.000000                    on MPI rank :     1497
     Waiting lbc_lnk time :    0.000000 ( 0.0 %)           on MPI rank :     1497
     Waiting  global time :    0.000000 ( 0.0 %)           on MPI rank :     1497
     Total           time :  128.534541 (SYPD:     1.826 ) on MPI rank :     1497
     Computing       time :    0.000000                    on MPI rank :     1498
     Waiting lbc_lnk time :    0.000000 ( 0.0 %)           on MPI rank :     1498
     Waiting  global time :    0.000000 ( 0.0 %)           on MPI rank :     1498
     Total           time :  128.532769 (SYPD:     1.826 ) on MPI rank :     1498
     Computing       time :    0.000000                    on MPI rank :     1499
     Waiting lbc_lnk time :    0.000000 ( 0.0 %)           on MPI rank :     1499
     Waiting  global time :    0.000000 ( 0.0 %)           on MPI rank :     1499
     Total           time :  128.526837 (SYPD:     1.826 ) on MPI rank :     1499
     Computing       time :    0.000000                    on MPI rank :     1500
     Waiting lbc_lnk time :    0.000000 ( 0.0 %)           on MPI rank :     1500
     Waiting  global time :    0.000000 ( 0.0 %)           on MPI rank :     1500
     Total           time :  128.528474 (SYPD:     1.826 ) on MPI rank :     1500
     Computing       time :    0.000000                    on MPI rank :     1501
     Waiting lbc_lnk time :    0.000000 ( 0.0 %)           on MPI rank :     1501
     Waiting  global time :    0.000000 ( 0.0 %)           on MPI rank :     1501
     Total           time :  128.529556 (SYPD:     1.826 ) on MPI rank :     1501
     Computing       time :    0.000000                    on MPI rank :     1502
     Waiting lbc_lnk time :    0.000000 ( 0.0 %)           on MPI rank :     1502
     Waiting  global time :    0.000000 ( 0.0 %)           on MPI rank :     1502
     Total           time :  128.523971 (SYPD:     1.826 ) on MPI rank :     1502
     Computing       time :    0.000000                    on MPI rank :     1503
     Waiting lbc_lnk time :    0.000000 ( 0.0 %)           on MPI rank :     1503
     Waiting  global time :    0.000000 ( 0.0 %)           on MPI rank :     1503
     Total           time :  128.524869 (SYPD:     1.826 ) on MPI rank :     1503
     Computing       time :    0.000000                    on MPI rank :     1504
     Waiting lbc_lnk time :    0.000000 ( 0.0 %)           on MPI rank :     1504
     Waiting  global time :    0.000000 ( 0.0 %)           on MPI rank :     1504
     Total           time :  128.523880 (SYPD:     1.826 ) on MPI rank :     1504
     Computing       time :    0.000000                    on MPI rank :     1505
     Waiting lbc_lnk time :    0.000000 ( 0.0 %)           on MPI rank :     1505
     Waiting  global time :    0.000000 ( 0.0 %)           on MPI rank :     1505
     Total           time :  128.521291 (SYPD:     1.826 ) on MPI rank :     1505
     Computing       time :    0.000000                    on MPI rank :     1506
     Waiting lbc_lnk time :    0.000000 ( 0.0 %)           on MPI rank :     1506
     Waiting  global time :    0.000000 ( 0.0 %)           on MPI rank :     1506
     Total           time :  128.537273 (SYPD:     1.826 ) on MPI rank :     1506
     Computing       time :    0.000000                    on MPI rank :     1507
     Waiting lbc_lnk time :    0.000000 ( 0.0 %)           on MPI rank :     1507
     Waiting  global time :    0.000000 ( 0.0 %)           on MPI rank :     1507
     Total           time :  128.528875 (SYPD:     1.826 ) on MPI rank :     1507
     Computing       time :    0.000000                    on MPI rank :     1508
     Waiting lbc_lnk time :    0.000000 ( 0.0 %)           on MPI rank :     1508
     Waiting  global time :    0.000000 ( 0.0 %)           on MPI rank :     1508
     Total           time :  128.531012 (SYPD:     1.826 ) on MPI rank :     1508
     Computing       time :    0.000000                    on MPI rank :     1509
     Waiting lbc_lnk time :    0.000000 ( 0.0 %)           on MPI rank :     1509
     Waiting  global time :    0.000000 ( 0.0 %)           on MPI rank :     1509
     Total           time :  128.528568 (SYPD:     1.826 ) on MPI rank :     1509
     Computing       time :    0.000000                    on MPI rank :     1510
     Waiting lbc_lnk time :    0.000000 ( 0.0 %)           on MPI rank :     1510
     Waiting  global time :    0.000000 ( 0.0 %)           on MPI rank :     1510
     Total           time :  128.529868 (SYPD:     1.826 ) on MPI rank :     1510
     Computing       time :    0.000000                    on MPI rank :     1511
     Waiting lbc_lnk time :    0.000000 ( 0.0 %)           on MPI rank :     1511
     Waiting  global time :    0.000000 ( 0.0 %)           on MPI rank :     1511
     Total           time :  128.536104 (SYPD:     1.826 ) on MPI rank :     1511
     Computing       time :    0.000000                    on MPI rank :     1512
     Waiting lbc_lnk time :    0.000000 ( 0.0 %)           on MPI rank :     1512
     Waiting  global time :    0.000000 ( 0.0 %)           on MPI rank :     1512
     Total           time :  128.536877 (SYPD:     1.826 ) on MPI rank :     1512
     Computing       time :    0.000000                    on MPI rank :     1513
     Waiting lbc_lnk time :    0.000000 ( 0.0 %)           on MPI rank :     1513
     Waiting  global time :    0.000000 ( 0.0 %)           on MPI rank :     1513
     Total           time :  128.537496 (SYPD:     1.826 ) on MPI rank :     1513
     Computing       time :    0.000000                    on MPI rank :     1514
     Waiting lbc_lnk time :    0.000000 ( 0.0 %)           on MPI rank :     1514
     Waiting  global time :    0.000000 ( 0.0 %)           on MPI rank :     1514
     Total           time :  128.536529 (SYPD:     1.826 ) on MPI rank :     1514
     Computing       time :    0.000000                    on MPI rank :     1515
     Waiting lbc_lnk time :    0.000000 ( 0.0 %)           on MPI rank :     1515
     Waiting  global time :    0.000000 ( 0.0 %)           on MPI rank :     1515
     Total           time :  128.536898 (SYPD:     1.826 ) on MPI rank :     1515
     Computing       time :    0.000000                    on MPI rank :     1516
     Waiting lbc_lnk time :    0.000000 ( 0.0 %)           on MPI rank :     1516
     Waiting  global time :    0.000000 ( 0.0 %)           on MPI rank :     1516
     Total           time :  128.537487 (SYPD:     1.826 ) on MPI rank :     1516
     Computing       time :    0.000000                    on MPI rank :     1517
     Waiting lbc_lnk time :    0.000000 ( 0.0 %)           on MPI rank :     1517
     Waiting  global time :    0.000000 ( 0.0 %)           on MPI rank :     1517
     Total           time :  128.537148 (SYPD:     1.826 ) on MPI rank :     1517
     Computing       time :    0.000000                    on MPI rank :     1518
     Waiting lbc_lnk time :    0.000000 ( 0.0 %)           on MPI rank :     1518
     Waiting  global time :    0.000000 ( 0.0 %)           on MPI rank :     1518
     Total           time :  128.537668 (SYPD:     1.826 ) on MPI rank :     1518
     Computing       time :    0.000000                    on MPI rank :     1519
     Waiting lbc_lnk time :    0.000000 ( 0.0 %)           on MPI rank :     1519
     Waiting  global time :    0.000000 ( 0.0 %)           on MPI rank :     1519
     Total           time :  128.537453 (SYPD:     1.826 ) on MPI rank :     1519
     Computing       time :    0.000000                    on MPI rank :     1520
     Waiting lbc_lnk time :    0.000000 ( 0.0 %)           on MPI rank :     1520
     Waiting  global time :    0.000000 ( 0.0 %)           on MPI rank :     1520
     Total           time :  128.537517 (SYPD:     1.826 ) on MPI rank :     1520
     Computing       time :    0.000000                    on MPI rank :     1521
     Waiting lbc_lnk time :    0.000000 ( 0.0 %)           on MPI rank :     1521
     Waiting  global time :    0.000000 ( 0.0 %)           on MPI rank :     1521
     Total           time :  128.541221 (SYPD:     1.826 ) on MPI rank :     1521
     Computing       time :    0.000000                    on MPI rank :     1522
     Waiting lbc_lnk time :    0.000000 ( 0.0 %)           on MPI rank :     1522
     Waiting  global time :    0.000000 ( 0.0 %)           on MPI rank :     1522
     Total           time :  128.538223 (SYPD:     1.826 ) on MPI rank :     1522
     Computing       time :    0.000000                    on MPI rank :     1523
     Waiting lbc_lnk time :    0.000000 ( 0.0 %)           on MPI rank :     1523
     Waiting  global time :    0.000000 ( 0.0 %)           on MPI rank :     1523
     Total           time :  128.540223 (SYPD:     1.826 ) on MPI rank :     1523
     Computing       time :    0.000000                    on MPI rank :     1524
     Waiting lbc_lnk time :    0.000000 ( 0.0 %)           on MPI rank :     1524
     Waiting  global time :    0.000000 ( 0.0 %)           on MPI rank :     1524
     Total           time :  128.540502 (SYPD:     1.826 ) on MPI rank :     1524
     Computing       time :    0.000000                    on MPI rank :     1525
     Waiting lbc_lnk time :    0.000000 ( 0.0 %)           on MPI rank :     1525
     Waiting  global time :    0.000000 ( 0.0 %)           on MPI rank :     1525
     Total           time :  128.534906 (SYPD:     1.826 ) on MPI rank :     1525
     Computing       time :    0.000000                    on MPI rank :     1526
     Waiting lbc_lnk time :    0.000000 ( 0.0 %)           on MPI rank :     1526
     Waiting  global time :    0.000000 ( 0.0 %)           on MPI rank :     1526
     Total           time :  128.542755 (SYPD:     1.826 ) on MPI rank :     1526
     Computing       time :    0.000000                    on MPI rank :     1527
     Waiting lbc_lnk time :    0.000000 ( 0.0 %)           on MPI rank :     1527
     Waiting  global time :    0.000000 ( 0.0 %)           on MPI rank :     1527
     Total           time :  127.231530 (SYPD:     1.845 ) on MPI rank :     1527
     Computing       time :    0.000000                    on MPI rank :     1528
     Waiting lbc_lnk time :    0.000000 ( 0.0 %)           on MPI rank :     1528
     Waiting  global time :    0.000000 ( 0.0 %)           on MPI rank :     1528
     Total           time :  128.542034 (SYPD:     1.826 ) on MPI rank :     1528
     Computing       time :    0.000000                    on MPI rank :     1529
     Waiting lbc_lnk time :    0.000000 ( 0.0 %)           on MPI rank :     1529
     Waiting  global time :    0.000000 ( 0.0 %)           on MPI rank :     1529
     Total           time :  128.542037 (SYPD:     1.826 ) on MPI rank :     1529
     Computing       time :    0.000000                    on MPI rank :     1530
     Waiting lbc_lnk time :    0.000000 ( 0.0 %)           on MPI rank :     1530
     Waiting  global time :    0.000000 ( 0.0 %)           on MPI rank :     1530
     Total           time :  128.534128 (SYPD:     1.826 ) on MPI rank :     1530
     Computing       time :    0.000000                    on MPI rank :     1531
     Waiting lbc_lnk time :    0.000000 ( 0.0 %)           on MPI rank :     1531
     Waiting  global time :    0.000000 ( 0.0 %)           on MPI rank :     1531
     Total           time :  128.532665 (SYPD:     1.826 ) on MPI rank :     1531
     Computing       time :    0.000000                    on MPI rank :     1532
     Waiting lbc_lnk time :    0.000000 ( 0.0 %)           on MPI rank :     1532
     Waiting  global time :    0.000000 ( 0.0 %)           on MPI rank :     1532
     Total           time :  128.538468 (SYPD:     1.826 ) on MPI rank :     1532
     Computing       time :    0.000000                    on MPI rank :     1533
     Waiting lbc_lnk time :    0.000000 ( 0.0 %)           on MPI rank :     1533
     Waiting  global time :    0.000000 ( 0.0 %)           on MPI rank :     1533
     Total           time :  128.534970 (SYPD:     1.826 ) on MPI rank :     1533
     Computing       time :    0.000000                    on MPI rank :     1534
     Waiting lbc_lnk time :    0.000000 ( 0.0 %)           on MPI rank :     1534
     Waiting  global time :    0.000000 ( 0.0 %)           on MPI rank :     1534
     Total           time :  128.535925 (SYPD:     1.826 ) on MPI rank :     1534
     Computing       time :    0.000000                    on MPI rank :     1535
     Waiting lbc_lnk time :    0.000000 ( 0.0 %)           on MPI rank :     1535
     Waiting  global time :    0.000000 ( 0.0 %)           on MPI rank :     1535
     Total           time :  128.536382 (SYPD:     1.826 ) on MPI rank :     1535
     Computing       time :    0.000000                    on MPI rank :     1536
     Waiting lbc_lnk time :    0.000000 ( 0.0 %)           on MPI rank :     1536
     Waiting  global time :    0.000000 ( 0.0 %)           on MPI rank :     1536
     Total           time :  128.537567 (SYPD:     1.826 ) on MPI rank :     1536
     Computing       time :    0.000000                    on MPI rank :     1537
     Waiting lbc_lnk time :    0.000000 ( 0.0 %)           on MPI rank :     1537
     Waiting  global time :    0.000000 ( 0.0 %)           on MPI rank :     1537
     Total           time :  128.536861 (SYPD:     1.826 ) on MPI rank :     1537
     Computing       time :    0.000000                    on MPI rank :     1538
     Waiting lbc_lnk time :    0.000000 ( 0.0 %)           on MPI rank :     1538
     Waiting  global time :    0.000000 ( 0.0 %)           on MPI rank :     1538
     Total           time :  128.539524 (SYPD:     1.826 ) on MPI rank :     1538
     Computing       time :    0.000000                    on MPI rank :     1539
     Waiting lbc_lnk time :    0.000000 ( 0.0 %)           on MPI rank :     1539
     Waiting  global time :    0.000000 ( 0.0 %)           on MPI rank :     1539
     Total           time :  128.533211 (SYPD:     1.826 ) on MPI rank :     1539
     Computing       time :    0.000000                    on MPI rank :     1540
     Waiting lbc_lnk time :    0.000000 ( 0.0 %)           on MPI rank :     1540
     Waiting  global time :    0.000000 ( 0.0 %)           on MPI rank :     1540
     Total           time :  128.531267 (SYPD:     1.826 ) on MPI rank :     1540
     Computing       time :    0.000000                    on MPI rank :     1541
     Waiting lbc_lnk time :    0.000000 ( 0.0 %)           on MPI rank :     1541
     Waiting  global time :    0.000000 ( 0.0 %)           on MPI rank :     1541
     Total           time :  128.530656 (SYPD:     1.826 ) on MPI rank :     1541
     Computing       time :    0.000000                    on MPI rank :     1542
     Waiting lbc_lnk time :    0.000000 ( 0.0 %)           on MPI rank :     1542
     Waiting  global time :    0.000000 ( 0.0 %)           on MPI rank :     1542
     Total           time :  128.529775 (SYPD:     1.826 ) on MPI rank :     1542
     Computing       time :    0.000000                    on MPI rank :     1543
     Waiting lbc_lnk time :    0.000000 ( 0.0 %)           on MPI rank :     1543
     Waiting  global time :    0.000000 ( 0.0 %)           on MPI rank :     1543
     Total           time :  128.528997 (SYPD:     1.826 ) on MPI rank :     1543
     Computing       time :    0.000000                    on MPI rank :     1544
     Waiting lbc_lnk time :    0.000000 ( 0.0 %)           on MPI rank :     1544
     Waiting  global time :    0.000000 ( 0.0 %)           on MPI rank :     1544
     Total           time :  128.531248 (SYPD:     1.826 ) on MPI rank :     1544
     Computing       time :    0.000000                    on MPI rank :     1545
     Waiting lbc_lnk time :    0.000000 ( 0.0 %)           on MPI rank :     1545
     Waiting  global time :    0.000000 ( 0.0 %)           on MPI rank :     1545
     Total           time :  128.530733 (SYPD:     1.826 ) on MPI rank :     1545
     Computing       time :    0.000000                    on MPI rank :     1546
     Waiting lbc_lnk time :    0.000000 ( 0.0 %)           on MPI rank :     1546
     Waiting  global time :    0.000000 ( 0.0 %)           on MPI rank :     1546
     Total           time :  128.531545 (SYPD:     1.826 ) on MPI rank :     1546
     Computing       time :    0.000000                    on MPI rank :     1547
     Waiting lbc_lnk time :    0.000000 ( 0.0 %)           on MPI rank :     1547
     Waiting  global time :    0.000000 ( 0.0 %)           on MPI rank :     1547
     Total           time :  128.531845 (SYPD:     1.826 ) on MPI rank :     1547
     Computing       time :    0.000000                    on MPI rank :     1548
     Waiting lbc_lnk time :    0.000000 ( 0.0 %)           on MPI rank :     1548
     Waiting  global time :    0.000000 ( 0.0 %)           on MPI rank :     1548
     Total           time :  128.529667 (SYPD:     1.826 ) on MPI rank :     1548
     Computing       time :    0.000000                    on MPI rank :     1549
     Waiting lbc_lnk time :    0.000000 ( 0.0 %)           on MPI rank :     1549
     Waiting  global time :    0.000000 ( 0.0 %)           on MPI rank :     1549
     Total           time :  128.530316 (SYPD:     1.826 ) on MPI rank :     1549
     Computing       time :    0.000000                    on MPI rank :     1550
     Waiting lbc_lnk time :    0.000000 ( 0.0 %)           on MPI rank :     1550
     Waiting  global time :    0.000000 ( 0.0 %)           on MPI rank :     1550
     Total           time :  128.532401 (SYPD:     1.826 ) on MPI rank :     1550
     Computing       time :    0.000000                    on MPI rank :     1551
     Waiting lbc_lnk time :    0.000000 ( 0.0 %)           on MPI rank :     1551
     Waiting  global time :    0.000000 ( 0.0 %)           on MPI rank :     1551
     Total           time :  128.528810 (SYPD:     1.826 ) on MPI rank :     1551
     Computing       time :    0.000000                    on MPI rank :     1552
     Waiting lbc_lnk time :    0.000000 ( 0.0 %)           on MPI rank :     1552
     Waiting  global time :    0.000000 ( 0.0 %)           on MPI rank :     1552
     Total           time :  128.529882 (SYPD:     1.826 ) on MPI rank :     1552
     Computing       time :    0.000000                    on MPI rank :     1553
     Waiting lbc_lnk time :    0.000000 ( 0.0 %)           on MPI rank :     1553
     Waiting  global time :    0.000000 ( 0.0 %)           on MPI rank :     1553
     Total           time :  128.530884 (SYPD:     1.826 ) on MPI rank :     1553
     Computing       time :    0.000000                    on MPI rank :     1554
     Waiting lbc_lnk time :    0.000000 ( 0.0 %)           on MPI rank :     1554
     Waiting  global time :    0.000000 ( 0.0 %)           on MPI rank :     1554
     Total           time :  128.529924 (SYPD:     1.826 ) on MPI rank :     1554
     Computing       time :    0.000000                    on MPI rank :     1555
     Waiting lbc_lnk time :    0.000000 ( 0.0 %)           on MPI rank :     1555
     Waiting  global time :    0.000000 ( 0.0 %)           on MPI rank :     1555
     Total           time :  128.531396 (SYPD:     1.826 ) on MPI rank :     1555
     Computing       time :    0.000000                    on MPI rank :     1556
     Waiting lbc_lnk time :    0.000000 ( 0.0 %)           on MPI rank :     1556
     Waiting  global time :    0.000000 ( 0.0 %)           on MPI rank :     1556
     Total           time :  128.536048 (SYPD:     1.826 ) on MPI rank :     1556
     Computing       time :    0.000000                    on MPI rank :     1557
     Waiting lbc_lnk time :    0.000000 ( 0.0 %)           on MPI rank :     1557
     Waiting  global time :    0.000000 ( 0.0 %)           on MPI rank :     1557
     Total           time :  128.535854 (SYPD:     1.826 ) on MPI rank :     1557
     Computing       time :    0.000000                    on MPI rank :     1558
     Waiting lbc_lnk time :    0.000000 ( 0.0 %)           on MPI rank :     1558
     Waiting  global time :    0.000000 ( 0.0 %)           on MPI rank :     1558
     Total           time :  128.536303 (SYPD:     1.826 ) on MPI rank :     1558
     Computing       time :    0.000000                    on MPI rank :     1559
     Waiting lbc_lnk time :    0.000000 ( 0.0 %)           on MPI rank :     1559
     Waiting  global time :    0.000000 ( 0.0 %)           on MPI rank :     1559
     Total           time :  128.535086 (SYPD:     1.826 ) on MPI rank :     1559
     Computing       time :    0.000000                    on MPI rank :     1560
     Waiting lbc_lnk time :    0.000000 ( 0.0 %)           on MPI rank :     1560
     Waiting  global time :    0.000000 ( 0.0 %)           on MPI rank :     1560
     Total           time :  128.534724 (SYPD:     1.826 ) on MPI rank :     1560
     Computing       time :    0.000000                    on MPI rank :     1561
     Waiting lbc_lnk time :    0.000000 ( 0.0 %)           on MPI rank :     1561
     Waiting  global time :    0.000000 ( 0.0 %)           on MPI rank :     1561
     Total           time :  128.535347 (SYPD:     1.826 ) on MPI rank :     1561
     Computing       time :    0.000000                    on MPI rank :     1562
     Waiting lbc_lnk time :    0.000000 ( 0.0 %)           on MPI rank :     1562
     Waiting  global time :    0.000000 ( 0.0 %)           on MPI rank :     1562
     Total           time :  128.533136 (SYPD:     1.826 ) on MPI rank :     1562
     Computing       time :    0.000000                    on MPI rank :     1563
     Waiting lbc_lnk time :    0.000000 ( 0.0 %)           on MPI rank :     1563
     Waiting  global time :    0.000000 ( 0.0 %)           on MPI rank :     1563
     Total           time :  128.538446 (SYPD:     1.826 ) on MPI rank :     1563
     Computing       time :    0.000000                    on MPI rank :     1564
     Waiting lbc_lnk time :    0.000000 ( 0.0 %)           on MPI rank :     1564
     Waiting  global time :    0.000000 ( 0.0 %)           on MPI rank :     1564
     Total           time :  128.538678 (SYPD:     1.826 ) on MPI rank :     1564
     Computing       time :    0.000000                    on MPI rank :     1565
     Waiting lbc_lnk time :    0.000000 ( 0.0 %)           on MPI rank :     1565
     Waiting  global time :    0.000000 ( 0.0 %)           on MPI rank :     1565
     Total           time :  128.530242 (SYPD:     1.826 ) on MPI rank :     1565
     Computing       time :    0.000000                    on MPI rank :     1566
     Waiting lbc_lnk time :    0.000000 ( 0.0 %)           on MPI rank :     1566
     Waiting  global time :    0.000000 ( 0.0 %)           on MPI rank :     1566
     Total           time :  128.530672 (SYPD:     1.826 ) on MPI rank :     1566
     Computing       time :    0.000000                    on MPI rank :     1567
     Waiting lbc_lnk time :    0.000000 ( 0.0 %)           on MPI rank :     1567
     Waiting  global time :    0.000000 ( 0.0 %)           on MPI rank :     1567
     Total           time :  128.530420 (SYPD:     1.826 ) on MPI rank :     1567
     Computing       time :    0.000000                    on MPI rank :     1568
     Waiting lbc_lnk time :    0.000000 ( 0.0 %)           on MPI rank :     1568
     Waiting  global time :    0.000000 ( 0.0 %)           on MPI rank :     1568
     Total           time :  128.530183 (SYPD:     1.826 ) on MPI rank :     1568
     Computing       time :    0.000000                    on MPI rank :     1569
     Waiting lbc_lnk time :    0.000000 ( 0.0 %)           on MPI rank :     1569
     Waiting  global time :    0.000000 ( 0.0 %)           on MPI rank :     1569
     Total           time :  128.529953 (SYPD:     1.826 ) on MPI rank :     1569
     Computing       time :    0.000000                    on MPI rank :     1570
     Waiting lbc_lnk time :    0.000000 ( 0.0 %)           on MPI rank :     1570
     Waiting  global time :    0.000000 ( 0.0 %)           on MPI rank :     1570
     Total           time :  128.529695 (SYPD:     1.826 ) on MPI rank :     1570
     Computing       time :    0.000000                    on MPI rank :     1571
     Waiting lbc_lnk time :    0.000000 ( 0.0 %)           on MPI rank :     1571
     Waiting  global time :    0.000000 ( 0.0 %)           on MPI rank :     1571
     Total           time :  128.531010 (SYPD:     1.826 ) on MPI rank :     1571
     Computing       time :    0.000000                    on MPI rank :     1572
     Waiting lbc_lnk time :    0.000000 ( 0.0 %)           on MPI rank :     1572
     Waiting  global time :    0.000000 ( 0.0 %)           on MPI rank :     1572
     Total           time :  128.528878 (SYPD:     1.826 ) on MPI rank :     1572
     Computing       time :    0.000000                    on MPI rank :     1573
     Waiting lbc_lnk time :    0.000000 ( 0.0 %)           on MPI rank :     1573
     Waiting  global time :    0.000000 ( 0.0 %)           on MPI rank :     1573
     Total           time :  127.226821 (SYPD:     1.845 ) on MPI rank :     1573
     Computing       time :    0.000000                    on MPI rank :     1574
     Waiting lbc_lnk time :    0.000000 ( 0.0 %)           on MPI rank :     1574
     Waiting  global time :    0.000000 ( 0.0 %)           on MPI rank :     1574
     Total           time :  128.527849 (SYPD:     1.826 ) on MPI rank :     1574
     Computing       time :    0.000000                    on MPI rank :     1575
     Waiting lbc_lnk time :    0.000000 ( 0.0 %)           on MPI rank :     1575
     Waiting  global time :    0.000000 ( 0.0 %)           on MPI rank :     1575
     Total           time :  128.537542 (SYPD:     1.826 ) on MPI rank :     1575
     Computing       time :    0.000000                    on MPI rank :     1576
     Waiting lbc_lnk time :    0.000000 ( 0.0 %)           on MPI rank :     1576
     Waiting  global time :    0.000000 ( 0.0 %)           on MPI rank :     1576
     Total           time :  128.530537 (SYPD:     1.826 ) on MPI rank :     1576
     Computing       time :    0.000000                    on MPI rank :     1577
     Waiting lbc_lnk time :    0.000000 ( 0.0 %)           on MPI rank :     1577
     Waiting  global time :    0.000000 ( 0.0 %)           on MPI rank :     1577
     Total           time :  128.527983 (SYPD:     1.826 ) on MPI rank :     1577
     Computing       time :    0.000000                    on MPI rank :     1578
     Waiting lbc_lnk time :    0.000000 ( 0.0 %)           on MPI rank :     1578
     Waiting  global time :    0.000000 ( 0.0 %)           on MPI rank :     1578
     Total           time :  128.527773 (SYPD:     1.826 ) on MPI rank :     1578
     Computing       time :    0.000000                    on MPI rank :     1579
     Waiting lbc_lnk time :    0.000000 ( 0.0 %)           on MPI rank :     1579
     Waiting  global time :    0.000000 ( 0.0 %)           on MPI rank :     1579
     Total           time :  128.527602 (SYPD:     1.826 ) on MPI rank :     1579
     Computing       time :    0.000000                    on MPI rank :     1580
     Waiting lbc_lnk time :    0.000000 ( 0.0 %)           on MPI rank :     1580
     Waiting  global time :    0.000000 ( 0.0 %)           on MPI rank :     1580
     Total           time :  128.528330 (SYPD:     1.826 ) on MPI rank :     1580
     Computing       time :    0.000000                    on MPI rank :     1581
     Waiting lbc_lnk time :    0.000000 ( 0.0 %)           on MPI rank :     1581
     Waiting  global time :    0.000000 ( 0.0 %)           on MPI rank :     1581
     Total           time :  128.530250 (SYPD:     1.826 ) on MPI rank :     1581
     Computing       time :    0.000000                    on MPI rank :     1582
     Waiting lbc_lnk time :    0.000000 ( 0.0 %)           on MPI rank :     1582
     Waiting  global time :    0.000000 ( 0.0 %)           on MPI rank :     1582
     Total           time :  128.528709 (SYPD:     1.826 ) on MPI rank :     1582
     Computing       time :    0.000000                    on MPI rank :     1583
     Waiting lbc_lnk time :    0.000000 ( 0.0 %)           on MPI rank :     1583
     Waiting  global time :    0.000000 ( 0.0 %)           on MPI rank :     1583
     Total           time :  128.531137 (SYPD:     1.826 ) on MPI rank :     1583
     Computing       time :    0.000000                    on MPI rank :     1584
     Waiting lbc_lnk time :    0.000000 ( 0.0 %)           on MPI rank :     1584
     Waiting  global time :    0.000000 ( 0.0 %)           on MPI rank :     1584
     Total           time :  128.533532 (SYPD:     1.826 ) on MPI rank :     1584
     Computing       time :    0.000000                    on MPI rank :     1585
     Waiting lbc_lnk time :    0.000000 ( 0.0 %)           on MPI rank :     1585
     Waiting  global time :    0.000000 ( 0.0 %)           on MPI rank :     1585
     Total           time :  128.538799 (SYPD:     1.826 ) on MPI rank :     1585
     Computing       time :    0.000000                    on MPI rank :     1586
     Waiting lbc_lnk time :    0.000000 ( 0.0 %)           on MPI rank :     1586
     Waiting  global time :    0.000000 ( 0.0 %)           on MPI rank :     1586
     Total           time :  128.532454 (SYPD:     1.826 ) on MPI rank :     1586
     Computing       time :    0.000000                    on MPI rank :     1587
     Waiting lbc_lnk time :    0.000000 ( 0.0 %)           on MPI rank :     1587
     Waiting  global time :    0.000000 ( 0.0 %)           on MPI rank :     1587
     Total           time :  128.528986 (SYPD:     1.826 ) on MPI rank :     1587
     Computing       time :    0.000000                    on MPI rank :     1588
     Waiting lbc_lnk time :    0.000000 ( 0.0 %)           on MPI rank :     1588
     Waiting  global time :    0.000000 ( 0.0 %)           on MPI rank :     1588
     Total           time :  128.529343 (SYPD:     1.826 ) on MPI rank :     1588
     Computing       time :    0.000000                    on MPI rank :     1589
     Waiting lbc_lnk time :    0.000000 ( 0.0 %)           on MPI rank :     1589
     Waiting  global time :    0.000000 ( 0.0 %)           on MPI rank :     1589
     Total           time :  128.529601 (SYPD:     1.826 ) on MPI rank :     1589
     Computing       time :    0.000000                    on MPI rank :     1590
     Waiting lbc_lnk time :    0.000000 ( 0.0 %)           on MPI rank :     1590
     Waiting  global time :    0.000000 ( 0.0 %)           on MPI rank :     1590
     Total           time :  128.532020 (SYPD:     1.826 ) on MPI rank :     1590
     Computing       time :    0.000000                    on MPI rank :     1591
     Waiting lbc_lnk time :    0.000000 ( 0.0 %)           on MPI rank :     1591
     Waiting  global time :    0.000000 ( 0.0 %)           on MPI rank :     1591
     Total           time :  128.531596 (SYPD:     1.826 ) on MPI rank :     1591
     Computing       time :    0.000000                    on MPI rank :     1592
     Waiting lbc_lnk time :    0.000000 ( 0.0 %)           on MPI rank :     1592
     Waiting  global time :    0.000000 ( 0.0 %)           on MPI rank :     1592
     Total           time :  128.532896 (SYPD:     1.826 ) on MPI rank :     1592
     Computing       time :    0.000000                    on MPI rank :     1593
     Waiting lbc_lnk time :    0.000000 ( 0.0 %)           on MPI rank :     1593
     Waiting  global time :    0.000000 ( 0.0 %)           on MPI rank :     1593
     Total           time :  128.533826 (SYPD:     1.826 ) on MPI rank :     1593
     Computing       time :    0.000000                    on MPI rank :     1594
     Waiting lbc_lnk time :    0.000000 ( 0.0 %)           on MPI rank :     1594
     Waiting  global time :    0.000000 ( 0.0 %)           on MPI rank :     1594
     Total           time :  128.531948 (SYPD:     1.826 ) on MPI rank :     1594
     Computing       time :    0.000000                    on MPI rank :     1595
     Waiting lbc_lnk time :    0.000000 ( 0.0 %)           on MPI rank :     1595
     Waiting  global time :    0.000000 ( 0.0 %)           on MPI rank :     1595
     Total           time :  128.530897 (SYPD:     1.826 ) on MPI rank :     1595
     Computing       time :    0.000000                    on MPI rank :     1596
     Waiting lbc_lnk time :    0.000000 ( 0.0 %)           on MPI rank :     1596
     Waiting  global time :    0.000000 ( 0.0 %)           on MPI rank :     1596
     Total           time :  128.530693 (SYPD:     1.826 ) on MPI rank :     1596
     Computing       time :    0.000000                    on MPI rank :     1597
     Waiting lbc_lnk time :    0.000000 ( 0.0 %)           on MPI rank :     1597
     Waiting  global time :    0.000000 ( 0.0 %)           on MPI rank :     1597
     Total           time :  128.526972 (SYPD:     1.826 ) on MPI rank :     1597
     Computing       time :    0.000000                    on MPI rank :     1598
     Waiting lbc_lnk time :    0.000000 ( 0.0 %)           on MPI rank :     1598
     Waiting  global time :    0.000000 ( 0.0 %)           on MPI rank :     1598
     Total           time :  128.529744 (SYPD:     1.826 ) on MPI rank :     1598
     Computing       time :    0.000000                    on MPI rank :     1599
     Waiting lbc_lnk time :    0.000000 ( 0.0 %)           on MPI rank :     1599
     Waiting  global time :    0.000000 ( 0.0 %)           on MPI rank :     1599
     Total           time :  128.527487 (SYPD:     1.826 ) on MPI rank :     1599
     Computing       time :    0.000000                    on MPI rank :     1600
     Waiting lbc_lnk time :    0.000000 ( 0.0 %)           on MPI rank :     1600
     Waiting  global time :    0.000000 ( 0.0 %)           on MPI rank :     1600
     Total           time :  128.526869 (SYPD:     1.826 ) on MPI rank :     1600
     Computing       time :    0.000000                    on MPI rank :     1601
     Waiting lbc_lnk time :    0.000000 ( 0.0 %)           on MPI rank :     1601
     Waiting  global time :    0.000000 ( 0.0 %)           on MPI rank :     1601
     Total           time :  128.526934 (SYPD:     1.826 ) on MPI rank :     1601
     Computing       time :    0.000000                    on MPI rank :     1602
     Waiting lbc_lnk time :    0.000000 ( 0.0 %)           on MPI rank :     1602
     Waiting  global time :    0.000000 ( 0.0 %)           on MPI rank :     1602
     Total           time :  128.527534 (SYPD:     1.826 ) on MPI rank :     1602
     Computing       time :    0.000000                    on MPI rank :     1603
     Waiting lbc_lnk time :    0.000000 ( 0.0 %)           on MPI rank :     1603
     Waiting  global time :    0.000000 ( 0.0 %)           on MPI rank :     1603
     Total           time :  128.526690 (SYPD:     1.826 ) on MPI rank :     1603
     Computing       time :    0.000000                    on MPI rank :     1604
     Waiting lbc_lnk time :    0.000000 ( 0.0 %)           on MPI rank :     1604
     Waiting  global time :    0.000000 ( 0.0 %)           on MPI rank :     1604
     Total           time :  128.527584 (SYPD:     1.826 ) on MPI rank :     1604
     Computing       time :    0.000000                    on MPI rank :     1605
     Waiting lbc_lnk time :    0.000000 ( 0.0 %)           on MPI rank :     1605
     Waiting  global time :    0.000000 ( 0.0 %)           on MPI rank :     1605
     Total           time :  128.527400 (SYPD:     1.826 ) on MPI rank :     1605
     Computing       time :    0.000000                    on MPI rank :     1606
     Waiting lbc_lnk time :    0.000000 ( 0.0 %)           on MPI rank :     1606
     Waiting  global time :    0.000000 ( 0.0 %)           on MPI rank :     1606
     Total           time :  128.527644 (SYPD:     1.826 ) on MPI rank :     1606
     Computing       time :    0.000000                    on MPI rank :     1607
     Waiting lbc_lnk time :    0.000000 ( 0.0 %)           on MPI rank :     1607
     Waiting  global time :    0.000000 ( 0.0 %)           on MPI rank :     1607
     Total           time :  128.529477 (SYPD:     1.826 ) on MPI rank :     1607
     Computing       time :    0.000000                    on MPI rank :     1608
     Waiting lbc_lnk time :    0.000000 ( 0.0 %)           on MPI rank :     1608
     Waiting  global time :    0.000000 ( 0.0 %)           on MPI rank :     1608
     Total           time :  128.530156 (SYPD:     1.826 ) on MPI rank :     1608
     Computing       time :    0.000000                    on MPI rank :     1609
     Waiting lbc_lnk time :    0.000000 ( 0.0 %)           on MPI rank :     1609
     Waiting  global time :    0.000000 ( 0.0 %)           on MPI rank :     1609
     Total           time :  128.529526 (SYPD:     1.826 ) on MPI rank :     1609
     Computing       time :    0.000000                    on MPI rank :     1610
     Waiting lbc_lnk time :    0.000000 ( 0.0 %)           on MPI rank :     1610
     Waiting  global time :    0.000000 ( 0.0 %)           on MPI rank :     1610
     Total           time :  128.527276 (SYPD:     1.826 ) on MPI rank :     1610
     Computing       time :    0.000000                    on MPI rank :     1611
     Waiting lbc_lnk time :    0.000000 ( 0.0 %)           on MPI rank :     1611
     Waiting  global time :    0.000000 ( 0.0 %)           on MPI rank :     1611
     Total           time :  128.531484 (SYPD:     1.826 ) on MPI rank :     1611
     Computing       time :    0.000000                    on MPI rank :     1612
     Waiting lbc_lnk time :    0.000000 ( 0.0 %)           on MPI rank :     1612
     Waiting  global time :    0.000000 ( 0.0 %)           on MPI rank :     1612
     Total           time :  128.530427 (SYPD:     1.826 ) on MPI rank :     1612
     Computing       time :    0.000000                    on MPI rank :     1613
     Waiting lbc_lnk time :    0.000000 ( 0.0 %)           on MPI rank :     1613
     Waiting  global time :    0.000000 ( 0.0 %)           on MPI rank :     1613
     Total           time :  128.530398 (SYPD:     1.826 ) on MPI rank :     1613
     Computing       time :    0.000000                    on MPI rank :     1614
     Waiting lbc_lnk time :    0.000000 ( 0.0 %)           on MPI rank :     1614
     Waiting  global time :    0.000000 ( 0.0 %)           on MPI rank :     1614
     Total           time :  128.531233 (SYPD:     1.826 ) on MPI rank :     1614
     Computing       time :    0.000000                    on MPI rank :     1615
     Waiting lbc_lnk time :    0.000000 ( 0.0 %)           on MPI rank :     1615
     Waiting  global time :    0.000000 ( 0.0 %)           on MPI rank :     1615
     Total           time :  128.532124 (SYPD:     1.826 ) on MPI rank :     1615
     Computing       time :    0.000000                    on MPI rank :     1616
     Waiting lbc_lnk time :    0.000000 ( 0.0 %)           on MPI rank :     1616
     Waiting  global time :    0.000000 ( 0.0 %)           on MPI rank :     1616
     Total           time :  128.529308 (SYPD:     1.826 ) on MPI rank :     1616
     Computing       time :    0.000000                    on MPI rank :     1617
     Waiting lbc_lnk time :    0.000000 ( 0.0 %)           on MPI rank :     1617
     Waiting  global time :    0.000000 ( 0.0 %)           on MPI rank :     1617
     Total           time :  128.530398 (SYPD:     1.826 ) on MPI rank :     1617
     Computing       time :    0.000000                    on MPI rank :     1618
     Waiting lbc_lnk time :    0.000000 ( 0.0 %)           on MPI rank :     1618
     Waiting  global time :    0.000000 ( 0.0 %)           on MPI rank :     1618
     Total           time :  128.527791 (SYPD:     1.826 ) on MPI rank :     1618
     Computing       time :    0.000000                    on MPI rank :     1619
     Waiting lbc_lnk time :    0.000000 ( 0.0 %)           on MPI rank :     1619
     Waiting  global time :    0.000000 ( 0.0 %)           on MPI rank :     1619
     Total           time :  128.528778 (SYPD:     1.826 ) on MPI rank :     1619
     Computing       time :    0.000000                    on MPI rank :     1620
     Waiting lbc_lnk time :    0.000000 ( 0.0 %)           on MPI rank :     1620
     Waiting  global time :    0.000000 ( 0.0 %)           on MPI rank :     1620
     Total           time :  128.529037 (SYPD:     1.826 ) on MPI rank :     1620
     Computing       time :    0.000000                    on MPI rank :     1621
     Waiting lbc_lnk time :    0.000000 ( 0.0 %)           on MPI rank :     1621
     Waiting  global time :    0.000000 ( 0.0 %)           on MPI rank :     1621
     Total           time :  128.530683 (SYPD:     1.826 ) on MPI rank :     1621
     Computing       time :    0.000000                    on MPI rank :     1622
     Waiting lbc_lnk time :    0.000000 ( 0.0 %)           on MPI rank :     1622
     Waiting  global time :    0.000000 ( 0.0 %)           on MPI rank :     1622
     Total           time :  128.527966 (SYPD:     1.826 ) on MPI rank :     1622
     Computing       time :    0.000000                    on MPI rank :     1623
     Waiting lbc_lnk time :    0.000000 ( 0.0 %)           on MPI rank :     1623
     Waiting  global time :    0.000000 ( 0.0 %)           on MPI rank :     1623
     Total           time :  128.526911 (SYPD:     1.826 ) on MPI rank :     1623
     Computing       time :    0.000000                    on MPI rank :     1624
     Waiting lbc_lnk time :    0.000000 ( 0.0 %)           on MPI rank :     1624
     Waiting  global time :    0.000000 ( 0.0 %)           on MPI rank :     1624
     Total           time :  128.529205 (SYPD:     1.826 ) on MPI rank :     1624
     Computing       time :    0.000000                    on MPI rank :     1625
     Waiting lbc_lnk time :    0.000000 ( 0.0 %)           on MPI rank :     1625
     Waiting  global time :    0.000000 ( 0.0 %)           on MPI rank :     1625
     Total           time :  128.529208 (SYPD:     1.826 ) on MPI rank :     1625
     Computing       time :    0.000000                    on MPI rank :     1626
     Waiting lbc_lnk time :    0.000000 ( 0.0 %)           on MPI rank :     1626
     Waiting  global time :    0.000000 ( 0.0 %)           on MPI rank :     1626
     Total           time :  128.530104 (SYPD:     1.826 ) on MPI rank :     1626
     Computing       time :    0.000000                    on MPI rank :     1627
     Waiting lbc_lnk time :    0.000000 ( 0.0 %)           on MPI rank :     1627
     Waiting  global time :    0.000000 ( 0.0 %)           on MPI rank :     1627
     Total           time :  128.530122 (SYPD:     1.826 ) on MPI rank :     1627
     Computing       time :    0.000000                    on MPI rank :     1628
     Waiting lbc_lnk time :    0.000000 ( 0.0 %)           on MPI rank :     1628
     Waiting  global time :    0.000000 ( 0.0 %)           on MPI rank :     1628
     Total           time :  128.532700 (SYPD:     1.826 ) on MPI rank :     1628
     Computing       time :    0.000000                    on MPI rank :     1629
     Waiting lbc_lnk time :    0.000000 ( 0.0 %)           on MPI rank :     1629
     Waiting  global time :    0.000000 ( 0.0 %)           on MPI rank :     1629
     Total           time :  128.531010 (SYPD:     1.826 ) on MPI rank :     1629
     Computing       time :    0.000000                    on MPI rank :     1630
     Waiting lbc_lnk time :    0.000000 ( 0.0 %)           on MPI rank :     1630
     Waiting  global time :    0.000000 ( 0.0 %)           on MPI rank :     1630
     Total           time :  128.531777 (SYPD:     1.826 ) on MPI rank :     1630
     Computing       time :    0.000000                    on MPI rank :     1631
     Waiting lbc_lnk time :    0.000000 ( 0.0 %)           on MPI rank :     1631
     Waiting  global time :    0.000000 ( 0.0 %)           on MPI rank :     1631
     Total           time :  128.530559 (SYPD:     1.826 ) on MPI rank :     1631
     Computing       time :    0.000000                    on MPI rank :     1632
     Waiting lbc_lnk time :    0.000000 ( 0.0 %)           on MPI rank :     1632
     Waiting  global time :    0.000000 ( 0.0 %)           on MPI rank :     1632
     Total           time :  128.528192 (SYPD:     1.826 ) on MPI rank :     1632
     Computing       time :    0.000000                    on MPI rank :     1633
     Waiting lbc_lnk time :    0.000000 ( 0.0 %)           on MPI rank :     1633
     Waiting  global time :    0.000000 ( 0.0 %)           on MPI rank :     1633
     Total           time :  128.527194 (SYPD:     1.826 ) on MPI rank :     1633
     Computing       time :    0.000000                    on MPI rank :     1634
     Waiting lbc_lnk time :    0.000000 ( 0.0 %)           on MPI rank :     1634
     Waiting  global time :    0.000000 ( 0.0 %)           on MPI rank :     1634
     Total           time :  128.527403 (SYPD:     1.826 ) on MPI rank :     1634
     Computing       time :    0.000000                    on MPI rank :     1635
     Waiting lbc_lnk time :    0.000000 ( 0.0 %)           on MPI rank :     1635
     Waiting  global time :    0.000000 ( 0.0 %)           on MPI rank :     1635
     Total           time :  128.527607 (SYPD:     1.826 ) on MPI rank :     1635
     Computing       time :    0.000000                    on MPI rank :     1636
     Waiting lbc_lnk time :    0.000000 ( 0.0 %)           on MPI rank :     1636
     Waiting  global time :    0.000000 ( 0.0 %)           on MPI rank :     1636
     Total           time :  128.527460 (SYPD:     1.826 ) on MPI rank :     1636
     Computing       time :    0.000000                    on MPI rank :     1637
     Waiting lbc_lnk time :    0.000000 ( 0.0 %)           on MPI rank :     1637
     Waiting  global time :    0.000000 ( 0.0 %)           on MPI rank :     1637
     Total           time :  128.530642 (SYPD:     1.826 ) on MPI rank :     1637
     Computing       time :    0.000000                    on MPI rank :     1638
     Waiting lbc_lnk time :    0.000000 ( 0.0 %)           on MPI rank :     1638
     Waiting  global time :    0.000000 ( 0.0 %)           on MPI rank :     1638
     Total           time :  128.528200 (SYPD:     1.826 ) on MPI rank :     1638
     Computing       time :    0.000000                    on MPI rank :     1639
     Waiting lbc_lnk time :    0.000000 ( 0.0 %)           on MPI rank :     1639
     Waiting  global time :    0.000000 ( 0.0 %)           on MPI rank :     1639
     Total           time :  128.529940 (SYPD:     1.826 ) on MPI rank :     1639
     Computing       time :    0.000000                    on MPI rank :     1640
     Waiting lbc_lnk time :    0.000000 ( 0.0 %)           on MPI rank :     1640
     Waiting  global time :    0.000000 ( 0.0 %)           on MPI rank :     1640
     Total           time :  128.530562 (SYPD:     1.826 ) on MPI rank :     1640
     Computing       time :    0.000000                    on MPI rank :     1641
     Waiting lbc_lnk time :    0.000000 ( 0.0 %)           on MPI rank :     1641
     Waiting  global time :    0.000000 ( 0.0 %)           on MPI rank :     1641
     Total           time :  128.529851 (SYPD:     1.826 ) on MPI rank :     1641
     Computing       time :    0.000000                    on MPI rank :     1642
     Waiting lbc_lnk time :    0.000000 ( 0.0 %)           on MPI rank :     1642
     Waiting  global time :    0.000000 ( 0.0 %)           on MPI rank :     1642
     Total           time :  128.529479 (SYPD:     1.826 ) on MPI rank :     1642
     Computing       time :    0.000000                    on MPI rank :     1643
     Waiting lbc_lnk time :    0.000000 ( 0.0 %)           on MPI rank :     1643
     Waiting  global time :    0.000000 ( 0.0 %)           on MPI rank :     1643
     Total           time :  128.529747 (SYPD:     1.826 ) on MPI rank :     1643
     Computing       time :    0.000000                    on MPI rank :     1644
     Waiting lbc_lnk time :    0.000000 ( 0.0 %)           on MPI rank :     1644
     Waiting  global time :    0.000000 ( 0.0 %)           on MPI rank :     1644
     Total           time :  128.528836 (SYPD:     1.826 ) on MPI rank :     1644
     Computing       time :    0.000000                    on MPI rank :     1645
     Waiting lbc_lnk time :    0.000000 ( 0.0 %)           on MPI rank :     1645
     Waiting  global time :    0.000000 ( 0.0 %)           on MPI rank :     1645
     Total           time :  128.528616 (SYPD:     1.826 ) on MPI rank :     1645
     Computing       time :    0.000000                    on MPI rank :     1646
     Waiting lbc_lnk time :    0.000000 ( 0.0 %)           on MPI rank :     1646
     Waiting  global time :    0.000000 ( 0.0 %)           on MPI rank :     1646
     Total           time :  128.530989 (SYPD:     1.826 ) on MPI rank :     1646
     Computing       time :    0.000000                    on MPI rank :     1647
     Waiting lbc_lnk time :    0.000000 ( 0.0 %)           on MPI rank :     1647
     Waiting  global time :    0.000000 ( 0.0 %)           on MPI rank :     1647
     Total           time :  128.529395 (SYPD:     1.826 ) on MPI rank :     1647
     Computing       time :    0.000000                    on MPI rank :     1648
     Waiting lbc_lnk time :    0.000000 ( 0.0 %)           on MPI rank :     1648
     Waiting  global time :    0.000000 ( 0.0 %)           on MPI rank :     1648
     Total           time :  128.536337 (SYPD:     1.826 ) on MPI rank :     1648
     Computing       time :    0.000000                    on MPI rank :     1649
     Waiting lbc_lnk time :    0.000000 ( 0.0 %)           on MPI rank :     1649
     Waiting  global time :    0.000000 ( 0.0 %)           on MPI rank :     1649
     Total           time :  130.193953 (SYPD:     1.803 ) on MPI rank :     1649
     Computing       time :    0.000000                    on MPI rank :     1650
     Waiting lbc_lnk time :    0.000000 ( 0.0 %)           on MPI rank :     1650
     Waiting  global time :    0.000000 ( 0.0 %)           on MPI rank :     1650
     Total           time :  130.201770 (SYPD:     1.803 ) on MPI rank :     1650
     Computing       time :    0.000000                    on MPI rank :     1651
     Waiting lbc_lnk time :    0.000000 ( 0.0 %)           on MPI rank :     1651
     Waiting  global time :    0.000000 ( 0.0 %)           on MPI rank :     1651
     Total           time :  130.201302 (SYPD:     1.803 ) on MPI rank :     1651
     Computing       time :    0.000000                    on MPI rank :     1652
     Waiting lbc_lnk time :    0.000000 ( 0.0 %)           on MPI rank :     1652
     Waiting  global time :    0.000000 ( 0.0 %)           on MPI rank :     1652
     Total           time :  130.194729 (SYPD:     1.803 ) on MPI rank :     1652
