 
       CNRS - NERC - Met OFFICE - MERCATOR-ocean - CMCC - INGV
                              NEMO team
                   Ocean General Circulation Model
                         version 4.0  (2019) 
 
                         Timing Informations 
 
 
 
 
 Total timing (sum) :
 --------------------
Elapsed Time (s)  CPU Time (s)
        58840.127   126182.199
 
Averaged timing on all processors :
-----------------------------------
Section                   Elap. Time(s)  Elap. Time(%)  CPU Time(s)  CPU Time(%)  CPU/Elap Max elap(%)  Min elap(%)  Freq      Max time task
nemo_init                 0.1777687E+02   12.99            10.37       3.53        0.58         13.13     12.76       1.00        285
sbc_stokes                0.1614687E+02   11.80            20.03       6.82        1.24         28.55      0.13      96.00        261
ice_strengh               0.7748425E+01    5.66             8.04       2.74        1.04         28.54      0.00      96.00         84
icedyn_rhg                0.4839644E+01    3.54            11.25       3.83        2.32         29.98      0.55      96.00          6
sbc_sglcpl_rcv            0.4639246E+01    3.39             4.82       1.64        1.04         28.17      0.00      96.00        353
icestp                    0.4061067E+01    2.97             2.40       0.82        0.59         29.20      0.22      96.00         34
sbc_wstress               0.4056064E+01    2.96             4.18       1.42        1.03         27.61     -0.00      96.00        155
scripremap_read_sgl       0.2721898E+01    1.99             3.27       1.11        1.20          2.06      1.97       8.00        427
day                       0.2288671E+01    1.67             0.52       0.18        0.23         27.73      0.03      96.00        271
tra_ldf_iso               0.1404899E+01    1.03             5.51       1.88        3.92          1.09      0.33      96.00        392
iom_put_p3d_dp            0.1189331E+01    0.87             5.14       1.75        4.33          0.99      0.75    2976.00        427
tra_adv_fct               0.1096179E+01    0.80             4.35       1.48        3.96          0.88      0.29      96.00        223
dyn_spg_ts                0.1085781E+01    0.79             4.31       1.47        3.97          1.14      0.40      96.00        406
stp_ctl                   0.1060239E+01    0.77             2.48       0.84        2.33         10.73      0.27      96.00        427
nonosc                    0.8851429E+00    0.65             3.55       1.21        4.01          0.88      0.30     192.00        406
ldf_slp                   0.8720085E+00    0.64             3.48       1.18        3.99          0.68      0.26      96.00         43
dom_vvl_sf_swp            0.7804540E+00    0.57             3.02       1.03        3.87          0.61      0.23      96.00        348
dyn_vor                   0.7178286E+00    0.52             2.81       0.96        3.91          0.55      0.18      96.00        200
dyn_nxt                   0.7023586E+00    0.51             2.80       0.95        3.99          0.56      0.22      96.00        134
dyn_ldf                   0.6133463E+00    0.45             2.45       0.84        4.00          0.49      0.26      96.00        307
zdf_phy                   0.5985455E+00    0.44             2.42       0.82        4.04          1.76      0.14      96.00        422
tra_nxt                   0.5966827E+00    0.44             2.38       0.81        3.99          1.31      0.26      96.00        425
iceupdate_tau             0.5746342E+00    0.42             1.73       0.59        3.01          1.21      0.00      96.00        342
ice_dyn_adv_pra           0.5217949E+00    0.38             2.10       0.72        4.03          0.49      0.13      96.00        426
stp                       0.5214791E+00    0.38             1.25       0.43        2.41          0.80      0.10      96.00        296
dom_vvl_sf_nxt            0.4567955E+00    0.33             1.72       0.59        3.76          0.41      0.14     192.00        380
tra_qsr                   0.4242803E+00    0.31             1.51       0.51        3.56          0.40      0.07      96.00        149
parinter_init             0.4077592E+00    0.30             0.41       0.14        1.00          0.30      0.29       8.00        251
icewri                    0.3696378E+00    0.27             1.44       0.49        3.90          0.79      0.02      96.00        156
zdf_tke_tke               0.3431852E+00    0.25             1.28       0.44        3.72          0.29      0.09      96.00        225
dyn_zdf                   0.3419845E+00    0.25             1.31       0.44        3.82          0.26      0.08      96.00         78
dia_wri                   0.3416691E+00    0.25             1.26       0.43        3.69          0.53      0.17      96.00        426
dom_hgr                   0.3006813E+00    0.22             0.55       0.19        1.83          0.45      0.08       1.00         84
tra_zdf_imp               0.2852724E+00    0.21             1.00       0.34        3.52          0.25      0.08      96.00        353
ice_dyn_adv_pra_adv_y     0.2799511E+00    0.20             1.16       0.40        4.16          0.23      0.14    1248.00         58
div_hor                   0.2687168E+00    0.20             0.93       0.32        3.47          0.28      0.05     192.00        414
sbc                       0.2614369E+00    0.19             0.84       0.29        3.21          0.79      0.03      96.00        353
icecor                    0.2341680E+00    0.17             0.91       0.31        3.87          0.54      0.02     192.00         12
zdf_sh2                   0.2141718E+00    0.16             0.78       0.27        3.66          0.18      0.05      96.00        169
ice_dyn_adv_pra_adv_x     0.2050759E+00    0.15             0.88       0.30        4.29          0.17      0.10    1248.00        392
zdf_ddm                   0.2013483E+00    0.15             0.75       0.26        3.73          0.21      0.09      96.00        353
tra_adv                   0.1932105E+00    0.14             0.76       0.26        3.94          0.15      0.07      96.00        398
wzv                       0.1886164E+00    0.14             0.77       0.26        4.08          0.16      0.08     192.00        392
dyn_zad                   0.1869336E+00    0.14             0.75       0.26        4.03          0.16      0.07      96.00        238
parinter_write            0.1862311E+00    0.14             0.05       0.02        0.26          0.18      0.07       8.00        196
dyn_keg                   0.1828895E+00    0.13             0.74       0.25        4.03          0.19      0.09      96.00        424
bn2                       0.1785180E+00    0.13             0.72       0.25        4.05          0.16      0.03     192.00        311
tmx_itf                   0.1653475E+00    0.12             0.63       0.21        3.81          0.15      0.06      96.00        314
ice_thd_main              0.1372073E+00    0.10             0.55       0.19        4.00          0.44      0.00      96.00          6
rab_3d                    0.1341177E+00    0.10             0.53       0.18        3.96          0.12      0.05     192.00        395
zdf_tke_avn               0.1293052E+00    0.09             0.56       0.19        4.34          0.16      0.04      96.00        168
eos-pot                   0.1254873E+00    0.09             0.47       0.16        3.74          0.12      0.05     218.00        400
dyn_hpg                   0.1106868E+00    0.08             0.45       0.15        4.07          0.09      0.04      96.00         11
zps_hde                   0.1102373E+00    0.08             0.44       0.15        3.99          0.38      0.01      96.00        416
stp_oceandyn              0.1088826E+00    0.08             0.64       0.22        5.92          0.10      0.04      96.00        129
dia_hth                   0.1076488E+00    0.08             0.41       0.14        3.83          0.10      0.05      96.00        428
zdf_tmx                   0.1045029E+00    0.08             0.42       0.14        4.07          0.10      0.05      96.00        353
tra_bbl                   0.1033890E+00    0.08             0.40       0.14        3.87          0.17      0.02      96.00        409
sbc_isf_div               0.9042818E-01    0.07             0.51       0.17        5.66          0.13     -0.00     192.00        285
parinter_fld_mult         0.8614602E-01    0.06             0.34       0.12        3.94          0.10      0.03     219.00        428
tra_bbc                   0.8475116E-01    0.06             0.34       0.12        4.01          0.20      0.01      96.00        354
zdf_evd                   0.8364429E-01    0.06             0.23       0.08        2.76          0.08      0.02      96.00        353
ice_thd_jllopp            0.7821213E-01    0.06             0.29       0.10        3.71          0.36     -0.00      96.00        393
icedyn_rdgrft             0.7685129E-01    0.06             0.31       0.11        4.09          0.42      0.00      96.00         27
stp_tracers               0.7373312E-01    0.05             0.31       0.10        4.15          0.07      0.03      96.00        129
sbc_hbp                   0.6842394E-01    0.05             0.29       0.10        4.22          0.11      0.03      96.00        428
iceupdate_flx             0.6839877E-01    0.05             0.15       0.05        2.15          0.11      0.02      96.00        129
eos2d                     0.6413693E-01    0.05             0.27       0.09        4.24          0.13     -0.00     192.00         46
zdf_mxl                   0.5920981E-01    0.04             0.19       0.07        3.26          0.05      0.02      96.00          9
rab_2d                    0.4781166E-01    0.03             0.20       0.07        4.16          0.13     -0.00      96.00         46
sbc_rnf                   0.4595450E-01    0.03             0.18       0.06        3.93          0.05      0.02      96.00        356
eos-insitu                0.3917027E-01    0.03             0.14       0.05        3.67          0.03      0.02      96.00        392
tra_zdf                   0.3795798E-01    0.03             0.24       0.08        6.27          0.04      0.01      96.00        353
nemogcmcoup_lim2_update   0.3293151E-01    0.02             0.14       0.05        4.15          0.04      0.01      24.00        318
parinter_read             0.3280578E-01    0.02             0.02       0.01        0.62          0.05      0.00       8.00         90
ssh_nxt                   0.2689763E-01    0.02             0.11       0.04        4.15          0.03      0.01      96.00        378
nemogcmcoup_wam_get       0.2522300E-01    0.02             0.10       0.03        4.02          0.04      0.00      24.00        424
nemogcmcoup_coupinit      0.2480809E-01    0.02             0.02       0.01        0.99          0.04      0.00       1.00        197
sbc_ssm                   0.2106392E-01    0.02             0.05       0.02        2.48          0.03      0.01      96.00        129
ice_dyn                   0.2031466E-01    0.01             0.07       0.03        3.64          0.02      0.01      96.00         35
nemogcmcoup_wam_coupinit  0.2008419E-01    0.01             0.03       0.01        1.50          0.04      0.00       1.00        172
icedyn_adv                0.1616755E-01    0.01             0.09       0.03        5.40          0.01      0.01      96.00        392
tra_sbc                   0.1480934E-01    0.01             0.07       0.02        4.51          0.02      0.00      96.00         49
nemogcmcoup_wam_update    0.1399208E-01    0.01             0.06       0.02        4.29          0.02      0.00      24.00        330
nemogcmcoup_lim2_get      0.1221528E-01    0.01             0.06       0.02        4.55          0.02      0.01      25.00        141
sbc_sglcpl_ice_flx        0.1220990E-01    0.01             0.06       0.02        4.95          0.01      0.01      96.00        234
iceitd_rem                0.1084482E-01    0.01             0.07       0.03        6.82          0.05     -0.00      96.00        392
stp_nxt                   0.1019372E-01    0.01             0.06       0.02        6.28          0.01      0.00      96.00        129
icealb                    0.9642689E-02    0.01             0.02       0.01        2.59          0.01     -0.00     192.00         58
icethd                    0.7868664E-02    0.01             0.02       0.01        2.42          0.01      0.00      96.00        129
zdf_drg                   0.7761748E-02    0.01             0.04       0.01        5.07          0.01     -0.00      96.00        229
stp_thermodyn             0.6420834E-02    0.00             0.03       0.01        4.69          0.01      0.00      96.00        129
nemogcmcoup_wam_update_s  0.5900128E-02    0.00             0.03       0.01        4.41          0.01      0.00      24.00         13
ice_dyn_adv_pra_icemax4D  0.5455281E-02    0.00             0.01       0.00        1.93          0.01     -0.00     192.00         58
sbc_wave_sglexe           0.5447906E-02    0.00             0.03       0.01        4.92          0.01      0.00      96.00          0
stp_lateral               0.4365945E-02    0.00             0.02       0.01        5.25          0.01      0.00      96.00        129
ice_dyn_adv_pra_Hbig      0.4217489E-02    0.00             0.01       0.00        1.74          0.01     -0.00      96.00         58
iceitd_reb                0.4138062E-02    0.00             0.07       0.02       16.20          0.03     -0.01     192.00         47
stp_diag                  0.3559333E-02    0.00             0.01       0.00        2.97          0.00      0.00      96.00        129
dia_ar5                   0.3426805E-02    0.00             0.01       0.00        2.87          0.00      0.00      96.00        129
scripremap_dealloc        0.2931203E-02    0.00             0.00       0.00        1.01          0.00      0.00       8.00        168
dyn_adv                   0.2690513E-02    0.00             0.01       0.00        3.38          0.00      0.00      96.00         28
zdf_drg_exp               0.2068473E-02    0.00             0.00       0.00        1.95          0.01     -0.00      96.00        357
ssh_swp                   0.1768176E-02    0.00             0.02       0.01        8.74          0.00     -0.00      96.00        392
icesbc                    0.1697553E-02    0.00             0.02       0.01       14.47          0.00     -0.00     192.00        392
ice_thd_do                0.1492885E-02    0.00             0.01       0.00        6.60          0.03     -0.00      96.00        394
scripremap_alloc          0.1190176E-02    0.00             0.00       0.00        1.23          0.00      0.00       8.00        307
 
Maximum timing over all MPI tasks :
-----------------------------------
Section                   Elap. Time(s)  Elap. Time(%)  CPU Time(s)  CPU Time(%)  CPU/Elap      Freq      Max time task
icedyn_rhg                0.4101874E+02   29.98            11.25       3.83        2.32         96.00          6
icestp                    0.3995638E+02   29.20             2.40       0.82        0.59         96.00         34
sbc_stokes                0.3906752E+02   28.55            20.03       6.82        1.24         96.00        261
ice_strengh               0.3905621E+02   28.54             8.04       2.74        1.04         96.00         84
sbc_sglcpl_rcv            0.3854327E+02   28.17             4.82       1.64        1.04         96.00        353
day                       0.3795044E+02   27.73             0.52       0.18        0.23         96.00        271
sbc_wstress               0.3778597E+02   27.61             4.18       1.42        1.03         96.00        155
nemo_init                 0.1797047E+02   13.13            10.37       3.53        0.58          1.00        285
stp_ctl                   0.1468726E+02   10.73             2.48       0.84        2.33         96.00        427
scripremap_read_sgl       0.2814498E+01    2.06             3.27       1.11        1.20          8.00        427
zdf_phy                   0.2410038E+01    1.76             2.42       0.82        4.04         96.00        422
tra_nxt                   0.1786215E+01    1.31             2.38       0.81        3.99         96.00        425
iceupdate_tau             0.1658873E+01    1.21             1.73       0.59        3.01         96.00        342
dyn_spg_ts                0.1566652E+01    1.14             4.31       1.47        3.97         96.00        406
tra_ldf_iso               0.1492971E+01    1.09             5.51       1.88        3.92         96.00        392
iom_put_p3d_dp            0.1351905E+01    0.99             5.14       1.75        4.33       2976.00        427
tra_adv_fct               0.1210581E+01    0.88             4.35       1.48        3.96         96.00        223
nonosc                    0.1208863E+01    0.88             3.55       1.21        4.01        192.00        406
stp                       0.1095093E+01    0.80             1.25       0.43        2.41         96.00        296
sbc                       0.1081951E+01    0.79             0.84       0.29        3.21         96.00        353
icewri                    0.1079477E+01    0.79             1.44       0.49        3.90         96.00        156
ldf_slp                   0.9317758E+00    0.68             3.48       1.18        3.99         96.00         43
dom_vvl_sf_swp            0.8383323E+00    0.61             3.02       1.03        3.87         96.00        348
dyn_nxt                   0.7602237E+00    0.56             2.80       0.95        3.99         96.00        134
dyn_vor                   0.7569258E+00    0.55             2.81       0.96        3.91         96.00        200
icecor                    0.7434448E+00    0.54             0.91       0.31        3.87        192.00         12
dia_wri                   0.7290767E+00    0.53             1.26       0.43        3.69         96.00        426
ice_dyn_adv_pra           0.6734480E+00    0.49             2.10       0.72        4.03         96.00        426
dyn_ldf                   0.6637793E+00    0.49             2.45       0.84        4.00         96.00        307
dom_hgr                   0.6179102E+00    0.45             0.55       0.19        1.83          1.00         84
ice_thd_main              0.6077430E+00    0.44             0.55       0.19        4.00         96.00          6
icedyn_rdgrft             0.5785777E+00    0.42             0.31       0.11        4.09         96.00         27
dom_vvl_sf_nxt            0.5664532E+00    0.41             1.72       0.59        3.76        192.00        380
tra_qsr                   0.5536946E+00    0.40             1.51       0.51        3.56         96.00        149
zps_hde                   0.5141853E+00    0.38             0.44       0.15        3.99         96.00        416
ice_thd_jllopp            0.4872088E+00    0.36             0.29       0.10        3.71         96.00        393
parinter_init             0.4160727E+00    0.30             0.41       0.14        1.00          8.00        251
zdf_tke_tke               0.3987721E+00    0.29             1.28       0.44        3.72         96.00        225
div_hor                   0.3833811E+00    0.28             0.93       0.32        3.47        192.00        414
dyn_zdf                   0.3617334E+00    0.26             1.31       0.44        3.82         96.00         78
tra_zdf_imp               0.3396902E+00    0.25             1.00       0.34        3.52         96.00        353
ice_dyn_adv_pra_adv_y     0.3171965E+00    0.23             1.16       0.40        4.16       1248.00         58
zdf_ddm                   0.2860738E+00    0.21             0.75       0.26        3.73         96.00        353
tra_bbc                   0.2733435E+00    0.20             0.34       0.12        4.01         96.00        354
dyn_keg                   0.2640045E+00    0.19             0.74       0.25        4.03         96.00        424
parinter_write            0.2473781E+00    0.18             0.05       0.02        0.26          8.00        196
zdf_sh2                   0.2445304E+00    0.18             0.78       0.27        3.66         96.00        169
ice_dyn_adv_pra_adv_x     0.2367057E+00    0.17             0.88       0.30        4.29       1248.00        392
tra_bbl                   0.2314583E+00    0.17             0.40       0.14        3.87         96.00        409
dyn_zad                   0.2136929E+00    0.16             0.75       0.26        4.03         96.00        238
zdf_tke_avn               0.2132447E+00    0.16             0.56       0.19        4.34         96.00        168
wzv                       0.2131350E+00    0.16             0.77       0.26        4.08        192.00        392
bn2                       0.2127832E+00    0.16             0.72       0.25        4.05        192.00        311
tra_adv                   0.2120436E+00    0.15             0.76       0.26        3.94         96.00        398
tmx_itf                   0.2009199E+00    0.15             0.63       0.21        3.81         96.00        314
rab_2d                    0.1828084E+00    0.13             0.20       0.07        4.16         96.00         46
eos2d                     0.1813469E+00    0.13             0.27       0.09        4.24        192.00         46
sbc_isf_div               0.1754468E+00    0.13             0.51       0.17        5.66        192.00        285
rab_3d                    0.1670126E+00    0.12             0.53       0.18        3.96        192.00        395
eos-pot                   0.1576643E+00    0.12             0.47       0.16        3.74        218.00        400
iceupdate_flx             0.1561830E+00    0.11             0.15       0.05        2.15         96.00        129
sbc_hbp                   0.1548841E+00    0.11             0.29       0.10        4.22         96.00        428
parinter_fld_mult         0.1431688E+00    0.10             0.34       0.12        3.94        219.00        428
stp_oceandyn              0.1402131E+00    0.10             0.64       0.22        5.92         96.00        129
zdf_tmx                   0.1374116E+00    0.10             0.42       0.14        4.07         96.00        353
dia_hth                   0.1300854E+00    0.10             0.41       0.14        3.83         96.00        428
dyn_hpg                   0.1294777E+00    0.09             0.45       0.15        4.07         96.00         11
zdf_evd                   0.1083678E+00    0.08             0.23       0.08        2.76         96.00        353
stp_tracers               0.8977758E-01    0.07             0.31       0.10        4.15         96.00        129
parinter_read             0.7343707E-01    0.05             0.02       0.01        0.62          8.00         90
zdf_mxl                   0.7286499E-01    0.05             0.19       0.07        3.26         96.00          9
iceitd_rem                0.6970201E-01    0.05             0.07       0.03        6.82         96.00        392
sbc_rnf                   0.6636823E-01    0.05             0.18       0.06        3.93         96.00        356
iom_put_pd2_dp            0.5885325E-01    0.04             0.37       0.13     *******       8400.00        392
nemogcmcoup_wam_get       0.5723642E-01    0.04             0.10       0.03        4.02         24.00        424
tra_zdf                   0.5692179E-01    0.04             0.24       0.08        6.27         96.00        353
nemogcmcoup_wam_coupinit  0.5562568E-01    0.04             0.03       0.01        1.50          1.00        172
nemogcmcoup_lim2_update   0.5399035E-01    0.04             0.14       0.05        4.15         24.00        318
nemogcmcoup_coupinit      0.5326566E-01    0.04             0.02       0.01        0.99          1.00        197
eos-insitu                0.4713270E-01    0.03             0.14       0.05        3.67         96.00        392
sbc_ssm                   0.4040048E-01    0.03             0.05       0.02        2.48         96.00        129
ice_thd_do                0.3696620E-01    0.03             0.01       0.00        6.60         96.00        394
ssh_nxt                   0.3576451E-01    0.03             0.11       0.04        4.15         96.00        378
iceitd_reb                0.3558039E-01    0.03             0.07       0.02       16.20        192.00         47
tra_sbc                   0.2721124E-01    0.02             0.07       0.02        4.51         96.00         49
ice_dyn                   0.2683989E-01    0.02             0.07       0.03        3.64         96.00         35
nemogcmcoup_wam_update    0.2336799E-01    0.02             0.06       0.02        4.29         24.00        330
nemogcmcoup_lim2_get      0.2154361E-01    0.02             0.06       0.02        4.55         25.00        141
icedyn_adv                0.1987267E-01    0.01             0.09       0.03        5.40         96.00        392
zdf_drg                   0.1974641E-01    0.01             0.04       0.01        5.07         96.00        229
icealb                    0.1886146E-01    0.01             0.02       0.01        2.59        192.00         58
icethd                    0.1647014E-01    0.01             0.02       0.01        2.42         96.00        129
stp_nxt                   0.1597201E-01    0.01             0.06       0.02        6.28         96.00        129
sbc_sglcpl_ice_flx        0.1514147E-01    0.01             0.06       0.02        4.95         96.00        234
stp_thermodyn             0.1253712E-01    0.01             0.03       0.01        4.69         96.00        129
ice_dyn_adv_pra_Hbig      0.1205219E-01    0.01             0.01       0.00        1.74         96.00         58
nemogcmcoup_wam_update_s  0.1109783E-01    0.01             0.03       0.01        4.41         24.00         13
ice_dyn_adv_pra_icemax4D  0.9896675E-02    0.01             0.01       0.00        1.93        192.00         58
ice_dyn_adv_pra_icemax3D  0.7733139E-02    0.01             0.01       0.00     *******        384.00        392
zdf_drg_exp               0.7445766E-02    0.01             0.00       0.00        1.95         96.00        357
stp_lateral               0.7169732E-02    0.01             0.02       0.01        5.25         96.00        129
sbc_wave_sglexe           0.7018472E-02    0.01             0.03       0.01        4.92         96.00          0
stp_diag                  0.6648715E-02    0.00             0.01       0.00        2.97         96.00        129
dia_ar5                   0.6631631E-02    0.00             0.01       0.00        2.87         96.00        129
sbc_sglcpl_ice_init       0.6439140E-02    0.00             0.00       0.00        1.50          1.00        270
scripremap_dealloc        0.5749385E-02    0.00             0.00       0.00        1.01          8.00        168
ssh_swp                   0.4482701E-02    0.00             0.02       0.01        8.74         96.00        392
dyn_adv                   0.3296854E-02    0.00             0.01       0.00        3.38         96.00         28
scripremap_alloc          0.3018929E-02    0.00             0.00       0.00        1.23          8.00        307
icesbc                    0.2635801E-02    0.00             0.02       0.01       14.47        192.00        392
zdf_mxl_zint              0.2441658E-02    0.00             0.05       0.02     *******         96.00        119
tra_ldf                   0.2061313E-02    0.00             0.06       0.02       65.22         96.00        392
eos_pt_from_ct            0.1709292E-02    0.00             0.00       0.00     *******        122.00        383
scripgrid_dealloc         0.1185057E-02    0.00            -0.00      -0.00     *******         16.00        346
dyn_spg                   0.1139693E-02    0.00             0.01       0.00       37.77         96.00         13
sbc_sglcpl_ice_tau        0.1056957E-02    0.00             0.01       0.00     *******         96.00         13
 
Averaged CPU time on all processors :
-------------------------------------
Section                   CPU Time(s)  CPU Time(%)    Elap. Time(s) Elap. Time(%) CPU/Elap
sbc_stokes                0.2002697E+02    6.82            16.15      11.80        1.24
icedyn_rhg                0.1124919E+02    3.83             4.84       3.54        2.32
nemo_init                 0.1036635E+02    3.53            17.78      12.99        0.58
ice_strengh               0.8044096E+01    2.74             7.75       5.66        1.04
tra_ldf_iso               0.5509720E+01    1.88             1.40       1.03        3.92
iom_put_p3d_dp            0.5144665E+01    1.75             1.19       0.87        4.33
sbc_sglcpl_rcv            0.4815203E+01    1.64             4.64       3.39        1.04
tra_adv_fct               0.4345891E+01    1.48             1.10       0.80        3.96
dyn_spg_ts                0.4308125E+01    1.47             1.09       0.79        3.97
sbc_wstress               0.4181444E+01    1.42             4.06       2.96        1.03
nonosc                    0.3552615E+01    1.21             0.89       0.65        4.01
ldf_slp                   0.3475837E+01    1.18             0.87       0.64        3.99
scripremap_read_sgl       0.3271247E+01    1.11             2.72       1.99        1.20
dom_vvl_sf_swp            0.3023923E+01    1.03             0.78       0.57        3.87
dyn_vor                   0.2809684E+01    0.96             0.72       0.52        3.91
dyn_nxt                   0.2798904E+01    0.95             0.70       0.51        3.99
stp_ctl                   0.2475426E+01    0.84             1.06       0.77        2.33
dyn_ldf                   0.2450623E+01    0.84             0.61       0.45        4.00
zdf_phy                   0.2419350E+01    0.82             0.60       0.44        4.04
icestp                    0.2396772E+01    0.82             4.06       2.97        0.59
tra_nxt                   0.2381775E+01    0.81             0.60       0.44        3.99
ice_dyn_adv_pra           0.2103586E+01    0.72             0.52       0.38        4.03
iceupdate_tau             0.1728912E+01    0.59             0.57       0.42        3.01
dom_vvl_sf_nxt            0.1718936E+01    0.59             0.46       0.33        3.76
tra_qsr                   0.1509784E+01    0.51             0.42       0.31        3.56
icewri                    0.1443363E+01    0.49             0.37       0.27        3.90
dyn_zdf                   0.1305450E+01    0.44             0.34       0.25        3.82
zdf_tke_tke               0.1277841E+01    0.44             0.34       0.25        3.72
dia_wri                   0.1260166E+01    0.43             0.34       0.25        3.69
stp                       0.1254171E+01    0.43             0.52       0.38        2.41
ice_dyn_adv_pra_adv_y     0.1164719E+01    0.40             0.28       0.20        4.16
tra_zdf_imp               0.1004884E+01    0.34             0.29       0.21        3.52
div_hor                   0.9331383E+00    0.32             0.27       0.20        3.47
icecor                    0.9054882E+00    0.31             0.23       0.17        3.87
ice_dyn_adv_pra_adv_x     0.8794058E+00    0.30             0.21       0.15        4.29
sbc                       0.8381275E+00    0.29             0.26       0.19        3.21
zdf_sh2                   0.7829515E+00    0.27             0.21       0.16        3.66
wzv                       0.7704002E+00    0.26             0.19       0.14        4.08
tra_adv                   0.7609850E+00    0.26             0.19       0.14        3.94
dyn_zad                   0.7530453E+00    0.26             0.19       0.14        4.03
zdf_ddm                   0.7506970E+00    0.26             0.20       0.15        3.73
dyn_keg                   0.7368339E+00    0.25             0.18       0.13        4.03
bn2                       0.7230419E+00    0.25             0.18       0.13        4.05
stp_oceandyn              0.6441902E+00    0.22             0.11       0.08        5.92
tmx_itf                   0.6304634E+00    0.21             0.17       0.12        3.81
zdf_tke_avn               0.5616764E+00    0.19             0.13       0.09        4.34
dom_hgr                   0.5503327E+00    0.19             0.30       0.22        1.83
ice_thd_main              0.5483716E+00    0.19             0.14       0.10        4.00
rab_3d                    0.5316670E+00    0.18             0.13       0.10        3.96
day                       0.5163003E+00    0.18             2.29       1.67        0.23
sbc_isf_div               0.5113931E+00    0.17             0.09       0.07        5.66
eos-pot                   0.4698780E+00    0.16             0.13       0.09        3.74
dyn_hpg                   0.4501228E+00    0.15             0.11       0.08        4.07
zps_hde                   0.4403423E+00    0.15             0.11       0.08        3.99
zdf_tmx                   0.4248353E+00    0.14             0.10       0.08        4.07
dia_hth                   0.4118212E+00    0.14             0.11       0.08        3.83
parinter_init             0.4060195E+00    0.14             0.41       0.30        1.00
tra_bbl                   0.3998486E+00    0.14             0.10       0.08        3.87
tra_bbc                   0.3400858E+00    0.12             0.08       0.06        4.01
parinter_fld_mult         0.3390137E+00    0.12             0.09       0.06        3.94
icedyn_rdgrft             0.3143161E+00    0.11             0.08       0.06        4.09
stp_tracers               0.3061558E+00    0.10             0.07       0.05        4.15
ice_thd_jllopp            0.2900952E+00    0.10             0.08       0.06        3.71
sbc_hbp                   0.2885176E+00    0.10             0.07       0.05        4.22
eos2d                     0.2721141E+00    0.09             0.06       0.05        4.24
tra_zdf                   0.2379931E+00    0.08             0.04       0.03        6.27
zdf_evd                   0.2311851E+00    0.08             0.08       0.06        2.76
rab_2d                    0.1987274E+00    0.07             0.05       0.03        4.16
zdf_mxl                   0.1929932E+00    0.07             0.06       0.04        3.26
sbc_rnf                   0.1805436E+00    0.06             0.05       0.03        3.93
iceupdate_flx             0.1469933E+00    0.05             0.07       0.05        2.15
eos-insitu                0.1436589E+00    0.05             0.04       0.03        3.67
nemogcmcoup_lim2_update   0.1365261E+00    0.05             0.03       0.02        4.15
ssh_nxt                   0.1116226E+00    0.04             0.03       0.02        4.15
nemogcmcoup_wam_get       0.1012819E+00    0.03             0.03       0.02        4.02
icedyn_adv                0.8722522E-01    0.03             0.02       0.01        5.40
iceitd_rem                0.7401239E-01    0.03             0.01       0.01        6.82
ice_dyn                   0.7398305E-01    0.03             0.02       0.01        3.64
iceitd_reb                0.6702282E-01    0.02             0.00       0.00       16.20
tra_sbc                   0.6676912E-01    0.02             0.01       0.01        4.51
stp_nxt                   0.6398241E-01    0.02             0.01       0.01        6.28
sbc_sglcpl_ice_flx        0.6046417E-01    0.02             0.01       0.01        4.95
nemogcmcoup_wam_update    0.6000480E-01    0.02             0.01       0.01        4.29
nemogcmcoup_lim2_get      0.5554910E-01    0.02             0.01       0.01        4.55
sbc_ssm                   0.5213333E-01    0.02             0.02       0.02        2.48
parinter_write            0.4860723E-01    0.02             0.19       0.14        0.26
zdf_drg                   0.3935199E-01    0.01             0.01       0.01        5.07
stp_thermodyn             0.3009612E-01    0.01             0.01       0.00        4.69
nemogcmcoup_wam_coupinit  0.3003999E-01    0.01             0.02       0.01        1.50
sbc_wave_sglexe           0.2679245E-01    0.01             0.01       0.00        4.92
nemogcmcoup_wam_update_s  0.2604677E-01    0.01             0.01       0.00        4.41
icealb                    0.2499496E-01    0.01             0.01       0.01        2.59
icesbc                    0.2456231E-01    0.01             0.00       0.00       14.47
nemogcmcoup_coupinit      0.2449068E-01    0.01             0.02       0.02        0.99
stp_lateral               0.2292724E-01    0.01             0.00       0.00        5.25
parinter_read             0.2041005E-01    0.01             0.03       0.02        0.62
icethd                    0.1904757E-01    0.01             0.01       0.01        2.42
ssh_swp                   0.1544610E-01    0.01             0.00       0.00        8.74
stp_diag                  0.1056868E-01    0.00             0.00       0.00        2.97
ice_dyn_adv_pra_icemax4D  0.1051485E-01    0.00             0.01       0.00        1.93
ice_thd_do                0.9852488E-02    0.00             0.00       0.00        6.60
dia_ar5                   0.9825216E-02    0.00             0.00       0.00        2.87
dyn_adv                   0.9106593E-02    0.00             0.00       0.00        3.38
ice_dyn_adv_pra_Hbig      0.7359440E-02    0.00             0.00       0.00        1.74
zdf_drg_exp               0.4023326E-02    0.00             0.00       0.00        1.95
scripremap_dealloc        0.2968926E-02    0.00             0.00       0.00        1.01
scripremap_alloc          0.1465674E-02    0.00             0.00       0.00        1.23
 
Averaged inclusive timing on all processors :
---------------------------------------------
Section                   Elap. Time(s)  Elap. Time(%)  CPU Time(s)  CPU Time(%)  CPU/Elap Max elap(%)  Min elap(%)  Freq      Max time task
stp                       0.6479210E+02   47.35           131.10      44.68        2.02          0.80      0.10      96.00        296
sbc                       0.4469075E+02   32.66            62.74      21.38        1.40          0.79      0.03      96.00        353
icestp                    0.1934470E+02   14.14            31.83      10.85        1.65         29.20      0.22      96.00         34
nemo_init                 0.1807767E+02   13.21            10.92       3.72        0.60         13.13     12.76       1.00        285
sbc_wave_sglexe           0.1618746E+02   11.83            20.22       6.89        1.25          0.01      0.00      96.00          0
sbc_stokes                0.1618089E+02   11.82            20.19       6.88        1.25         28.55      0.13      96.00        261
ice_dyn                   0.1378427E+02   10.07            24.02       8.18        1.74          0.02      0.01      96.00         35
icedyn_rhg                0.1259032E+02    9.20            19.29       6.57        1.53         29.98      0.55      96.00          6
ice_strengh               0.7749550E+01    5.66             8.04       2.74        1.04         28.54      0.00      96.00         84
stp_tracers               0.4697261E+01    3.43            18.44       6.29        3.93          0.07      0.03      96.00        129
sbc_sglcpl_rcv            0.4639773E+01    3.39             4.82       1.64        1.04         28.17      0.00      96.00        353
stp_oceandyn              0.4454726E+01    3.26            17.72       6.04        3.98          0.10      0.04      96.00        129
sbc_wstress               0.4057190E+01    2.96             4.18       1.42        1.03         27.61     -0.00      96.00        155
scripremap_read_sgl       0.2723768E+01    1.99             3.27       1.12        1.20          2.06      1.97       8.00        427
nemogcmcoup_coupinit      0.2395234E+01    1.75             2.28       0.78        0.95          0.04      0.00       1.00        197
day                       0.2289796E+01    1.67             0.52       0.18        0.23         27.73      0.03      96.00        271
tra_adv                   0.2211290E+01    1.62             8.80       3.00        3.98          0.15      0.07      96.00        398
stp_nxt                   0.2097082E+01    1.53             8.28       2.82        3.95          0.01      0.00      96.00        129
tra_adv_fct               0.1984698E+01    1.45             7.90       2.69        3.98          0.88      0.29      96.00        223
zdf_phy                   0.1956014E+01    1.43             7.65       2.61        3.91          1.76      0.14      96.00        422
stp_diag                  0.1599528E+01    1.17             6.37       2.17        3.98          0.00      0.00      96.00        129
dia_wri                   0.1470146E+01    1.07             5.86       2.00        3.98          0.53      0.17      96.00        426
tra_ldf_iso               0.1406024E+01    1.03             5.51       1.88        3.92          1.09      0.33      96.00        392
iom_put_p3d_dp            0.1224209E+01    0.89             5.14       1.75        4.20          0.99      0.75    2976.00        427
stp_lateral               0.1096669E+01    0.80             4.35       1.48        3.97          0.01      0.00      96.00        129
dyn_spg_ts                0.1085925E+01    0.79             4.33       1.47        3.98          1.14      0.40      96.00        406
icedyn_adv                0.1071308E+01    0.78             4.26       1.45        3.98          0.01      0.01      96.00        392
stp_ctl                   0.1061364E+01    0.78             2.48       0.84        2.33         10.73      0.27      96.00        427
ice_dyn_adv_pra           0.1054016E+01    0.77             4.17       1.42        3.96          0.49      0.13      96.00        426
nemogcmcoup_wam_coupinit  0.1003350E+01    0.73             1.52       0.52        1.52          0.04      0.00       1.00        172
nonosc                    0.8873930E+00    0.65             3.55       1.21        4.00          0.88      0.30     192.00        406
ldf_slp                   0.8731336E+00    0.64             3.48       1.18        3.98          0.68      0.26      96.00         43
dom_vvl_sf_swp            0.7815790E+00    0.57             3.02       1.03        3.87          0.61      0.23      96.00        348
dyn_vor                   0.7189536E+00    0.53             2.81       0.96        3.91          0.55      0.18      96.00        200
dyn_nxt                   0.7034836E+00    0.51             2.80       0.95        3.98          0.56      0.22      96.00        134
dyn_ldf                   0.6144714E+00    0.45             2.45       0.84        3.99          0.49      0.26      96.00        307
tra_nxt                   0.5978077E+00    0.44             2.38       0.81        3.98          1.31      0.26      96.00        425
iceupdate_tau             0.5757593E+00    0.42             1.73       0.59        3.00          1.21      0.00      96.00        342
icethd                    0.4608273E+00    0.34             1.84       0.63        3.99          0.01      0.00      96.00        129
dom_vvl_sf_nxt            0.4590457E+00    0.34             1.72       0.59        3.74          0.41      0.14     192.00        380
tra_qsr                   0.4254054E+00    0.31             1.51       0.51        3.55          0.40      0.07      96.00        149
parinter_init             0.4078530E+00    0.30             0.41       0.14        1.00          0.30      0.29       8.00        251
icewri                    0.3870662E+00    0.28             1.54       0.53        3.99          0.79      0.02      96.00        156
dyn_adv                   0.3758888E+00    0.27             1.50       0.51        3.99          0.00      0.00      96.00         28
div_hor                   0.3627245E+00    0.27             1.45       0.49        4.00          0.28      0.05     192.00        414
dyn_zdf                   0.3463032E+00    0.25             1.31       0.45        3.78          0.26      0.08      96.00         78
zdf_tke_tke               0.3443103E+00    0.25             1.28       0.44        3.71          0.29      0.09      96.00        225
tra_zdf                   0.3254806E+00    0.24             1.24       0.42        3.82          0.04      0.01      96.00        353
stp_thermodyn             0.3246820E+00    0.24             1.28       0.44        3.96          0.01      0.00      96.00        129
dom_hgr                   0.3006930E+00    0.22             0.55       0.19        1.83          0.45      0.08       1.00         84
ice_dyn_adv_pra_adv_y     0.2945771E+00    0.22             1.16       0.40        3.95          0.23      0.14    1248.00         58
tra_zdf_imp               0.2863975E+00    0.21             1.00       0.34        3.51          0.25      0.08      96.00        353
zdf_tmx                   0.2846609E+00    0.21             1.13       0.39        3.98          0.10      0.05      96.00        353
icecor                    0.2428064E+00    0.18             0.97       0.33        4.01          0.54      0.02     192.00         12
ice_dyn_adv_pra_adv_x     0.2197020E+00    0.16             0.88       0.30        4.00          0.17      0.10    1248.00        392
zdf_sh2                   0.2152969E+00    0.16             0.78       0.27        3.64          0.18      0.05      96.00        169
ssh_nxt                   0.2116073E+00    0.15             0.85       0.29        4.00          0.03      0.01      96.00        378
zdf_ddm                   0.2024734E+00    0.15             0.75       0.26        3.71          0.21      0.09      96.00        353
wzv                       0.1908665E+00    0.14             0.77       0.26        4.04          0.16      0.08     192.00        392
dyn_zad                   0.1880587E+00    0.14             0.75       0.26        4.00          0.16      0.07      96.00        238
parinter_write            0.1863249E+00    0.14             0.05       0.02        0.26          0.18      0.07       8.00        196
dyn_keg                   0.1840146E+00    0.13             0.74       0.25        4.00          0.19      0.09      96.00        424
bn2                       0.1807682E+00    0.13             0.72       0.25        4.00          0.16      0.03     192.00        311
zps_hde                   0.1777495E+00    0.13             0.71       0.24        4.01          0.38      0.01      96.00        416
tmx_itf                   0.1664726E+00    0.12             0.63       0.21        3.79          0.15      0.06      96.00        314
tra_bbl                   0.1507004E+00    0.11             0.60       0.21        4.01          0.17      0.02      96.00        409
ice_thd_main              0.1383324E+00    0.10             0.55       0.19        3.96          0.44      0.00      96.00          6
rab_3d                    0.1363679E+00    0.10             0.53       0.18        3.90          0.12      0.05     192.00        395
sbc_hbp                   0.1351108E+00    0.10             0.54       0.18        4.01          0.11      0.03      96.00        428
zdf_tke_avn               0.1304302E+00    0.10             0.56       0.19        4.31          0.16      0.04      96.00        168
eos-pot                   0.1280421E+00    0.09             0.47       0.16        3.67          0.12      0.05     218.00        400
dia_hth                   0.1224034E+00    0.09             0.49       0.17        4.01          0.10      0.05      96.00        428
dyn_hpg                   0.1118118E+00    0.08             0.45       0.15        4.03          0.09      0.04      96.00         11
zdf_evd                   0.1090981E+00    0.08             0.44       0.15        4.02          0.08      0.02      96.00        353
sbc_isf_div               0.9267834E-01    0.07             0.51       0.17        5.52          0.13     -0.00     192.00        285
parinter_fld_mult         0.8871260E-01    0.06             0.34       0.12        3.82          0.10      0.03     219.00        428
tra_bbc                   0.8549137E-01    0.06             0.34       0.12        4.01          0.20      0.01      96.00        354
ice_thd_jllopp            0.7933721E-01    0.06             0.29       0.10        3.66          0.36     -0.00      96.00        393
icedyn_rdgrft             0.7797636E-01    0.06             0.31       0.11        4.03          0.42      0.00      96.00         27
nemogcmcoup_lim2_update   0.6717401E-01    0.05             0.27       0.09        3.99          0.04      0.01      24.00        318
eos2d                     0.6638708E-01    0.05             0.27       0.09        4.10          0.13     -0.00     192.00         46
zdf_mxl                   0.6118665E-01    0.04             0.25       0.08        4.01          0.05      0.02      96.00          9
iceupdate_flx             0.5093338E-01    0.04             0.21       0.07        4.06          0.11      0.02      96.00        129
rab_2d                    0.4893673E-01    0.04             0.20       0.07        4.06          0.13     -0.00      96.00         46
sbc_rnf                   0.4648163E-01    0.03             0.18       0.06        3.92          0.05      0.02      96.00        356
eos-insitu                0.4029535E-01    0.03             0.14       0.05        3.57          0.03      0.02      96.00        392
nemogcmcoup_wam_get       0.3705700E-01    0.03             0.15       0.05        3.95          0.04      0.00      24.00        424
parinter_read             0.3289954E-01    0.02             0.02       0.01        0.62          0.05      0.00       8.00         90
nemogcmcoup_lim2_get      0.2733203E-01    0.02             0.11       0.04        3.98          0.02      0.01      25.00        141
icesbc                    0.2364540E-01    0.02             0.10       0.03        4.33          0.00     -0.00     192.00        392
nemogcmcoup_wam_update    0.2192489E-01    0.02             0.09       0.03        4.05          0.02      0.00      24.00        330
sbc_ssm                   0.1847798E-01    0.01             0.08       0.03        4.23          0.03      0.01      96.00        129
tra_sbc                   0.1593442E-01    0.01             0.07       0.02        4.19          0.02      0.00      96.00         49
sbc_sglcpl_ice_flx        0.1326027E-01    0.01             0.06       0.02        4.69          0.01      0.01      96.00        234
iceitd_rem                0.1196990E-01    0.01             0.07       0.03        6.18          0.05     -0.00      96.00        392
icealb                    0.1189285E-01    0.01             0.02       0.01        2.10          0.01     -0.00     192.00         58
nemogcmcoup_wam_update_s  0.9906075E-02    0.01             0.04       0.01        4.13          0.01      0.00      24.00         13
zdf_drg                   0.8886827E-02    0.01             0.04       0.01        4.43          0.01     -0.00      96.00        229
ice_dyn_adv_pra_icemax4D  0.7705439E-02    0.01             0.01       0.00        1.36          0.01     -0.00     192.00         58
iceitd_reb                0.6388219E-02    0.00             0.07       0.02       10.49          0.03     -0.01     192.00         47
ice_dyn_adv_pra_Hbig      0.5342568E-02    0.00             0.01       0.00        1.38          0.01     -0.00      96.00         58
zdf_drg_exp               0.3193552E-02    0.00             0.00       0.00        1.26          0.01     -0.00      96.00        357
ssh_swp                   0.2893255E-02    0.00             0.02       0.01        5.34          0.00     -0.00      96.00        392
scripremap_dealloc        0.2822710E-02    0.00             0.00       0.00        1.00          0.00      0.00       8.00        168
ice_thd_do                0.2617964E-02    0.00             0.01       0.00        3.76          0.03     -0.00      96.00        394
dia_ar5                   0.2293811E-02    0.00             0.01       0.00        5.77          0.00      0.00      96.00        129
scripremap_alloc          0.1615821E-02    0.00             0.00       0.00        1.99          0.00      0.00       8.00        307
 
Averaged inclusive CPU time on all processors :
-----------------------------------------------
Section                   CPU Time(s)  CPU Time(%)    Elap. Time(s) Elap. Time(%) CPU/Elap
stp                       0.1254171E+01    0.43             0.52       0.38        2.41
sbc                       0.8381275E+00    0.29             0.26       0.19        3.21
icestp                    0.2396772E+01    0.82             4.06       2.97        0.59
ice_dyn                   0.7398305E-01    0.03             0.02       0.01        3.64
sbc_wave_sglexe           0.2679245E-01    0.01             0.01       0.00        4.92
sbc_stokes                0.2002697E+02    6.82            16.15      11.80        1.24
icedyn_rhg                0.1124919E+02    3.83             4.84       3.54        2.32
stp_tracers               0.3061558E+00    0.10             0.07       0.05        4.15
stp_oceandyn              0.6441902E+00    0.22             0.11       0.08        5.92
nemo_init                 0.1036635E+02    3.53            17.78      12.99        0.58
tra_adv                   0.7609850E+00    0.26             0.19       0.14        3.94
stp_nxt                   0.6398241E-01    0.02             0.01       0.01        6.28
ice_strengh               0.8044096E+01    2.74             7.75       5.66        1.04
tra_adv_fct               0.4345891E+01    1.48             1.10       0.80        3.96
zdf_phy                   0.2419350E+01    0.82             0.60       0.44        4.04
stp_diag                  0.1056868E-01    0.00             0.00       0.00        2.97
dia_wri                   0.1260166E+01    0.43             0.34       0.25        3.69
tra_ldf_iso               0.5509720E+01    1.88             1.40       1.03        3.92
iom_put_p3d_dp            0.5144665E+01    1.75             1.19       0.87        4.33
sbc_sglcpl_rcv            0.4815203E+01    1.64             4.64       3.39        1.04
stp_lateral               0.2292724E-01    0.01             0.00       0.00        5.25
dyn_spg_ts                0.4308125E+01    1.47             1.09       0.79        3.97
icedyn_adv                0.8722522E-01    0.03             0.02       0.01        5.40
sbc_wstress               0.4181444E+01    1.42             4.06       2.96        1.03
ice_dyn_adv_pra           0.2103586E+01    0.72             0.52       0.38        4.03
nonosc                    0.3552615E+01    1.21             0.89       0.65        4.01
ldf_slp                   0.3475837E+01    1.18             0.87       0.64        3.99
scripremap_read_sgl       0.3271247E+01    1.11             2.72       1.99        1.20
dom_vvl_sf_swp            0.3023923E+01    1.03             0.78       0.57        3.87
dyn_vor                   0.2809684E+01    0.96             0.72       0.52        3.91
dyn_nxt                   0.2798904E+01    0.95             0.70       0.51        3.99
stp_ctl                   0.2475426E+01    0.84             1.06       0.77        2.33
dyn_ldf                   0.2450623E+01    0.84             0.61       0.45        4.00
tra_nxt                   0.2381775E+01    0.81             0.60       0.44        3.99
nemogcmcoup_coupinit      0.2449068E-01    0.01             0.02       0.02        0.99
icethd                    0.1904757E-01    0.01             0.01       0.01        2.42
iceupdate_tau             0.1728912E+01    0.59             0.57       0.42        3.01
dom_vvl_sf_nxt            0.1718936E+01    0.59             0.46       0.33        3.76
icewri                    0.1443363E+01    0.49             0.37       0.27        3.90
nemogcmcoup_wam_coupinit  0.3003999E-01    0.01             0.02       0.01        1.50
tra_qsr                   0.1509784E+01    0.51             0.42       0.31        3.56
dyn_adv                   0.9106593E-02    0.00             0.00       0.00        3.38
div_hor                   0.9331383E+00    0.32             0.27       0.20        3.47
dyn_zdf                   0.1305450E+01    0.44             0.34       0.25        3.82
stp_thermodyn             0.3009612E-01    0.01             0.01       0.00        4.69
zdf_tke_tke               0.1277841E+01    0.44             0.34       0.25        3.72
tra_zdf                   0.2379931E+00    0.08             0.04       0.03        6.27
ice_dyn_adv_pra_adv_y     0.1164719E+01    0.40             0.28       0.20        4.16
zdf_tmx                   0.4248353E+00    0.14             0.10       0.08        4.07
tra_zdf_imp               0.1004884E+01    0.34             0.29       0.21        3.52
icecor                    0.9054882E+00    0.31             0.23       0.17        3.87
ice_dyn_adv_pra_adv_x     0.8794058E+00    0.30             0.21       0.15        4.29
ssh_nxt                   0.1116226E+00    0.04             0.03       0.02        4.15
zdf_sh2                   0.7829515E+00    0.27             0.21       0.16        3.66
wzv                       0.7704002E+00    0.26             0.19       0.14        4.08
dyn_zad                   0.7530453E+00    0.26             0.19       0.14        4.03
zdf_ddm                   0.7506970E+00    0.26             0.20       0.15        3.73
dyn_keg                   0.7368339E+00    0.25             0.18       0.13        4.03
bn2                       0.7230419E+00    0.25             0.18       0.13        4.05
zps_hde                   0.4403423E+00    0.15             0.11       0.08        3.99
tmx_itf                   0.6304634E+00    0.21             0.17       0.12        3.81
tra_bbl                   0.3998486E+00    0.14             0.10       0.08        3.87
zdf_tke_avn               0.5616764E+00    0.19             0.13       0.09        4.34
dom_hgr                   0.5503327E+00    0.19             0.30       0.22        1.83
ice_thd_main              0.5483716E+00    0.19             0.14       0.10        4.00
sbc_hbp                   0.2885176E+00    0.10             0.07       0.05        4.22
rab_3d                    0.5316670E+00    0.18             0.13       0.10        3.96
day                       0.5163003E+00    0.18             2.29       1.67        0.23
sbc_isf_div               0.5113931E+00    0.17             0.09       0.07        5.66
dia_hth                   0.4118212E+00    0.14             0.11       0.08        3.83
eos-pot                   0.4698780E+00    0.16             0.13       0.09        3.74
dyn_hpg                   0.4501228E+00    0.15             0.11       0.08        4.07
zdf_evd                   0.2311851E+00    0.08             0.08       0.06        2.76
parinter_init             0.4060195E+00    0.14             0.41       0.30        1.00
tra_bbc                   0.3400858E+00    0.12             0.08       0.06        4.01
parinter_fld_mult         0.3390137E+00    0.12             0.09       0.06        3.94
icedyn_rdgrft             0.3143161E+00    0.11             0.08       0.06        4.09
ice_thd_jllopp            0.2900952E+00    0.10             0.08       0.06        3.71
eos2d                     0.2721141E+00    0.09             0.06       0.05        4.24
nemogcmcoup_lim2_update   0.1365261E+00    0.05             0.03       0.02        4.15
zdf_mxl                   0.1929932E+00    0.07             0.06       0.04        3.26
iceupdate_flx             0.1469933E+00    0.05             0.07       0.05        2.15
rab_2d                    0.1987274E+00    0.07             0.05       0.03        4.16
sbc_rnf                   0.1805436E+00    0.06             0.05       0.03        3.93
nemogcmcoup_wam_get       0.1012819E+00    0.03             0.03       0.02        4.02
eos-insitu                0.1436589E+00    0.05             0.04       0.03        3.67
nemogcmcoup_lim2_get      0.5554910E-01    0.02             0.01       0.01        4.55
icesbc                    0.2456231E-01    0.01             0.00       0.00       14.47
nemogcmcoup_wam_update    0.6000480E-01    0.02             0.01       0.01        4.29
sbc_ssm                   0.5213333E-01    0.02             0.02       0.02        2.48
iceitd_rem                0.7401239E-01    0.03             0.01       0.01        6.82
iceitd_reb                0.6702282E-01    0.02             0.00       0.00       16.20
tra_sbc                   0.6676912E-01    0.02             0.01       0.01        4.51
sbc_sglcpl_ice_flx        0.6046417E-01    0.02             0.01       0.01        4.95
parinter_write            0.4860723E-01    0.02             0.19       0.14        0.26
nemogcmcoup_wam_update_s  0.2604677E-01    0.01             0.01       0.00        4.41
zdf_drg                   0.3935199E-01    0.01             0.01       0.01        5.07
icealb                    0.2499496E-01    0.01             0.01       0.01        2.59
parinter_read             0.2041005E-01    0.01             0.03       0.02        0.62
ssh_swp                   0.1544610E-01    0.01             0.00       0.00        8.74
dia_ar5                   0.9825216E-02    0.00             0.00       0.00        2.87
ice_dyn_adv_pra_icemax4D  0.1051485E-01    0.00             0.01       0.00        1.93
ice_thd_do                0.9852488E-02    0.00             0.00       0.00        6.60
ice_dyn_adv_pra_Hbig      0.7359440E-02    0.00             0.00       0.00        1.74
zdf_drg_exp               0.4023326E-02    0.00             0.00       0.00        1.95
scripremap_alloc          0.1465674E-02    0.00             0.00       0.00        1.23
scripremap_dealloc        0.2968926E-02    0.00             0.00       0.00        1.01
 
 MPI summary report :
 --------------------

 Process Rank | Elapsed Time (s) | CPU Time (s) | Ratio CPU/Elapsed
 -------------|------------------|--------------|------------------
         0    |     136.837      |     302.908  |      2.214
         1    |     136.838      |     305.854  |      2.235
         2    |     136.837      |     306.318  |      2.239
         3    |     136.837      |     306.019  |      2.236
         4    |     136.837      |     305.883  |      2.235
         5    |     136.838      |     305.497  |      2.233
         6    |     136.837      |     305.011  |      2.229
         7    |     136.838      |     306.617  |      2.241
         8    |     136.837      |     306.074  |      2.237
         9    |     136.837      |     305.690  |      2.234
        10    |     136.838      |     305.771  |      2.235
        11    |     136.838      |     306.610  |      2.241
        12    |     136.837      |     306.902  |      2.243
        13    |     136.838      |     305.451  |      2.232
        14    |     136.838      |     305.463  |      2.232
        15    |     136.837      |     304.925  |      2.228
        16    |     136.837      |     304.827  |      2.228
        17    |     136.837      |     304.750  |      2.227
        18    |     136.837      |     306.883  |      2.243
        19    |     136.837      |     306.521  |      2.240
        20    |     136.837      |     305.639  |      2.234
        21    |     136.838      |     305.214  |      2.230
        22    |     136.837      |     305.335  |      2.231
        23    |     136.838      |     305.428  |      2.232
        24    |     136.837      |     305.756  |      2.234
        25    |     136.838      |     306.167  |      2.237
        26    |     136.837      |     305.911  |      2.236
        27    |     136.837      |     305.561  |      2.233
        28    |     136.837      |     263.541  |      1.926
        29    |     136.838      |     302.121  |      2.208
        30    |     136.838      |     265.150  |      1.938
        31    |     136.838      |     263.141  |      1.923
        32    |     136.838      |     264.306  |      1.932
        33    |     136.837      |     264.420  |      1.932
        34    |     136.837      |     261.986  |      1.915
        35    |     136.838      |     302.376  |      2.210
        36    |     136.837      |     264.871  |      1.936
        37    |     136.838      |     263.131  |      1.923
        38    |     136.837      |     265.545  |      1.941
        39    |     136.837      |     264.078  |      1.930
        40    |     136.838      |     262.991  |      1.922
        41    |     136.838      |     265.116  |      1.937
        42    |     136.837      |     262.028  |      1.915
        43    |     136.838      |     264.014  |      1.929
        44    |     136.837      |     302.288  |      2.209
        45    |     136.838      |     301.854  |      2.206
        46    |     136.838      |     302.123  |      2.208
        47    |     136.838      |     265.332  |      1.939
        48    |     136.837      |     262.593  |      1.919
        49    |     136.837      |     302.037  |      2.207
        50    |     136.838      |     263.148  |      1.923
        51    |     136.838      |     302.685  |      2.212
        52    |     136.837      |     262.765  |      1.920
        53    |     136.837      |     302.056  |      2.207
        54    |     136.838      |     262.757  |      1.920
        55    |     136.838      |     302.309  |      2.209
        56    |     136.837      |     300.272  |      2.194
        57    |     136.838      |     300.160  |      2.194
        58    |     136.837      |     299.715  |      2.190
        59    |     136.838      |     300.685  |      2.197
        60    |     136.837      |     300.661  |      2.197
        61    |     136.837      |     300.567  |      2.197
        62    |     136.837      |     299.807  |      2.191
        63    |     136.838      |     299.805  |      2.191
        64    |     136.837      |     299.501  |      2.189
        65    |     136.838      |     300.260  |      2.194
        66    |     136.837      |     300.051  |      2.193
        67    |     136.837      |     300.096  |      2.193
        68    |     136.838      |     300.054  |      2.193
        69    |     136.838      |     299.976  |      2.192
        70    |     136.838      |     299.872  |      2.191
        71    |     136.837      |     300.052  |      2.193
        72    |     136.838      |     300.592  |      2.197
        73    |     136.837      |     301.077  |      2.200
        74    |     136.838      |     300.802  |      2.198
        75    |     136.838      |     301.275  |      2.202
        76    |     136.838      |     300.810  |      2.198
        77    |     136.837      |     300.652  |      2.197
        78    |     136.837      |     300.349  |      2.195
        79    |     136.838      |     300.248  |      2.194
        80    |     136.838      |     300.407  |      2.195
        81    |     136.837      |     300.735  |      2.198
        82    |     136.838      |     300.509  |      2.196
        83    |     136.838      |     299.958  |      2.192
        84    |     136.837      |     293.966  |      2.148
        85    |     136.837      |     294.549  |      2.153
        86    |     136.838      |     294.815  |      2.154
        87    |     136.838      |     295.505  |      2.160
        88    |     136.838      |     295.749  |      2.161
        89    |     136.837      |     295.788  |      2.162
        90    |     136.837      |     294.973  |      2.156
        91    |     136.838      |     294.433  |      2.152
        92    |     136.837      |     294.195  |      2.150
        93    |     136.837      |     294.271  |      2.151
        94    |     136.838      |     294.672  |      2.153
        95    |     136.838      |     294.064  |      2.149
        96    |     136.838      |     294.646  |      2.153
        97    |     136.837      |     294.040  |      2.149
        98    |     136.838      |     294.547  |      2.153
        99    |     136.838      |     295.536  |      2.160
       100    |     136.838      |     294.269  |      2.150
       101    |     136.837      |     295.112  |      2.157
       102    |     136.837      |     295.433  |      2.159
       103    |     136.837      |     295.077  |      2.156
       104    |     136.837      |     294.861  |      2.155
       105    |     136.838      |     295.184  |      2.157
       106    |     136.838      |     294.587  |      2.153
       107    |     136.838      |     294.873  |      2.155
       108    |     136.838      |     294.859  |      2.155
       109    |     136.838      |     295.240  |      2.158
       110    |     136.837      |     295.374  |      2.159
       111    |     136.837      |     295.690  |      2.161
       112    |     136.837      |     294.369  |      2.151
       113    |     136.837      |     294.251  |      2.150
       114    |     136.837      |     294.419  |      2.152
       115    |     136.838      |     294.586  |      2.153
       116    |     136.837      |     294.248  |      2.150
       117    |     136.837      |     294.409  |      2.152
       118    |     136.838      |     295.133  |      2.157
       119    |     136.837      |     295.037  |      2.156
       120    |     136.837      |     294.023  |      2.149
       121    |     136.837      |     293.852  |      2.147
       122    |     136.838      |     293.735  |      2.147
       123    |     136.837      |     293.593  |      2.146
       124    |     136.838      |     294.102  |      2.149
       125    |     136.837      |     293.483  |      2.145
       126    |     136.837      |     293.177  |      2.143
       127    |     136.838      |     293.427  |      2.144
       128    |     136.838      |     294.014  |      2.149
       129    |     136.838      |     293.808  |      2.147
       130    |     136.838      |     293.702  |      2.146
       131    |     136.838      |     294.182  |      2.150
       132    |     136.837      |     294.604  |      2.153
       133    |     136.838      |     294.207  |      2.150
       134    |     136.838      |     293.799  |      2.147
       135    |     136.838      |     293.767  |      2.147
       136    |     136.838      |     293.795  |      2.147
       137    |     136.837      |     294.984  |      2.156
       138    |     136.838      |     294.966  |      2.156
       139    |     136.838      |     295.414  |      2.159
       140    |     136.838      |     296.319  |      2.165
       141    |     136.837      |     306.377  |      2.239
       142    |     136.837      |     305.564  |      2.233
       143    |     136.838      |     295.789  |      2.162
       144    |     136.837      |     305.522  |      2.233
       145    |     136.837      |     296.353  |      2.166
       146    |     136.838      |     305.755  |      2.234
       147    |     136.838      |     296.360  |      2.166
       148    |     136.838      |     306.143  |      2.237
       149    |     136.837      |     297.066  |      2.171
       150    |     136.838      |     306.054  |      2.237
       151    |     136.837      |     296.253  |      2.165
       152    |     136.837      |     305.839  |      2.235
       153    |     136.838      |     305.895  |      2.235
       154    |     136.837      |     306.127  |      2.237
       155    |     136.837      |     295.706  |      2.161
       156    |     136.837      |     295.629  |      2.160
       157    |     136.838      |     295.493  |      2.159
       158    |     136.837      |     296.268  |      2.165
       159    |     136.837      |     295.650  |      2.161
       160    |     136.837      |     305.883  |      2.235
       161    |     136.838      |     295.631  |      2.160
       162    |     136.838      |     296.177  |      2.164
       163    |     136.838      |     295.693  |      2.161
       164    |     136.838      |     305.645  |      2.234
       165    |     136.838      |     305.673  |      2.234
       166    |     136.838      |     295.751  |      2.161
       167    |     136.837      |     304.525  |      2.225
       168    |     136.838      |     294.414  |      2.152
       169    |     136.837      |     294.961  |      2.156
       170    |     136.838      |     304.295  |      2.224
       171    |     136.838      |     304.855  |      2.228
       172    |     136.837      |     294.255  |      2.150
       173    |     136.838      |     294.193  |      2.150
       174    |     136.838      |     294.998  |      2.156
       175    |     136.838      |     304.178  |      2.223
       176    |     136.837      |     294.699  |      2.154
       177    |     136.837      |     294.853  |      2.155
       178    |     136.838      |     304.911  |      2.228
       179    |     136.838      |     295.100  |      2.157
       180    |     136.837      |     295.075  |      2.156
       181    |     136.837      |     294.655  |      2.153
       182    |     136.837      |     304.129  |      2.223
       183    |     136.837      |     304.448  |      2.225
       184    |     136.837      |     294.086  |      2.149
       185    |     136.837      |     293.604  |      2.146
       186    |     136.838      |     294.075  |      2.149
       187    |     136.838      |     294.488  |      2.152
       188    |     136.838      |     294.336  |      2.151
       189    |     136.838      |     294.215  |      2.150
       190    |     136.838      |     294.573  |      2.153
       191    |     136.838      |     295.075  |      2.156
       192    |     136.838      |     294.537  |      2.152
       193    |     136.837      |     304.435  |      2.225
       194    |     136.838      |     303.689  |      2.219
       195    |     136.838      |     293.618  |      2.146
       196    |     136.838      |     295.996  |      2.163
       197    |     136.838      |     296.468  |      2.167
       198    |     136.838      |     296.408  |      2.166
       199    |     136.838      |     296.933  |      2.170
       200    |     136.838      |     296.739  |      2.169
       201    |     136.837      |     294.800  |      2.154
       202    |     136.837      |     296.211  |      2.165
       203    |     136.837      |     296.694  |      2.168
       204    |     136.838      |     297.177  |      2.172
       205    |     136.838      |     297.200  |      2.172
       206    |     136.838      |     297.127  |      2.171
       207    |     136.837      |     297.265  |      2.172
       208    |     136.837      |     297.659  |      2.175
       209    |     136.838      |     297.095  |      2.171
       210    |     136.837      |     296.972  |      2.170
       211    |     136.838      |     296.664  |      2.168
       212    |     136.837      |     296.634  |      2.168
       213    |     136.837      |     296.995  |      2.170
       214    |     136.837      |     296.320  |      2.165
       215    |     136.837      |     296.516  |      2.167
       216    |     136.837      |     297.003  |      2.170
       217    |     136.837      |     296.658  |      2.168
       218    |     136.837      |     296.657  |      2.168
       219    |     136.838      |     297.334  |      2.173
       220    |     136.838      |     297.778  |      2.176
       221    |     136.838      |     297.565  |      2.175
       222    |     136.837      |     297.404  |      2.173
       223    |     136.837      |     296.642  |      2.168
       224    |     136.837      |     296.579  |      2.167
       225    |     136.838      |     296.343  |      2.166
       226    |     136.838      |     296.220  |      2.165
       227    |     136.837      |     296.601  |      2.168
       228    |     136.837      |     297.468  |      2.174
       229    |     136.838      |     298.014  |      2.178
       230    |     136.838      |     295.868  |      2.162
       231    |     136.838      |     297.115  |      2.171
       232    |     136.837      |     259.435  |      1.896
       233    |     136.838      |     297.837  |      2.177
       234    |     136.838      |     297.412  |      2.173
       235    |     136.837      |     297.384  |      2.173
       236    |     136.837      |     297.627  |      2.175
       237    |     136.838      |     297.473  |      2.174
       238    |     136.838      |     306.802  |      2.242
       239    |     136.838      |     296.889  |      2.170
       240    |     136.838      |     296.804  |      2.169
       241    |     136.837      |     296.964  |      2.170
       242    |     136.838      |     297.112  |      2.171
       243    |     136.837      |     296.501  |      2.167
       244    |     136.838      |     294.492  |      2.152
       245    |     136.837      |     296.404  |      2.166
       246    |     136.838      |     297.074  |      2.171
       247    |     136.837      |     296.362  |      2.166
       248    |     136.838      |     296.461  |      2.167
       249    |     136.838      |     296.558  |      2.167
       250    |     136.838      |     296.406  |      2.166
       251    |     136.838      |     296.379  |      2.166
       252    |     136.838      |     295.952  |      2.163
       253    |     136.838      |     258.082  |      1.886
       254    |     136.838      |     255.212  |      1.865
       255    |     136.838      |     293.487  |      2.145
       256    |     136.837      |     294.229  |      2.150
       257    |     136.837      |     257.430  |      1.881
       258    |     136.837      |     295.788  |      2.162
       259    |     136.837      |     257.448  |      1.881
       260    |     136.837      |     257.215  |      1.880
       261    |     136.837      |     295.170  |      2.157
       262    |     136.837      |     257.701  |      1.883
       263    |     136.838      |     295.548  |      2.160
       264    |     136.838      |     295.219  |      2.157
       265    |     136.838      |     257.428  |      1.881
       266    |     136.837      |     295.919  |      2.163
       267    |     136.837      |     257.399  |      1.881
       268    |     136.838      |     257.275  |      1.880
       269    |     136.837      |     257.134  |      1.879
       270    |     136.837      |     295.330  |      2.158
       271    |     136.837      |     257.660  |      1.883
       272    |     136.837      |     257.100  |      1.879
       273    |     136.838      |     256.842  |      1.877
       274    |     136.837      |     256.758  |      1.876
       275    |     136.837      |     257.431  |      1.881
       276    |     136.837      |     256.817  |      1.877
       277    |     136.837      |     256.593  |      1.875
       278    |     136.837      |     256.561  |      1.875
       279    |     136.837      |     256.204  |      1.872
       280    |     136.838      |     294.374  |      2.151
       281    |     136.838      |     297.349  |      2.173
       282    |     136.838      |     297.849  |      2.177
       283    |     136.838      |     297.589  |      2.175
       284    |     136.838      |     297.841  |      2.177
       285    |     136.838      |     297.902  |      2.177
       286    |     136.838      |     297.069  |      2.171
       287    |     136.837      |     297.832  |      2.177
       288    |     136.838      |     297.702  |      2.176
       289    |     136.838      |     297.729  |      2.176
       290    |     136.838      |     297.945  |      2.177
       291    |     136.838      |     297.673  |      2.175
       292    |     136.837      |     296.106  |      2.164
       293    |     136.838      |     295.918  |      2.163
       294    |     136.838      |     296.824  |      2.169
       295    |     136.838      |     297.281  |      2.173
       296    |     136.838      |     296.512  |      2.167
       297    |     136.837      |     297.016  |      2.171
       298    |     136.837      |     296.969  |      2.170
       299    |     136.837      |     296.680  |      2.168
       300    |     136.838      |     296.573  |      2.167
       301    |     136.837      |     296.219  |      2.165
       302    |     136.837      |     295.882  |      2.162
       303    |     136.837      |     296.324  |      2.166
       304    |     136.838      |     296.167  |      2.164
       305    |     136.838      |     296.177  |      2.164
       306    |     136.838      |     296.026  |      2.163
       307    |     136.838      |     296.594  |      2.167
       308    |     136.838      |     295.429  |      2.159
       309    |     136.837      |     296.984  |      2.170
       310    |     136.838      |     296.519  |      2.167
       311    |     136.837      |     296.654  |      2.168
       312    |     136.838      |     296.842  |      2.169
       313    |     136.838      |     296.693  |      2.168
       314    |     136.837      |     296.442  |      2.166
       315    |     136.837      |     296.524  |      2.167
       316    |     136.838      |     296.528  |      2.167
       317    |     136.838      |     296.220  |      2.165
       318    |     136.837      |     295.763  |      2.161
       319    |     136.838      |     295.865  |      2.162
       320    |     136.838      |     296.525  |      2.167
       321    |     136.838      |     306.366  |      2.239
       322    |     136.837      |     295.838  |      2.162
       323    |     136.838      |     295.976  |      2.163
       324    |     136.837      |     295.825  |      2.162
       325    |     136.837      |     295.338  |      2.158
       326    |     136.837      |     295.053  |      2.156
       327    |     136.837      |     295.254  |      2.158
       328    |     136.837      |     295.158  |      2.157
       329    |     136.837      |     294.913  |      2.155
       330    |     136.837      |     294.874  |      2.155
       331    |     136.838      |     296.605  |      2.168
       332    |     136.837      |     297.057  |      2.171
       333    |     136.838      |     297.403  |      2.173
       334    |     136.837      |     296.632  |      2.168
       335    |     136.837      |     297.424  |      2.174
       336    |     136.837      |     299.896  |      2.192
       337    |     136.837      |     298.967  |      2.185
       338    |     136.837      |     299.000  |      2.185
       339    |     136.838      |     298.762  |      2.183
       340    |     136.837      |     298.123  |      2.179
       341    |     136.837      |     299.833  |      2.191
       342    |     136.837      |     298.751  |      2.183
       343    |     136.837      |     299.298  |      2.187
       344    |     136.837      |     298.263  |      2.180
       345    |     136.837      |     298.967  |      2.185
       346    |     136.837      |     298.354  |      2.180
       347    |     136.837      |     298.499  |      2.181
       348    |     136.837      |     298.033  |      2.178
       349    |     136.838      |     298.373  |      2.180
       350    |     136.837      |     297.605  |      2.175
       351    |     136.838      |     297.405  |      2.173
       352    |     136.838      |     297.246  |      2.172
       353    |     136.838      |     294.260  |      2.150
       354    |     136.837      |     297.616  |      2.175
       355    |     136.838      |     299.114  |      2.186
       356    |     136.837      |     298.486  |      2.181
       357    |     136.838      |     299.992  |      2.192
       358    |     136.838      |     299.884  |      2.192
       359    |     136.837      |     299.002  |      2.185
       360    |     136.838      |     297.129  |      2.171
       361    |     136.837      |     297.050  |      2.171
       362    |     136.838      |     296.464  |      2.167
       363    |     136.837      |     298.062  |      2.178
       364    |     136.838      |     296.436  |      2.166
       365    |     136.838      |     296.168  |      2.164
       366    |     136.838      |     296.242  |      2.165
       367    |     136.837      |     296.463  |      2.167
       368    |     136.838      |     295.908  |      2.162
       369    |     136.837      |     295.766  |      2.161
       370    |     136.838      |     296.315  |      2.165
       371    |     136.837      |     295.657  |      2.161
       372    |     136.837      |     297.746  |      2.176
       373    |     136.838      |     296.638  |      2.168
       374    |     136.837      |     296.919  |      2.170
       375    |     136.838      |     297.770  |      2.176
       376    |     136.838      |     297.484  |      2.174
       377    |     136.837      |     297.679  |      2.175
       378    |     136.838      |     297.274  |      2.172
       379    |     136.838      |     294.460  |      2.152
       380    |     136.837      |     297.015  |      2.171
       381    |     136.838      |     296.366  |      2.166
       382    |     136.837      |     296.852  |      2.169
       383    |     136.837      |     297.462  |      2.174
       384    |     136.837      |     297.660  |      2.175
       385    |     136.838      |     296.996  |      2.170
       386    |     136.838      |     296.611  |      2.168
       387    |     136.838      |     296.647  |      2.168
       388    |     136.838      |     296.345  |      2.166
       389    |     136.838      |     296.531  |      2.167
       390    |     136.838      |     296.306  |      2.165
       391    |     136.838      |     296.146  |      2.164
       392    |     136.838      |     279.404  |      2.042
       393    |     136.838      |     291.065  |      2.127
       394    |     136.838      |     290.850  |      2.126
       395    |     136.838      |     279.533  |      2.043
       396    |     136.837      |     266.764  |      1.949
       397    |     136.838      |     293.616  |      2.146
       398    |     136.838      |     290.173  |      2.121
       399    |     136.837      |     290.279  |      2.121
       400    |     136.838      |     290.948  |      2.126
       401    |     136.838      |     291.723  |      2.132
       402    |     136.838      |     291.145  |      2.128
       403    |     136.838      |     291.079  |      2.127
       404    |     136.837      |     290.950  |      2.126
       405    |     136.837      |     294.007  |      2.149
       406    |     136.838      |     255.053  |      1.864
       407    |     136.837      |     267.083  |      1.952
       408    |     136.838      |     290.176  |      2.121
       409    |     136.838      |     266.222  |      1.946
       410    |     136.838      |     256.340  |      1.873
       411    |     136.838      |     279.931  |      2.046
       412    |     136.838      |     267.006  |      1.951
       413    |     136.838      |     269.403  |      1.969
       414    |     136.838      |     266.574  |      1.948
       415    |     136.838      |     269.755  |      1.971
       416    |     136.838      |     277.972  |      2.031
       417    |     136.837      |     266.514  |      1.948
       418    |     136.838      |     253.834  |      1.855
       419    |     136.838      |     266.284  |      1.946
       420    |     136.837      |     308.426  |      2.254
       421    |     136.837      |     308.786  |      2.257
       422    |     136.837      |     308.591  |      2.255
       423    |     136.837      |     308.185  |      2.252
       424    |     136.837      |     308.305  |      2.253
       425    |     136.837      |     309.006  |      2.258
       426    |     136.838      |     306.635  |      2.241
       427    |     136.837      |     300.410  |      2.195
       428    |     136.838      |     300.595  |      2.197
       429    |     136.837      |     300.041  |      2.193
 -------------|------------------|--------------|------------------
 Total        |   58840.127      |  126182.199  |      2.144
 -------------|------------------|--------------|------------------
 Minimum      |     136.837      |     253.834  |      1.855
 -------------|------------------|--------------|------------------
 Maximum      |     136.838      |     309.006  |      2.258
 -------------|------------------|--------------|------------------
 Average      |     136.838      |     293.447  |      2.144
 
 Detailed timing for proc :           0
 --------------------------
 Section                     Elapsed Time (s)  Elapsed Time (%)  CPU Time(s)  
 CPU Time (%)  CPU/Elapsed  Frequency
 icedyn_rhg                        41.018            29.975       47.552        15.699        1.159         96
 nemo_init                         17.963            13.127       17.103         5.646        0.952          1
 scripremap_read_sgl                2.713             1.983        2.742         0.905        1.011          8
 tra_ldf_iso                        1.492             1.090        5.904         1.949        3.957         96
 stp_ctl                            1.300             0.950        2.627         0.867        2.021         96
 iom_put_p3d_dp                     1.211             0.885        5.186         1.712        4.283       2976
 dyn_spg_ts                         1.140             0.833        4.526         1.494        3.969         96
 icestp                             1.044             0.763        2.149         0.710        2.058         96
 tra_adv_fct                        1.038             0.759        4.112         1.358        3.960         96
 sbc_stokes                         1.010             0.738        3.988         1.317        3.949         96
 zdf_phy                            0.908             0.664        2.597         0.858        2.860         96
 ldf_slp                            0.848             0.619        3.376         1.115        3.983         96
 nonosc                             0.841             0.614        3.369         1.112        4.008        192
 dom_vvl_sf_swp                     0.809             0.591        3.178         1.049        3.927         96
 dyn_nxt                            0.739             0.540        2.943         0.972        3.984         96
 dyn_vor                            0.737             0.539        2.898         0.957        3.932         96
 dyn_ldf                            0.616             0.450        2.459         0.812        3.992         96
 icecor                             0.555             0.406        2.181         0.720        3.928        192
 tra_nxt                            0.495             0.362        1.978         0.653        3.992         96
 dom_vvl_sf_nxt                     0.481             0.352        1.852         0.611        3.849        192
 ice_dyn_adv_pra                    0.458             0.335        1.867         0.616        4.077         96
 tra_qsr                            0.430             0.314        1.721         0.568        3.999         96
 parinter_init                      0.409             0.299        0.405         0.134        0.991          8
 icewri                             0.393             0.287        1.539         0.508        3.913         96
 dyn_zdf                            0.359             0.262        1.391         0.459        3.881         96
 zdf_tke_tke                        0.345             0.252        1.238         0.409        3.593         96
 tra_zdf_imp                        0.317             0.232        1.121         0.370        3.538         96
 dia_wri                            0.302             0.221        1.113         0.367        3.685         96
 ice_dyn_adv_pra_adv_y              0.295             0.215        1.194         0.394        4.053       1248
 div_hor                            0.287             0.210        1.073         0.354        3.736        192
 ice_thd_main                       0.275             0.201        1.095         0.361        3.984         96
 stp                                0.251             0.184        0.990         0.327        3.942         96
 zdf_sh2                            0.230             0.168        0.856         0.282        3.725         96
 parinter_write                     0.224             0.164        0.044         0.015        0.198          8
 ice_dyn_adv_pra_adv_x              0.215             0.157        0.921         0.304        4.292       1248
 zdf_ddm                            0.214             0.157        0.809         0.267        3.775         96
 tra_adv                            0.203             0.148        0.804         0.265        3.957         96
 bn2                                0.200             0.146        0.812         0.268        4.055        192
 wzv                                0.199             0.145        0.808         0.267        4.060        192
 iceupdate_tau                      0.189             0.138        0.757         0.250        4.013         96
 tmx_itf                            0.187             0.137        0.718         0.237        3.840         96
 dyn_zad                            0.182             0.133        0.733         0.242        4.025         96
 sbc_sglcpl_rcv                     0.178             0.130        0.710         0.234        3.996         96
 dyn_keg                            0.174             0.127        0.701         0.232        4.024         96
 day                                0.173             0.126        0.533         0.176        3.088         96
 rab_3d                             0.152             0.111        0.612         0.202        4.040        192
 eos-pot                            0.136             0.099        0.544         0.179        4.003        218
 zdf_tke_avn                        0.135             0.099        0.607         0.200        4.500         96
 rab_2d                             0.128             0.093        0.515         0.170        4.034         96
 stp_oceandyn                       0.127             0.093        0.619         0.204        4.889         96
 dyn_hpg                            0.123             0.090        0.499         0.165        4.056         96
 zdf_tmx                            0.123             0.090        0.513         0.169        4.185         96
 dia_hth                            0.113             0.083        0.436         0.144        3.850         96
 sbc                                0.111             0.081        0.350         0.116        3.162         96
 tra_bbl                            0.110             0.080        0.425         0.140        3.882         96
 dom_hgr                            0.106             0.078        0.421         0.139        3.959          1
 zps_hde                            0.104             0.076        0.414         0.137        4.002         96
 zdf_evd                            0.089             0.065        0.245         0.081        2.739         96
 parinter_fld_mult                  0.080             0.058        0.314         0.104        3.943        219
 stp_tracers                        0.075             0.055        0.284         0.094        3.779         96
 sbc_hbp                            0.070             0.051        0.278         0.092        3.987         96
 zdf_mxl                            0.066             0.048        0.227         0.075        3.448         96
 sbc_rnf                            0.062             0.045        0.249         0.082        4.027         96
 iceupdate_flx                      0.060             0.044        0.130         0.043        2.185         96
 eos2d                              0.053             0.039        0.227         0.075        4.254        192
 sbc_wstress                        0.050             0.037        0.207         0.068        4.108         96
 parinter_read                      0.050             0.037        0.011         0.004        0.228          8
 eos-insitu                         0.045             0.033        0.177         0.058        3.938         96
 nemogcmcoup_lim2_update            0.044             0.032        0.174         0.058        3.997         24
 icedyn_rdgrft                      0.043             0.032        0.180         0.059        4.146         96
 tra_bbc                            0.040             0.029        0.161         0.053        4.072         96
 ice_thd_jllopp                     0.028             0.021        0.070         0.023        2.471         96
 tra_zdf                            0.024             0.018        0.193         0.064        7.923         96
 ssh_nxt                            0.024             0.018        0.100         0.033        4.147         96
 ice_dyn                            0.022             0.016        0.081         0.027        3.646         96
 ice_strengh                        0.022             0.016        0.100         0.033        4.589         96
 sbc_ssm                            0.020             0.015        0.054         0.018        2.649         96
 nemogcmcoup_coupinit               0.018             0.013        0.018         0.006        0.983          1
 icedyn_adv                         0.017             0.013        0.094         0.031        5.404         96
 sbc_sglcpl_ice_flx                 0.013             0.010        0.073         0.024        5.450         96
 nemogcmcoup_wam_update             0.013             0.010        0.055         0.018        4.200         24
 tra_sbc                            0.012             0.008        0.054         0.018        4.639         96
 stp_nxt                            0.010             0.008        0.061         0.020        5.924         96
 icealb                             0.010             0.007        0.019         0.006        1.946        192
 nemogcmcoup_lim2_get               0.009             0.007        0.046         0.015        5.026         25
 iceitd_reb                         0.009             0.006        0.083         0.027        9.669        192
 icethd                             0.007             0.005        0.017         0.006        2.320         96
 sbc_wave_sglexe                    0.007             0.005        0.032         0.011        4.567         96
 stp_thermodyn                      0.007             0.005        0.023         0.008        3.406         96
 ice_dyn_adv_pra_icemax4D           0.007             0.005        0.011         0.003        1.613        192
 nemogcmcoup_wam_coupinit           0.006             0.004        0.008         0.003        1.324          1
 ice_dyn_adv_pra_Hbig               0.005             0.004        0.009         0.003        1.565         96
 iceitd_rem                         0.005             0.004        0.072         0.024       14.605         96
 nemogcmcoup_wam_update_s           0.005             0.004        0.021         0.007        4.325         24
 zdf_drg                            0.005             0.004        0.027         0.009        5.517         96
 scripremap_dealloc                 0.005             0.003        0.005         0.002        1.008          8
 stp_lateral                        0.005             0.003        0.020         0.007        4.379         96
 nemogcmcoup_wam_get                0.004             0.003        0.015         0.005        4.189         24
 stp_diag                           0.003             0.002        0.010         0.003        3.117         96
 ssh_swp                            0.003             0.002        0.020         0.007        6.327         96
 dia_ar5                            0.003             0.002        0.009         0.003        2.848         96
 dyn_adv                            0.003             0.002        0.009         0.003        3.341         96
 icesbc                             0.002             0.001        0.017         0.006        8.918        192
 scripremap_alloc                   0.002             0.001        0.002         0.001        1.089          8
 tra_ldf                            0.001             0.001        0.042         0.014       32.116         96
 
 Detailed CPU timing for proc :           0
 ------------------------------
 Section                     CPU Time (s)      CPU Time (%)      Elapsed (s)  
 ELapsed (%)   CPU/Elapsed  Frequency
 icedyn_rhg                        47.552            15.699       41.018        29.975        1.159         96
 nemo_init                         17.103             5.646       17.963        13.127        0.952          1
 tra_ldf_iso                        5.904             1.949        1.492         1.090        3.957         96
 iom_put_p3d_dp                     5.186             1.712        1.211         0.885        4.283       2976
 dyn_spg_ts                         4.526             1.494        1.140         0.833        3.969         96
 tra_adv_fct                        4.112             1.358        1.038         0.759        3.960         96
 sbc_stokes                         3.988             1.317        1.010         0.738        3.949         96
 ldf_slp                            3.376             1.115        0.848         0.619        3.983         96
 nonosc                             3.369             1.112        0.841         0.614        4.008        192
 dom_vvl_sf_swp                     3.178             1.049        0.809         0.591        3.927         96
 dyn_nxt                            2.943             0.972        0.739         0.540        3.984         96
 dyn_vor                            2.898             0.957        0.737         0.539        3.932         96
 scripremap_read_sgl                2.742             0.905        2.713         1.983        1.011          8
 stp_ctl                            2.627             0.867        1.300         0.950        2.021         96
 zdf_phy                            2.597             0.858        0.908         0.664        2.860         96
 dyn_ldf                            2.459             0.812        0.616         0.450        3.992         96
 icecor                             2.181             0.720        0.555         0.406        3.928        192
 icestp                             2.149             0.710        1.044         0.763        2.058         96
 tra_nxt                            1.978             0.653        0.495         0.362        3.992         96
 ice_dyn_adv_pra                    1.867             0.616        0.458         0.335        4.077         96
 dom_vvl_sf_nxt                     1.852             0.611        0.481         0.352        3.849        192
 tra_qsr                            1.721             0.568        0.430         0.314        3.999         96
 icewri                             1.539             0.508        0.393         0.287        3.913         96
 dyn_zdf                            1.391             0.459        0.359         0.262        3.881         96
 zdf_tke_tke                        1.238             0.409        0.345         0.252        3.593         96
 ice_dyn_adv_pra_adv_y              1.194             0.394        0.295         0.215        4.053       1248
 tra_zdf_imp                        1.121             0.370        0.317         0.232        3.538         96
 dia_wri                            1.113             0.367        0.302         0.221        3.685         96
 ice_thd_main                       1.095             0.361        0.275         0.201        3.984         96
 div_hor                            1.073             0.354        0.287         0.210        3.736        192
 stp                                0.990             0.327        0.251         0.184        3.942         96
 ice_dyn_adv_pra_adv_x              0.921             0.304        0.215         0.157        4.292       1248
 zdf_sh2                            0.856             0.282        0.230         0.168        3.725         96
 bn2                                0.812             0.268        0.200         0.146        4.055        192
 zdf_ddm                            0.809             0.267        0.214         0.157        3.775         96
 wzv                                0.808             0.267        0.199         0.145        4.060        192
 tra_adv                            0.804             0.265        0.203         0.148        3.957         96
 iceupdate_tau                      0.757             0.250        0.189         0.138        4.013         96
 dyn_zad                            0.733             0.242        0.182         0.133        4.025         96
 tmx_itf                            0.718             0.237        0.187         0.137        3.840         96
 sbc_sglcpl_rcv                     0.710             0.234        0.178         0.130        3.996         96
 dyn_keg                            0.701             0.232        0.174         0.127        4.024         96
 stp_oceandyn                       0.619             0.204        0.127         0.093        4.889         96
 rab_3d                             0.612             0.202        0.152         0.111        4.040        192
 zdf_tke_avn                        0.607             0.200        0.135         0.099        4.500         96
 eos-pot                            0.544             0.179        0.136         0.099        4.003        218
 day                                0.533             0.176        0.173         0.126        3.088         96
 rab_2d                             0.515             0.170        0.128         0.093        4.034         96
 zdf_tmx                            0.513             0.169        0.123         0.090        4.185         96
 dyn_hpg                            0.499             0.165        0.123         0.090        4.056         96
 dia_hth                            0.436             0.144        0.113         0.083        3.850         96
 tra_bbl                            0.425             0.140        0.110         0.080        3.882         96
 dom_hgr                            0.421             0.139        0.106         0.078        3.959          1
 zps_hde                            0.414             0.137        0.104         0.076        4.002         96
 parinter_init                      0.405             0.134        0.409         0.299        0.991          8
 sbc                                0.350             0.116        0.111         0.081        3.162         96
 parinter_fld_mult                  0.314             0.104        0.080         0.058        3.943        219
 stp_tracers                        0.284             0.094        0.075         0.055        3.779         96
 sbc_hbp                            0.278             0.092        0.070         0.051        3.987         96
 sbc_rnf                            0.249             0.082        0.062         0.045        4.027         96
 zdf_evd                            0.245             0.081        0.089         0.065        2.739         96
 zdf_mxl                            0.227             0.075        0.066         0.048        3.448         96
 eos2d                              0.227             0.075        0.053         0.039        4.254        192
 sbc_wstress                        0.207             0.068        0.050         0.037        4.108         96
 tra_zdf                            0.193             0.064        0.024         0.018        7.923         96
 icedyn_rdgrft                      0.180             0.059        0.043         0.032        4.146         96
 eos-insitu                         0.177             0.058        0.045         0.033        3.938         96
 nemogcmcoup_lim2_update            0.174             0.058        0.044         0.032        3.997         24
 tra_bbc                            0.161             0.053        0.040         0.029        4.072         96
 iceupdate_flx                      0.130             0.043        0.060         0.044        2.185         96
 ssh_nxt                            0.100             0.033        0.024         0.018        4.147         96
 ice_strengh                        0.100             0.033        0.022         0.016        4.589         96
 icedyn_adv                         0.094             0.031        0.017         0.013        5.404         96
 iceitd_reb                         0.083             0.027        0.009         0.006        9.669        192
 ice_dyn                            0.081             0.027        0.022         0.016        3.646         96
 sbc_sglcpl_ice_flx                 0.073             0.024        0.013         0.010        5.450         96
 iceitd_rem                         0.072             0.024        0.005         0.004       14.605         96
 ice_thd_jllopp                     0.070             0.023        0.028         0.021        2.471         96
 stp_nxt                            0.061             0.020        0.010         0.008        5.924         96
 nemogcmcoup_wam_update             0.055             0.018        0.013         0.010        4.200         24
 sbc_ssm                            0.054             0.018        0.020         0.015        2.649         96
 tra_sbc                            0.054             0.018        0.012         0.008        4.639         96
 nemogcmcoup_lim2_get               0.046             0.015        0.009         0.007        5.026         25
 parinter_write                     0.044             0.015        0.224         0.164        0.198          8
 tra_ldf                            0.042             0.014        0.001         0.001       32.116         96
 sbc_wave_sglexe                    0.032             0.011        0.007         0.005        4.567         96
 zdf_drg                            0.027             0.009        0.005         0.004        5.517         96
 stp_thermodyn                      0.023             0.008        0.007         0.005        3.406         96
 nemogcmcoup_wam_update_s           0.021             0.007        0.005         0.004        4.325         24
 stp_lateral                        0.020             0.007        0.005         0.003        4.379         96
 ssh_swp                            0.020             0.007        0.003         0.002        6.327         96
 icealb                             0.019             0.006        0.010         0.007        1.946        192
 nemogcmcoup_coupinit               0.018             0.006        0.018         0.013        0.983          1
 icethd                             0.017             0.006        0.007         0.005        2.320         96
 icesbc                             0.017             0.006        0.002         0.001        8.918        192
 nemogcmcoup_wam_get                0.015             0.005        0.004         0.003        4.189         24
 parinter_read                      0.011             0.004        0.050         0.037        0.228          8
 ice_dyn_adv_pra_icemax4D           0.011             0.003        0.007         0.005        1.613        192
 stp_diag                           0.010             0.003        0.003         0.002        3.117         96
 dyn_adv                            0.009             0.003        0.003         0.002        3.341         96
 dia_ar5                            0.009             0.003        0.003         0.002        2.848         96
 ice_dyn_adv_pra_Hbig               0.009             0.003        0.005         0.004        1.565         96
 nemogcmcoup_wam_coupinit           0.008             0.003        0.006         0.004        1.324          1
 scripremap_dealloc                 0.005             0.002        0.005         0.003        1.008          8
 scripremap_alloc                   0.002             0.001        0.002         0.001        1.089          8
 
 Inclusive timing for proc :           0
 ---------------------------
 Section                     Elapsed Time (s)      % of total        
 CPU Time (s)      CPU/Elapsed      Frequency
 stp                               64.799           100.000           136.115             2.101             96
 stp_sbc                           46.382            71.579            66.848             1.441             96
 sbc                               46.381            71.578            66.846             1.441             96
 icestp                            44.757            69.071            60.416             1.350             96
 ice_dyn                           42.169            65.076            52.114             1.236             96
 icedyn_rhg                        41.041            63.337            47.652             1.161             96
 nemo_init                         18.070            27.886            17.524             0.970              1
 stp_tracers                        4.755             7.338            18.856             3.966             96
 stp_oceandyn                       4.517             6.971            17.964             3.977             96
 scripremap_read_sgl                2.715             4.190             2.744             1.011              8
 nemogcmcoup_coupinit               2.415             3.726             1.977             0.819              1
 stp_vertical                       2.351             3.627             8.154             3.469             96
 zdf_phy                            2.350             3.626             8.151             3.469             96
 tra_adv                            2.119             3.270             8.428             3.977             96
 stp_nxt                            2.062             3.182             8.180             3.968             96
 tra_adv_fct                        1.882             2.904             7.481             3.976             96
 stp_diag                           1.582             2.442             6.299             3.981             96
 tra_ldf                            1.495             2.308             5.946             3.977             96
 tra_ldf_iso                        1.493             2.304             5.904             3.954             96
 dia_wri                            1.446             2.231             5.756             3.982             96
 stp_ctl                            1.301             2.008             2.627             2.019             96
 iom_put_p3d_dp                     1.241             1.915             5.186             4.179           2976
 dyn_spg                            1.142             1.762             4.547             3.983             96
 dyn_spg_ts                         1.140             1.760             4.541             3.982             96
 stp_lateral                        1.060             1.636             4.215             3.977             96
 sbc_wave_sglexe                    1.052             1.624             4.188             3.979             96
 sbc_stokes                         1.044             1.612             4.156             3.979             96
 icedyn_adv                         1.031             1.592             4.104             3.979             96
 ice_dyn_adv_pra                    1.013             1.564             4.010             3.958             96
 nemogcmcoup_wam_coupinit           1.012             1.562             1.258             1.243              1
 icethd                             0.860             1.327             3.423             3.982             96
 ldf_slp                            0.849             1.310             3.376             3.979             96
 nonosc                             0.843             1.300             3.369             3.999            192
 dom_vvl_sf_swp                     0.810             1.250             3.178             3.923             96
 dyn_nxt                            0.740             1.141             2.943             3.979             96
 dyn_vor                            0.738             1.139             2.898             3.927             96
 dyn_ldf                            0.617             0.952             2.459             3.986             96
 icecor                             0.568             0.876             2.264             3.988            192
 tra_nxt                            0.496             0.766             1.978             3.984             96
 dom_vvl_sf_nxt                     0.483             0.745             1.852             3.833            192
 tra_qsr                            0.431             0.666             1.721             3.990             96
 icewri                             0.422             0.651             1.674             3.968             96
 parinter_init                      0.409             0.631             0.405             0.991              8
 stp_thermodyn                      0.364             0.561             1.448             3.982             96
 dyn_adv                            0.362             0.559             1.444             3.987             96
 dyn_zdf                            0.360             0.555             1.392             3.868             96
 zdf_tke_tke                        0.346             0.533             1.238             3.583             96
 tra_zdf                            0.343             0.530             1.314             3.829             96
 zdf_tmx                            0.324             0.500             1.287             3.972             96
 tra_zdf_imp                        0.318             0.491             1.121             3.527             96
 ice_dyn_adv_pra_adv_y              0.307             0.474             1.194             3.887           1248
 div_hor                            0.291             0.450             1.166             4.002            192
 ice_thd_main                       0.276             0.426             1.095             3.970             96
 tra_bbl                            0.237             0.366             0.946             3.991             96
 zdf_sh2                            0.231             0.356             0.856             3.709             96
 ice_dyn_adv_pra_adv_x              0.227             0.351             0.921             4.053           1248
 parinter_write                     0.225             0.347             0.044             0.197              8
 zdf_ddm                            0.215             0.332             0.809             3.758             96
 bn2                                0.202             0.312             0.812             4.016            192
 wzv                                0.201             0.310             0.808             4.020            192
 iceupdate_tau                      0.190             0.293             0.757             3.992             96
 ssh_nxt                            0.188             0.290             0.752             3.999             96
 tmx_itf                            0.188             0.290             0.718             3.820             96
 dyn_zad                            0.183             0.282             0.733             4.004             96
 sbc_sglcpl_rcv                     0.178             0.275             0.712             3.995             96
 dyn_keg                            0.175             0.270             0.701             4.001             96
 day                                0.174             0.268             0.533             3.070             96
 zps_hde                            0.160             0.247             0.641             4.013             96
 rab_3d                             0.154             0.237             0.612             3.989            192
 sbc_hbp                            0.149             0.230             0.595             3.996             96
 eos-pot                            0.138             0.213             0.544             3.939            218
 zdf_tke_avn                        0.136             0.210             0.607             4.467             96
 dia_hth                            0.130             0.201             0.521             4.006             96
 rab_2d                             0.129             0.198             0.515             4.003             96
 dyn_hpg                            0.124             0.191             0.499             4.024             96
 zdf_evd                            0.115             0.178             0.462             4.015             96
 dom_hgr                            0.106             0.164             0.421             3.959              1
 parinter_fld_mult                  0.082             0.126             0.314             3.836            219
 nemogcmcoup_lim2_update            0.068             0.105             0.272             3.985             24
 zdf_mxl                            0.068             0.105             0.267             3.931             96
 sbc_rnf                            0.062             0.096             0.250             4.022             96
 eos2d                              0.055             0.085             0.227             4.104            192
 sbc_wstress                        0.051             0.079             0.207             4.030             96
 parinter_read                      0.050             0.078             0.011             0.228              8
 iceupdate_flx                      0.047             0.073             0.192             4.058             96
 eos-insitu                         0.046             0.071             0.177             3.855             96
 icedyn_rdgrft                      0.044             0.068             0.180             4.055             96
 tra_bbc                            0.040             0.062             0.164             4.060             96
 ice_thd_jllopp                     0.029             0.045             0.070             2.389             96
 nemogcmcoup_wam_update             0.028             0.043             0.112             4.020             24
 nemogcmcoup_lim2_get               0.027             0.041             0.106             3.973             25
 icesbc                             0.025             0.038             0.106             4.273            192
 ice_strengh                        0.023             0.035             0.100             4.393             96
 iom_put_pd2_dp                     0.022             0.034             0.424            19.195           8400
 sbc_ssm                            0.019             0.029             0.080             4.176             96
 sbc_sglcpl_ice_flx                 0.014             0.022             0.075             5.201             96
 nemogcmcoup_wam_update_s           0.013             0.020             0.053             4.065             24
 tra_sbc                            0.013             0.019             0.054             4.280             96
 icealb                             0.012             0.018             0.019             1.621            192
 iceitd_reb                         0.011             0.016             0.083             7.885            192
 ice_dyn_adv_pra_icemax4D           0.009             0.013             0.011             1.244            192
 ice_dyn_adv_pra_Hbig               0.006             0.010             0.009             1.327             96
 nemogcmcoup_wam_get                0.006             0.010             0.024             3.759             24
 iceitd_rem                         0.006             0.009             0.072            12.193             96
 zdf_drg                            0.006             0.009             0.027             4.591             96
 ice_dyn_adv_pra_icemax3D           0.005             0.007             0.009             1.837            384
 scripremap_dealloc                 0.004             0.007             0.004             1.002              8
 nemogcmcoup_update                 0.004             0.006             0.017             4.117             24
 ssh_swp                            0.004             0.006             0.020             4.829             96
 sbc_isf_div                        0.003             0.004             0.082            28.933            192
 dia_ar5                            0.002             0.003             0.012             5.477             96
 scripremap_alloc                   0.002             0.003             0.002             1.218              8
 ice_thd_do                         0.001             0.002             0.003             2.851             96
 zdf_mxl_zint                       0.001             0.002             0.040            38.576             96
 
 Inclusive timing for proc :           0
 ---------------------------
 Section                     Elapsed Time (s)      % of total        
 CPU Time (s)      CPU/Elapsed      Frequency
 stp                               64.799           100.000           136.115             2.101             96
 stp_sbc                           46.382            71.579            66.848             1.441             96
 sbc                               46.381            71.578            66.846             1.441             96
 icestp                            44.757            69.071            60.416             1.350             96
 ice_dyn                           42.169            65.076            52.114             1.236             96
 icedyn_rhg                        41.041            63.337            47.652             1.161             96
 nemo_init                         18.070            27.886            17.524             0.970              1
 stp_tracers                        4.755             7.338            18.856             3.966             96
 stp_oceandyn                       4.517             6.971            17.964             3.977             96
 scripremap_read_sgl                2.715             4.190             2.744             1.011              8
 nemogcmcoup_coupinit               2.415             3.726             1.977             0.819              1
 stp_vertical                       2.351             3.627             8.154             3.469             96
 zdf_phy                            2.350             3.626             8.151             3.469             96
 tra_adv                            2.119             3.270             8.428             3.977             96
 stp_nxt                            2.062             3.182             8.180             3.968             96
 tra_adv_fct                        1.882             2.904             7.481             3.976             96
 stp_diag                           1.582             2.442             6.299             3.981             96
 tra_ldf                            1.495             2.308             5.946             3.977             96
 tra_ldf_iso                        1.493             2.304             5.904             3.954             96
 dia_wri                            1.446             2.231             5.756             3.982             96
 stp_ctl                            1.301             2.008             2.627             2.019             96
 iom_put_p3d_dp                     1.241             1.915             5.186             4.179           2976
 dyn_spg                            1.142             1.762             4.547             3.983             96
 dyn_spg_ts                         1.140             1.760             4.541             3.982             96
 stp_lateral                        1.060             1.636             4.215             3.977             96
 sbc_wave_sglexe                    1.052             1.624             4.188             3.979             96
 sbc_stokes                         1.044             1.612             4.156             3.979             96
 icedyn_adv                         1.031             1.592             4.104             3.979             96
 ice_dyn_adv_pra                    1.013             1.564             4.010             3.958             96
 nemogcmcoup_wam_coupinit           1.012             1.562             1.258             1.243              1
 icethd                             0.860             1.327             3.423             3.982             96
 ldf_slp                            0.849             1.310             3.376             3.979             96
 nonosc                             0.843             1.300             3.369             3.999            192
 dom_vvl_sf_swp                     0.810             1.250             3.178             3.923             96
 dyn_nxt                            0.740             1.141             2.943             3.979             96
 dyn_vor                            0.738             1.139             2.898             3.927             96
 dyn_ldf                            0.617             0.952             2.459             3.986             96
 icecor                             0.568             0.876             2.264             3.988            192
 tra_nxt                            0.496             0.766             1.978             3.984             96
 dom_vvl_sf_nxt                     0.483             0.745             1.852             3.833            192
 tra_qsr                            0.431             0.666             1.721             3.990             96
 icewri                             0.422             0.651             1.674             3.968             96
 parinter_init                      0.409             0.631             0.405             0.991              8
 stp_thermodyn                      0.364             0.561             1.448             3.982             96
 dyn_adv                            0.362             0.559             1.444             3.987             96
 dyn_zdf                            0.360             0.555             1.392             3.868             96
 zdf_tke_tke                        0.346             0.533             1.238             3.583             96
 tra_zdf                            0.343             0.530             1.314             3.829             96
 zdf_tmx                            0.324             0.500             1.287             3.972             96
 tra_zdf_imp                        0.318             0.491             1.121             3.527             96
 ice_dyn_adv_pra_adv_y              0.307             0.474             1.194             3.887           1248
 div_hor                            0.291             0.450             1.166             4.002            192
 ice_thd_main                       0.276             0.426             1.095             3.970             96
 tra_bbl                            0.237             0.366             0.946             3.991             96
 zdf_sh2                            0.231             0.356             0.856             3.709             96
 ice_dyn_adv_pra_adv_x              0.227             0.351             0.921             4.053           1248
 parinter_write                     0.225             0.347             0.044             0.197              8
 zdf_ddm                            0.215             0.332             0.809             3.758             96
 bn2                                0.202             0.312             0.812             4.016            192
 wzv                                0.201             0.310             0.808             4.020            192
 iceupdate_tau                      0.190             0.293             0.757             3.992             96
 ssh_nxt                            0.188             0.290             0.752             3.999             96
 tmx_itf                            0.188             0.290             0.718             3.820             96
 dyn_zad                            0.183             0.282             0.733             4.004             96
 sbc_sglcpl_rcv                     0.178             0.275             0.712             3.995             96
 dyn_keg                            0.175             0.270             0.701             4.001             96
 day                                0.174             0.268             0.533             3.070             96
 zps_hde                            0.160             0.247             0.641             4.013             96
 rab_3d                             0.154             0.237             0.612             3.989            192
 sbc_hbp                            0.149             0.230             0.595             3.996             96
 eos-pot                            0.138             0.213             0.544             3.939            218
 zdf_tke_avn                        0.136             0.210             0.607             4.467             96
 dia_hth                            0.130             0.201             0.521             4.006             96
 rab_2d                             0.129             0.198             0.515             4.003             96
 dyn_hpg                            0.124             0.191             0.499             4.024             96
 zdf_evd                            0.115             0.178             0.462             4.015             96
 dom_hgr                            0.106             0.164             0.421             3.959              1
 parinter_fld_mult                  0.082             0.126             0.314             3.836            219
 nemogcmcoup_lim2_update            0.068             0.105             0.272             3.985             24
 zdf_mxl                            0.068             0.105             0.267             3.931             96
 sbc_rnf                            0.062             0.096             0.250             4.022             96
 eos2d                              0.055             0.085             0.227             4.104            192
 sbc_wstress                        0.051             0.079             0.207             4.030             96
 parinter_read                      0.050             0.078             0.011             0.228              8
 iceupdate_flx                      0.047             0.073             0.192             4.058             96
 eos-insitu                         0.046             0.071             0.177             3.855             96
 icedyn_rdgrft                      0.044             0.068             0.180             4.055             96
 tra_bbc                            0.040             0.062             0.164             4.060             96
 ice_thd_jllopp                     0.029             0.045             0.070             2.389             96
 nemogcmcoup_wam_update             0.028             0.043             0.112             4.020             24
 nemogcmcoup_lim2_get               0.027             0.041             0.106             3.973             25
 icesbc                             0.025             0.038             0.106             4.273            192
 ice_strengh                        0.023             0.035             0.100             4.393             96
 iom_put_pd2_dp                     0.022             0.034             0.424            19.195           8400
 sbc_ssm                            0.019             0.029             0.080             4.176             96
 sbc_sglcpl_ice_flx                 0.014             0.022             0.075             5.201             96
 nemogcmcoup_wam_update_s           0.013             0.020             0.053             4.065             24
 tra_sbc                            0.013             0.019             0.054             4.280             96
 icealb                             0.012             0.018             0.019             1.621            192
 iceitd_reb                         0.011             0.016             0.083             7.885            192
 ice_dyn_adv_pra_icemax4D           0.009             0.013             0.011             1.244            192
 ice_dyn_adv_pra_Hbig               0.006             0.010             0.009             1.327             96
 nemogcmcoup_wam_get                0.006             0.010             0.024             3.759             24
 iceitd_rem                         0.006             0.009             0.072            12.193             96
 zdf_drg                            0.006             0.009             0.027             4.591             96
 ice_dyn_adv_pra_icemax3D           0.005             0.007             0.009             1.837            384
 scripremap_dealloc                 0.004             0.007             0.004             1.002              8
 nemogcmcoup_update                 0.004             0.006             0.017             4.117             24
 ssh_swp                            0.004             0.006             0.020             4.829             96
 sbc_isf_div                        0.003             0.004             0.082            28.933            192
 dia_ar5                            0.002             0.003             0.012             5.477             96
 scripremap_alloc                   0.002             0.003             0.002             1.218              8
 ice_thd_do                         0.001             0.002             0.003             2.851             96
 zdf_mxl_zint                       0.001             0.002             0.040            38.576             96
 
 Inclusive CPU time for proc :           0
 -----------------------------
 Section                     CPU time (s)          % of total        
 Elapsed Time (s)  CPU/Elapsed      Frequency
 stp                              136.115           100.000            64.799             2.101             96
 stp_sbc                           66.848            49.112            46.382             1.441             96
 sbc                               66.846            49.110            46.381             1.441             96
 icestp                            60.416            44.386            44.757             1.350             96
 ice_dyn                           52.114            38.287            42.169             1.236             96
 icedyn_rhg                        47.652            35.009            41.041             1.161             96
 stp_tracers                       18.856            13.853             4.755             3.966             96
 stp_oceandyn                      17.964            13.197             4.517             3.977             96
 nemo_init                         17.524            12.874            18.070             0.970              1
 tra_adv                            8.428             6.192             2.119             3.977             96
 stp_nxt                            8.180             6.010             2.062             3.968             96
 stp_vertical                       8.154             5.991             2.351             3.469             96
 zdf_phy                            8.151             5.988             2.350             3.469             96
 tra_adv_fct                        7.481             5.496             1.882             3.976             96
 stp_diag                           6.299             4.628             1.582             3.981             96
 tra_ldf                            5.946             4.368             1.495             3.977             96
 tra_ldf_iso                        5.904             4.337             1.493             3.954             96
 dia_wri                            5.756             4.228             1.446             3.982             96
 iom_put_p3d_dp                     5.186             3.810             1.241             4.179           2976
 dyn_spg                            4.547             3.340             1.142             3.983             96
 dyn_spg_ts                         4.541             3.336             1.140             3.982             96
 stp_lateral                        4.215             3.096             1.060             3.977             96
 sbc_wave_sglexe                    4.188             3.077             1.052             3.979             96
 sbc_stokes                         4.156             3.053             1.044             3.979             96
 icedyn_adv                         4.104             3.015             1.031             3.979             96
 ice_dyn_adv_pra                    4.010             2.946             1.013             3.958             96
 icethd                             3.423             2.515             0.860             3.982             96
 ldf_slp                            3.376             2.481             0.849             3.979             96
 nonosc                             3.369             2.475             0.843             3.999            192
 dom_vvl_sf_swp                     3.178             2.335             0.810             3.923             96
 dyn_nxt                            2.943             2.162             0.740             3.979             96
 dyn_vor                            2.898             2.129             0.738             3.927             96
 scripremap_read_sgl                2.744             2.016             2.715             1.011              8
 stp_ctl                            2.627             1.930             1.301             2.019             96
 dyn_ldf                            2.459             1.806             0.617             3.986             96
 icecor                             2.264             1.663             0.568             3.988            192
 tra_nxt                            1.978             1.453             0.496             3.984             96
 nemogcmcoup_coupinit               1.977             1.452             2.415             0.819              1
 dom_vvl_sf_nxt                     1.852             1.360             0.483             3.833            192
 tra_qsr                            1.721             1.264             0.431             3.990             96
 icewri                             1.674             1.230             0.422             3.968             96
 stp_thermodyn                      1.448             1.064             0.364             3.982             96
 dyn_adv                            1.444             1.061             0.362             3.987             96
 dyn_zdf                            1.392             1.023             0.360             3.868             96
 tra_zdf                            1.314             0.965             0.343             3.829             96
 zdf_tmx                            1.287             0.946             0.324             3.972             96
 nemogcmcoup_wam_coupinit           1.258             0.924             1.012             1.243              1
 zdf_tke_tke                        1.238             0.910             0.346             3.583             96
 ice_dyn_adv_pra_adv_y              1.194             0.878             0.307             3.887           1248
 div_hor                            1.166             0.857             0.291             4.002            192
 tra_zdf_imp                        1.121             0.824             0.318             3.527             96
 ice_thd_main                       1.095             0.804             0.276             3.970             96
 tra_bbl                            0.946             0.695             0.237             3.991             96
 ice_dyn_adv_pra_adv_x              0.921             0.677             0.227             4.053           1248
 zdf_sh2                            0.856             0.629             0.231             3.709             96
 bn2                                0.812             0.597             0.202             4.016            192
 zdf_ddm                            0.809             0.594             0.215             3.758             96
 wzv                                0.808             0.593             0.201             4.020            192
 iceupdate_tau                      0.757             0.556             0.190             3.992             96
 ssh_nxt                            0.752             0.552             0.188             3.999             96
 dyn_zad                            0.733             0.538             0.183             4.004             96
 tmx_itf                            0.718             0.527             0.188             3.820             96
 sbc_sglcpl_rcv                     0.712             0.523             0.178             3.995             96
 dyn_keg                            0.701             0.515             0.175             4.001             96
 zps_hde                            0.641             0.471             0.160             4.013             96
 rab_3d                             0.612             0.450             0.154             3.989            192
 zdf_tke_avn                        0.607             0.446             0.136             4.467             96
 sbc_hbp                            0.595             0.437             0.149             3.996             96
 eos-pot                            0.544             0.399             0.138             3.939            218
 day                                0.533             0.392             0.174             3.070             96
 dia_hth                            0.521             0.382             0.130             4.006             96
 rab_2d                             0.515             0.378             0.129             4.003             96
 dyn_hpg                            0.499             0.366             0.124             4.024             96
 zdf_evd                            0.462             0.340             0.115             4.015             96
 iom_put_pd2_dp                     0.424             0.312             0.022            19.195           8400
 dom_hgr                            0.421             0.309             0.106             3.959              1
 parinter_init                      0.405             0.298             0.409             0.991              8
 parinter_fld_mult                  0.314             0.231             0.082             3.836            219
 nemogcmcoup_lim2_update            0.272             0.200             0.068             3.985             24
 zdf_mxl                            0.267             0.196             0.068             3.931             96
 sbc_rnf                            0.250             0.184             0.062             4.022             96
 eos2d                              0.227             0.167             0.055             4.104            192
 sbc_wstress                        0.207             0.152             0.051             4.030             96
 iceupdate_flx                      0.192             0.141             0.047             4.058             96
 icedyn_rdgrft                      0.180             0.132             0.044             4.055             96
 eos-insitu                         0.177             0.130             0.046             3.855             96
 tra_bbc                            0.164             0.120             0.040             4.060             96
 nemogcmcoup_wam_update             0.112             0.082             0.028             4.020             24
 icesbc                             0.106             0.078             0.025             4.273            192
 nemogcmcoup_lim2_get               0.106             0.078             0.027             3.973             25
 ice_strengh                        0.100             0.073             0.023             4.393             96
 iceitd_reb                         0.083             0.061             0.011             7.885            192
 sbc_isf_div                        0.082             0.060             0.003            28.933            192
 sbc_ssm                            0.080             0.059             0.019             4.176             96
 sbc_sglcpl_ice_flx                 0.075             0.055             0.014             5.201             96
 iceitd_rem                         0.072             0.053             0.006            12.193             96
 ice_thd_jllopp                     0.070             0.051             0.029             2.389             96
 tra_sbc                            0.054             0.040             0.013             4.280             96
 nemogcmcoup_wam_update_s           0.053             0.039             0.013             4.065             24
 parinter_write                     0.044             0.033             0.225             0.197              8
 zdf_mxl_zint                       0.040             0.029             0.001            38.576             96
 zdf_drg                            0.027             0.020             0.006             4.591             96
 nemogcmcoup_wam_get                0.024             0.017             0.006             3.759             24
 ssh_swp                            0.020             0.015             0.004             4.829             96
 icealb                             0.019             0.014             0.012             1.621            192
 nemogcmcoup_update                 0.017             0.012             0.004             4.117             24
 dia_ar5                            0.012             0.009             0.002             5.477             96
 parinter_read                      0.011             0.008             0.050             0.228              8
 ice_dyn_adv_pra_icemax4D           0.011             0.008             0.009             1.244            192
 ice_dyn_adv_pra_icemax3D           0.009             0.007             0.005             1.837            384
 ice_dyn_adv_pra_Hbig               0.009             0.006             0.006             1.327             96
 scripremap_dealloc                 0.004             0.003             0.004             1.002              8
 ice_thd_do                         0.003             0.002             0.001             2.851             96
 scripremap_alloc                   0.002             0.002             0.002             1.218              8
 
 Timing started on 19/01/2026 at 15:58:41 MET +01:00 from GMT
 Timing   ended on 19/01/2026 at 16:00:58 MET +01:00 from GMT
  
  Report on time spent on waiting MPI messages 
     total timing measured between nit000+1 and nitend-1 
     warning: includes restarts writing time if output before nitend... 
  
     Computing       time :    0.000000                    on MPI rank :        1
     Waiting lbc_lnk time :    0.000000 ( 0.0 %)           on MPI rank :        1
     Waiting  global time :    0.000000 ( 0.0 %)           on MPI rank :        1
     Total           time :  107.708348 (SYPD:     2.152 ) on MPI rank :        1
     Computing       time :    0.000000                    on MPI rank :        2
     Waiting lbc_lnk time :    0.000000 ( 0.0 %)           on MPI rank :        2
     Waiting  global time :    0.000000 ( 0.0 %)           on MPI rank :        2
     Total           time :  107.707539 (SYPD:     2.152 ) on MPI rank :        2
     Computing       time :    0.000000                    on MPI rank :        3
     Waiting lbc_lnk time :    0.000000 ( 0.0 %)           on MPI rank :        3
     Waiting  global time :    0.000000 ( 0.0 %)           on MPI rank :        3
     Total           time :  107.708076 (SYPD:     2.152 ) on MPI rank :        3
     Computing       time :    0.000000                    on MPI rank :        4
     Waiting lbc_lnk time :    0.000000 ( 0.0 %)           on MPI rank :        4
     Waiting  global time :    0.000000 ( 0.0 %)           on MPI rank :        4
     Total           time :  107.707664 (SYPD:     2.152 ) on MPI rank :        4
     Computing       time :    0.000000                    on MPI rank :        5
     Waiting lbc_lnk time :    0.000000 ( 0.0 %)           on MPI rank :        5
     Waiting  global time :    0.000000 ( 0.0 %)           on MPI rank :        5
     Total           time :  107.707657 (SYPD:     2.152 ) on MPI rank :        5
     Computing       time :    0.000000                    on MPI rank :        6
     Waiting lbc_lnk time :    0.000000 ( 0.0 %)           on MPI rank :        6
     Waiting  global time :    0.000000 ( 0.0 %)           on MPI rank :        6
     Total           time :  107.707645 (SYPD:     2.152 ) on MPI rank :        6
     Computing       time :    0.000000                    on MPI rank :        7
     Waiting lbc_lnk time :    0.000000 ( 0.0 %)           on MPI rank :        7
     Waiting  global time :    0.000000 ( 0.0 %)           on MPI rank :        7
     Total           time :  107.708322 (SYPD:     2.152 ) on MPI rank :        7
     Computing       time :    0.000000                    on MPI rank :        8
     Waiting lbc_lnk time :    0.000000 ( 0.0 %)           on MPI rank :        8
     Waiting  global time :    0.000000 ( 0.0 %)           on MPI rank :        8
     Total           time :  107.708173 (SYPD:     2.152 ) on MPI rank :        8
     Computing       time :    0.000000                    on MPI rank :        9
     Waiting lbc_lnk time :    0.000000 ( 0.0 %)           on MPI rank :        9
     Waiting  global time :    0.000000 ( 0.0 %)           on MPI rank :        9
     Total           time :  107.707700 (SYPD:     2.152 ) on MPI rank :        9
     Computing       time :    0.000000                    on MPI rank :       10
     Waiting lbc_lnk time :    0.000000 ( 0.0 %)           on MPI rank :       10
     Waiting  global time :    0.000000 ( 0.0 %)           on MPI rank :       10
     Total           time :  107.708247 (SYPD:     2.152 ) on MPI rank :       10
     Computing       time :    0.000000                    on MPI rank :       11
     Waiting lbc_lnk time :    0.000000 ( 0.0 %)           on MPI rank :       11
     Waiting  global time :    0.000000 ( 0.0 %)           on MPI rank :       11
     Total           time :  107.708212 (SYPD:     2.152 ) on MPI rank :       11
     Computing       time :    0.000000                    on MPI rank :       12
     Waiting lbc_lnk time :    0.000000 ( 0.0 %)           on MPI rank :       12
     Waiting  global time :    0.000000 ( 0.0 %)           on MPI rank :       12
     Total           time :  107.708193 (SYPD:     2.152 ) on MPI rank :       12
     Computing       time :    0.000000                    on MPI rank :       13
     Waiting lbc_lnk time :    0.000000 ( 0.0 %)           on MPI rank :       13
     Waiting  global time :    0.000000 ( 0.0 %)           on MPI rank :       13
     Total           time :  107.708578 (SYPD:     2.152 ) on MPI rank :       13
     Computing       time :    0.000000                    on MPI rank :       14
     Waiting lbc_lnk time :    0.000000 ( 0.0 %)           on MPI rank :       14
     Waiting  global time :    0.000000 ( 0.0 %)           on MPI rank :       14
     Total           time :  107.708145 (SYPD:     2.152 ) on MPI rank :       14
     Computing       time :    0.000000                    on MPI rank :       15
     Waiting lbc_lnk time :    0.000000 ( 0.0 %)           on MPI rank :       15
     Waiting  global time :    0.000000 ( 0.0 %)           on MPI rank :       15
     Total           time :  107.707573 (SYPD:     2.152 ) on MPI rank :       15
     Computing       time :    0.000000                    on MPI rank :       16
     Waiting lbc_lnk time :    0.000000 ( 0.0 %)           on MPI rank :       16
     Waiting  global time :    0.000000 ( 0.0 %)           on MPI rank :       16
     Total           time :  107.708290 (SYPD:     2.152 ) on MPI rank :       16
     Computing       time :    0.000000                    on MPI rank :       17
     Waiting lbc_lnk time :    0.000000 ( 0.0 %)           on MPI rank :       17
     Waiting  global time :    0.000000 ( 0.0 %)           on MPI rank :       17
     Total           time :  107.707428 (SYPD:     2.152 ) on MPI rank :       17
     Computing       time :    0.000000                    on MPI rank :       18
     Waiting lbc_lnk time :    0.000000 ( 0.0 %)           on MPI rank :       18
     Waiting  global time :    0.000000 ( 0.0 %)           on MPI rank :       18
     Total           time :  107.707710 (SYPD:     2.152 ) on MPI rank :       18
     Computing       time :    0.000000                    on MPI rank :       19
     Waiting lbc_lnk time :    0.000000 ( 0.0 %)           on MPI rank :       19
     Waiting  global time :    0.000000 ( 0.0 %)           on MPI rank :       19
     Total           time :  107.707541 (SYPD:     2.152 ) on MPI rank :       19
     Computing       time :    0.000000                    on MPI rank :       20
     Waiting lbc_lnk time :    0.000000 ( 0.0 %)           on MPI rank :       20
     Waiting  global time :    0.000000 ( 0.0 %)           on MPI rank :       20
     Total           time :  107.707790 (SYPD:     2.152 ) on MPI rank :       20
     Computing       time :    0.000000                    on MPI rank :       21
     Waiting lbc_lnk time :    0.000000 ( 0.0 %)           on MPI rank :       21
     Waiting  global time :    0.000000 ( 0.0 %)           on MPI rank :       21
     Total           time :  107.707594 (SYPD:     2.152 ) on MPI rank :       21
     Computing       time :    0.000000                    on MPI rank :       22
     Waiting lbc_lnk time :    0.000000 ( 0.0 %)           on MPI rank :       22
     Waiting  global time :    0.000000 ( 0.0 %)           on MPI rank :       22
     Total           time :  107.708570 (SYPD:     2.152 ) on MPI rank :       22
     Computing       time :    0.000000                    on MPI rank :       23
     Waiting lbc_lnk time :    0.000000 ( 0.0 %)           on MPI rank :       23
     Waiting  global time :    0.000000 ( 0.0 %)           on MPI rank :       23
     Total           time :  107.707855 (SYPD:     2.152 ) on MPI rank :       23
     Computing       time :    0.000000                    on MPI rank :       24
     Waiting lbc_lnk time :    0.000000 ( 0.0 %)           on MPI rank :       24
     Waiting  global time :    0.000000 ( 0.0 %)           on MPI rank :       24
     Total           time :  107.707953 (SYPD:     2.152 ) on MPI rank :       24
     Computing       time :    0.000000                    on MPI rank :       25
     Waiting lbc_lnk time :    0.000000 ( 0.0 %)           on MPI rank :       25
     Waiting  global time :    0.000000 ( 0.0 %)           on MPI rank :       25
     Total           time :  107.707309 (SYPD:     2.152 ) on MPI rank :       25
     Computing       time :    0.000000                    on MPI rank :       26
     Waiting lbc_lnk time :    0.000000 ( 0.0 %)           on MPI rank :       26
     Waiting  global time :    0.000000 ( 0.0 %)           on MPI rank :       26
     Total           time :  107.707404 (SYPD:     2.152 ) on MPI rank :       26
     Computing       time :    0.000000                    on MPI rank :       27
     Waiting lbc_lnk time :    0.000000 ( 0.0 %)           on MPI rank :       27
     Waiting  global time :    0.000000 ( 0.0 %)           on MPI rank :       27
     Total           time :  107.707374 (SYPD:     2.152 ) on MPI rank :       27
     Computing       time :    0.000000                    on MPI rank :       28
     Waiting lbc_lnk time :    0.000000 ( 0.0 %)           on MPI rank :       28
     Waiting  global time :    0.000000 ( 0.0 %)           on MPI rank :       28
     Total           time :  107.707561 (SYPD:     2.152 ) on MPI rank :       28
     Computing       time :    0.000000                    on MPI rank :       29
     Waiting lbc_lnk time :    0.000000 ( 0.0 %)           on MPI rank :       29
     Waiting  global time :    0.000000 ( 0.0 %)           on MPI rank :       29
     Total           time :  107.708387 (SYPD:     2.152 ) on MPI rank :       29
     Computing       time :    0.000000                    on MPI rank :       30
     Waiting lbc_lnk time :    0.000000 ( 0.0 %)           on MPI rank :       30
     Waiting  global time :    0.000000 ( 0.0 %)           on MPI rank :       30
     Total           time :  107.708289 (SYPD:     2.152 ) on MPI rank :       30
     Computing       time :    0.000000                    on MPI rank :       31
     Waiting lbc_lnk time :    0.000000 ( 0.0 %)           on MPI rank :       31
     Waiting  global time :    0.000000 ( 0.0 %)           on MPI rank :       31
     Total           time :  107.708605 (SYPD:     2.152 ) on MPI rank :       31
     Computing       time :    0.000000                    on MPI rank :       32
     Waiting lbc_lnk time :    0.000000 ( 0.0 %)           on MPI rank :       32
     Waiting  global time :    0.000000 ( 0.0 %)           on MPI rank :       32
     Total           time :  107.708897 (SYPD:     2.152 ) on MPI rank :       32
     Computing       time :    0.000000                    on MPI rank :       33
     Waiting lbc_lnk time :    0.000000 ( 0.0 %)           on MPI rank :       33
     Waiting  global time :    0.000000 ( 0.0 %)           on MPI rank :       33
     Total           time :  107.708661 (SYPD:     2.152 ) on MPI rank :       33
     Computing       time :    0.000000                    on MPI rank :       34
     Waiting lbc_lnk time :    0.000000 ( 0.0 %)           on MPI rank :       34
     Waiting  global time :    0.000000 ( 0.0 %)           on MPI rank :       34
     Total           time :  107.708065 (SYPD:     2.152 ) on MPI rank :       34
     Computing       time :    0.000000                    on MPI rank :       35
     Waiting lbc_lnk time :    0.000000 ( 0.0 %)           on MPI rank :       35
     Waiting  global time :    0.000000 ( 0.0 %)           on MPI rank :       35
     Total           time :  107.707947 (SYPD:     2.152 ) on MPI rank :       35
     Computing       time :    0.000000                    on MPI rank :       36
     Waiting lbc_lnk time :    0.000000 ( 0.0 %)           on MPI rank :       36
     Waiting  global time :    0.000000 ( 0.0 %)           on MPI rank :       36
     Total           time :  107.708391 (SYPD:     2.152 ) on MPI rank :       36
     Computing       time :    0.000000                    on MPI rank :       37
     Waiting lbc_lnk time :    0.000000 ( 0.0 %)           on MPI rank :       37
     Waiting  global time :    0.000000 ( 0.0 %)           on MPI rank :       37
     Total           time :  107.707849 (SYPD:     2.152 ) on MPI rank :       37
     Computing       time :    0.000000                    on MPI rank :       38
     Waiting lbc_lnk time :    0.000000 ( 0.0 %)           on MPI rank :       38
     Waiting  global time :    0.000000 ( 0.0 %)           on MPI rank :       38
     Total           time :  107.708771 (SYPD:     2.152 ) on MPI rank :       38
     Computing       time :    0.000000                    on MPI rank :       39
     Waiting lbc_lnk time :    0.000000 ( 0.0 %)           on MPI rank :       39
     Waiting  global time :    0.000000 ( 0.0 %)           on MPI rank :       39
     Total           time :  107.708199 (SYPD:     2.152 ) on MPI rank :       39
     Computing       time :    0.000000                    on MPI rank :       40
     Waiting lbc_lnk time :    0.000000 ( 0.0 %)           on MPI rank :       40
     Waiting  global time :    0.000000 ( 0.0 %)           on MPI rank :       40
     Total           time :  107.708508 (SYPD:     2.152 ) on MPI rank :       40
     Computing       time :    0.000000                    on MPI rank :       41
     Waiting lbc_lnk time :    0.000000 ( 0.0 %)           on MPI rank :       41
     Waiting  global time :    0.000000 ( 0.0 %)           on MPI rank :       41
     Total           time :  107.708864 (SYPD:     2.152 ) on MPI rank :       41
     Computing       time :    0.000000                    on MPI rank :       42
     Waiting lbc_lnk time :    0.000000 ( 0.0 %)           on MPI rank :       42
     Waiting  global time :    0.000000 ( 0.0 %)           on MPI rank :       42
     Total           time :  107.708916 (SYPD:     2.152 ) on MPI rank :       42
     Computing       time :    0.000000                    on MPI rank :       43
     Waiting lbc_lnk time :    0.000000 ( 0.0 %)           on MPI rank :       43
     Waiting  global time :    0.000000 ( 0.0 %)           on MPI rank :       43
     Total           time :  107.708344 (SYPD:     2.152 ) on MPI rank :       43
     Computing       time :    0.000000                    on MPI rank :       44
     Waiting lbc_lnk time :    0.000000 ( 0.0 %)           on MPI rank :       44
     Waiting  global time :    0.000000 ( 0.0 %)           on MPI rank :       44
     Total           time :  107.708776 (SYPD:     2.152 ) on MPI rank :       44
     Computing       time :    0.000000                    on MPI rank :       45
     Waiting lbc_lnk time :    0.000000 ( 0.0 %)           on MPI rank :       45
     Waiting  global time :    0.000000 ( 0.0 %)           on MPI rank :       45
     Total           time :  107.708067 (SYPD:     2.152 ) on MPI rank :       45
     Computing       time :    0.000000                    on MPI rank :       46
     Waiting lbc_lnk time :    0.000000 ( 0.0 %)           on MPI rank :       46
     Waiting  global time :    0.000000 ( 0.0 %)           on MPI rank :       46
     Total           time :  107.708113 (SYPD:     2.152 ) on MPI rank :       46
     Computing       time :    0.000000                    on MPI rank :       47
     Waiting lbc_lnk time :    0.000000 ( 0.0 %)           on MPI rank :       47
     Waiting  global time :    0.000000 ( 0.0 %)           on MPI rank :       47
     Total           time :  107.708476 (SYPD:     2.152 ) on MPI rank :       47
     Computing       time :    0.000000                    on MPI rank :       48
     Waiting lbc_lnk time :    0.000000 ( 0.0 %)           on MPI rank :       48
     Waiting  global time :    0.000000 ( 0.0 %)           on MPI rank :       48
     Total           time :  107.708001 (SYPD:     2.152 ) on MPI rank :       48
     Computing       time :    0.000000                    on MPI rank :       49
     Waiting lbc_lnk time :    0.000000 ( 0.0 %)           on MPI rank :       49
     Waiting  global time :    0.000000 ( 0.0 %)           on MPI rank :       49
     Total           time :  107.707427 (SYPD:     2.152 ) on MPI rank :       49
     Computing       time :    0.000000                    on MPI rank :       50
     Waiting lbc_lnk time :    0.000000 ( 0.0 %)           on MPI rank :       50
     Waiting  global time :    0.000000 ( 0.0 %)           on MPI rank :       50
     Total           time :  107.708006 (SYPD:     2.152 ) on MPI rank :       50
     Computing       time :    0.000000                    on MPI rank :       51
     Waiting lbc_lnk time :    0.000000 ( 0.0 %)           on MPI rank :       51
     Waiting  global time :    0.000000 ( 0.0 %)           on MPI rank :       51
     Total           time :  107.707858 (SYPD:     2.152 ) on MPI rank :       51
     Computing       time :    0.000000                    on MPI rank :       52
     Waiting lbc_lnk time :    0.000000 ( 0.0 %)           on MPI rank :       52
     Waiting  global time :    0.000000 ( 0.0 %)           on MPI rank :       52
     Total           time :  107.708645 (SYPD:     2.152 ) on MPI rank :       52
     Computing       time :    0.000000                    on MPI rank :       53
     Waiting lbc_lnk time :    0.000000 ( 0.0 %)           on MPI rank :       53
     Waiting  global time :    0.000000 ( 0.0 %)           on MPI rank :       53
     Total           time :  107.707794 (SYPD:     2.152 ) on MPI rank :       53
     Computing       time :    0.000000                    on MPI rank :       54
     Waiting lbc_lnk time :    0.000000 ( 0.0 %)           on MPI rank :       54
     Waiting  global time :    0.000000 ( 0.0 %)           on MPI rank :       54
     Total           time :  107.708017 (SYPD:     2.152 ) on MPI rank :       54
     Computing       time :    0.000000                    on MPI rank :       55
     Waiting lbc_lnk time :    0.000000 ( 0.0 %)           on MPI rank :       55
     Waiting  global time :    0.000000 ( 0.0 %)           on MPI rank :       55
     Total           time :  107.707987 (SYPD:     2.152 ) on MPI rank :       55
     Computing       time :    0.000000                    on MPI rank :       56
     Waiting lbc_lnk time :    0.000000 ( 0.0 %)           on MPI rank :       56
     Waiting  global time :    0.000000 ( 0.0 %)           on MPI rank :       56
     Total           time :  107.708357 (SYPD:     2.152 ) on MPI rank :       56
     Computing       time :    0.000000                    on MPI rank :       57
     Waiting lbc_lnk time :    0.000000 ( 0.0 %)           on MPI rank :       57
     Waiting  global time :    0.000000 ( 0.0 %)           on MPI rank :       57
     Total           time :  107.706758 (SYPD:     2.152 ) on MPI rank :       57
     Computing       time :    0.000000                    on MPI rank :       58
     Waiting lbc_lnk time :    0.000000 ( 0.0 %)           on MPI rank :       58
     Waiting  global time :    0.000000 ( 0.0 %)           on MPI rank :       58
     Total           time :  107.706427 (SYPD:     2.152 ) on MPI rank :       58
     Computing       time :    0.000000                    on MPI rank :       59
     Waiting lbc_lnk time :    0.000000 ( 0.0 %)           on MPI rank :       59
     Waiting  global time :    0.000000 ( 0.0 %)           on MPI rank :       59
     Total           time :  107.706458 (SYPD:     2.152 ) on MPI rank :       59
     Computing       time :    0.000000                    on MPI rank :       60
     Waiting lbc_lnk time :    0.000000 ( 0.0 %)           on MPI rank :       60
     Waiting  global time :    0.000000 ( 0.0 %)           on MPI rank :       60
     Total           time :  107.708547 (SYPD:     2.152 ) on MPI rank :       60
     Computing       time :    0.000000                    on MPI rank :       61
     Waiting lbc_lnk time :    0.000000 ( 0.0 %)           on MPI rank :       61
     Waiting  global time :    0.000000 ( 0.0 %)           on MPI rank :       61
     Total           time :  107.706727 (SYPD:     2.152 ) on MPI rank :       61
     Computing       time :    0.000000                    on MPI rank :       62
     Waiting lbc_lnk time :    0.000000 ( 0.0 %)           on MPI rank :       62
     Waiting  global time :    0.000000 ( 0.0 %)           on MPI rank :       62
     Total           time :  107.707223 (SYPD:     2.152 ) on MPI rank :       62
     Computing       time :    0.000000                    on MPI rank :       63
     Waiting lbc_lnk time :    0.000000 ( 0.0 %)           on MPI rank :       63
     Waiting  global time :    0.000000 ( 0.0 %)           on MPI rank :       63
     Total           time :  107.706930 (SYPD:     2.152 ) on MPI rank :       63
     Computing       time :    0.000000                    on MPI rank :       64
     Waiting lbc_lnk time :    0.000000 ( 0.0 %)           on MPI rank :       64
     Waiting  global time :    0.000000 ( 0.0 %)           on MPI rank :       64
     Total           time :  107.707699 (SYPD:     2.152 ) on MPI rank :       64
     Computing       time :    0.000000                    on MPI rank :       65
     Waiting lbc_lnk time :    0.000000 ( 0.0 %)           on MPI rank :       65
     Waiting  global time :    0.000000 ( 0.0 %)           on MPI rank :       65
     Total           time :  107.708313 (SYPD:     2.152 ) on MPI rank :       65
     Computing       time :    0.000000                    on MPI rank :       66
     Waiting lbc_lnk time :    0.000000 ( 0.0 %)           on MPI rank :       66
     Waiting  global time :    0.000000 ( 0.0 %)           on MPI rank :       66
     Total           time :  107.707815 (SYPD:     2.152 ) on MPI rank :       66
     Computing       time :    0.000000                    on MPI rank :       67
     Waiting lbc_lnk time :    0.000000 ( 0.0 %)           on MPI rank :       67
     Waiting  global time :    0.000000 ( 0.0 %)           on MPI rank :       67
     Total           time :  107.707795 (SYPD:     2.152 ) on MPI rank :       67
     Computing       time :    0.000000                    on MPI rank :       68
     Waiting lbc_lnk time :    0.000000 ( 0.0 %)           on MPI rank :       68
     Waiting  global time :    0.000000 ( 0.0 %)           on MPI rank :       68
     Total           time :  107.707619 (SYPD:     2.152 ) on MPI rank :       68
     Computing       time :    0.000000                    on MPI rank :       69
     Waiting lbc_lnk time :    0.000000 ( 0.0 %)           on MPI rank :       69
     Waiting  global time :    0.000000 ( 0.0 %)           on MPI rank :       69
     Total           time :  107.708219 (SYPD:     2.152 ) on MPI rank :       69
     Computing       time :    0.000000                    on MPI rank :       70
     Waiting lbc_lnk time :    0.000000 ( 0.0 %)           on MPI rank :       70
     Waiting  global time :    0.000000 ( 0.0 %)           on MPI rank :       70
     Total           time :  107.707919 (SYPD:     2.152 ) on MPI rank :       70
     Computing       time :    0.000000                    on MPI rank :       71
     Waiting lbc_lnk time :    0.000000 ( 0.0 %)           on MPI rank :       71
     Waiting  global time :    0.000000 ( 0.0 %)           on MPI rank :       71
     Total           time :  107.707987 (SYPD:     2.152 ) on MPI rank :       71
     Computing       time :    0.000000                    on MPI rank :       72
     Waiting lbc_lnk time :    0.000000 ( 0.0 %)           on MPI rank :       72
     Waiting  global time :    0.000000 ( 0.0 %)           on MPI rank :       72
     Total           time :  107.706803 (SYPD:     2.152 ) on MPI rank :       72
     Computing       time :    0.000000                    on MPI rank :       73
     Waiting lbc_lnk time :    0.000000 ( 0.0 %)           on MPI rank :       73
     Waiting  global time :    0.000000 ( 0.0 %)           on MPI rank :       73
     Total           time :  107.708109 (SYPD:     2.152 ) on MPI rank :       73
     Computing       time :    0.000000                    on MPI rank :       74
     Waiting lbc_lnk time :    0.000000 ( 0.0 %)           on MPI rank :       74
     Waiting  global time :    0.000000 ( 0.0 %)           on MPI rank :       74
     Total           time :  107.707719 (SYPD:     2.152 ) on MPI rank :       74
     Computing       time :    0.000000                    on MPI rank :       75
     Waiting lbc_lnk time :    0.000000 ( 0.0 %)           on MPI rank :       75
     Waiting  global time :    0.000000 ( 0.0 %)           on MPI rank :       75
     Total           time :  107.707922 (SYPD:     2.152 ) on MPI rank :       75
     Computing       time :    0.000000                    on MPI rank :       76
     Waiting lbc_lnk time :    0.000000 ( 0.0 %)           on MPI rank :       76
     Waiting  global time :    0.000000 ( 0.0 %)           on MPI rank :       76
     Total           time :  107.707954 (SYPD:     2.152 ) on MPI rank :       76
     Computing       time :    0.000000                    on MPI rank :       77
     Waiting lbc_lnk time :    0.000000 ( 0.0 %)           on MPI rank :       77
     Waiting  global time :    0.000000 ( 0.0 %)           on MPI rank :       77
     Total           time :  107.707800 (SYPD:     2.152 ) on MPI rank :       77
     Computing       time :    0.000000                    on MPI rank :       78
     Waiting lbc_lnk time :    0.000000 ( 0.0 %)           on MPI rank :       78
     Waiting  global time :    0.000000 ( 0.0 %)           on MPI rank :       78
     Total           time :  107.707715 (SYPD:     2.152 ) on MPI rank :       78
     Computing       time :    0.000000                    on MPI rank :       79
     Waiting lbc_lnk time :    0.000000 ( 0.0 %)           on MPI rank :       79
     Waiting  global time :    0.000000 ( 0.0 %)           on MPI rank :       79
     Total           time :  107.707669 (SYPD:     2.152 ) on MPI rank :       79
     Computing       time :    0.000000                    on MPI rank :       80
     Waiting lbc_lnk time :    0.000000 ( 0.0 %)           on MPI rank :       80
     Waiting  global time :    0.000000 ( 0.0 %)           on MPI rank :       80
     Total           time :  107.708149 (SYPD:     2.152 ) on MPI rank :       80
     Computing       time :    0.000000                    on MPI rank :       81
     Waiting lbc_lnk time :    0.000000 ( 0.0 %)           on MPI rank :       81
     Waiting  global time :    0.000000 ( 0.0 %)           on MPI rank :       81
     Total           time :  107.708273 (SYPD:     2.152 ) on MPI rank :       81
     Computing       time :    0.000000                    on MPI rank :       82
     Waiting lbc_lnk time :    0.000000 ( 0.0 %)           on MPI rank :       82
     Waiting  global time :    0.000000 ( 0.0 %)           on MPI rank :       82
     Total           time :  107.708174 (SYPD:     2.152 ) on MPI rank :       82
     Computing       time :    0.000000                    on MPI rank :       83
     Waiting lbc_lnk time :    0.000000 ( 0.0 %)           on MPI rank :       83
     Waiting  global time :    0.000000 ( 0.0 %)           on MPI rank :       83
     Total           time :  107.707641 (SYPD:     2.152 ) on MPI rank :       83
     Computing       time :    0.000000                    on MPI rank :       84
     Waiting lbc_lnk time :    0.000000 ( 0.0 %)           on MPI rank :       84
     Waiting  global time :    0.000000 ( 0.0 %)           on MPI rank :       84
     Total           time :  107.708088 (SYPD:     2.152 ) on MPI rank :       84
     Computing       time :    0.000000                    on MPI rank :       85
     Waiting lbc_lnk time :    0.000000 ( 0.0 %)           on MPI rank :       85
     Waiting  global time :    0.000000 ( 0.0 %)           on MPI rank :       85
     Total           time :  107.707863 (SYPD:     2.152 ) on MPI rank :       85
     Computing       time :    0.000000                    on MPI rank :       86
     Waiting lbc_lnk time :    0.000000 ( 0.0 %)           on MPI rank :       86
     Waiting  global time :    0.000000 ( 0.0 %)           on MPI rank :       86
     Total           time :  107.707876 (SYPD:     2.152 ) on MPI rank :       86
     Computing       time :    0.000000                    on MPI rank :       87
     Waiting lbc_lnk time :    0.000000 ( 0.0 %)           on MPI rank :       87
     Waiting  global time :    0.000000 ( 0.0 %)           on MPI rank :       87
     Total           time :  107.708131 (SYPD:     2.152 ) on MPI rank :       87
     Computing       time :    0.000000                    on MPI rank :       88
     Waiting lbc_lnk time :    0.000000 ( 0.0 %)           on MPI rank :       88
     Waiting  global time :    0.000000 ( 0.0 %)           on MPI rank :       88
     Total           time :  107.708211 (SYPD:     2.152 ) on MPI rank :       88
     Computing       time :    0.000000                    on MPI rank :       89
     Waiting lbc_lnk time :    0.000000 ( 0.0 %)           on MPI rank :       89
     Waiting  global time :    0.000000 ( 0.0 %)           on MPI rank :       89
     Total           time :  107.707930 (SYPD:     2.152 ) on MPI rank :       89
     Computing       time :    0.000000                    on MPI rank :       90
     Waiting lbc_lnk time :    0.000000 ( 0.0 %)           on MPI rank :       90
     Waiting  global time :    0.000000 ( 0.0 %)           on MPI rank :       90
     Total           time :  107.708025 (SYPD:     2.152 ) on MPI rank :       90
     Computing       time :    0.000000                    on MPI rank :       91
     Waiting lbc_lnk time :    0.000000 ( 0.0 %)           on MPI rank :       91
     Waiting  global time :    0.000000 ( 0.0 %)           on MPI rank :       91
     Total           time :  107.708029 (SYPD:     2.152 ) on MPI rank :       91
     Computing       time :    0.000000                    on MPI rank :       92
     Waiting lbc_lnk time :    0.000000 ( 0.0 %)           on MPI rank :       92
     Waiting  global time :    0.000000 ( 0.0 %)           on MPI rank :       92
     Total           time :  107.708110 (SYPD:     2.152 ) on MPI rank :       92
     Computing       time :    0.000000                    on MPI rank :       93
     Waiting lbc_lnk time :    0.000000 ( 0.0 %)           on MPI rank :       93
     Waiting  global time :    0.000000 ( 0.0 %)           on MPI rank :       93
     Total           time :  107.707825 (SYPD:     2.152 ) on MPI rank :       93
     Computing       time :    0.000000                    on MPI rank :       94
     Waiting lbc_lnk time :    0.000000 ( 0.0 %)           on MPI rank :       94
     Waiting  global time :    0.000000 ( 0.0 %)           on MPI rank :       94
     Total           time :  107.707902 (SYPD:     2.152 ) on MPI rank :       94
     Computing       time :    0.000000                    on MPI rank :       95
     Waiting lbc_lnk time :    0.000000 ( 0.0 %)           on MPI rank :       95
     Waiting  global time :    0.000000 ( 0.0 %)           on MPI rank :       95
     Total           time :  107.708241 (SYPD:     2.152 ) on MPI rank :       95
     Computing       time :    0.000000                    on MPI rank :       96
     Waiting lbc_lnk time :    0.000000 ( 0.0 %)           on MPI rank :       96
     Waiting  global time :    0.000000 ( 0.0 %)           on MPI rank :       96
     Total           time :  107.708227 (SYPD:     2.152 ) on MPI rank :       96
     Computing       time :    0.000000                    on MPI rank :       97
     Waiting lbc_lnk time :    0.000000 ( 0.0 %)           on MPI rank :       97
     Waiting  global time :    0.000000 ( 0.0 %)           on MPI rank :       97
     Total           time :  107.708437 (SYPD:     2.152 ) on MPI rank :       97
     Computing       time :    0.000000                    on MPI rank :       98
     Waiting lbc_lnk time :    0.000000 ( 0.0 %)           on MPI rank :       98
     Waiting  global time :    0.000000 ( 0.0 %)           on MPI rank :       98
     Total           time :  107.708504 (SYPD:     2.152 ) on MPI rank :       98
     Computing       time :    0.000000                    on MPI rank :       99
     Waiting lbc_lnk time :    0.000000 ( 0.0 %)           on MPI rank :       99
     Waiting  global time :    0.000000 ( 0.0 %)           on MPI rank :       99
     Total           time :  107.707811 (SYPD:     2.152 ) on MPI rank :       99
     Computing       time :    0.000000                    on MPI rank :      100
     Waiting lbc_lnk time :    0.000000 ( 0.0 %)           on MPI rank :      100
     Waiting  global time :    0.000000 ( 0.0 %)           on MPI rank :      100
     Total           time :  107.708102 (SYPD:     2.152 ) on MPI rank :      100
     Computing       time :    0.000000                    on MPI rank :      101
     Waiting lbc_lnk time :    0.000000 ( 0.0 %)           on MPI rank :      101
     Waiting  global time :    0.000000 ( 0.0 %)           on MPI rank :      101
     Total           time :  107.708072 (SYPD:     2.152 ) on MPI rank :      101
     Computing       time :    0.000000                    on MPI rank :      102
     Waiting lbc_lnk time :    0.000000 ( 0.0 %)           on MPI rank :      102
     Waiting  global time :    0.000000 ( 0.0 %)           on MPI rank :      102
     Total           time :  107.707761 (SYPD:     2.152 ) on MPI rank :      102
     Computing       time :    0.000000                    on MPI rank :      103
     Waiting lbc_lnk time :    0.000000 ( 0.0 %)           on MPI rank :      103
     Waiting  global time :    0.000000 ( 0.0 %)           on MPI rank :      103
     Total           time :  107.708219 (SYPD:     2.152 ) on MPI rank :      103
     Computing       time :    0.000000                    on MPI rank :      104
     Waiting lbc_lnk time :    0.000000 ( 0.0 %)           on MPI rank :      104
     Waiting  global time :    0.000000 ( 0.0 %)           on MPI rank :      104
     Total           time :  107.707924 (SYPD:     2.152 ) on MPI rank :      104
     Computing       time :    0.000000                    on MPI rank :      105
     Waiting lbc_lnk time :    0.000000 ( 0.0 %)           on MPI rank :      105
     Waiting  global time :    0.000000 ( 0.0 %)           on MPI rank :      105
     Total           time :  107.707895 (SYPD:     2.152 ) on MPI rank :      105
     Computing       time :    0.000000                    on MPI rank :      106
     Waiting lbc_lnk time :    0.000000 ( 0.0 %)           on MPI rank :      106
     Waiting  global time :    0.000000 ( 0.0 %)           on MPI rank :      106
     Total           time :  107.708097 (SYPD:     2.152 ) on MPI rank :      106
     Computing       time :    0.000000                    on MPI rank :      107
     Waiting lbc_lnk time :    0.000000 ( 0.0 %)           on MPI rank :      107
     Waiting  global time :    0.000000 ( 0.0 %)           on MPI rank :      107
     Total           time :  107.707857 (SYPD:     2.152 ) on MPI rank :      107
     Computing       time :    0.000000                    on MPI rank :      108
     Waiting lbc_lnk time :    0.000000 ( 0.0 %)           on MPI rank :      108
     Waiting  global time :    0.000000 ( 0.0 %)           on MPI rank :      108
     Total           time :  107.706571 (SYPD:     2.152 ) on MPI rank :      108
     Computing       time :    0.000000                    on MPI rank :      109
     Waiting lbc_lnk time :    0.000000 ( 0.0 %)           on MPI rank :      109
     Waiting  global time :    0.000000 ( 0.0 %)           on MPI rank :      109
     Total           time :  107.707384 (SYPD:     2.152 ) on MPI rank :      109
     Computing       time :    0.000000                    on MPI rank :      110
     Waiting lbc_lnk time :    0.000000 ( 0.0 %)           on MPI rank :      110
     Waiting  global time :    0.000000 ( 0.0 %)           on MPI rank :      110
     Total           time :  107.706832 (SYPD:     2.152 ) on MPI rank :      110
     Computing       time :    0.000000                    on MPI rank :      111
     Waiting lbc_lnk time :    0.000000 ( 0.0 %)           on MPI rank :      111
     Waiting  global time :    0.000000 ( 0.0 %)           on MPI rank :      111
     Total           time :  107.706974 (SYPD:     2.152 ) on MPI rank :      111
     Computing       time :    0.000000                    on MPI rank :      112
     Waiting lbc_lnk time :    0.000000 ( 0.0 %)           on MPI rank :      112
     Waiting  global time :    0.000000 ( 0.0 %)           on MPI rank :      112
     Total           time :  107.707835 (SYPD:     2.152 ) on MPI rank :      112
     Computing       time :    0.000000                    on MPI rank :      113
     Waiting lbc_lnk time :    0.000000 ( 0.0 %)           on MPI rank :      113
     Waiting  global time :    0.000000 ( 0.0 %)           on MPI rank :      113
     Total           time :  107.706913 (SYPD:     2.152 ) on MPI rank :      113
     Computing       time :    0.000000                    on MPI rank :      114
     Waiting lbc_lnk time :    0.000000 ( 0.0 %)           on MPI rank :      114
     Waiting  global time :    0.000000 ( 0.0 %)           on MPI rank :      114
     Total           time :  107.707163 (SYPD:     2.152 ) on MPI rank :      114
     Computing       time :    0.000000                    on MPI rank :      115
     Waiting lbc_lnk time :    0.000000 ( 0.0 %)           on MPI rank :      115
     Waiting  global time :    0.000000 ( 0.0 %)           on MPI rank :      115
     Total           time :  107.707141 (SYPD:     2.152 ) on MPI rank :      115
     Computing       time :    0.000000                    on MPI rank :      116
     Waiting lbc_lnk time :    0.000000 ( 0.0 %)           on MPI rank :      116
     Waiting  global time :    0.000000 ( 0.0 %)           on MPI rank :      116
     Total           time :  107.708088 (SYPD:     2.152 ) on MPI rank :      116
     Computing       time :    0.000000                    on MPI rank :      117
     Waiting lbc_lnk time :    0.000000 ( 0.0 %)           on MPI rank :      117
     Waiting  global time :    0.000000 ( 0.0 %)           on MPI rank :      117
     Total           time :  107.706680 (SYPD:     2.152 ) on MPI rank :      117
     Computing       time :    0.000000                    on MPI rank :      118
     Waiting lbc_lnk time :    0.000000 ( 0.0 %)           on MPI rank :      118
     Waiting  global time :    0.000000 ( 0.0 %)           on MPI rank :      118
     Total           time :  107.706136 (SYPD:     2.152 ) on MPI rank :      118
     Computing       time :    0.000000                    on MPI rank :      119
     Waiting lbc_lnk time :    0.000000 ( 0.0 %)           on MPI rank :      119
     Waiting  global time :    0.000000 ( 0.0 %)           on MPI rank :      119
     Total           time :  107.706667 (SYPD:     2.152 ) on MPI rank :      119
     Computing       time :    0.000000                    on MPI rank :      120
     Waiting lbc_lnk time :    0.000000 ( 0.0 %)           on MPI rank :      120
     Waiting  global time :    0.000000 ( 0.0 %)           on MPI rank :      120
     Total           time :  107.706964 (SYPD:     2.152 ) on MPI rank :      120
     Computing       time :    0.000000                    on MPI rank :      121
     Waiting lbc_lnk time :    0.000000 ( 0.0 %)           on MPI rank :      121
     Waiting  global time :    0.000000 ( 0.0 %)           on MPI rank :      121
     Total           time :  107.707202 (SYPD:     2.152 ) on MPI rank :      121
     Computing       time :    0.000000                    on MPI rank :      122
     Waiting lbc_lnk time :    0.000000 ( 0.0 %)           on MPI rank :      122
     Waiting  global time :    0.000000 ( 0.0 %)           on MPI rank :      122
     Total           time :  107.706442 (SYPD:     2.152 ) on MPI rank :      122
     Computing       time :    0.000000                    on MPI rank :      123
     Waiting lbc_lnk time :    0.000000 ( 0.0 %)           on MPI rank :      123
     Waiting  global time :    0.000000 ( 0.0 %)           on MPI rank :      123
     Total           time :  107.706748 (SYPD:     2.152 ) on MPI rank :      123
     Computing       time :    0.000000                    on MPI rank :      124
     Waiting lbc_lnk time :    0.000000 ( 0.0 %)           on MPI rank :      124
     Waiting  global time :    0.000000 ( 0.0 %)           on MPI rank :      124
     Total           time :  107.706271 (SYPD:     2.152 ) on MPI rank :      124
     Computing       time :    0.000000                    on MPI rank :      125
     Waiting lbc_lnk time :    0.000000 ( 0.0 %)           on MPI rank :      125
     Waiting  global time :    0.000000 ( 0.0 %)           on MPI rank :      125
     Total           time :  107.707383 (SYPD:     2.152 ) on MPI rank :      125
     Computing       time :    0.000000                    on MPI rank :      126
     Waiting lbc_lnk time :    0.000000 ( 0.0 %)           on MPI rank :      126
     Waiting  global time :    0.000000 ( 0.0 %)           on MPI rank :      126
     Total           time :  107.707154 (SYPD:     2.152 ) on MPI rank :      126
     Computing       time :    0.000000                    on MPI rank :      127
     Waiting lbc_lnk time :    0.000000 ( 0.0 %)           on MPI rank :      127
     Waiting  global time :    0.000000 ( 0.0 %)           on MPI rank :      127
     Total           time :  107.707729 (SYPD:     2.152 ) on MPI rank :      127
     Computing       time :    0.000000                    on MPI rank :      128
     Waiting lbc_lnk time :    0.000000 ( 0.0 %)           on MPI rank :      128
     Waiting  global time :    0.000000 ( 0.0 %)           on MPI rank :      128
     Total           time :  107.707732 (SYPD:     2.152 ) on MPI rank :      128
     Computing       time :    0.000000                    on MPI rank :      129
     Waiting lbc_lnk time :    0.000000 ( 0.0 %)           on MPI rank :      129
     Waiting  global time :    0.000000 ( 0.0 %)           on MPI rank :      129
     Total           time :  107.707660 (SYPD:     2.152 ) on MPI rank :      129
     Computing       time :    0.000000                    on MPI rank :      130
     Waiting lbc_lnk time :    0.000000 ( 0.0 %)           on MPI rank :      130
     Waiting  global time :    0.000000 ( 0.0 %)           on MPI rank :      130
     Total           time :  107.707484 (SYPD:     2.152 ) on MPI rank :      130
     Computing       time :    0.000000                    on MPI rank :      131
     Waiting lbc_lnk time :    0.000000 ( 0.0 %)           on MPI rank :      131
     Waiting  global time :    0.000000 ( 0.0 %)           on MPI rank :      131
     Total           time :  107.707937 (SYPD:     2.152 ) on MPI rank :      131
     Computing       time :    0.000000                    on MPI rank :      132
     Waiting lbc_lnk time :    0.000000 ( 0.0 %)           on MPI rank :      132
     Waiting  global time :    0.000000 ( 0.0 %)           on MPI rank :      132
     Total           time :  107.706995 (SYPD:     2.152 ) on MPI rank :      132
     Computing       time :    0.000000                    on MPI rank :      133
     Waiting lbc_lnk time :    0.000000 ( 0.0 %)           on MPI rank :      133
     Waiting  global time :    0.000000 ( 0.0 %)           on MPI rank :      133
     Total           time :  107.707265 (SYPD:     2.152 ) on MPI rank :      133
     Computing       time :    0.000000                    on MPI rank :      134
     Waiting lbc_lnk time :    0.000000 ( 0.0 %)           on MPI rank :      134
     Waiting  global time :    0.000000 ( 0.0 %)           on MPI rank :      134
     Total           time :  107.706644 (SYPD:     2.152 ) on MPI rank :      134
     Computing       time :    0.000000                    on MPI rank :      135
     Waiting lbc_lnk time :    0.000000 ( 0.0 %)           on MPI rank :      135
     Waiting  global time :    0.000000 ( 0.0 %)           on MPI rank :      135
     Total           time :  107.706527 (SYPD:     2.152 ) on MPI rank :      135
     Computing       time :    0.000000                    on MPI rank :      136
     Waiting lbc_lnk time :    0.000000 ( 0.0 %)           on MPI rank :      136
     Waiting  global time :    0.000000 ( 0.0 %)           on MPI rank :      136
     Total           time :  107.706559 (SYPD:     2.152 ) on MPI rank :      136
     Computing       time :    0.000000                    on MPI rank :      137
     Waiting lbc_lnk time :    0.000000 ( 0.0 %)           on MPI rank :      137
     Waiting  global time :    0.000000 ( 0.0 %)           on MPI rank :      137
     Total           time :  107.706281 (SYPD:     2.152 ) on MPI rank :      137
     Computing       time :    0.000000                    on MPI rank :      138
     Waiting lbc_lnk time :    0.000000 ( 0.0 %)           on MPI rank :      138
     Waiting  global time :    0.000000 ( 0.0 %)           on MPI rank :      138
     Total           time :  107.707598 (SYPD:     2.152 ) on MPI rank :      138
     Computing       time :    0.000000                    on MPI rank :      139
     Waiting lbc_lnk time :    0.000000 ( 0.0 %)           on MPI rank :      139
     Waiting  global time :    0.000000 ( 0.0 %)           on MPI rank :      139
     Total           time :  107.708153 (SYPD:     2.152 ) on MPI rank :      139
     Computing       time :    0.000000                    on MPI rank :      140
     Waiting lbc_lnk time :    0.000000 ( 0.0 %)           on MPI rank :      140
     Waiting  global time :    0.000000 ( 0.0 %)           on MPI rank :      140
     Total           time :  107.707648 (SYPD:     2.152 ) on MPI rank :      140
     Computing       time :    0.000000                    on MPI rank :      141
     Waiting lbc_lnk time :    0.000000 ( 0.0 %)           on MPI rank :      141
     Waiting  global time :    0.000000 ( 0.0 %)           on MPI rank :      141
     Total           time :  107.707977 (SYPD:     2.152 ) on MPI rank :      141
     Computing       time :    0.000000                    on MPI rank :      142
     Waiting lbc_lnk time :    0.000000 ( 0.0 %)           on MPI rank :      142
     Waiting  global time :    0.000000 ( 0.0 %)           on MPI rank :      142
     Total           time :  107.708231 (SYPD:     2.152 ) on MPI rank :      142
     Computing       time :    0.000000                    on MPI rank :      143
     Waiting lbc_lnk time :    0.000000 ( 0.0 %)           on MPI rank :      143
     Waiting  global time :    0.000000 ( 0.0 %)           on MPI rank :      143
     Total           time :  107.708376 (SYPD:     2.152 ) on MPI rank :      143
     Computing       time :    0.000000                    on MPI rank :      144
     Waiting lbc_lnk time :    0.000000 ( 0.0 %)           on MPI rank :      144
     Waiting  global time :    0.000000 ( 0.0 %)           on MPI rank :      144
     Total           time :  107.708035 (SYPD:     2.152 ) on MPI rank :      144
     Computing       time :    0.000000                    on MPI rank :      145
     Waiting lbc_lnk time :    0.000000 ( 0.0 %)           on MPI rank :      145
     Waiting  global time :    0.000000 ( 0.0 %)           on MPI rank :      145
     Total           time :  107.708264 (SYPD:     2.152 ) on MPI rank :      145
     Computing       time :    0.000000                    on MPI rank :      146
     Waiting lbc_lnk time :    0.000000 ( 0.0 %)           on MPI rank :      146
     Waiting  global time :    0.000000 ( 0.0 %)           on MPI rank :      146
     Total           time :  107.708276 (SYPD:     2.152 ) on MPI rank :      146
     Computing       time :    0.000000                    on MPI rank :      147
     Waiting lbc_lnk time :    0.000000 ( 0.0 %)           on MPI rank :      147
     Waiting  global time :    0.000000 ( 0.0 %)           on MPI rank :      147
     Total           time :  107.708374 (SYPD:     2.152 ) on MPI rank :      147
     Computing       time :    0.000000                    on MPI rank :      148
     Waiting lbc_lnk time :    0.000000 ( 0.0 %)           on MPI rank :      148
     Waiting  global time :    0.000000 ( 0.0 %)           on MPI rank :      148
     Total           time :  107.708643 (SYPD:     2.152 ) on MPI rank :      148
     Computing       time :    0.000000                    on MPI rank :      149
     Waiting lbc_lnk time :    0.000000 ( 0.0 %)           on MPI rank :      149
     Waiting  global time :    0.000000 ( 0.0 %)           on MPI rank :      149
     Total           time :  107.708132 (SYPD:     2.152 ) on MPI rank :      149
     Computing       time :    0.000000                    on MPI rank :      150
     Waiting lbc_lnk time :    0.000000 ( 0.0 %)           on MPI rank :      150
     Waiting  global time :    0.000000 ( 0.0 %)           on MPI rank :      150
     Total           time :  107.707762 (SYPD:     2.152 ) on MPI rank :      150
     Computing       time :    0.000000                    on MPI rank :      151
     Waiting lbc_lnk time :    0.000000 ( 0.0 %)           on MPI rank :      151
     Waiting  global time :    0.000000 ( 0.0 %)           on MPI rank :      151
     Total           time :  107.707860 (SYPD:     2.152 ) on MPI rank :      151
     Computing       time :    0.000000                    on MPI rank :      152
     Waiting lbc_lnk time :    0.000000 ( 0.0 %)           on MPI rank :      152
     Waiting  global time :    0.000000 ( 0.0 %)           on MPI rank :      152
     Total           time :  107.707671 (SYPD:     2.152 ) on MPI rank :      152
     Computing       time :    0.000000                    on MPI rank :      153
     Waiting lbc_lnk time :    0.000000 ( 0.0 %)           on MPI rank :      153
     Waiting  global time :    0.000000 ( 0.0 %)           on MPI rank :      153
     Total           time :  107.707432 (SYPD:     2.152 ) on MPI rank :      153
     Computing       time :    0.000000                    on MPI rank :      154
     Waiting lbc_lnk time :    0.000000 ( 0.0 %)           on MPI rank :      154
     Waiting  global time :    0.000000 ( 0.0 %)           on MPI rank :      154
     Total           time :  107.708066 (SYPD:     2.152 ) on MPI rank :      154
     Computing       time :    0.000000                    on MPI rank :      155
     Waiting lbc_lnk time :    0.000000 ( 0.0 %)           on MPI rank :      155
     Waiting  global time :    0.000000 ( 0.0 %)           on MPI rank :      155
     Total           time :  107.708042 (SYPD:     2.152 ) on MPI rank :      155
     Computing       time :    0.000000                    on MPI rank :      156
     Waiting lbc_lnk time :    0.000000 ( 0.0 %)           on MPI rank :      156
     Waiting  global time :    0.000000 ( 0.0 %)           on MPI rank :      156
     Total           time :  107.708184 (SYPD:     2.152 ) on MPI rank :      156
     Computing       time :    0.000000                    on MPI rank :      157
     Waiting lbc_lnk time :    0.000000 ( 0.0 %)           on MPI rank :      157
     Waiting  global time :    0.000000 ( 0.0 %)           on MPI rank :      157
     Total           time :  107.707988 (SYPD:     2.152 ) on MPI rank :      157
     Computing       time :    0.000000                    on MPI rank :      158
     Waiting lbc_lnk time :    0.000000 ( 0.0 %)           on MPI rank :      158
     Waiting  global time :    0.000000 ( 0.0 %)           on MPI rank :      158
     Total           time :  107.708457 (SYPD:     2.152 ) on MPI rank :      158
     Computing       time :    0.000000                    on MPI rank :      159
     Waiting lbc_lnk time :    0.000000 ( 0.0 %)           on MPI rank :      159
     Waiting  global time :    0.000000 ( 0.0 %)           on MPI rank :      159
     Total           time :  107.707811 (SYPD:     2.152 ) on MPI rank :      159
     Computing       time :    0.000000                    on MPI rank :      160
     Waiting lbc_lnk time :    0.000000 ( 0.0 %)           on MPI rank :      160
     Waiting  global time :    0.000000 ( 0.0 %)           on MPI rank :      160
     Total           time :  107.708158 (SYPD:     2.152 ) on MPI rank :      160
     Computing       time :    0.000000                    on MPI rank :      161
     Waiting lbc_lnk time :    0.000000 ( 0.0 %)           on MPI rank :      161
     Waiting  global time :    0.000000 ( 0.0 %)           on MPI rank :      161
     Total           time :  107.707707 (SYPD:     2.152 ) on MPI rank :      161
     Computing       time :    0.000000                    on MPI rank :      162
     Waiting lbc_lnk time :    0.000000 ( 0.0 %)           on MPI rank :      162
     Waiting  global time :    0.000000 ( 0.0 %)           on MPI rank :      162
     Total           time :  107.708365 (SYPD:     2.152 ) on MPI rank :      162
     Computing       time :    0.000000                    on MPI rank :      163
     Waiting lbc_lnk time :    0.000000 ( 0.0 %)           on MPI rank :      163
     Waiting  global time :    0.000000 ( 0.0 %)           on MPI rank :      163
     Total           time :  107.708293 (SYPD:     2.152 ) on MPI rank :      163
     Computing       time :    0.000000                    on MPI rank :      164
     Waiting lbc_lnk time :    0.000000 ( 0.0 %)           on MPI rank :      164
     Waiting  global time :    0.000000 ( 0.0 %)           on MPI rank :      164
     Total           time :  107.708192 (SYPD:     2.152 ) on MPI rank :      164
     Computing       time :    0.000000                    on MPI rank :      165
     Waiting lbc_lnk time :    0.000000 ( 0.0 %)           on MPI rank :      165
     Waiting  global time :    0.000000 ( 0.0 %)           on MPI rank :      165
     Total           time :  107.708510 (SYPD:     2.152 ) on MPI rank :      165
     Computing       time :    0.000000                    on MPI rank :      166
     Waiting lbc_lnk time :    0.000000 ( 0.0 %)           on MPI rank :      166
     Waiting  global time :    0.000000 ( 0.0 %)           on MPI rank :      166
     Total           time :  107.708603 (SYPD:     2.152 ) on MPI rank :      166
     Computing       time :    0.000000                    on MPI rank :      167
     Waiting lbc_lnk time :    0.000000 ( 0.0 %)           on MPI rank :      167
     Waiting  global time :    0.000000 ( 0.0 %)           on MPI rank :      167
     Total           time :  107.708243 (SYPD:     2.152 ) on MPI rank :      167
     Computing       time :    0.000000                    on MPI rank :      168
     Waiting lbc_lnk time :    0.000000 ( 0.0 %)           on MPI rank :      168
     Waiting  global time :    0.000000 ( 0.0 %)           on MPI rank :      168
     Total           time :  107.707657 (SYPD:     2.152 ) on MPI rank :      168
     Computing       time :    0.000000                    on MPI rank :      169
     Waiting lbc_lnk time :    0.000000 ( 0.0 %)           on MPI rank :      169
     Waiting  global time :    0.000000 ( 0.0 %)           on MPI rank :      169
     Total           time :  107.707553 (SYPD:     2.152 ) on MPI rank :      169
     Computing       time :    0.000000                    on MPI rank :      170
     Waiting lbc_lnk time :    0.000000 ( 0.0 %)           on MPI rank :      170
     Waiting  global time :    0.000000 ( 0.0 %)           on MPI rank :      170
     Total           time :  107.707316 (SYPD:     2.152 ) on MPI rank :      170
     Computing       time :    0.000000                    on MPI rank :      171
     Waiting lbc_lnk time :    0.000000 ( 0.0 %)           on MPI rank :      171
     Waiting  global time :    0.000000 ( 0.0 %)           on MPI rank :      171
     Total           time :  107.707846 (SYPD:     2.152 ) on MPI rank :      171
     Computing       time :    0.000000                    on MPI rank :      172
     Waiting lbc_lnk time :    0.000000 ( 0.0 %)           on MPI rank :      172
     Waiting  global time :    0.000000 ( 0.0 %)           on MPI rank :      172
     Total           time :  107.707950 (SYPD:     2.152 ) on MPI rank :      172
     Computing       time :    0.000000                    on MPI rank :      173
     Waiting lbc_lnk time :    0.000000 ( 0.0 %)           on MPI rank :      173
     Waiting  global time :    0.000000 ( 0.0 %)           on MPI rank :      173
     Total           time :  107.707438 (SYPD:     2.152 ) on MPI rank :      173
     Computing       time :    0.000000                    on MPI rank :      174
     Waiting lbc_lnk time :    0.000000 ( 0.0 %)           on MPI rank :      174
     Waiting  global time :    0.000000 ( 0.0 %)           on MPI rank :      174
     Total           time :  107.707792 (SYPD:     2.152 ) on MPI rank :      174
     Computing       time :    0.000000                    on MPI rank :      175
     Waiting lbc_lnk time :    0.000000 ( 0.0 %)           on MPI rank :      175
     Waiting  global time :    0.000000 ( 0.0 %)           on MPI rank :      175
     Total           time :  107.708272 (SYPD:     2.152 ) on MPI rank :      175
     Computing       time :    0.000000                    on MPI rank :      176
     Waiting lbc_lnk time :    0.000000 ( 0.0 %)           on MPI rank :      176
     Waiting  global time :    0.000000 ( 0.0 %)           on MPI rank :      176
     Total           time :  107.706783 (SYPD:     2.152 ) on MPI rank :      176
     Computing       time :    0.000000                    on MPI rank :      177
     Waiting lbc_lnk time :    0.000000 ( 0.0 %)           on MPI rank :      177
     Waiting  global time :    0.000000 ( 0.0 %)           on MPI rank :      177
     Total           time :  107.706847 (SYPD:     2.152 ) on MPI rank :      177
     Computing       time :    0.000000                    on MPI rank :      178
     Waiting lbc_lnk time :    0.000000 ( 0.0 %)           on MPI rank :      178
     Waiting  global time :    0.000000 ( 0.0 %)           on MPI rank :      178
     Total           time :  107.706498 (SYPD:     2.152 ) on MPI rank :      178
     Computing       time :    0.000000                    on MPI rank :      179
     Waiting lbc_lnk time :    0.000000 ( 0.0 %)           on MPI rank :      179
     Waiting  global time :    0.000000 ( 0.0 %)           on MPI rank :      179
     Total           time :  107.708480 (SYPD:     2.152 ) on MPI rank :      179
     Computing       time :    0.000000                    on MPI rank :      180
     Waiting lbc_lnk time :    0.000000 ( 0.0 %)           on MPI rank :      180
     Waiting  global time :    0.000000 ( 0.0 %)           on MPI rank :      180
     Total           time :  107.706789 (SYPD:     2.152 ) on MPI rank :      180
     Computing       time :    0.000000                    on MPI rank :      181
     Waiting lbc_lnk time :    0.000000 ( 0.0 %)           on MPI rank :      181
     Waiting  global time :    0.000000 ( 0.0 %)           on MPI rank :      181
     Total           time :  107.706966 (SYPD:     2.152 ) on MPI rank :      181
     Computing       time :    0.000000                    on MPI rank :      182
     Waiting lbc_lnk time :    0.000000 ( 0.0 %)           on MPI rank :      182
     Waiting  global time :    0.000000 ( 0.0 %)           on MPI rank :      182
     Total           time :  107.706892 (SYPD:     2.152 ) on MPI rank :      182
     Computing       time :    0.000000                    on MPI rank :      183
     Waiting lbc_lnk time :    0.000000 ( 0.0 %)           on MPI rank :      183
     Waiting  global time :    0.000000 ( 0.0 %)           on MPI rank :      183
     Total           time :  107.706751 (SYPD:     2.152 ) on MPI rank :      183
     Computing       time :    0.000000                    on MPI rank :      184
     Waiting lbc_lnk time :    0.000000 ( 0.0 %)           on MPI rank :      184
     Waiting  global time :    0.000000 ( 0.0 %)           on MPI rank :      184
     Total           time :  107.707832 (SYPD:     2.152 ) on MPI rank :      184
     Computing       time :    0.000000                    on MPI rank :      185
     Waiting lbc_lnk time :    0.000000 ( 0.0 %)           on MPI rank :      185
     Waiting  global time :    0.000000 ( 0.0 %)           on MPI rank :      185
     Total           time :  107.707722 (SYPD:     2.152 ) on MPI rank :      185
     Computing       time :    0.000000                    on MPI rank :      186
     Waiting lbc_lnk time :    0.000000 ( 0.0 %)           on MPI rank :      186
     Waiting  global time :    0.000000 ( 0.0 %)           on MPI rank :      186
     Total           time :  107.707496 (SYPD:     2.152 ) on MPI rank :      186
     Computing       time :    0.000000                    on MPI rank :      187
     Waiting lbc_lnk time :    0.000000 ( 0.0 %)           on MPI rank :      187
     Waiting  global time :    0.000000 ( 0.0 %)           on MPI rank :      187
     Total           time :  107.707905 (SYPD:     2.152 ) on MPI rank :      187
     Computing       time :    0.000000                    on MPI rank :      188
     Waiting lbc_lnk time :    0.000000 ( 0.0 %)           on MPI rank :      188
     Waiting  global time :    0.000000 ( 0.0 %)           on MPI rank :      188
     Total           time :  107.708431 (SYPD:     2.152 ) on MPI rank :      188
     Computing       time :    0.000000                    on MPI rank :      189
     Waiting lbc_lnk time :    0.000000 ( 0.0 %)           on MPI rank :      189
     Waiting  global time :    0.000000 ( 0.0 %)           on MPI rank :      189
     Total           time :  107.707506 (SYPD:     2.152 ) on MPI rank :      189
     Computing       time :    0.000000                    on MPI rank :      190
     Waiting lbc_lnk time :    0.000000 ( 0.0 %)           on MPI rank :      190
     Waiting  global time :    0.000000 ( 0.0 %)           on MPI rank :      190
     Total           time :  107.707787 (SYPD:     2.152 ) on MPI rank :      190
     Computing       time :    0.000000                    on MPI rank :      191
     Waiting lbc_lnk time :    0.000000 ( 0.0 %)           on MPI rank :      191
     Waiting  global time :    0.000000 ( 0.0 %)           on MPI rank :      191
     Total           time :  107.707308 (SYPD:     2.152 ) on MPI rank :      191
     Computing       time :    0.000000                    on MPI rank :      192
     Waiting lbc_lnk time :    0.000000 ( 0.0 %)           on MPI rank :      192
     Waiting  global time :    0.000000 ( 0.0 %)           on MPI rank :      192
     Total           time :  107.707832 (SYPD:     2.152 ) on MPI rank :      192
     Computing       time :    0.000000                    on MPI rank :      193
     Waiting lbc_lnk time :    0.000000 ( 0.0 %)           on MPI rank :      193
     Waiting  global time :    0.000000 ( 0.0 %)           on MPI rank :      193
     Total           time :  107.707576 (SYPD:     2.152 ) on MPI rank :      193
     Computing       time :    0.000000                    on MPI rank :      194
     Waiting lbc_lnk time :    0.000000 ( 0.0 %)           on MPI rank :      194
     Waiting  global time :    0.000000 ( 0.0 %)           on MPI rank :      194
     Total           time :  107.707074 (SYPD:     2.152 ) on MPI rank :      194
     Computing       time :    0.000000                    on MPI rank :      195
     Waiting lbc_lnk time :    0.000000 ( 0.0 %)           on MPI rank :      195
     Waiting  global time :    0.000000 ( 0.0 %)           on MPI rank :      195
     Total           time :  107.707375 (SYPD:     2.152 ) on MPI rank :      195
     Computing       time :    0.000000                    on MPI rank :      196
     Waiting lbc_lnk time :    0.000000 ( 0.0 %)           on MPI rank :      196
     Waiting  global time :    0.000000 ( 0.0 %)           on MPI rank :      196
     Total           time :  107.707801 (SYPD:     2.152 ) on MPI rank :      196
     Computing       time :    0.000000                    on MPI rank :      197
     Waiting lbc_lnk time :    0.000000 ( 0.0 %)           on MPI rank :      197
     Waiting  global time :    0.000000 ( 0.0 %)           on MPI rank :      197
     Total           time :  107.707345 (SYPD:     2.152 ) on MPI rank :      197
     Computing       time :    0.000000                    on MPI rank :      198
     Waiting lbc_lnk time :    0.000000 ( 0.0 %)           on MPI rank :      198
     Waiting  global time :    0.000000 ( 0.0 %)           on MPI rank :      198
     Total           time :  107.707019 (SYPD:     2.152 ) on MPI rank :      198
     Computing       time :    0.000000                    on MPI rank :      199
     Waiting lbc_lnk time :    0.000000 ( 0.0 %)           on MPI rank :      199
     Waiting  global time :    0.000000 ( 0.0 %)           on MPI rank :      199
     Total           time :  107.707694 (SYPD:     2.152 ) on MPI rank :      199
     Computing       time :    0.000000                    on MPI rank :      200
     Waiting lbc_lnk time :    0.000000 ( 0.0 %)           on MPI rank :      200
     Waiting  global time :    0.000000 ( 0.0 %)           on MPI rank :      200
     Total           time :  107.707697 (SYPD:     2.152 ) on MPI rank :      200
     Computing       time :    0.000000                    on MPI rank :      201
     Waiting lbc_lnk time :    0.000000 ( 0.0 %)           on MPI rank :      201
     Waiting  global time :    0.000000 ( 0.0 %)           on MPI rank :      201
     Total           time :  107.707939 (SYPD:     2.152 ) on MPI rank :      201
     Computing       time :    0.000000                    on MPI rank :      202
     Waiting lbc_lnk time :    0.000000 ( 0.0 %)           on MPI rank :      202
     Waiting  global time :    0.000000 ( 0.0 %)           on MPI rank :      202
     Total           time :  107.707534 (SYPD:     2.152 ) on MPI rank :      202
     Computing       time :    0.000000                    on MPI rank :      203
     Waiting lbc_lnk time :    0.000000 ( 0.0 %)           on MPI rank :      203
     Waiting  global time :    0.000000 ( 0.0 %)           on MPI rank :      203
     Total           time :  107.707369 (SYPD:     2.152 ) on MPI rank :      203
     Computing       time :    0.000000                    on MPI rank :      204
     Waiting lbc_lnk time :    0.000000 ( 0.0 %)           on MPI rank :      204
     Waiting  global time :    0.000000 ( 0.0 %)           on MPI rank :      204
     Total           time :  107.707196 (SYPD:     2.152 ) on MPI rank :      204
     Computing       time :    0.000000                    on MPI rank :      205
     Waiting lbc_lnk time :    0.000000 ( 0.0 %)           on MPI rank :      205
     Waiting  global time :    0.000000 ( 0.0 %)           on MPI rank :      205
     Total           time :  107.708166 (SYPD:     2.152 ) on MPI rank :      205
     Computing       time :    0.000000                    on MPI rank :      206
     Waiting lbc_lnk time :    0.000000 ( 0.0 %)           on MPI rank :      206
     Waiting  global time :    0.000000 ( 0.0 %)           on MPI rank :      206
     Total           time :  107.707321 (SYPD:     2.152 ) on MPI rank :      206
     Computing       time :    0.000000                    on MPI rank :      207
     Waiting lbc_lnk time :    0.000000 ( 0.0 %)           on MPI rank :      207
     Waiting  global time :    0.000000 ( 0.0 %)           on MPI rank :      207
     Total           time :  107.707015 (SYPD:     2.152 ) on MPI rank :      207
     Computing       time :    0.000000                    on MPI rank :      208
     Waiting lbc_lnk time :    0.000000 ( 0.0 %)           on MPI rank :      208
     Waiting  global time :    0.000000 ( 0.0 %)           on MPI rank :      208
     Total           time :  107.706868 (SYPD:     2.152 ) on MPI rank :      208
     Computing       time :    0.000000                    on MPI rank :      209
     Waiting lbc_lnk time :    0.000000 ( 0.0 %)           on MPI rank :      209
     Waiting  global time :    0.000000 ( 0.0 %)           on MPI rank :      209
     Total           time :  107.707498 (SYPD:     2.152 ) on MPI rank :      209
     Computing       time :    0.000000                    on MPI rank :      210
     Waiting lbc_lnk time :    0.000000 ( 0.0 %)           on MPI rank :      210
     Waiting  global time :    0.000000 ( 0.0 %)           on MPI rank :      210
     Total           time :  107.706813 (SYPD:     2.152 ) on MPI rank :      210
     Computing       time :    0.000000                    on MPI rank :      211
     Waiting lbc_lnk time :    0.000000 ( 0.0 %)           on MPI rank :      211
     Waiting  global time :    0.000000 ( 0.0 %)           on MPI rank :      211
     Total           time :  107.707483 (SYPD:     2.152 ) on MPI rank :      211
     Computing       time :    0.000000                    on MPI rank :      212
     Waiting lbc_lnk time :    0.000000 ( 0.0 %)           on MPI rank :      212
     Waiting  global time :    0.000000 ( 0.0 %)           on MPI rank :      212
     Total           time :  107.707669 (SYPD:     2.152 ) on MPI rank :      212
     Computing       time :    0.000000                    on MPI rank :      213
     Waiting lbc_lnk time :    0.000000 ( 0.0 %)           on MPI rank :      213
     Waiting  global time :    0.000000 ( 0.0 %)           on MPI rank :      213
     Total           time :  107.706868 (SYPD:     2.152 ) on MPI rank :      213
     Computing       time :    0.000000                    on MPI rank :      214
     Waiting lbc_lnk time :    0.000000 ( 0.0 %)           on MPI rank :      214
     Waiting  global time :    0.000000 ( 0.0 %)           on MPI rank :      214
     Total           time :  107.708211 (SYPD:     2.152 ) on MPI rank :      214
     Computing       time :    0.000000                    on MPI rank :      215
     Waiting lbc_lnk time :    0.000000 ( 0.0 %)           on MPI rank :      215
     Waiting  global time :    0.000000 ( 0.0 %)           on MPI rank :      215
     Total           time :  107.707609 (SYPD:     2.152 ) on MPI rank :      215
     Computing       time :    0.000000                    on MPI rank :      216
     Waiting lbc_lnk time :    0.000000 ( 0.0 %)           on MPI rank :      216
     Waiting  global time :    0.000000 ( 0.0 %)           on MPI rank :      216
     Total           time :  107.707695 (SYPD:     2.152 ) on MPI rank :      216
     Computing       time :    0.000000                    on MPI rank :      217
     Waiting lbc_lnk time :    0.000000 ( 0.0 %)           on MPI rank :      217
     Waiting  global time :    0.000000 ( 0.0 %)           on MPI rank :      217
     Total           time :  107.708202 (SYPD:     2.152 ) on MPI rank :      217
     Computing       time :    0.000000                    on MPI rank :      218
     Waiting lbc_lnk time :    0.000000 ( 0.0 %)           on MPI rank :      218
     Waiting  global time :    0.000000 ( 0.0 %)           on MPI rank :      218
     Total           time :  107.707520 (SYPD:     2.152 ) on MPI rank :      218
     Computing       time :    0.000000                    on MPI rank :      219
     Waiting lbc_lnk time :    0.000000 ( 0.0 %)           on MPI rank :      219
     Waiting  global time :    0.000000 ( 0.0 %)           on MPI rank :      219
     Total           time :  107.707261 (SYPD:     2.152 ) on MPI rank :      219
     Computing       time :    0.000000                    on MPI rank :      220
     Waiting lbc_lnk time :    0.000000 ( 0.0 %)           on MPI rank :      220
     Waiting  global time :    0.000000 ( 0.0 %)           on MPI rank :      220
     Total           time :  107.707668 (SYPD:     2.152 ) on MPI rank :      220
     Computing       time :    0.000000                    on MPI rank :      221
     Waiting lbc_lnk time :    0.000000 ( 0.0 %)           on MPI rank :      221
     Waiting  global time :    0.000000 ( 0.0 %)           on MPI rank :      221
     Total           time :  107.708073 (SYPD:     2.152 ) on MPI rank :      221
     Computing       time :    0.000000                    on MPI rank :      222
     Waiting lbc_lnk time :    0.000000 ( 0.0 %)           on MPI rank :      222
     Waiting  global time :    0.000000 ( 0.0 %)           on MPI rank :      222
     Total           time :  107.707309 (SYPD:     2.152 ) on MPI rank :      222
     Computing       time :    0.000000                    on MPI rank :      223
     Waiting lbc_lnk time :    0.000000 ( 0.0 %)           on MPI rank :      223
     Waiting  global time :    0.000000 ( 0.0 %)           on MPI rank :      223
     Total           time :  107.707812 (SYPD:     2.152 ) on MPI rank :      223
     Computing       time :    0.000000                    on MPI rank :      224
     Waiting lbc_lnk time :    0.000000 ( 0.0 %)           on MPI rank :      224
     Waiting  global time :    0.000000 ( 0.0 %)           on MPI rank :      224
     Total           time :  107.707118 (SYPD:     2.152 ) on MPI rank :      224
     Computing       time :    0.000000                    on MPI rank :      225
     Waiting lbc_lnk time :    0.000000 ( 0.0 %)           on MPI rank :      225
     Waiting  global time :    0.000000 ( 0.0 %)           on MPI rank :      225
     Total           time :  107.707710 (SYPD:     2.152 ) on MPI rank :      225
     Computing       time :    0.000000                    on MPI rank :      226
     Waiting lbc_lnk time :    0.000000 ( 0.0 %)           on MPI rank :      226
     Waiting  global time :    0.000000 ( 0.0 %)           on MPI rank :      226
     Total           time :  107.707878 (SYPD:     2.152 ) on MPI rank :      226
     Computing       time :    0.000000                    on MPI rank :      227
     Waiting lbc_lnk time :    0.000000 ( 0.0 %)           on MPI rank :      227
     Waiting  global time :    0.000000 ( 0.0 %)           on MPI rank :      227
     Total           time :  107.707995 (SYPD:     2.152 ) on MPI rank :      227
     Computing       time :    0.000000                    on MPI rank :      228
     Waiting lbc_lnk time :    0.000000 ( 0.0 %)           on MPI rank :      228
     Waiting  global time :    0.000000 ( 0.0 %)           on MPI rank :      228
     Total           time :  107.708155 (SYPD:     2.152 ) on MPI rank :      228
     Computing       time :    0.000000                    on MPI rank :      229
     Waiting lbc_lnk time :    0.000000 ( 0.0 %)           on MPI rank :      229
     Waiting  global time :    0.000000 ( 0.0 %)           on MPI rank :      229
     Total           time :  107.707530 (SYPD:     2.152 ) on MPI rank :      229
     Computing       time :    0.000000                    on MPI rank :      230
     Waiting lbc_lnk time :    0.000000 ( 0.0 %)           on MPI rank :      230
     Waiting  global time :    0.000000 ( 0.0 %)           on MPI rank :      230
     Total           time :  107.707916 (SYPD:     2.152 ) on MPI rank :      230
     Computing       time :    0.000000                    on MPI rank :      231
     Waiting lbc_lnk time :    0.000000 ( 0.0 %)           on MPI rank :      231
     Waiting  global time :    0.000000 ( 0.0 %)           on MPI rank :      231
     Total           time :  107.708473 (SYPD:     2.152 ) on MPI rank :      231
     Computing       time :    0.000000                    on MPI rank :      232
     Waiting lbc_lnk time :    0.000000 ( 0.0 %)           on MPI rank :      232
     Waiting  global time :    0.000000 ( 0.0 %)           on MPI rank :      232
     Total           time :  107.707993 (SYPD:     2.152 ) on MPI rank :      232
     Computing       time :    0.000000                    on MPI rank :      233
     Waiting lbc_lnk time :    0.000000 ( 0.0 %)           on MPI rank :      233
     Waiting  global time :    0.000000 ( 0.0 %)           on MPI rank :      233
     Total           time :  107.707662 (SYPD:     2.152 ) on MPI rank :      233
     Computing       time :    0.000000                    on MPI rank :      234
     Waiting lbc_lnk time :    0.000000 ( 0.0 %)           on MPI rank :      234
     Waiting  global time :    0.000000 ( 0.0 %)           on MPI rank :      234
     Total           time :  107.708347 (SYPD:     2.152 ) on MPI rank :      234
     Computing       time :    0.000000                    on MPI rank :      235
     Waiting lbc_lnk time :    0.000000 ( 0.0 %)           on MPI rank :      235
     Waiting  global time :    0.000000 ( 0.0 %)           on MPI rank :      235
     Total           time :  107.708588 (SYPD:     2.152 ) on MPI rank :      235
     Computing       time :    0.000000                    on MPI rank :      236
     Waiting lbc_lnk time :    0.000000 ( 0.0 %)           on MPI rank :      236
     Waiting  global time :    0.000000 ( 0.0 %)           on MPI rank :      236
     Total           time :  107.707689 (SYPD:     2.152 ) on MPI rank :      236
     Computing       time :    0.000000                    on MPI rank :      237
     Waiting lbc_lnk time :    0.000000 ( 0.0 %)           on MPI rank :      237
     Waiting  global time :    0.000000 ( 0.0 %)           on MPI rank :      237
     Total           time :  107.707823 (SYPD:     2.152 ) on MPI rank :      237
     Computing       time :    0.000000                    on MPI rank :      238
     Waiting lbc_lnk time :    0.000000 ( 0.0 %)           on MPI rank :      238
     Waiting  global time :    0.000000 ( 0.0 %)           on MPI rank :      238
     Total           time :  107.707839 (SYPD:     2.152 ) on MPI rank :      238
     Computing       time :    0.000000                    on MPI rank :      239
     Waiting lbc_lnk time :    0.000000 ( 0.0 %)           on MPI rank :      239
     Waiting  global time :    0.000000 ( 0.0 %)           on MPI rank :      239
     Total           time :  107.707965 (SYPD:     2.152 ) on MPI rank :      239
     Computing       time :    0.000000                    on MPI rank :      240
     Waiting lbc_lnk time :    0.000000 ( 0.0 %)           on MPI rank :      240
     Waiting  global time :    0.000000 ( 0.0 %)           on MPI rank :      240
     Total           time :  107.707901 (SYPD:     2.152 ) on MPI rank :      240
     Computing       time :    0.000000                    on MPI rank :      241
     Waiting lbc_lnk time :    0.000000 ( 0.0 %)           on MPI rank :      241
     Waiting  global time :    0.000000 ( 0.0 %)           on MPI rank :      241
     Total           time :  107.707733 (SYPD:     2.152 ) on MPI rank :      241
     Computing       time :    0.000000                    on MPI rank :      242
     Waiting lbc_lnk time :    0.000000 ( 0.0 %)           on MPI rank :      242
     Waiting  global time :    0.000000 ( 0.0 %)           on MPI rank :      242
     Total           time :  107.707683 (SYPD:     2.152 ) on MPI rank :      242
     Computing       time :    0.000000                    on MPI rank :      243
     Waiting lbc_lnk time :    0.000000 ( 0.0 %)           on MPI rank :      243
     Waiting  global time :    0.000000 ( 0.0 %)           on MPI rank :      243
     Total           time :  107.708660 (SYPD:     2.152 ) on MPI rank :      243
     Computing       time :    0.000000                    on MPI rank :      244
     Waiting lbc_lnk time :    0.000000 ( 0.0 %)           on MPI rank :      244
     Waiting  global time :    0.000000 ( 0.0 %)           on MPI rank :      244
     Total           time :  107.707469 (SYPD:     2.152 ) on MPI rank :      244
     Computing       time :    0.000000                    on MPI rank :      245
     Waiting lbc_lnk time :    0.000000 ( 0.0 %)           on MPI rank :      245
     Waiting  global time :    0.000000 ( 0.0 %)           on MPI rank :      245
     Total           time :  107.707964 (SYPD:     2.152 ) on MPI rank :      245
     Computing       time :    0.000000                    on MPI rank :      246
     Waiting lbc_lnk time :    0.000000 ( 0.0 %)           on MPI rank :      246
     Waiting  global time :    0.000000 ( 0.0 %)           on MPI rank :      246
     Total           time :  107.707771 (SYPD:     2.152 ) on MPI rank :      246
     Computing       time :    0.000000                    on MPI rank :      247
     Waiting lbc_lnk time :    0.000000 ( 0.0 %)           on MPI rank :      247
     Waiting  global time :    0.000000 ( 0.0 %)           on MPI rank :      247
     Total           time :  107.708405 (SYPD:     2.152 ) on MPI rank :      247
     Computing       time :    0.000000                    on MPI rank :      248
     Waiting lbc_lnk time :    0.000000 ( 0.0 %)           on MPI rank :      248
     Waiting  global time :    0.000000 ( 0.0 %)           on MPI rank :      248
     Total           time :  107.707888 (SYPD:     2.152 ) on MPI rank :      248
     Computing       time :    0.000000                    on MPI rank :      249
     Waiting lbc_lnk time :    0.000000 ( 0.0 %)           on MPI rank :      249
     Waiting  global time :    0.000000 ( 0.0 %)           on MPI rank :      249
     Total           time :  107.708001 (SYPD:     2.152 ) on MPI rank :      249
     Computing       time :    0.000000                    on MPI rank :      250
     Waiting lbc_lnk time :    0.000000 ( 0.0 %)           on MPI rank :      250
     Waiting  global time :    0.000000 ( 0.0 %)           on MPI rank :      250
     Total           time :  107.708424 (SYPD:     2.152 ) on MPI rank :      250
     Computing       time :    0.000000                    on MPI rank :      251
     Waiting lbc_lnk time :    0.000000 ( 0.0 %)           on MPI rank :      251
     Waiting  global time :    0.000000 ( 0.0 %)           on MPI rank :      251
     Total           time :  107.708517 (SYPD:     2.152 ) on MPI rank :      251
     Computing       time :    0.000000                    on MPI rank :      252
     Waiting lbc_lnk time :    0.000000 ( 0.0 %)           on MPI rank :      252
     Waiting  global time :    0.000000 ( 0.0 %)           on MPI rank :      252
     Total           time :  107.708224 (SYPD:     2.152 ) on MPI rank :      252
     Computing       time :    0.000000                    on MPI rank :      253
     Waiting lbc_lnk time :    0.000000 ( 0.0 %)           on MPI rank :      253
     Waiting  global time :    0.000000 ( 0.0 %)           on MPI rank :      253
     Total           time :  107.707790 (SYPD:     2.152 ) on MPI rank :      253
     Computing       time :    0.000000                    on MPI rank :      254
     Waiting lbc_lnk time :    0.000000 ( 0.0 %)           on MPI rank :      254
     Waiting  global time :    0.000000 ( 0.0 %)           on MPI rank :      254
     Total           time :  107.707773 (SYPD:     2.152 ) on MPI rank :      254
     Computing       time :    0.000000                    on MPI rank :      255
     Waiting lbc_lnk time :    0.000000 ( 0.0 %)           on MPI rank :      255
     Waiting  global time :    0.000000 ( 0.0 %)           on MPI rank :      255
     Total           time :  107.707471 (SYPD:     2.152 ) on MPI rank :      255
     Computing       time :    0.000000                    on MPI rank :      256
     Waiting lbc_lnk time :    0.000000 ( 0.0 %)           on MPI rank :      256
     Waiting  global time :    0.000000 ( 0.0 %)           on MPI rank :      256
     Total           time :  107.707817 (SYPD:     2.152 ) on MPI rank :      256
     Computing       time :    0.000000                    on MPI rank :      257
     Waiting lbc_lnk time :    0.000000 ( 0.0 %)           on MPI rank :      257
     Waiting  global time :    0.000000 ( 0.0 %)           on MPI rank :      257
     Total           time :  107.707471 (SYPD:     2.152 ) on MPI rank :      257
     Computing       time :    0.000000                    on MPI rank :      258
     Waiting lbc_lnk time :    0.000000 ( 0.0 %)           on MPI rank :      258
     Waiting  global time :    0.000000 ( 0.0 %)           on MPI rank :      258
     Total           time :  107.707193 (SYPD:     2.152 ) on MPI rank :      258
     Computing       time :    0.000000                    on MPI rank :      259
     Waiting lbc_lnk time :    0.000000 ( 0.0 %)           on MPI rank :      259
     Waiting  global time :    0.000000 ( 0.0 %)           on MPI rank :      259
     Total           time :  107.707302 (SYPD:     2.152 ) on MPI rank :      259
     Computing       time :    0.000000                    on MPI rank :      260
     Waiting lbc_lnk time :    0.000000 ( 0.0 %)           on MPI rank :      260
     Waiting  global time :    0.000000 ( 0.0 %)           on MPI rank :      260
     Total           time :  107.706964 (SYPD:     2.152 ) on MPI rank :      260
     Computing       time :    0.000000                    on MPI rank :      261
     Waiting lbc_lnk time :    0.000000 ( 0.0 %)           on MPI rank :      261
     Waiting  global time :    0.000000 ( 0.0 %)           on MPI rank :      261
     Total           time :  107.707806 (SYPD:     2.152 ) on MPI rank :      261
     Computing       time :    0.000000                    on MPI rank :      262
     Waiting lbc_lnk time :    0.000000 ( 0.0 %)           on MPI rank :      262
     Waiting  global time :    0.000000 ( 0.0 %)           on MPI rank :      262
     Total           time :  107.707281 (SYPD:     2.152 ) on MPI rank :      262
     Computing       time :    0.000000                    on MPI rank :      263
     Waiting lbc_lnk time :    0.000000 ( 0.0 %)           on MPI rank :      263
     Waiting  global time :    0.000000 ( 0.0 %)           on MPI rank :      263
     Total           time :  107.707684 (SYPD:     2.152 ) on MPI rank :      263
     Computing       time :    0.000000                    on MPI rank :      264
     Waiting lbc_lnk time :    0.000000 ( 0.0 %)           on MPI rank :      264
     Waiting  global time :    0.000000 ( 0.0 %)           on MPI rank :      264
     Total           time :  107.706832 (SYPD:     2.152 ) on MPI rank :      264
     Computing       time :    0.000000                    on MPI rank :      265
     Waiting lbc_lnk time :    0.000000 ( 0.0 %)           on MPI rank :      265
     Waiting  global time :    0.000000 ( 0.0 %)           on MPI rank :      265
     Total           time :  107.707463 (SYPD:     2.152 ) on MPI rank :      265
     Computing       time :    0.000000                    on MPI rank :      266
     Waiting lbc_lnk time :    0.000000 ( 0.0 %)           on MPI rank :      266
     Waiting  global time :    0.000000 ( 0.0 %)           on MPI rank :      266
     Total           time :  107.707078 (SYPD:     2.152 ) on MPI rank :      266
     Computing       time :    0.000000                    on MPI rank :      267
     Waiting lbc_lnk time :    0.000000 ( 0.0 %)           on MPI rank :      267
     Waiting  global time :    0.000000 ( 0.0 %)           on MPI rank :      267
     Total           time :  107.707465 (SYPD:     2.152 ) on MPI rank :      267
     Computing       time :    0.000000                    on MPI rank :      268
     Waiting lbc_lnk time :    0.000000 ( 0.0 %)           on MPI rank :      268
     Waiting  global time :    0.000000 ( 0.0 %)           on MPI rank :      268
     Total           time :  107.707145 (SYPD:     2.152 ) on MPI rank :      268
     Computing       time :    0.000000                    on MPI rank :      269
     Waiting lbc_lnk time :    0.000000 ( 0.0 %)           on MPI rank :      269
     Waiting  global time :    0.000000 ( 0.0 %)           on MPI rank :      269
     Total           time :  107.707766 (SYPD:     2.152 ) on MPI rank :      269
     Computing       time :    0.000000                    on MPI rank :      270
     Waiting lbc_lnk time :    0.000000 ( 0.0 %)           on MPI rank :      270
     Waiting  global time :    0.000000 ( 0.0 %)           on MPI rank :      270
     Total           time :  107.707797 (SYPD:     2.152 ) on MPI rank :      270
     Computing       time :    0.000000                    on MPI rank :      271
     Waiting lbc_lnk time :    0.000000 ( 0.0 %)           on MPI rank :      271
     Waiting  global time :    0.000000 ( 0.0 %)           on MPI rank :      271
     Total           time :  107.708013 (SYPD:     2.152 ) on MPI rank :      271
     Computing       time :    0.000000                    on MPI rank :      272
     Waiting lbc_lnk time :    0.000000 ( 0.0 %)           on MPI rank :      272
     Waiting  global time :    0.000000 ( 0.0 %)           on MPI rank :      272
     Total           time :  107.707762 (SYPD:     2.152 ) on MPI rank :      272
     Computing       time :    0.000000                    on MPI rank :      273
     Waiting lbc_lnk time :    0.000000 ( 0.0 %)           on MPI rank :      273
     Waiting  global time :    0.000000 ( 0.0 %)           on MPI rank :      273
     Total           time :  107.706944 (SYPD:     2.152 ) on MPI rank :      273
     Computing       time :    0.000000                    on MPI rank :      274
     Waiting lbc_lnk time :    0.000000 ( 0.0 %)           on MPI rank :      274
     Waiting  global time :    0.000000 ( 0.0 %)           on MPI rank :      274
     Total           time :  107.707398 (SYPD:     2.152 ) on MPI rank :      274
     Computing       time :    0.000000                    on MPI rank :      275
     Waiting lbc_lnk time :    0.000000 ( 0.0 %)           on MPI rank :      275
     Waiting  global time :    0.000000 ( 0.0 %)           on MPI rank :      275
     Total           time :  107.707363 (SYPD:     2.152 ) on MPI rank :      275
     Computing       time :    0.000000                    on MPI rank :      276
     Waiting lbc_lnk time :    0.000000 ( 0.0 %)           on MPI rank :      276
     Waiting  global time :    0.000000 ( 0.0 %)           on MPI rank :      276
     Total           time :  107.707713 (SYPD:     2.152 ) on MPI rank :      276
     Computing       time :    0.000000                    on MPI rank :      277
     Waiting lbc_lnk time :    0.000000 ( 0.0 %)           on MPI rank :      277
     Waiting  global time :    0.000000 ( 0.0 %)           on MPI rank :      277
     Total           time :  107.707139 (SYPD:     2.152 ) on MPI rank :      277
     Computing       time :    0.000000                    on MPI rank :      278
     Waiting lbc_lnk time :    0.000000 ( 0.0 %)           on MPI rank :      278
     Waiting  global time :    0.000000 ( 0.0 %)           on MPI rank :      278
     Total           time :  107.707423 (SYPD:     2.152 ) on MPI rank :      278
     Computing       time :    0.000000                    on MPI rank :      279
     Waiting lbc_lnk time :    0.000000 ( 0.0 %)           on MPI rank :      279
     Waiting  global time :    0.000000 ( 0.0 %)           on MPI rank :      279
     Total           time :  107.707098 (SYPD:     2.152 ) on MPI rank :      279
     Computing       time :    0.000000                    on MPI rank :      280
     Waiting lbc_lnk time :    0.000000 ( 0.0 %)           on MPI rank :      280
     Waiting  global time :    0.000000 ( 0.0 %)           on MPI rank :      280
     Total           time :  107.707858 (SYPD:     2.152 ) on MPI rank :      280
     Computing       time :    0.000000                    on MPI rank :      281
     Waiting lbc_lnk time :    0.000000 ( 0.0 %)           on MPI rank :      281
     Waiting  global time :    0.000000 ( 0.0 %)           on MPI rank :      281
     Total           time :  107.707656 (SYPD:     2.152 ) on MPI rank :      281
     Computing       time :    0.000000                    on MPI rank :      282
     Waiting lbc_lnk time :    0.000000 ( 0.0 %)           on MPI rank :      282
     Waiting  global time :    0.000000 ( 0.0 %)           on MPI rank :      282
     Total           time :  107.707470 (SYPD:     2.152 ) on MPI rank :      282
     Computing       time :    0.000000                    on MPI rank :      283
     Waiting lbc_lnk time :    0.000000 ( 0.0 %)           on MPI rank :      283
     Waiting  global time :    0.000000 ( 0.0 %)           on MPI rank :      283
     Total           time :  107.708058 (SYPD:     2.152 ) on MPI rank :      283
     Computing       time :    0.000000                    on MPI rank :      284
     Waiting lbc_lnk time :    0.000000 ( 0.0 %)           on MPI rank :      284
     Waiting  global time :    0.000000 ( 0.0 %)           on MPI rank :      284
     Total           time :  107.708024 (SYPD:     2.152 ) on MPI rank :      284
     Computing       time :    0.000000                    on MPI rank :      285
     Waiting lbc_lnk time :    0.000000 ( 0.0 %)           on MPI rank :      285
     Waiting  global time :    0.000000 ( 0.0 %)           on MPI rank :      285
     Total           time :  107.708444 (SYPD:     2.152 ) on MPI rank :      285
     Computing       time :    0.000000                    on MPI rank :      286
     Waiting lbc_lnk time :    0.000000 ( 0.0 %)           on MPI rank :      286
     Waiting  global time :    0.000000 ( 0.0 %)           on MPI rank :      286
     Total           time :  107.707815 (SYPD:     2.152 ) on MPI rank :      286
     Computing       time :    0.000000                    on MPI rank :      287
     Waiting lbc_lnk time :    0.000000 ( 0.0 %)           on MPI rank :      287
     Waiting  global time :    0.000000 ( 0.0 %)           on MPI rank :      287
     Total           time :  107.707548 (SYPD:     2.152 ) on MPI rank :      287
     Computing       time :    0.000000                    on MPI rank :      288
     Waiting lbc_lnk time :    0.000000 ( 0.0 %)           on MPI rank :      288
     Waiting  global time :    0.000000 ( 0.0 %)           on MPI rank :      288
     Total           time :  107.707239 (SYPD:     2.152 ) on MPI rank :      288
     Computing       time :    0.000000                    on MPI rank :      289
     Waiting lbc_lnk time :    0.000000 ( 0.0 %)           on MPI rank :      289
     Waiting  global time :    0.000000 ( 0.0 %)           on MPI rank :      289
     Total           time :  107.707771 (SYPD:     2.152 ) on MPI rank :      289
     Computing       time :    0.000000                    on MPI rank :      290
     Waiting lbc_lnk time :    0.000000 ( 0.0 %)           on MPI rank :      290
     Waiting  global time :    0.000000 ( 0.0 %)           on MPI rank :      290
     Total           time :  107.708063 (SYPD:     2.152 ) on MPI rank :      290
     Computing       time :    0.000000                    on MPI rank :      291
     Waiting lbc_lnk time :    0.000000 ( 0.0 %)           on MPI rank :      291
     Waiting  global time :    0.000000 ( 0.0 %)           on MPI rank :      291
     Total           time :  107.707593 (SYPD:     2.152 ) on MPI rank :      291
     Computing       time :    0.000000                    on MPI rank :      292
     Waiting lbc_lnk time :    0.000000 ( 0.0 %)           on MPI rank :      292
     Waiting  global time :    0.000000 ( 0.0 %)           on MPI rank :      292
     Total           time :  107.707880 (SYPD:     2.152 ) on MPI rank :      292
     Computing       time :    0.000000                    on MPI rank :      293
     Waiting lbc_lnk time :    0.000000 ( 0.0 %)           on MPI rank :      293
     Waiting  global time :    0.000000 ( 0.0 %)           on MPI rank :      293
     Total           time :  107.707730 (SYPD:     2.152 ) on MPI rank :      293
     Computing       time :    0.000000                    on MPI rank :      294
     Waiting lbc_lnk time :    0.000000 ( 0.0 %)           on MPI rank :      294
     Waiting  global time :    0.000000 ( 0.0 %)           on MPI rank :      294
     Total           time :  107.707852 (SYPD:     2.152 ) on MPI rank :      294
     Computing       time :    0.000000                    on MPI rank :      295
     Waiting lbc_lnk time :    0.000000 ( 0.0 %)           on MPI rank :      295
     Waiting  global time :    0.000000 ( 0.0 %)           on MPI rank :      295
     Total           time :  107.707689 (SYPD:     2.152 ) on MPI rank :      295
     Computing       time :    0.000000                    on MPI rank :      296
     Waiting lbc_lnk time :    0.000000 ( 0.0 %)           on MPI rank :      296
     Waiting  global time :    0.000000 ( 0.0 %)           on MPI rank :      296
     Total           time :  107.707828 (SYPD:     2.152 ) on MPI rank :      296
     Computing       time :    0.000000                    on MPI rank :      297
     Waiting lbc_lnk time :    0.000000 ( 0.0 %)           on MPI rank :      297
     Waiting  global time :    0.000000 ( 0.0 %)           on MPI rank :      297
     Total           time :  107.707995 (SYPD:     2.152 ) on MPI rank :      297
     Computing       time :    0.000000                    on MPI rank :      298
     Waiting lbc_lnk time :    0.000000 ( 0.0 %)           on MPI rank :      298
     Waiting  global time :    0.000000 ( 0.0 %)           on MPI rank :      298
     Total           time :  107.707894 (SYPD:     2.152 ) on MPI rank :      298
     Computing       time :    0.000000                    on MPI rank :      299
     Waiting lbc_lnk time :    0.000000 ( 0.0 %)           on MPI rank :      299
     Waiting  global time :    0.000000 ( 0.0 %)           on MPI rank :      299
     Total           time :  107.707675 (SYPD:     2.152 ) on MPI rank :      299
     Computing       time :    0.000000                    on MPI rank :      300
     Waiting lbc_lnk time :    0.000000 ( 0.0 %)           on MPI rank :      300
     Waiting  global time :    0.000000 ( 0.0 %)           on MPI rank :      300
     Total           time :  107.707364 (SYPD:     2.152 ) on MPI rank :      300
     Computing       time :    0.000000                    on MPI rank :      301
     Waiting lbc_lnk time :    0.000000 ( 0.0 %)           on MPI rank :      301
     Waiting  global time :    0.000000 ( 0.0 %)           on MPI rank :      301
     Total           time :  107.708079 (SYPD:     2.152 ) on MPI rank :      301
     Computing       time :    0.000000                    on MPI rank :      302
     Waiting lbc_lnk time :    0.000000 ( 0.0 %)           on MPI rank :      302
     Waiting  global time :    0.000000 ( 0.0 %)           on MPI rank :      302
     Total           time :  107.707554 (SYPD:     2.152 ) on MPI rank :      302
     Computing       time :    0.000000                    on MPI rank :      303
     Waiting lbc_lnk time :    0.000000 ( 0.0 %)           on MPI rank :      303
     Waiting  global time :    0.000000 ( 0.0 %)           on MPI rank :      303
     Total           time :  107.707917 (SYPD:     2.152 ) on MPI rank :      303
     Computing       time :    0.000000                    on MPI rank :      304
     Waiting lbc_lnk time :    0.000000 ( 0.0 %)           on MPI rank :      304
     Waiting  global time :    0.000000 ( 0.0 %)           on MPI rank :      304
     Total           time :  107.707854 (SYPD:     2.152 ) on MPI rank :      304
     Computing       time :    0.000000                    on MPI rank :      305
     Waiting lbc_lnk time :    0.000000 ( 0.0 %)           on MPI rank :      305
     Waiting  global time :    0.000000 ( 0.0 %)           on MPI rank :      305
     Total           time :  107.707913 (SYPD:     2.152 ) on MPI rank :      305
     Computing       time :    0.000000                    on MPI rank :      306
     Waiting lbc_lnk time :    0.000000 ( 0.0 %)           on MPI rank :      306
     Waiting  global time :    0.000000 ( 0.0 %)           on MPI rank :      306
     Total           time :  107.707943 (SYPD:     2.152 ) on MPI rank :      306
     Computing       time :    0.000000                    on MPI rank :      307
     Waiting lbc_lnk time :    0.000000 ( 0.0 %)           on MPI rank :      307
     Waiting  global time :    0.000000 ( 0.0 %)           on MPI rank :      307
     Total           time :  107.708049 (SYPD:     2.152 ) on MPI rank :      307
     Computing       time :    0.000000                    on MPI rank :      308
     Waiting lbc_lnk time :    0.000000 ( 0.0 %)           on MPI rank :      308
     Waiting  global time :    0.000000 ( 0.0 %)           on MPI rank :      308
     Total           time :  107.707926 (SYPD:     2.152 ) on MPI rank :      308
     Computing       time :    0.000000                    on MPI rank :      309
     Waiting lbc_lnk time :    0.000000 ( 0.0 %)           on MPI rank :      309
     Waiting  global time :    0.000000 ( 0.0 %)           on MPI rank :      309
     Total           time :  107.708253 (SYPD:     2.152 ) on MPI rank :      309
     Computing       time :    0.000000                    on MPI rank :      310
     Waiting lbc_lnk time :    0.000000 ( 0.0 %)           on MPI rank :      310
     Waiting  global time :    0.000000 ( 0.0 %)           on MPI rank :      310
     Total           time :  107.708067 (SYPD:     2.152 ) on MPI rank :      310
     Computing       time :    0.000000                    on MPI rank :      311
     Waiting lbc_lnk time :    0.000000 ( 0.0 %)           on MPI rank :      311
     Waiting  global time :    0.000000 ( 0.0 %)           on MPI rank :      311
     Total           time :  107.707815 (SYPD:     2.152 ) on MPI rank :      311
     Computing       time :    0.000000                    on MPI rank :      312
     Waiting lbc_lnk time :    0.000000 ( 0.0 %)           on MPI rank :      312
     Waiting  global time :    0.000000 ( 0.0 %)           on MPI rank :      312
     Total           time :  107.708127 (SYPD:     2.152 ) on MPI rank :      312
     Computing       time :    0.000000                    on MPI rank :      313
     Waiting lbc_lnk time :    0.000000 ( 0.0 %)           on MPI rank :      313
     Waiting  global time :    0.000000 ( 0.0 %)           on MPI rank :      313
     Total           time :  107.708362 (SYPD:     2.152 ) on MPI rank :      313
     Computing       time :    0.000000                    on MPI rank :      314
     Waiting lbc_lnk time :    0.000000 ( 0.0 %)           on MPI rank :      314
     Waiting  global time :    0.000000 ( 0.0 %)           on MPI rank :      314
     Total           time :  107.707269 (SYPD:     2.152 ) on MPI rank :      314
     Computing       time :    0.000000                    on MPI rank :      315
     Waiting lbc_lnk time :    0.000000 ( 0.0 %)           on MPI rank :      315
     Waiting  global time :    0.000000 ( 0.0 %)           on MPI rank :      315
     Total           time :  107.706920 (SYPD:     2.152 ) on MPI rank :      315
     Computing       time :    0.000000                    on MPI rank :      316
     Waiting lbc_lnk time :    0.000000 ( 0.0 %)           on MPI rank :      316
     Waiting  global time :    0.000000 ( 0.0 %)           on MPI rank :      316
     Total           time :  107.707015 (SYPD:     2.152 ) on MPI rank :      316
     Computing       time :    0.000000                    on MPI rank :      317
     Waiting lbc_lnk time :    0.000000 ( 0.0 %)           on MPI rank :      317
     Waiting  global time :    0.000000 ( 0.0 %)           on MPI rank :      317
     Total           time :  107.707967 (SYPD:     2.152 ) on MPI rank :      317
     Computing       time :    0.000000                    on MPI rank :      318
     Waiting lbc_lnk time :    0.000000 ( 0.0 %)           on MPI rank :      318
     Waiting  global time :    0.000000 ( 0.0 %)           on MPI rank :      318
     Total           time :  107.707835 (SYPD:     2.152 ) on MPI rank :      318
     Computing       time :    0.000000                    on MPI rank :      319
     Waiting lbc_lnk time :    0.000000 ( 0.0 %)           on MPI rank :      319
     Waiting  global time :    0.000000 ( 0.0 %)           on MPI rank :      319
     Total           time :  107.707786 (SYPD:     2.152 ) on MPI rank :      319
     Computing       time :    0.000000                    on MPI rank :      320
     Waiting lbc_lnk time :    0.000000 ( 0.0 %)           on MPI rank :      320
     Waiting  global time :    0.000000 ( 0.0 %)           on MPI rank :      320
     Total           time :  107.708136 (SYPD:     2.152 ) on MPI rank :      320
     Computing       time :    0.000000                    on MPI rank :      321
     Waiting lbc_lnk time :    0.000000 ( 0.0 %)           on MPI rank :      321
     Waiting  global time :    0.000000 ( 0.0 %)           on MPI rank :      321
     Total           time :  107.707720 (SYPD:     2.152 ) on MPI rank :      321
     Computing       time :    0.000000                    on MPI rank :      322
     Waiting lbc_lnk time :    0.000000 ( 0.0 %)           on MPI rank :      322
     Waiting  global time :    0.000000 ( 0.0 %)           on MPI rank :      322
     Total           time :  107.708725 (SYPD:     2.152 ) on MPI rank :      322
     Computing       time :    0.000000                    on MPI rank :      323
     Waiting lbc_lnk time :    0.000000 ( 0.0 %)           on MPI rank :      323
     Waiting  global time :    0.000000 ( 0.0 %)           on MPI rank :      323
     Total           time :  107.707509 (SYPD:     2.152 ) on MPI rank :      323
     Computing       time :    0.000000                    on MPI rank :      324
     Waiting lbc_lnk time :    0.000000 ( 0.0 %)           on MPI rank :      324
     Waiting  global time :    0.000000 ( 0.0 %)           on MPI rank :      324
     Total           time :  107.707880 (SYPD:     2.152 ) on MPI rank :      324
     Computing       time :    0.000000                    on MPI rank :      325
     Waiting lbc_lnk time :    0.000000 ( 0.0 %)           on MPI rank :      325
     Waiting  global time :    0.000000 ( 0.0 %)           on MPI rank :      325
     Total           time :  107.708176 (SYPD:     2.152 ) on MPI rank :      325
     Computing       time :    0.000000                    on MPI rank :      326
     Waiting lbc_lnk time :    0.000000 ( 0.0 %)           on MPI rank :      326
     Waiting  global time :    0.000000 ( 0.0 %)           on MPI rank :      326
     Total           time :  107.707754 (SYPD:     2.152 ) on MPI rank :      326
     Computing       time :    0.000000                    on MPI rank :      327
     Waiting lbc_lnk time :    0.000000 ( 0.0 %)           on MPI rank :      327
     Waiting  global time :    0.000000 ( 0.0 %)           on MPI rank :      327
     Total           time :  107.707801 (SYPD:     2.152 ) on MPI rank :      327
     Computing       time :    0.000000                    on MPI rank :      328
     Waiting lbc_lnk time :    0.000000 ( 0.0 %)           on MPI rank :      328
     Waiting  global time :    0.000000 ( 0.0 %)           on MPI rank :      328
     Total           time :  107.708161 (SYPD:     2.152 ) on MPI rank :      328
     Computing       time :    0.000000                    on MPI rank :      329
     Waiting lbc_lnk time :    0.000000 ( 0.0 %)           on MPI rank :      329
     Waiting  global time :    0.000000 ( 0.0 %)           on MPI rank :      329
     Total           time :  107.707178 (SYPD:     2.152 ) on MPI rank :      329
     Computing       time :    0.000000                    on MPI rank :      330
     Waiting lbc_lnk time :    0.000000 ( 0.0 %)           on MPI rank :      330
     Waiting  global time :    0.000000 ( 0.0 %)           on MPI rank :      330
     Total           time :  107.707139 (SYPD:     2.152 ) on MPI rank :      330
     Computing       time :    0.000000                    on MPI rank :      331
     Waiting lbc_lnk time :    0.000000 ( 0.0 %)           on MPI rank :      331
     Waiting  global time :    0.000000 ( 0.0 %)           on MPI rank :      331
     Total           time :  107.707513 (SYPD:     2.152 ) on MPI rank :      331
     Computing       time :    0.000000                    on MPI rank :      332
     Waiting lbc_lnk time :    0.000000 ( 0.0 %)           on MPI rank :      332
     Waiting  global time :    0.000000 ( 0.0 %)           on MPI rank :      332
     Total           time :  107.707846 (SYPD:     2.152 ) on MPI rank :      332
     Computing       time :    0.000000                    on MPI rank :      333
     Waiting lbc_lnk time :    0.000000 ( 0.0 %)           on MPI rank :      333
     Waiting  global time :    0.000000 ( 0.0 %)           on MPI rank :      333
     Total           time :  107.707777 (SYPD:     2.152 ) on MPI rank :      333
     Computing       time :    0.000000                    on MPI rank :      334
     Waiting lbc_lnk time :    0.000000 ( 0.0 %)           on MPI rank :      334
     Waiting  global time :    0.000000 ( 0.0 %)           on MPI rank :      334
     Total           time :  107.708141 (SYPD:     2.152 ) on MPI rank :      334
     Computing       time :    0.000000                    on MPI rank :      335
     Waiting lbc_lnk time :    0.000000 ( 0.0 %)           on MPI rank :      335
     Waiting  global time :    0.000000 ( 0.0 %)           on MPI rank :      335
     Total           time :  107.707668 (SYPD:     2.152 ) on MPI rank :      335
     Computing       time :    0.000000                    on MPI rank :      336
     Waiting lbc_lnk time :    0.000000 ( 0.0 %)           on MPI rank :      336
     Waiting  global time :    0.000000 ( 0.0 %)           on MPI rank :      336
     Total           time :  107.708117 (SYPD:     2.152 ) on MPI rank :      336
     Computing       time :    0.000000                    on MPI rank :      337
     Waiting lbc_lnk time :    0.000000 ( 0.0 %)           on MPI rank :      337
     Waiting  global time :    0.000000 ( 0.0 %)           on MPI rank :      337
     Total           time :  107.707611 (SYPD:     2.152 ) on MPI rank :      337
     Computing       time :    0.000000                    on MPI rank :      338
     Waiting lbc_lnk time :    0.000000 ( 0.0 %)           on MPI rank :      338
     Waiting  global time :    0.000000 ( 0.0 %)           on MPI rank :      338
     Total           time :  107.707926 (SYPD:     2.152 ) on MPI rank :      338
     Computing       time :    0.000000                    on MPI rank :      339
     Waiting lbc_lnk time :    0.000000 ( 0.0 %)           on MPI rank :      339
     Waiting  global time :    0.000000 ( 0.0 %)           on MPI rank :      339
     Total           time :  107.707514 (SYPD:     2.152 ) on MPI rank :      339
     Computing       time :    0.000000                    on MPI rank :      340
     Waiting lbc_lnk time :    0.000000 ( 0.0 %)           on MPI rank :      340
     Waiting  global time :    0.000000 ( 0.0 %)           on MPI rank :      340
     Total           time :  107.707946 (SYPD:     2.152 ) on MPI rank :      340
     Computing       time :    0.000000                    on MPI rank :      341
     Waiting lbc_lnk time :    0.000000 ( 0.0 %)           on MPI rank :      341
     Waiting  global time :    0.000000 ( 0.0 %)           on MPI rank :      341
     Total           time :  107.707955 (SYPD:     2.152 ) on MPI rank :      341
     Computing       time :    0.000000                    on MPI rank :      342
     Waiting lbc_lnk time :    0.000000 ( 0.0 %)           on MPI rank :      342
     Waiting  global time :    0.000000 ( 0.0 %)           on MPI rank :      342
     Total           time :  107.707830 (SYPD:     2.152 ) on MPI rank :      342
     Computing       time :    0.000000                    on MPI rank :      343
     Waiting lbc_lnk time :    0.000000 ( 0.0 %)           on MPI rank :      343
     Waiting  global time :    0.000000 ( 0.0 %)           on MPI rank :      343
     Total           time :  107.707701 (SYPD:     2.152 ) on MPI rank :      343
     Computing       time :    0.000000                    on MPI rank :      344
     Waiting lbc_lnk time :    0.000000 ( 0.0 %)           on MPI rank :      344
     Waiting  global time :    0.000000 ( 0.0 %)           on MPI rank :      344
     Total           time :  107.707606 (SYPD:     2.152 ) on MPI rank :      344
     Computing       time :    0.000000                    on MPI rank :      345
     Waiting lbc_lnk time :    0.000000 ( 0.0 %)           on MPI rank :      345
     Waiting  global time :    0.000000 ( 0.0 %)           on MPI rank :      345
     Total           time :  107.707367 (SYPD:     2.152 ) on MPI rank :      345
     Computing       time :    0.000000                    on MPI rank :      346
     Waiting lbc_lnk time :    0.000000 ( 0.0 %)           on MPI rank :      346
     Waiting  global time :    0.000000 ( 0.0 %)           on MPI rank :      346
     Total           time :  107.707726 (SYPD:     2.152 ) on MPI rank :      346
     Computing       time :    0.000000                    on MPI rank :      347
     Waiting lbc_lnk time :    0.000000 ( 0.0 %)           on MPI rank :      347
     Waiting  global time :    0.000000 ( 0.0 %)           on MPI rank :      347
     Total           time :  107.708022 (SYPD:     2.152 ) on MPI rank :      347
     Computing       time :    0.000000                    on MPI rank :      348
     Waiting lbc_lnk time :    0.000000 ( 0.0 %)           on MPI rank :      348
     Waiting  global time :    0.000000 ( 0.0 %)           on MPI rank :      348
     Total           time :  107.707939 (SYPD:     2.152 ) on MPI rank :      348
     Computing       time :    0.000000                    on MPI rank :      349
     Waiting lbc_lnk time :    0.000000 ( 0.0 %)           on MPI rank :      349
     Waiting  global time :    0.000000 ( 0.0 %)           on MPI rank :      349
     Total           time :  107.707320 (SYPD:     2.152 ) on MPI rank :      349
     Computing       time :    0.000000                    on MPI rank :      350
     Waiting lbc_lnk time :    0.000000 ( 0.0 %)           on MPI rank :      350
     Waiting  global time :    0.000000 ( 0.0 %)           on MPI rank :      350
     Total           time :  107.707913 (SYPD:     2.152 ) on MPI rank :      350
     Computing       time :    0.000000                    on MPI rank :      351
     Waiting lbc_lnk time :    0.000000 ( 0.0 %)           on MPI rank :      351
     Waiting  global time :    0.000000 ( 0.0 %)           on MPI rank :      351
     Total           time :  107.707319 (SYPD:     2.152 ) on MPI rank :      351
     Computing       time :    0.000000                    on MPI rank :      352
     Waiting lbc_lnk time :    0.000000 ( 0.0 %)           on MPI rank :      352
     Waiting  global time :    0.000000 ( 0.0 %)           on MPI rank :      352
     Total           time :  107.707733 (SYPD:     2.152 ) on MPI rank :      352
     Computing       time :    0.000000                    on MPI rank :      353
     Waiting lbc_lnk time :    0.000000 ( 0.0 %)           on MPI rank :      353
     Waiting  global time :    0.000000 ( 0.0 %)           on MPI rank :      353
     Total           time :  107.707620 (SYPD:     2.152 ) on MPI rank :      353
     Computing       time :    0.000000                    on MPI rank :      354
     Waiting lbc_lnk time :    0.000000 ( 0.0 %)           on MPI rank :      354
     Waiting  global time :    0.000000 ( 0.0 %)           on MPI rank :      354
     Total           time :  107.707777 (SYPD:     2.152 ) on MPI rank :      354
     Computing       time :    0.000000                    on MPI rank :      355
     Waiting lbc_lnk time :    0.000000 ( 0.0 %)           on MPI rank :      355
     Waiting  global time :    0.000000 ( 0.0 %)           on MPI rank :      355
     Total           time :  107.706667 (SYPD:     2.152 ) on MPI rank :      355
     Computing       time :    0.000000                    on MPI rank :      356
     Waiting lbc_lnk time :    0.000000 ( 0.0 %)           on MPI rank :      356
     Waiting  global time :    0.000000 ( 0.0 %)           on MPI rank :      356
     Total           time :  107.706851 (SYPD:     2.152 ) on MPI rank :      356
     Computing       time :    0.000000                    on MPI rank :      357
     Waiting lbc_lnk time :    0.000000 ( 0.0 %)           on MPI rank :      357
     Waiting  global time :    0.000000 ( 0.0 %)           on MPI rank :      357
     Total           time :  107.706809 (SYPD:     2.152 ) on MPI rank :      357
     Computing       time :    0.000000                    on MPI rank :      358
     Waiting lbc_lnk time :    0.000000 ( 0.0 %)           on MPI rank :      358
     Waiting  global time :    0.000000 ( 0.0 %)           on MPI rank :      358
     Total           time :  107.707346 (SYPD:     2.152 ) on MPI rank :      358
     Computing       time :    0.000000                    on MPI rank :      359
     Waiting lbc_lnk time :    0.000000 ( 0.0 %)           on MPI rank :      359
     Waiting  global time :    0.000000 ( 0.0 %)           on MPI rank :      359
     Total           time :  107.707378 (SYPD:     2.152 ) on MPI rank :      359
     Computing       time :    0.000000                    on MPI rank :      360
     Waiting lbc_lnk time :    0.000000 ( 0.0 %)           on MPI rank :      360
     Waiting  global time :    0.000000 ( 0.0 %)           on MPI rank :      360
     Total           time :  107.707992 (SYPD:     2.152 ) on MPI rank :      360
     Computing       time :    0.000000                    on MPI rank :      361
     Waiting lbc_lnk time :    0.000000 ( 0.0 %)           on MPI rank :      361
     Waiting  global time :    0.000000 ( 0.0 %)           on MPI rank :      361
     Total           time :  107.707366 (SYPD:     2.152 ) on MPI rank :      361
     Computing       time :    0.000000                    on MPI rank :      362
     Waiting lbc_lnk time :    0.000000 ( 0.0 %)           on MPI rank :      362
     Waiting  global time :    0.000000 ( 0.0 %)           on MPI rank :      362
     Total           time :  107.707563 (SYPD:     2.152 ) on MPI rank :      362
     Computing       time :    0.000000                    on MPI rank :      363
     Waiting lbc_lnk time :    0.000000 ( 0.0 %)           on MPI rank :      363
     Waiting  global time :    0.000000 ( 0.0 %)           on MPI rank :      363
     Total           time :  107.707670 (SYPD:     2.152 ) on MPI rank :      363
     Computing       time :    0.000000                    on MPI rank :      364
     Waiting lbc_lnk time :    0.000000 ( 0.0 %)           on MPI rank :      364
     Waiting  global time :    0.000000 ( 0.0 %)           on MPI rank :      364
     Total           time :  107.707438 (SYPD:     2.152 ) on MPI rank :      364
     Computing       time :    0.000000                    on MPI rank :      365
     Waiting lbc_lnk time :    0.000000 ( 0.0 %)           on MPI rank :      365
     Waiting  global time :    0.000000 ( 0.0 %)           on MPI rank :      365
     Total           time :  107.707421 (SYPD:     2.152 ) on MPI rank :      365
     Computing       time :    0.000000                    on MPI rank :      366
     Waiting lbc_lnk time :    0.000000 ( 0.0 %)           on MPI rank :      366
     Waiting  global time :    0.000000 ( 0.0 %)           on MPI rank :      366
     Total           time :  107.707820 (SYPD:     2.152 ) on MPI rank :      366
     Computing       time :    0.000000                    on MPI rank :      367
     Waiting lbc_lnk time :    0.000000 ( 0.0 %)           on MPI rank :      367
     Waiting  global time :    0.000000 ( 0.0 %)           on MPI rank :      367
     Total           time :  107.707485 (SYPD:     2.152 ) on MPI rank :      367
     Computing       time :    0.000000                    on MPI rank :      368
     Waiting lbc_lnk time :    0.000000 ( 0.0 %)           on MPI rank :      368
     Waiting  global time :    0.000000 ( 0.0 %)           on MPI rank :      368
     Total           time :  107.707833 (SYPD:     2.152 ) on MPI rank :      368
     Computing       time :    0.000000                    on MPI rank :      369
     Waiting lbc_lnk time :    0.000000 ( 0.0 %)           on MPI rank :      369
     Waiting  global time :    0.000000 ( 0.0 %)           on MPI rank :      369
     Total           time :  107.707081 (SYPD:     2.152 ) on MPI rank :      369
     Computing       time :    0.000000                    on MPI rank :      370
     Waiting lbc_lnk time :    0.000000 ( 0.0 %)           on MPI rank :      370
     Waiting  global time :    0.000000 ( 0.0 %)           on MPI rank :      370
     Total           time :  107.707371 (SYPD:     2.152 ) on MPI rank :      370
     Computing       time :    0.000000                    on MPI rank :      371
     Waiting lbc_lnk time :    0.000000 ( 0.0 %)           on MPI rank :      371
     Waiting  global time :    0.000000 ( 0.0 %)           on MPI rank :      371
     Total           time :  107.707549 (SYPD:     2.152 ) on MPI rank :      371
     Computing       time :    0.000000                    on MPI rank :      372
     Waiting lbc_lnk time :    0.000000 ( 0.0 %)           on MPI rank :      372
     Waiting  global time :    0.000000 ( 0.0 %)           on MPI rank :      372
     Total           time :  107.708014 (SYPD:     2.152 ) on MPI rank :      372
     Computing       time :    0.000000                    on MPI rank :      373
     Waiting lbc_lnk time :    0.000000 ( 0.0 %)           on MPI rank :      373
     Waiting  global time :    0.000000 ( 0.0 %)           on MPI rank :      373
     Total           time :  107.706957 (SYPD:     2.152 ) on MPI rank :      373
     Computing       time :    0.000000                    on MPI rank :      374
     Waiting lbc_lnk time :    0.000000 ( 0.0 %)           on MPI rank :      374
     Waiting  global time :    0.000000 ( 0.0 %)           on MPI rank :      374
     Total           time :  107.707194 (SYPD:     2.152 ) on MPI rank :      374
     Computing       time :    0.000000                    on MPI rank :      375
     Waiting lbc_lnk time :    0.000000 ( 0.0 %)           on MPI rank :      375
     Waiting  global time :    0.000000 ( 0.0 %)           on MPI rank :      375
     Total           time :  107.707956 (SYPD:     2.152 ) on MPI rank :      375
     Computing       time :    0.000000                    on MPI rank :      376
     Waiting lbc_lnk time :    0.000000 ( 0.0 %)           on MPI rank :      376
     Waiting  global time :    0.000000 ( 0.0 %)           on MPI rank :      376
     Total           time :  107.707460 (SYPD:     2.152 ) on MPI rank :      376
     Computing       time :    0.000000                    on MPI rank :      377
     Waiting lbc_lnk time :    0.000000 ( 0.0 %)           on MPI rank :      377
     Waiting  global time :    0.000000 ( 0.0 %)           on MPI rank :      377
     Total           time :  107.707962 (SYPD:     2.152 ) on MPI rank :      377
     Computing       time :    0.000000                    on MPI rank :      378
     Waiting lbc_lnk time :    0.000000 ( 0.0 %)           on MPI rank :      378
     Waiting  global time :    0.000000 ( 0.0 %)           on MPI rank :      378
     Total           time :  107.707540 (SYPD:     2.152 ) on MPI rank :      378
     Computing       time :    0.000000                    on MPI rank :      379
     Waiting lbc_lnk time :    0.000000 ( 0.0 %)           on MPI rank :      379
     Waiting  global time :    0.000000 ( 0.0 %)           on MPI rank :      379
     Total           time :  107.708092 (SYPD:     2.152 ) on MPI rank :      379
     Computing       time :    0.000000                    on MPI rank :      380
     Waiting lbc_lnk time :    0.000000 ( 0.0 %)           on MPI rank :      380
     Waiting  global time :    0.000000 ( 0.0 %)           on MPI rank :      380
     Total           time :  107.708324 (SYPD:     2.152 ) on MPI rank :      380
     Computing       time :    0.000000                    on MPI rank :      381
     Waiting lbc_lnk time :    0.000000 ( 0.0 %)           on MPI rank :      381
     Waiting  global time :    0.000000 ( 0.0 %)           on MPI rank :      381
     Total           time :  107.708374 (SYPD:     2.152 ) on MPI rank :      381
     Computing       time :    0.000000                    on MPI rank :      382
     Waiting lbc_lnk time :    0.000000 ( 0.0 %)           on MPI rank :      382
     Waiting  global time :    0.000000 ( 0.0 %)           on MPI rank :      382
     Total           time :  107.708618 (SYPD:     2.152 ) on MPI rank :      382
     Computing       time :    0.000000                    on MPI rank :      383
     Waiting lbc_lnk time :    0.000000 ( 0.0 %)           on MPI rank :      383
     Waiting  global time :    0.000000 ( 0.0 %)           on MPI rank :      383
     Total           time :  107.708600 (SYPD:     2.152 ) on MPI rank :      383
     Computing       time :    0.000000                    on MPI rank :      384
     Waiting lbc_lnk time :    0.000000 ( 0.0 %)           on MPI rank :      384
     Waiting  global time :    0.000000 ( 0.0 %)           on MPI rank :      384
     Total           time :  107.708448 (SYPD:     2.152 ) on MPI rank :      384
     Computing       time :    0.000000                    on MPI rank :      385
     Waiting lbc_lnk time :    0.000000 ( 0.0 %)           on MPI rank :      385
     Waiting  global time :    0.000000 ( 0.0 %)           on MPI rank :      385
     Total           time :  107.708487 (SYPD:     2.152 ) on MPI rank :      385
     Computing       time :    0.000000                    on MPI rank :      386
     Waiting lbc_lnk time :    0.000000 ( 0.0 %)           on MPI rank :      386
     Waiting  global time :    0.000000 ( 0.0 %)           on MPI rank :      386
     Total           time :  107.708283 (SYPD:     2.152 ) on MPI rank :      386
     Computing       time :    0.000000                    on MPI rank :      387
     Waiting lbc_lnk time :    0.000000 ( 0.0 %)           on MPI rank :      387
     Waiting  global time :    0.000000 ( 0.0 %)           on MPI rank :      387
     Total           time :  107.708370 (SYPD:     2.152 ) on MPI rank :      387
     Computing       time :    0.000000                    on MPI rank :      388
     Waiting lbc_lnk time :    0.000000 ( 0.0 %)           on MPI rank :      388
     Waiting  global time :    0.000000 ( 0.0 %)           on MPI rank :      388
     Total           time :  107.708316 (SYPD:     2.152 ) on MPI rank :      388
     Computing       time :    0.000000                    on MPI rank :      389
     Waiting lbc_lnk time :    0.000000 ( 0.0 %)           on MPI rank :      389
     Waiting  global time :    0.000000 ( 0.0 %)           on MPI rank :      389
     Total           time :  107.708415 (SYPD:     2.152 ) on MPI rank :      389
     Computing       time :    0.000000                    on MPI rank :      390
     Waiting lbc_lnk time :    0.000000 ( 0.0 %)           on MPI rank :      390
     Waiting  global time :    0.000000 ( 0.0 %)           on MPI rank :      390
     Total           time :  107.708297 (SYPD:     2.152 ) on MPI rank :      390
     Computing       time :    0.000000                    on MPI rank :      391
     Waiting lbc_lnk time :    0.000000 ( 0.0 %)           on MPI rank :      391
     Waiting  global time :    0.000000 ( 0.0 %)           on MPI rank :      391
     Total           time :  107.708162 (SYPD:     2.152 ) on MPI rank :      391
     Computing       time :    0.000000                    on MPI rank :      392
     Waiting lbc_lnk time :    0.000000 ( 0.0 %)           on MPI rank :      392
     Waiting  global time :    0.000000 ( 0.0 %)           on MPI rank :      392
     Total           time :  107.707816 (SYPD:     2.152 ) on MPI rank :      392
     Computing       time :    0.000000                    on MPI rank :      393
     Waiting lbc_lnk time :    0.000000 ( 0.0 %)           on MPI rank :      393
     Waiting  global time :    0.000000 ( 0.0 %)           on MPI rank :      393
     Total           time :  107.708415 (SYPD:     2.152 ) on MPI rank :      393
     Computing       time :    0.000000                    on MPI rank :      394
     Waiting lbc_lnk time :    0.000000 ( 0.0 %)           on MPI rank :      394
     Waiting  global time :    0.000000 ( 0.0 %)           on MPI rank :      394
     Total           time :  107.707889 (SYPD:     2.152 ) on MPI rank :      394
     Computing       time :    0.000000                    on MPI rank :      395
     Waiting lbc_lnk time :    0.000000 ( 0.0 %)           on MPI rank :      395
     Waiting  global time :    0.000000 ( 0.0 %)           on MPI rank :      395
     Total           time :  107.708176 (SYPD:     2.152 ) on MPI rank :      395
     Computing       time :    0.000000                    on MPI rank :      396
     Waiting lbc_lnk time :    0.000000 ( 0.0 %)           on MPI rank :      396
     Waiting  global time :    0.000000 ( 0.0 %)           on MPI rank :      396
     Total           time :  107.708088 (SYPD:     2.152 ) on MPI rank :      396
     Computing       time :    0.000000                    on MPI rank :      397
     Waiting lbc_lnk time :    0.000000 ( 0.0 %)           on MPI rank :      397
     Waiting  global time :    0.000000 ( 0.0 %)           on MPI rank :      397
     Total           time :  107.707855 (SYPD:     2.152 ) on MPI rank :      397
     Computing       time :    0.000000                    on MPI rank :      398
     Waiting lbc_lnk time :    0.000000 ( 0.0 %)           on MPI rank :      398
     Waiting  global time :    0.000000 ( 0.0 %)           on MPI rank :      398
     Total           time :  107.708680 (SYPD:     2.152 ) on MPI rank :      398
     Computing       time :    0.000000                    on MPI rank :      399
     Waiting lbc_lnk time :    0.000000 ( 0.0 %)           on MPI rank :      399
     Waiting  global time :    0.000000 ( 0.0 %)           on MPI rank :      399
     Total           time :  107.708712 (SYPD:     2.152 ) on MPI rank :      399
     Computing       time :    0.000000                    on MPI rank :      400
     Waiting lbc_lnk time :    0.000000 ( 0.0 %)           on MPI rank :      400
     Waiting  global time :    0.000000 ( 0.0 %)           on MPI rank :      400
     Total           time :  107.708021 (SYPD:     2.152 ) on MPI rank :      400
     Computing       time :    0.000000                    on MPI rank :      401
     Waiting lbc_lnk time :    0.000000 ( 0.0 %)           on MPI rank :      401
     Waiting  global time :    0.000000 ( 0.0 %)           on MPI rank :      401
     Total           time :  107.708410 (SYPD:     2.152 ) on MPI rank :      401
     Computing       time :    0.000000                    on MPI rank :      402
     Waiting lbc_lnk time :    0.000000 ( 0.0 %)           on MPI rank :      402
     Waiting  global time :    0.000000 ( 0.0 %)           on MPI rank :      402
     Total           time :  107.708730 (SYPD:     2.152 ) on MPI rank :      402
     Computing       time :    0.000000                    on MPI rank :      403
     Waiting lbc_lnk time :    0.000000 ( 0.0 %)           on MPI rank :      403
     Waiting  global time :    0.000000 ( 0.0 %)           on MPI rank :      403
     Total           time :  107.708170 (SYPD:     2.152 ) on MPI rank :      403
     Computing       time :    0.000000                    on MPI rank :      404
     Waiting lbc_lnk time :    0.000000 ( 0.0 %)           on MPI rank :      404
     Waiting  global time :    0.000000 ( 0.0 %)           on MPI rank :      404
     Total           time :  107.707994 (SYPD:     2.152 ) on MPI rank :      404
     Computing       time :    0.000000                    on MPI rank :      405
     Waiting lbc_lnk time :    0.000000 ( 0.0 %)           on MPI rank :      405
     Waiting  global time :    0.000000 ( 0.0 %)           on MPI rank :      405
     Total           time :  107.707973 (SYPD:     2.152 ) on MPI rank :      405
     Computing       time :    0.000000                    on MPI rank :      406
     Waiting lbc_lnk time :    0.000000 ( 0.0 %)           on MPI rank :      406
     Waiting  global time :    0.000000 ( 0.0 %)           on MPI rank :      406
     Total           time :  107.707828 (SYPD:     2.152 ) on MPI rank :      406
     Computing       time :    0.000000                    on MPI rank :      407
     Waiting lbc_lnk time :    0.000000 ( 0.0 %)           on MPI rank :      407
     Waiting  global time :    0.000000 ( 0.0 %)           on MPI rank :      407
     Total           time :  107.708534 (SYPD:     2.152 ) on MPI rank :      407
     Computing       time :    0.000000                    on MPI rank :      408
     Waiting lbc_lnk time :    0.000000 ( 0.0 %)           on MPI rank :      408
     Waiting  global time :    0.000000 ( 0.0 %)           on MPI rank :      408
     Total           time :  107.708410 (SYPD:     2.152 ) on MPI rank :      408
     Computing       time :    0.000000                    on MPI rank :      409
     Waiting lbc_lnk time :    0.000000 ( 0.0 %)           on MPI rank :      409
     Waiting  global time :    0.000000 ( 0.0 %)           on MPI rank :      409
     Total           time :  107.708622 (SYPD:     2.152 ) on MPI rank :      409
     Computing       time :    0.000000                    on MPI rank :      410
     Waiting lbc_lnk time :    0.000000 ( 0.0 %)           on MPI rank :      410
     Waiting  global time :    0.000000 ( 0.0 %)           on MPI rank :      410
     Total           time :  107.708549 (SYPD:     2.152 ) on MPI rank :      410
     Computing       time :    0.000000                    on MPI rank :      411
     Waiting lbc_lnk time :    0.000000 ( 0.0 %)           on MPI rank :      411
     Waiting  global time :    0.000000 ( 0.0 %)           on MPI rank :      411
     Total           time :  107.708480 (SYPD:     2.152 ) on MPI rank :      411
     Computing       time :    0.000000                    on MPI rank :      412
     Waiting lbc_lnk time :    0.000000 ( 0.0 %)           on MPI rank :      412
     Waiting  global time :    0.000000 ( 0.0 %)           on MPI rank :      412
     Total           time :  107.708573 (SYPD:     2.152 ) on MPI rank :      412
     Computing       time :    0.000000                    on MPI rank :      413
     Waiting lbc_lnk time :    0.000000 ( 0.0 %)           on MPI rank :      413
     Waiting  global time :    0.000000 ( 0.0 %)           on MPI rank :      413
     Total           time :  107.708391 (SYPD:     2.152 ) on MPI rank :      413
     Computing       time :    0.000000                    on MPI rank :      414
     Waiting lbc_lnk time :    0.000000 ( 0.0 %)           on MPI rank :      414
     Waiting  global time :    0.000000 ( 0.0 %)           on MPI rank :      414
     Total           time :  107.708020 (SYPD:     2.152 ) on MPI rank :      414
     Computing       time :    0.000000                    on MPI rank :      415
     Waiting lbc_lnk time :    0.000000 ( 0.0 %)           on MPI rank :      415
     Waiting  global time :    0.000000 ( 0.0 %)           on MPI rank :      415
     Total           time :  107.708342 (SYPD:     2.152 ) on MPI rank :      415
     Computing       time :    0.000000                    on MPI rank :      416
     Waiting lbc_lnk time :    0.000000 ( 0.0 %)           on MPI rank :      416
     Waiting  global time :    0.000000 ( 0.0 %)           on MPI rank :      416
     Total           time :  107.708946 (SYPD:     2.152 ) on MPI rank :      416
     Computing       time :    0.000000                    on MPI rank :      417
     Waiting lbc_lnk time :    0.000000 ( 0.0 %)           on MPI rank :      417
     Waiting  global time :    0.000000 ( 0.0 %)           on MPI rank :      417
     Total           time :  107.708005 (SYPD:     2.152 ) on MPI rank :      417
     Computing       time :    0.000000                    on MPI rank :      418
     Waiting lbc_lnk time :    0.000000 ( 0.0 %)           on MPI rank :      418
     Waiting  global time :    0.000000 ( 0.0 %)           on MPI rank :      418
     Total           time :  107.708297 (SYPD:     2.152 ) on MPI rank :      418
     Computing       time :    0.000000                    on MPI rank :      419
     Waiting lbc_lnk time :    0.000000 ( 0.0 %)           on MPI rank :      419
     Waiting  global time :    0.000000 ( 0.0 %)           on MPI rank :      419
     Total           time :  107.708152 (SYPD:     2.152 ) on MPI rank :      419
     Computing       time :    0.000000                    on MPI rank :      420
     Waiting lbc_lnk time :    0.000000 ( 0.0 %)           on MPI rank :      420
     Waiting  global time :    0.000000 ( 0.0 %)           on MPI rank :      420
     Total           time :  107.708307 (SYPD:     2.152 ) on MPI rank :      420
     Computing       time :    0.000000                    on MPI rank :      421
     Waiting lbc_lnk time :    0.000000 ( 0.0 %)           on MPI rank :      421
     Waiting  global time :    0.000000 ( 0.0 %)           on MPI rank :      421
     Total           time :  107.708458 (SYPD:     2.152 ) on MPI rank :      421
     Computing       time :    0.000000                    on MPI rank :      422
     Waiting lbc_lnk time :    0.000000 ( 0.0 %)           on MPI rank :      422
     Waiting  global time :    0.000000 ( 0.0 %)           on MPI rank :      422
     Total           time :  107.708680 (SYPD:     2.152 ) on MPI rank :      422
     Computing       time :    0.000000                    on MPI rank :      423
     Waiting lbc_lnk time :    0.000000 ( 0.0 %)           on MPI rank :      423
     Waiting  global time :    0.000000 ( 0.0 %)           on MPI rank :      423
     Total           time :  107.708521 (SYPD:     2.152 ) on MPI rank :      423
     Computing       time :    0.000000                    on MPI rank :      424
     Waiting lbc_lnk time :    0.000000 ( 0.0 %)           on MPI rank :      424
     Waiting  global time :    0.000000 ( 0.0 %)           on MPI rank :      424
     Total           time :  107.708529 (SYPD:     2.152 ) on MPI rank :      424
     Computing       time :    0.000000                    on MPI rank :      425
     Waiting lbc_lnk time :    0.000000 ( 0.0 %)           on MPI rank :      425
     Waiting  global time :    0.000000 ( 0.0 %)           on MPI rank :      425
     Total           time :  107.708566 (SYPD:     2.152 ) on MPI rank :      425
     Computing       time :    0.000000                    on MPI rank :      426
     Waiting lbc_lnk time :    0.000000 ( 0.0 %)           on MPI rank :      426
     Waiting  global time :    0.000000 ( 0.0 %)           on MPI rank :      426
     Total           time :  107.708749 (SYPD:     2.152 ) on MPI rank :      426
     Computing       time :    0.000000                    on MPI rank :      427
     Waiting lbc_lnk time :    0.000000 ( 0.0 %)           on MPI rank :      427
     Waiting  global time :    0.000000 ( 0.0 %)           on MPI rank :      427
     Total           time :  107.708399 (SYPD:     2.152 ) on MPI rank :      427
     Computing       time :    0.000000                    on MPI rank :      428
     Waiting lbc_lnk time :    0.000000 ( 0.0 %)           on MPI rank :      428
     Waiting  global time :    0.000000 ( 0.0 %)           on MPI rank :      428
     Total           time :  107.708527 (SYPD:     2.152 ) on MPI rank :      428
     Computing       time :    0.000000                    on MPI rank :      429
     Waiting lbc_lnk time :    0.000000 ( 0.0 %)           on MPI rank :      429
     Waiting  global time :    0.000000 ( 0.0 %)           on MPI rank :      429
     Total           time :  107.708617 (SYPD:     2.152 ) on MPI rank :      429
     Computing       time :    0.000000                    on MPI rank :      430
     Waiting lbc_lnk time :    0.000000 ( 0.0 %)           on MPI rank :      430
     Waiting  global time :    0.000000 ( 0.0 %)           on MPI rank :      430
     Total           time :  107.708469 (SYPD:     2.152 ) on MPI rank :      430
