 
       CNRS - NERC - Met OFFICE - MERCATOR-ocean - CMCC - INGV
                              NEMO team
                   Ocean General Circulation Model
                         version 4.0  (2019) 
 
                         Timing Informations 
 
 
 
 
 Total timing (sum) :
 --------------------
Elapsed Time (s)  CPU Time (s)
        37942.412   113484.925
 
Averaged timing on all processors :
-----------------------------------
Section                   Elap. Time(s)  Elap. Time(%)  CPU Time(s)  CPU Time(%)  CPU/Elap Max elap(%)  Min elap(%)  Freq      Max time task
nemo_init                 0.1672963E+02   18.96            10.83       4.10        0.65         18.98     18.92       1.00        118
scripremap_read_sgl       0.2688669E+01    3.05             3.24       1.23        1.21          3.17      3.01       8.00        428
icedyn_rhg                0.2196164E+01    2.49             8.74       3.31        3.98          2.91      0.93      96.00        353
tra_ldf_iso               0.1442463E+01    1.63             5.68       2.15        3.94          1.72      0.47      96.00         56
icestp                    0.1336903E+01    1.52             2.17       0.82        1.62          2.09      0.33      96.00        209
sbc_stokes                0.1334958E+01    1.51             5.28       2.00        3.96          2.04      0.20      96.00         25
iom_put_p3d_dp            0.1148613E+01    1.30             5.02       1.90        4.37          1.41      1.12    2976.00        429
tra_adv_fct               0.1136263E+01    1.29             4.50       1.71        3.96          1.42      0.48      96.00        419
stp_ctl                   0.1121027E+01    1.27             2.66       1.01        2.37         17.93      0.42      96.00        428
dyn_spg_ts                0.1102157E+01    1.25             4.37       1.66        3.97          1.82      0.54      96.00        406
nonosc                    0.9032281E+00    1.02             3.63       1.37        4.01          1.45      0.47     192.00        406
ldf_slp                   0.8677683E+00    0.98             3.46       1.31        3.99          1.04      0.37      96.00        352
dom_vvl_sf_swp            0.7714682E+00    0.87             2.99       1.13        3.88          0.94      0.35      96.00        385
dyn_vor                   0.7364967E+00    0.83             2.89       1.09        3.92          0.89      0.26      96.00          3
dyn_nxt                   0.7230453E+00    0.82             2.88       1.09        3.98          0.90      0.35      96.00         49
dyn_ldf                   0.6449965E+00    0.73             2.58       0.98        4.00          0.81      0.41      96.00        425
dom_hgr                   0.6085292E+00    0.69             0.77       0.29        1.26          0.72      0.67       1.00        356
tra_nxt                   0.5883259E+00    0.67             2.35       0.89        3.99          2.08      0.36      96.00        421
zdf_phy                   0.5804946E+00    0.66             2.35       0.89        4.05          2.62      0.21      96.00        420
iceupdate_tau             0.5750395E+00    0.65             1.74       0.66        3.03          1.82     -0.00      96.00        320
ice_dyn_adv_pra           0.5145333E+00    0.58             2.06       0.78        4.01          0.81      0.21      96.00        423
stp                       0.4980483E+00    0.56             1.24       0.47        2.48          1.24      0.15      96.00        226
tra_qsr                   0.4666775E+00    0.53             1.57       0.60        3.37          0.67      0.10      96.00        150
dom_vvl_sf_nxt            0.4641531E+00    0.53             1.74       0.66        3.74          0.64      0.20     192.00        380
parinter_init             0.4351550E+00    0.49             0.43       0.16        1.00          0.50      0.49       8.00        249
sbc                       0.4027143E+00    0.46             1.30       0.49        3.22          1.30      0.08      96.00        353
dia_wri                   0.3997633E+00    0.45             1.47       0.56        3.67          0.98      0.28      96.00        423
icewri                    0.3749301E+00    0.42             1.46       0.55        3.90          1.20      0.04      96.00        156
zdf_tke_tke               0.3524376E+00    0.40             1.32       0.50        3.74          0.46      0.13      96.00        225
dyn_zdf                   0.3460224E+00    0.39             1.34       0.51        3.88          0.41      0.10      96.00        396
ice_dyn_adv_pra_adv_y     0.3245929E+00    0.37             1.35       0.51        4.16          0.41      0.24    1248.00        168
tra_zdf_imp               0.2846408E+00    0.32             1.00       0.38        3.52          0.37      0.11      96.00        353
div_hor                   0.2749583E+00    0.31             0.97       0.37        3.54          0.44      0.09     192.00        414
ice_dyn_adv_pra_adv_x     0.2432525E+00    0.28             1.04       0.40        4.29          0.32      0.16    1248.00        168
icecor                    0.2326930E+00    0.26             0.90       0.34        3.85          0.84      0.03     192.00         12
zdf_sh2                   0.2201648E+00    0.25             0.81       0.31        3.66          0.28      0.07      96.00        240
dyn_zad                   0.2070873E+00    0.23             0.83       0.32        4.03          0.28      0.10      96.00        378
zdf_ddm                   0.2026898E+00    0.23             0.76       0.29        3.74          0.33      0.14      96.00        353
tra_adv                   0.1894404E+00    0.21             0.75       0.28        3.94          0.23      0.10      96.00        398
wzv                       0.1826448E+00    0.21             0.75       0.28        4.10          0.23      0.09     192.00        378
parinter_write            0.1825421E+00    0.21             0.05       0.02        0.27          0.28      0.09       8.00        181
bn2                       0.1822361E+00    0.21             0.74       0.28        4.05          0.25      0.05     192.00        308
tmx_itf                   0.1802790E+00    0.20             0.70       0.27        3.90          0.25      0.10      96.00        322
dyn_keg                   0.1740978E+00    0.20             0.70       0.27        4.03          0.31      0.10      96.00        425
day                       0.1561809E+00    0.18             0.49       0.18        3.12          0.21      0.04      96.00        352
rab_3d                    0.1507225E+00    0.17             0.58       0.22        3.88          0.19      0.11     192.00        320
eos-pot                   0.1488688E+00    0.17             0.55       0.21        3.71          0.20      0.10     218.00        369
ice_thd_main              0.1385982E+00    0.16             0.55       0.21        4.00          0.67      0.00      96.00          6
dyn_hpg                   0.1277928E+00    0.14             0.52       0.20        4.06          0.17      0.07      96.00         56
zdf_tke_avn               0.1213593E+00    0.14             0.54       0.20        4.41          0.23      0.05      96.00        280
dia_hth                   0.1139709E+00    0.13             0.44       0.17        3.82          0.14      0.08      96.00        277
zdf_tmx                   0.1137631E+00    0.13             0.44       0.17        3.90          0.18      0.08      96.00        353
stp_oceandyn              0.1039727E+00    0.12             0.61       0.23        5.89          0.14      0.06      96.00        301
tra_bbl                   0.1029088E+00    0.12             0.40       0.15        3.86          0.28      0.03      96.00        409
zps_hde                   0.1008091E+00    0.11             0.41       0.16        4.11          0.52      0.01      96.00        416
sbc_sglcpl_rcv            0.9272553E-01    0.11             0.37       0.14        4.03          0.88      0.00      96.00        353
ice_strengh               0.9268864E-01    0.11             0.38       0.15        4.13          0.74      0.00      96.00        425
zdf_evd                   0.9119312E-01    0.10             0.26       0.10        2.80          0.13      0.04      96.00        353
sbc_isf_div               0.8887823E-01    0.10             0.49       0.19        5.53          0.20     -0.01     192.00        285
sbc_wstress               0.8800607E-01    0.10             0.36       0.14        4.07          0.65     -0.00      96.00        416
parinter_fld_mult         0.8267427E-01    0.09             0.33       0.12        3.95          0.14      0.04     219.00        428
icedyn_rdgrft             0.7751710E-01    0.09             0.32       0.12        4.10          0.64      0.01      96.00         27
ice_thd_jllopp            0.7735269E-01    0.09             0.29       0.11        3.70          0.55     -0.00      96.00        393
tra_bbc                   0.7712011E-01    0.09             0.31       0.12        4.01          0.30      0.02      96.00        416
sbc_hbp                   0.7564224E-01    0.09             0.32       0.12        4.26          0.28      0.05      96.00        427
stp_tracers               0.7110864E-01    0.08             0.30       0.11        4.26          0.09      0.04      96.00        118
iceupdate_flx             0.7091132E-01    0.08             0.14       0.05        1.91          0.13      0.04      96.00        301
zdf_mxl                   0.6919335E-01    0.08             0.23       0.09        3.35          0.10      0.04      96.00        365
eos2d                     0.6040879E-01    0.07             0.26       0.10        4.28          0.20     -0.00     192.00         23
sbc_rnf                   0.5996821E-01    0.07             0.22       0.08        3.72          0.17      0.04      96.00        406
eos-insitu                0.5549734E-01    0.06             0.20       0.07        3.53          0.07      0.04      96.00         39
rab_2d                    0.4294217E-01    0.05             0.18       0.07        4.19          0.21     -0.00      96.00         46
tra_zdf                   0.4053967E-01    0.05             0.25       0.10        6.25          0.07      0.01      96.00        353
parinter_read             0.3548498E-01    0.04             0.02       0.01        0.44          0.09      0.00       8.00         56
nemogcmcoup_lim2_update   0.3511314E-01    0.04             0.15       0.05        4.13          0.06      0.01      24.00        318
ssh_nxt                   0.2902500E-01    0.03             0.12       0.05        4.15          0.04      0.02      96.00        378
nemogcmcoup_coupinit      0.2771732E-01    0.03             0.03       0.01        0.99          0.08      0.00       1.00        415
sbc_ssm                   0.2196605E-01    0.02             0.05       0.02        2.42          0.04      0.01      96.00        301
nemogcmcoup_wam_get       0.2072345E-01    0.02             0.08       0.03        4.04          0.05      0.01      24.00        424
ice_dyn                   0.2018208E-01    0.02             0.07       0.03        3.64          0.04      0.02      96.00         35
nemogcmcoup_wam_coupinit  0.1816878E-01    0.02             0.03       0.01        1.53          0.06      0.00       1.00        107
icedyn_adv                0.1687991E-01    0.02             0.09       0.03        5.37          0.02      0.01      96.00        405
nemogcmcoup_wam_update    0.1329987E-01    0.02             0.06       0.02        4.32          0.02      0.00      24.00         24
sbc_sglcpl_ice_flx        0.1199858E-01    0.01             0.06       0.02        5.03          0.02      0.01      96.00        174
nemogcmcoup_lim2_get      0.1141882E-01    0.01             0.05       0.02        4.62          0.03      0.01      25.00        282
tra_sbc                   0.1084257E-01    0.01             0.05       0.02        4.85          0.02      0.00      96.00        369
iceitd_rem                0.1051227E-01    0.01             0.07       0.03        7.07          0.08     -0.00      96.00         30
stp_nxt                   0.1025968E-01    0.01             0.06       0.02        6.19          0.02      0.01      96.00        266
icealb                    0.9790594E-02    0.01             0.03       0.01        2.59          0.02      0.00     192.00         76
icethd                    0.8243491E-02    0.01             0.02       0.01        2.44          0.01      0.01      96.00        301
zdf_drg                   0.6925374E-02    0.01             0.04       0.01        5.32          0.02     -0.00      96.00        200
stp_thermodyn             0.6454798E-02    0.01             0.04       0.02        6.24          0.01      0.00      96.00        204
nemogcmcoup_wam_update_s  0.6225599E-02    0.01             0.03       0.01        4.40          0.01      0.00      24.00        221
sbc_wave_sglexe           0.4930868E-02    0.01             0.03       0.01        5.11          0.01      0.00      96.00        351
ice_dyn_adv_pra_icemax4D  0.4743412E-02    0.01             0.01       0.00        2.08          0.01     -0.00     192.00        170
stp_lateral               0.4356018E-02    0.00             0.03       0.01        6.37          0.01      0.00      96.00        318
ice_dyn_adv_pra_Hbig      0.4042371E-02    0.00             0.01       0.00        1.78          0.01     -0.00      96.00         76
iceitd_reb                0.3743283E-02    0.00             0.07       0.03       18.16          0.04     -0.01     192.00         47
stp_diag                  0.3676047E-02    0.00             0.01       0.00        2.90          0.01      0.00      96.00        301
dia_ar5                   0.3487895E-02    0.00             0.01       0.00        2.80          0.01      0.00      96.00        382
scripremap_dealloc        0.2998723E-02    0.00             0.00       0.00        1.01          0.01      0.00       8.00        252
dyn_adv                   0.2550569E-02    0.00             0.01       0.00        3.51          0.00      0.00      96.00        378
ssh_swp                   0.2013355E-02    0.00             0.02       0.01        8.55          0.00     -0.00      96.00        292
zdf_drg_exp               0.1875731E-02    0.00             0.00       0.00        2.08          0.01     -0.00      96.00        334
icesbc                    0.1465362E-02    0.00             0.02       0.01       17.05          0.00     -0.00     192.00        150
ice_thd_do                0.1268402E-02    0.00             0.01       0.00        7.45          0.04     -0.00      96.00        394
scripremap_alloc          0.1182969E-02    0.00             0.00       0.00        1.21          0.00      0.00       8.00        173
 
Maximum timing over all MPI tasks :
-----------------------------------
Section                   Elap. Time(s)  Elap. Time(%)  CPU Time(s)  CPU Time(%)  CPU/Elap      Freq      Max time task
nemo_init                 0.1675126E+02   18.98            10.83       4.10        0.65          1.00        118
stp_ctl                   0.1581670E+02   17.93             2.66       1.01        2.37         96.00        428
scripremap_read_sgl       0.2794902E+01    3.17             3.24       1.23        1.21          8.00        428
icedyn_rhg                0.2565038E+01    2.91             8.74       3.31        3.98         96.00        353
zdf_phy                   0.2315662E+01    2.62             2.35       0.89        4.05         96.00        420
icestp                    0.1840392E+01    2.09             2.17       0.82        1.62         96.00        209
tra_nxt                   0.1835159E+01    2.08             2.35       0.89        3.99         96.00        421
sbc_stokes                0.1801133E+01    2.04             5.28       2.00        3.96         96.00         25
iceupdate_tau             0.1605106E+01    1.82             1.74       0.66        3.03         96.00        320
dyn_spg_ts                0.1604908E+01    1.82             4.37       1.66        3.97         96.00        406
tra_ldf_iso               0.1518977E+01    1.72             5.68       2.15        3.94         96.00         56
nonosc                    0.1275252E+01    1.45             3.63       1.37        4.01        192.00        406
tra_adv_fct               0.1253988E+01    1.42             4.50       1.71        3.96         96.00        419
iom_put_p3d_dp            0.1247921E+01    1.41             5.02       1.90        4.37       2976.00        429
sbc                       0.1150146E+01    1.30             1.30       0.49        3.22         96.00        353
stp                       0.1095539E+01    1.24             1.24       0.47        2.48         96.00        226
icewri                    0.1056766E+01    1.20             1.46       0.55        3.90         96.00        156
ldf_slp                   0.9166363E+00    1.04             3.46       1.31        3.99         96.00        352
dia_wri                   0.8621256E+00    0.98             1.47       0.56        3.67         96.00        423
dom_vvl_sf_swp            0.8265834E+00    0.94             2.99       1.13        3.88         96.00        385
dyn_nxt                   0.7902493E+00    0.90             2.88       1.09        3.98         96.00         49
dyn_vor                   0.7861191E+00    0.89             2.89       1.09        3.92         96.00          3
sbc_sglcpl_rcv            0.7776294E+00    0.88             0.37       0.14        4.03         96.00        353
icecor                    0.7424379E+00    0.84             0.90       0.34        3.85        192.00         12
ice_dyn_adv_pra           0.7143740E+00    0.81             2.06       0.78        4.01         96.00        423
dyn_ldf                   0.7103535E+00    0.81             2.58       0.98        4.00         96.00        425
ice_strengh               0.6557526E+00    0.74             0.38       0.15        4.13         96.00        425
dom_hgr                   0.6361652E+00    0.72             0.77       0.29        1.26          1.00        356
ice_thd_main              0.5945091E+00    0.67             0.55       0.21        4.00         96.00          6
tra_qsr                   0.5918163E+00    0.67             1.57       0.60        3.37         96.00        150
sbc_wstress               0.5694118E+00    0.65             0.36       0.14        4.07         96.00        416
dom_vvl_sf_nxt            0.5659889E+00    0.64             1.74       0.66        3.74        192.00        380
icedyn_rdgrft             0.5633865E+00    0.64             0.32       0.12        4.10         96.00         27
ice_thd_jllopp            0.4878981E+00    0.55             0.29       0.11        3.70         96.00        393
zps_hde                   0.4612378E+00    0.52             0.41       0.16        4.11         96.00        416
parinter_init             0.4416288E+00    0.50             0.43       0.16        1.00          8.00        249
zdf_tke_tke               0.4038966E+00    0.46             1.32       0.50        3.74         96.00        225
div_hor                   0.3871294E+00    0.44             0.97       0.37        3.54        192.00        414
dyn_zdf                   0.3660039E+00    0.41             1.34       0.51        3.88         96.00        396
ice_dyn_adv_pra_adv_y     0.3634738E+00    0.41             1.35       0.51        4.16       1248.00        168
tra_zdf_imp               0.3243100E+00    0.37             1.00       0.38        3.52         96.00        353
zdf_ddm                   0.2875465E+00    0.33             0.76       0.29        3.74         96.00        353
ice_dyn_adv_pra_adv_x     0.2811347E+00    0.32             1.04       0.40        4.29       1248.00        168
dyn_keg                   0.2715447E+00    0.31             0.70       0.27        4.03         96.00        425
tra_bbc                   0.2619839E+00    0.30             0.31       0.12        4.01         96.00        416
sbc_hbp                   0.2487967E+00    0.28             0.32       0.12        4.26         96.00        427
parinter_write            0.2460936E+00    0.28             0.05       0.02        0.27          8.00        181
zdf_sh2                   0.2445531E+00    0.28             0.81       0.31        3.66         96.00        240
tra_bbl                   0.2444427E+00    0.28             0.40       0.15        3.86         96.00        409
dyn_zad                   0.2436011E+00    0.28             0.83       0.32        4.03         96.00        378
bn2                       0.2195162E+00    0.25             0.74       0.28        4.05        192.00        308
tmx_itf                   0.2184644E+00    0.25             0.70       0.27        3.90         96.00        322
tra_adv                   0.2059618E+00    0.23             0.75       0.28        3.94         96.00        398
zdf_tke_avn               0.2030526E+00    0.23             0.54       0.20        4.41         96.00        280
wzv                       0.2010530E+00    0.23             0.75       0.28        4.10        192.00        378
rab_2d                    0.1870529E+00    0.21             0.18       0.07        4.19         96.00         46
day                       0.1819491E+00    0.21             0.49       0.18        3.12         96.00        352
sbc_isf_div               0.1758232E+00    0.20             0.49       0.19        5.53        192.00        285
eos2d                     0.1725384E+00    0.20             0.26       0.10        4.28        192.00         23
eos-pot                   0.1721806E+00    0.20             0.55       0.21        3.71        218.00        369
rab_3d                    0.1666779E+00    0.19             0.58       0.22        3.88        192.00        320
zdf_tmx                   0.1576551E+00    0.18             0.44       0.17        3.90         96.00        353
sbc_rnf                   0.1533655E+00    0.17             0.22       0.08        3.72         96.00        406
dyn_hpg                   0.1498407E+00    0.17             0.52       0.20        4.06         96.00         56
stp_oceandyn              0.1243091E+00    0.14             0.61       0.23        5.89         96.00        301
dia_hth                   0.1234857E+00    0.14             0.44       0.17        3.82         96.00        277
parinter_fld_mult         0.1194420E+00    0.14             0.33       0.12        3.95        219.00        428
iceupdate_flx             0.1183657E+00    0.13             0.14       0.05        1.91         96.00        301
zdf_evd                   0.1136854E+00    0.13             0.26       0.10        2.80         96.00        353
zdf_mxl                   0.8907563E-01    0.10             0.23       0.09        3.35         96.00        365
stp_tracers               0.8284492E-01    0.09             0.30       0.11        4.26         96.00        118
parinter_read             0.7796586E-01    0.09             0.02       0.01        0.44          8.00         56
nemogcmcoup_coupinit      0.7193499E-01    0.08             0.03       0.01        0.99          1.00        415
iceitd_rem                0.7095723E-01    0.08             0.07       0.03        7.07         96.00         30
tra_zdf                   0.6220551E-01    0.07             0.25       0.10        6.25         96.00        353
eos-insitu                0.6056027E-01    0.07             0.20       0.07        3.53         96.00         39
nemogcmcoup_lim2_update   0.5598668E-01    0.06             0.15       0.05        4.13         24.00        318
iom_put_pd2_dp            0.5150249E-01    0.06             0.37       0.14     *******       8784.00        276
nemogcmcoup_wam_coupinit  0.4968398E-01    0.06             0.03       0.01        1.53          1.00        107
nemogcmcoup_wam_get       0.4100902E-01    0.05             0.08       0.03        4.04         24.00        424
ssh_nxt                   0.3950329E-01    0.04             0.12       0.05        4.15         96.00        378
ice_thd_do                0.3826529E-01    0.04             0.01       0.00        7.45         96.00        394
iceitd_reb                0.3565934E-01    0.04             0.07       0.03       18.16        192.00         47
sbc_ssm                   0.3174087E-01    0.04             0.05       0.02        2.42         96.00        301
ice_dyn                   0.3092764E-01    0.04             0.07       0.03        3.64         96.00         35
nemogcmcoup_lim2_get      0.2231074E-01    0.03             0.05       0.02        4.62         25.00        282
icedyn_adv                0.2076686E-01    0.02             0.09       0.03        5.37         96.00        405
icealb                    0.1977475E-01    0.02             0.03       0.01        2.59        192.00         76
nemogcmcoup_wam_update    0.1917748E-01    0.02             0.06       0.02        4.32         24.00         24
tra_sbc                   0.1771782E-01    0.02             0.05       0.02        4.85         96.00        369
zdf_drg                   0.1733831E-01    0.02             0.04       0.01        5.32         96.00        200
sbc_sglcpl_ice_flx        0.1476177E-01    0.02             0.06       0.02        5.03         96.00        174
stp_nxt                   0.1365616E-01    0.02             0.06       0.02        6.19         96.00        266
ice_dyn_adv_pra_Hbig      0.1293225E-01    0.01             0.01       0.00        1.78         96.00         76
icethd                    0.1276374E-01    0.01             0.02       0.01        2.44         96.00        301
stp_thermodyn             0.1013560E-01    0.01             0.04       0.02        6.24         96.00        204
ice_dyn_adv_pra_icemax4D  0.9596623E-02    0.01             0.01       0.00        2.08        192.00        170
nemogcmcoup_wam_update_s  0.9034263E-02    0.01             0.03       0.01        4.40         24.00        221
zdf_drg_exp               0.7829432E-02    0.01             0.00       0.00        2.08         96.00        334
sbc_sglcpl_ice_init       0.7805172E-02    0.01             0.00       0.00        1.25          1.00        110
ice_dyn_adv_pra_icemax3D  0.6475190E-02    0.01             0.01       0.00     *******        384.00        276
stp_lateral               0.6382317E-02    0.01             0.03       0.01        6.37         96.00        318
sbc_wave_sglexe           0.6326272E-02    0.01             0.03       0.01        5.11         96.00        351
scripremap_dealloc        0.5874546E-02    0.01             0.00       0.00        1.01          8.00        252
dia_ar5                   0.5227237E-02    0.01             0.01       0.00        2.80         96.00        382
stp_diag                  0.5145555E-02    0.01             0.01       0.00        2.90         96.00        301
ssh_swp                   0.4382709E-02    0.00             0.02       0.01        8.55         96.00        292
dyn_adv                   0.3186760E-02    0.00             0.01       0.00        3.51         96.00        378
scripremap_alloc          0.2977871E-02    0.00             0.00       0.00        1.21          8.00        173
icesbc                    0.2506570E-02    0.00             0.02       0.01       17.05        192.00        150
zdf_mxl_zint              0.1973434E-02    0.00             0.05       0.02     *******         96.00        308
tra_ldf                   0.1961849E-02    0.00             0.03       0.01       46.19         96.00        168
scripgrid_dealloc         0.1451091E-02    0.00            -0.00      -0.00     *******         16.00        251
eos_pt_from_ct            0.1380540E-02    0.00             0.00       0.00     *******        122.00        150
dyn_spg                   0.1041936E-02    0.00             0.00       0.00     *******         96.00         85
 
Averaged CPU time on all processors :
-------------------------------------
Section                   CPU Time(s)  CPU Time(%)    Elap. Time(s) Elap. Time(%) CPU/Elap
nemo_init                 0.1082685E+02    4.10            16.73      18.96        0.65
icedyn_rhg                0.8736020E+01    3.31             2.20       2.49        3.98
tra_ldf_iso               0.5677927E+01    2.15             1.44       1.63        3.94
sbc_stokes                0.5280764E+01    2.00             1.33       1.51        3.96
iom_put_p3d_dp            0.5019355E+01    1.90             1.15       1.30        4.37
tra_adv_fct               0.4503588E+01    1.71             1.14       1.29        3.96
dyn_spg_ts                0.4371088E+01    1.66             1.10       1.25        3.97
nonosc                    0.3625938E+01    1.37             0.90       1.02        4.01
ldf_slp                   0.3459249E+01    1.31             0.87       0.98        3.99
scripremap_read_sgl       0.3243785E+01    1.23             2.69       3.05        1.21
dom_vvl_sf_swp            0.2990359E+01    1.13             0.77       0.87        3.88
dyn_vor                   0.2888491E+01    1.09             0.74       0.83        3.92
dyn_nxt                   0.2881008E+01    1.09             0.72       0.82        3.98
stp_ctl                   0.2658530E+01    1.01             1.12       1.27        2.37
dyn_ldf                   0.2577538E+01    0.98             0.64       0.73        4.00
zdf_phy                   0.2351558E+01    0.89             0.58       0.66        4.05
tra_nxt                   0.2349209E+01    0.89             0.59       0.67        3.99
icestp                    0.2171080E+01    0.82             1.34       1.52        1.62
ice_dyn_adv_pra           0.2061520E+01    0.78             0.51       0.58        4.01
iceupdate_tau             0.1742103E+01    0.66             0.58       0.65        3.03
dom_vvl_sf_nxt            0.1738019E+01    0.66             0.46       0.53        3.74
tra_qsr                   0.1574819E+01    0.60             0.47       0.53        3.37
dia_wri                   0.1465608E+01    0.56             0.40       0.45        3.67
icewri                    0.1462412E+01    0.55             0.37       0.42        3.90
ice_dyn_adv_pra_adv_y     0.1351148E+01    0.51             0.32       0.37        4.16
dyn_zdf                   0.1344282E+01    0.51             0.35       0.39        3.88
zdf_tke_tke               0.1318001E+01    0.50             0.35       0.40        3.74
sbc                       0.1296239E+01    0.49             0.40       0.46        3.22
stp                       0.1235976E+01    0.47             0.50       0.56        2.48
ice_dyn_adv_pra_adv_x     0.1044537E+01    0.40             0.24       0.28        4.29
tra_zdf_imp               0.1003134E+01    0.38             0.28       0.32        3.52
div_hor                   0.9737986E+00    0.37             0.27       0.31        3.54
icecor                    0.8969707E+00    0.34             0.23       0.26        3.85
dyn_zad                   0.8338430E+00    0.32             0.21       0.23        4.03
zdf_sh2                   0.8056053E+00    0.31             0.22       0.25        3.66
dom_hgr                   0.7664096E+00    0.29             0.61       0.69        1.26
zdf_ddm                   0.7579104E+00    0.29             0.20       0.23        3.74
wzv                       0.7482505E+00    0.28             0.18       0.21        4.10
tra_adv                   0.7455000E+00    0.28             0.19       0.21        3.94
bn2                       0.7387309E+00    0.28             0.18       0.21        4.05
tmx_itf                   0.7033715E+00    0.27             0.18       0.20        3.90
dyn_keg                   0.7024269E+00    0.27             0.17       0.20        4.03
stp_oceandyn              0.6124721E+00    0.23             0.10       0.12        5.89
rab_3d                    0.5842219E+00    0.22             0.15       0.17        3.88
ice_thd_main              0.5542417E+00    0.21             0.14       0.16        4.00
eos-pot                   0.5522366E+00    0.21             0.15       0.17        3.71
zdf_tke_avn               0.5356736E+00    0.20             0.12       0.14        4.41
dyn_hpg                   0.5188908E+00    0.20             0.13       0.14        4.06
sbc_isf_div               0.4917614E+00    0.19             0.09       0.10        5.53
day                       0.4876690E+00    0.18             0.16       0.18        3.12
zdf_tmx                   0.4432599E+00    0.17             0.11       0.13        3.90
dia_hth                   0.4357171E+00    0.17             0.11       0.13        3.82
parinter_init             0.4332785E+00    0.16             0.44       0.49        1.00
zps_hde                   0.4145985E+00    0.16             0.10       0.11        4.11
tra_bbl                   0.3969210E+00    0.15             0.10       0.12        3.86
ice_strengh               0.3832460E+00    0.15             0.09       0.11        4.13
sbc_sglcpl_rcv            0.3736241E+00    0.14             0.09       0.11        4.03
sbc_wstress               0.3583272E+00    0.14             0.09       0.10        4.07
parinter_fld_mult         0.3265212E+00    0.12             0.08       0.09        3.95
sbc_hbp                   0.3220004E+00    0.12             0.08       0.09        4.26
icedyn_rdgrft             0.3177594E+00    0.12             0.08       0.09        4.10
tra_bbc                   0.3093464E+00    0.12             0.08       0.09        4.01
stp_tracers               0.3031616E+00    0.11             0.07       0.08        4.26
ice_thd_jllopp            0.2864462E+00    0.11             0.08       0.09        3.70
eos2d                     0.2587679E+00    0.10             0.06       0.07        4.28
zdf_evd                   0.2557501E+00    0.10             0.09       0.10        2.80
tra_zdf                   0.2533828E+00    0.10             0.04       0.05        6.25
zdf_mxl                   0.2319619E+00    0.09             0.07       0.08        3.35
sbc_rnf                   0.2233750E+00    0.08             0.06       0.07        3.72
eos-insitu                0.1957791E+00    0.07             0.06       0.06        3.53
rab_2d                    0.1800803E+00    0.07             0.04       0.05        4.19
nemogcmcoup_lim2_update   0.1451117E+00    0.05             0.04       0.04        4.13
iceupdate_flx             0.1357161E+00    0.05             0.07       0.08        1.91
ssh_nxt                   0.1204827E+00    0.05             0.03       0.03        4.15
icedyn_adv                0.9068829E-01    0.03             0.02       0.02        5.37
nemogcmcoup_wam_get       0.8373245E-01    0.03             0.02       0.02        4.04
iceitd_rem                0.7432966E-01    0.03             0.01       0.01        7.07
ice_dyn                   0.7346006E-01    0.03             0.02       0.02        3.64
iceitd_reb                0.6796140E-01    0.03             0.00       0.00       18.16
stp_nxt                   0.6352308E-01    0.02             0.01       0.01        6.19
sbc_sglcpl_ice_flx        0.6035654E-01    0.02             0.01       0.01        5.03
nemogcmcoup_wam_update    0.5744386E-01    0.02             0.01       0.02        4.32
sbc_ssm                   0.5311481E-01    0.02             0.02       0.02        2.42
nemogcmcoup_lim2_get      0.5272254E-01    0.02             0.01       0.01        4.62
tra_sbc                   0.5255441E-01    0.02             0.01       0.01        4.85
parinter_write            0.4960982E-01    0.02             0.18       0.21        0.27
stp_thermodyn             0.4030823E-01    0.02             0.01       0.01        6.24
zdf_drg                   0.3683909E-01    0.01             0.01       0.01        5.32
nemogcmcoup_wam_coupinit  0.2785774E-01    0.01             0.02       0.02        1.53
stp_lateral               0.2776087E-01    0.01             0.00       0.00        6.37
nemogcmcoup_coupinit      0.2743178E-01    0.01             0.03       0.03        0.99
nemogcmcoup_wam_update_s  0.2740080E-01    0.01             0.01       0.01        4.40
icealb                    0.2539427E-01    0.01             0.01       0.01        2.59
sbc_wave_sglexe           0.2520737E-01    0.01             0.00       0.01        5.11
icesbc                    0.2498376E-01    0.01             0.00       0.00       17.05
icethd                    0.2014880E-01    0.01             0.01       0.01        2.44
ssh_swp                   0.1721186E-01    0.01             0.00       0.00        8.55
parinter_read             0.1562583E-01    0.01             0.04       0.04        0.44
stp_diag                  0.1064609E-01    0.00             0.00       0.00        2.90
ice_dyn_adv_pra_icemax4D  0.9872721E-02    0.00             0.00       0.01        2.08
dia_ar5                   0.9773319E-02    0.00             0.00       0.00        2.80
ice_thd_do                0.9452772E-02    0.00             0.00       0.00        7.45
dyn_adv                   0.8953656E-02    0.00             0.00       0.00        3.51
ice_dyn_adv_pra_Hbig      0.7199544E-02    0.00             0.00       0.00        1.78
zdf_drg_exp               0.3910753E-02    0.00             0.00       0.00        2.08
scripremap_dealloc        0.3040542E-02    0.00             0.00       0.00        1.01
scripremap_alloc          0.1428149E-02    0.00             0.00       0.00        1.21
 
Averaged inclusive timing on all processors :
---------------------------------------------
Section                   Elap. Time(s)  Elap. Time(%)  CPU Time(s)  CPU Time(%)  CPU/Elap Max elap(%)  Min elap(%)  Freq      Max time task
stp                       0.2690864E+02   30.50            99.86      37.84        3.71          1.24      0.15      96.00        226
nemo_init                 0.1733834E+02   19.65            11.59       4.39        0.67         18.98     18.92       1.00        118
sbc                       0.8588021E+01    9.73            30.21      11.45        3.52          1.30      0.08      96.00        353
icestp                    0.6403116E+01    7.26            21.77       8.25        3.40          2.09      0.33      96.00        209
stp_tracers               0.4813840E+01    5.46            18.80       7.12        3.91          0.09      0.04      96.00        118
stp_oceandyn              0.4571104E+01    5.18            18.18       6.89        3.98          0.14      0.06      96.00        301
ice_dyn                   0.3563147E+01    4.04            14.15       5.36        3.97          0.04      0.02      96.00         35
scripremap_read_sgl       0.2690515E+01    3.05             3.25       1.23        1.21          3.17      3.01       8.00        428
nemogcmcoup_coupinit      0.2394370E+01    2.71             2.28       0.86        0.95          0.08      0.00       1.00        415
icedyn_rhg                0.2291325E+01    2.60             9.12       3.46        3.98          2.91      0.93      96.00        353
tra_adv                   0.2265320E+01    2.57             9.01       3.42        3.98          0.23      0.10      96.00        398
stp_nxt                   0.2101291E+01    2.38             8.30       3.15        3.95          0.02      0.01      96.00        266
tra_adv_fct               0.2043199E+01    2.32             8.13       3.08        3.98          1.42      0.48      96.00        419
zdf_phy                   0.1986979E+01    2.25             7.78       2.95        3.92          2.62      0.21      96.00        420
stp_diag                  0.1624988E+01    1.84             6.47       2.45        3.98          0.01      0.00      96.00        301
dia_wri                   0.1490323E+01    1.69             5.94       2.25        3.98          0.98      0.28      96.00        423
tra_ldf_iso               0.1443699E+01    1.64             5.68       2.15        3.93          1.72      0.47      96.00         56
sbc_wave_sglexe           0.1374276E+01    1.56             5.47       2.07        3.98          0.01      0.00      96.00        351
sbc_stokes                0.1368109E+01    1.55             5.44       2.06        3.98          2.04      0.20      96.00         25
iom_put_p3d_dp            0.1186922E+01    1.35             5.02       1.90        4.23          1.41      1.12    2976.00        429
icedyn_adv                0.1149585E+01    1.30             4.57       1.73        3.98          0.02      0.01      96.00        405
ice_dyn_adv_pra           0.1131469E+01    1.28             4.48       1.70        3.96          0.81      0.21      96.00        423
stp_ctl                   0.1122263E+01    1.27             2.66       1.01        2.37         17.93      0.42      96.00        428
dyn_spg_ts                0.1101808E+01    1.25             4.39       1.66        3.98          1.82      0.54      96.00        406
stp_lateral               0.1096254E+01    1.24             4.36       1.65        3.97          0.01      0.00      96.00        318
nemogcmcoup_wam_coupinit  0.9984220E+00    1.13             1.53       0.58        1.53          0.06      0.00       1.00        107
nonosc                    0.9056997E+00    1.03             3.63       1.37        4.00          1.45      0.47     192.00        406
ldf_slp                   0.8690041E+00    0.98             3.46       1.31        3.98          1.04      0.37      96.00        352
dom_vvl_sf_swp            0.7727040E+00    0.88             2.99       1.13        3.87          0.94      0.35      96.00        385
dyn_vor                   0.7377325E+00    0.84             2.89       1.09        3.92          0.89      0.26      96.00          3
dyn_nxt                   0.7242810E+00    0.82             2.88       1.09        3.98          0.90      0.35      96.00         49
dyn_ldf                   0.6462322E+00    0.73             2.58       0.98        3.99          0.81      0.41      96.00        425
dom_hgr                   0.6085421E+00    0.69             0.77       0.29        1.26          0.72      0.67       1.00        356
tra_nxt                   0.5895617E+00    0.67             2.35       0.89        3.98          2.08      0.36      96.00        421
iceupdate_tau             0.5762752E+00    0.65             1.74       0.66        3.02          1.82     -0.00      96.00        320
tra_qsr                   0.4679133E+00    0.53             1.57       0.60        3.37          0.67      0.10      96.00        150
dom_vvl_sf_nxt            0.4666246E+00    0.53             1.74       0.66        3.72          0.64      0.20     192.00        380
icethd                    0.4614666E+00    0.52             1.84       0.70        3.99          0.01      0.01      96.00        301
parinter_init             0.4352579E+00    0.49             0.43       0.16        1.00          0.50      0.49       8.00        249
icewri                    0.3907272E+00    0.44             1.56       0.59        3.99          1.20      0.04      96.00        156
dyn_adv                   0.3874430E+00    0.44             1.55       0.59        3.99          0.00      0.00      96.00        378
div_hor                   0.3675650E+00    0.42             1.47       0.56        4.00          0.44      0.09     192.00        414
zdf_tke_tke               0.3536734E+00    0.40             1.32       0.50        3.73          0.46      0.13      96.00        225
dyn_zdf                   0.3503697E+00    0.40             1.35       0.51        3.85          0.41      0.10      96.00        396
stp_thermodyn             0.3455923E+00    0.39             1.36       0.52        3.94          0.01      0.00      96.00        204
ice_dyn_adv_pra_adv_y     0.3406579E+00    0.39             1.35       0.51        3.97          0.41      0.24    1248.00        168
tra_zdf                   0.3276520E+00    0.37             1.26       0.48        3.83          0.07      0.01      96.00        353
zdf_tmx                   0.3091100E+00    0.35             1.23       0.47        3.98          0.18      0.08      96.00        353
tra_zdf_imp               0.2858766E+00    0.32             1.00       0.38        3.51          0.37      0.11      96.00        353
ice_dyn_adv_pra_adv_x     0.2593176E+00    0.29             1.04       0.40        4.03          0.32      0.16    1248.00        168
icecor                    0.2413793E+00    0.27             0.96       0.37        4.00          0.84      0.03     192.00         12
zdf_sh2                   0.2214006E+00    0.25             0.81       0.31        3.64          0.28      0.07      96.00        240
ssh_nxt                   0.2163954E+00    0.25             0.87       0.33        4.00          0.04      0.02      96.00        378
dyn_zad                   0.2083231E+00    0.24             0.83       0.32        4.00          0.28      0.10      96.00        378
zdf_ddm                   0.2039256E+00    0.23             0.76       0.29        3.72          0.33      0.14      96.00        353
wzv                       0.1851164E+00    0.21             0.75       0.28        4.04          0.23      0.09     192.00        378
bn2                       0.1847077E+00    0.21             0.74       0.28        4.00          0.25      0.05     192.00        308
parinter_write            0.1826451E+00    0.21             0.05       0.02        0.27          0.28      0.09       8.00        181
tmx_itf                   0.1815148E+00    0.21             0.70       0.27        3.88          0.25      0.10      96.00        322
dyn_keg                   0.1753335E+00    0.20             0.70       0.27        4.01          0.31      0.10      96.00        425
zps_hde                   0.1649252E+00    0.19             0.67       0.26        4.08          0.52      0.01      96.00        416
day                       0.1574167E+00    0.18             0.49       0.18        3.10          0.21      0.04      96.00        352
rab_3d                    0.1531940E+00    0.17             0.58       0.22        3.81          0.19      0.11     192.00        320
eos-pot                   0.1516750E+00    0.17             0.55       0.21        3.64          0.20      0.10     218.00        369
sbc_hbp                   0.1485645E+00    0.17             0.59       0.23        4.00          0.28      0.05      96.00        427
tra_bbl                   0.1451012E+00    0.16             0.58       0.22        4.01          0.28      0.03      96.00        409
ice_thd_main              0.1398340E+00    0.16             0.55       0.21        3.96          0.67      0.00      96.00          6
dyn_hpg                   0.1290286E+00    0.15             0.52       0.20        4.02          0.17      0.07      96.00         56
dia_hth                   0.1276738E+00    0.14             0.51       0.19        4.01          0.14      0.08      96.00        277
zdf_tke_avn               0.1225951E+00    0.14             0.54       0.20        4.37          0.23      0.05      96.00        280
zdf_evd                   0.1152408E+00    0.13             0.46       0.18        4.02          0.13      0.04      96.00        353
ice_strengh               0.9392441E-01    0.11             0.38       0.15        4.08          0.74      0.00      96.00        425
sbc_sglcpl_rcv            0.9323794E-01    0.11             0.38       0.14        4.02          0.88      0.00      96.00        353
sbc_isf_div               0.9134977E-01    0.10             0.49       0.19        5.38          0.20     -0.01     192.00        285
sbc_wstress               0.8924184E-01    0.10             0.36       0.14        4.02          0.65     -0.00      96.00        416
parinter_fld_mult         0.8549337E-01    0.10             0.33       0.12        3.82          0.14      0.04     219.00        428
icedyn_rdgrft             0.7875287E-01    0.09             0.32       0.12        4.03          0.64      0.01      96.00         27
ice_thd_jllopp            0.7858847E-01    0.09             0.29       0.11        3.64          0.55     -0.00      96.00        393
tra_bbc                   0.7782854E-01    0.09             0.31       0.12        4.00          0.30      0.02      96.00        416
nemogcmcoup_lim2_update   0.7228397E-01    0.08             0.29       0.11        3.99          0.06      0.01      24.00        318
zdf_mxl                   0.7114179E-01    0.08             0.29       0.11        4.02          0.10      0.04      96.00        365
eos2d                     0.6288034E-01    0.07             0.26       0.10        4.12          0.20     -0.00     192.00         23
sbc_rnf                   0.6045519E-01    0.07             0.22       0.09        3.72          0.17      0.04      96.00        406
eos-insitu                0.5673312E-01    0.06             0.20       0.07        3.45          0.07      0.04      96.00         39
iceupdate_flx             0.4998860E-01    0.06             0.20       0.08        4.07          0.13      0.04      96.00        301
rab_2d                    0.4417794E-01    0.05             0.18       0.07        4.08          0.21     -0.00      96.00         46
parinter_read             0.3558796E-01    0.04             0.02       0.01        0.44          0.09      0.00       8.00         56
nemogcmcoup_wam_get       0.2932338E-01    0.03             0.12       0.04        3.95          0.05      0.01      24.00        424
nemogcmcoup_lim2_get      0.2591422E-01    0.03             0.10       0.04        3.99          0.03      0.01      25.00        282
icesbc                    0.2337272E-01    0.03             0.10       0.04        4.35          0.00     -0.00     192.00        150
nemogcmcoup_wam_update    0.2073014E-01    0.02             0.08       0.03        4.07          0.02      0.00      24.00         24
sbc_ssm                   0.1862485E-01    0.02             0.08       0.03        4.25          0.04      0.01      96.00        301
sbc_sglcpl_ice_flx        0.1309219E-01    0.01             0.06       0.02        4.73          0.02      0.01      96.00        174
icealb                    0.1226214E-01    0.01             0.03       0.01        2.07          0.02      0.00     192.00         76
tra_sbc                   0.1207834E-01    0.01             0.05       0.02        4.35          0.02      0.00      96.00        369
iceitd_rem                0.1174804E-01    0.01             0.07       0.03        6.33          0.08     -0.00      96.00         30
nemogcmcoup_wam_update_s  0.9569403E-02    0.01             0.04       0.01        4.14          0.01      0.00      24.00        221
zdf_drg                   0.8161147E-02    0.01             0.04       0.01        4.51          0.02     -0.00      96.00        200
ice_dyn_adv_pra_icemax4D  0.7214957E-02    0.01             0.01       0.00        1.37          0.01     -0.00     192.00        170
iceitd_reb                0.6214829E-02    0.01             0.07       0.03       10.94          0.04     -0.01     192.00         47
ice_dyn_adv_pra_Hbig      0.5278143E-02    0.01             0.01       0.00        1.36          0.01     -0.00      96.00         76
ssh_swp                   0.3249128E-02    0.00             0.02       0.01        5.30          0.00     -0.00      96.00        292
zdf_drg_exp               0.3111503E-02    0.00             0.00       0.00        1.26          0.01     -0.00      96.00        334
scripremap_dealloc        0.2874235E-02    0.00             0.00       0.00        1.00          0.01      0.00       8.00        252
ice_thd_do                0.2504174E-02    0.00             0.01       0.00        3.77          0.04     -0.00      96.00        394
dia_ar5                   0.2080145E-02    0.00             0.01       0.00        6.13          0.01      0.00      96.00        382
scripremap_alloc          0.1590823E-02    0.00             0.00       0.00        1.98          0.00      0.00       8.00        173
 
Averaged inclusive CPU time on all processors :
-----------------------------------------------
Section                   CPU Time(s)  CPU Time(%)    Elap. Time(s) Elap. Time(%) CPU/Elap
stp                       0.1235976E+01    0.47             0.50       0.56        2.48
sbc                       0.1296239E+01    0.49             0.40       0.46        3.22
icestp                    0.2171080E+01    0.82             1.34       1.52        1.62
stp_tracers               0.3031616E+00    0.11             0.07       0.08        4.26
stp_oceandyn              0.6124721E+00    0.23             0.10       0.12        5.89
ice_dyn                   0.7346006E-01    0.03             0.02       0.02        3.64
nemo_init                 0.1082685E+02    4.10            16.73      18.96        0.65
icedyn_rhg                0.8736020E+01    3.31             2.20       2.49        3.98
tra_adv                   0.7455000E+00    0.28             0.19       0.21        3.94
stp_nxt                   0.6352308E-01    0.02             0.01       0.01        6.19
tra_adv_fct               0.4503588E+01    1.71             1.14       1.29        3.96
zdf_phy                   0.2351558E+01    0.89             0.58       0.66        4.05
stp_diag                  0.1064609E-01    0.00             0.00       0.00        2.90
dia_wri                   0.1465608E+01    0.56             0.40       0.45        3.67
tra_ldf_iso               0.5677927E+01    2.15             1.44       1.63        3.94
sbc_wave_sglexe           0.2520737E-01    0.01             0.00       0.01        5.11
sbc_stokes                0.5280764E+01    2.00             1.33       1.51        3.96
iom_put_p3d_dp            0.5019355E+01    1.90             1.15       1.30        4.37
icedyn_adv                0.9068829E-01    0.03             0.02       0.02        5.37
ice_dyn_adv_pra           0.2061520E+01    0.78             0.51       0.58        4.01
dyn_spg_ts                0.4371088E+01    1.66             1.10       1.25        3.97
stp_lateral               0.2776087E-01    0.01             0.00       0.00        6.37
nonosc                    0.3625938E+01    1.37             0.90       1.02        4.01
ldf_slp                   0.3459249E+01    1.31             0.87       0.98        3.99
scripremap_read_sgl       0.3243785E+01    1.23             2.69       3.05        1.21
dom_vvl_sf_swp            0.2990359E+01    1.13             0.77       0.87        3.88
dyn_vor                   0.2888491E+01    1.09             0.74       0.83        3.92
dyn_nxt                   0.2881008E+01    1.09             0.72       0.82        3.98
stp_ctl                   0.2658530E+01    1.01             1.12       1.27        2.37
dyn_ldf                   0.2577538E+01    0.98             0.64       0.73        4.00
tra_nxt                   0.2349209E+01    0.89             0.59       0.67        3.99
nemogcmcoup_coupinit      0.2743178E-01    0.01             0.03       0.03        0.99
icethd                    0.2014880E-01    0.01             0.01       0.01        2.44
iceupdate_tau             0.1742103E+01    0.66             0.58       0.65        3.03
dom_vvl_sf_nxt            0.1738019E+01    0.66             0.46       0.53        3.74
tra_qsr                   0.1574819E+01    0.60             0.47       0.53        3.37
icewri                    0.1462412E+01    0.55             0.37       0.42        3.90
dyn_adv                   0.8953656E-02    0.00             0.00       0.00        3.51
nemogcmcoup_wam_coupinit  0.2785774E-01    0.01             0.02       0.02        1.53
div_hor                   0.9737986E+00    0.37             0.27       0.31        3.54
stp_thermodyn             0.4030823E-01    0.02             0.01       0.01        6.24
ice_dyn_adv_pra_adv_y     0.1351148E+01    0.51             0.32       0.37        4.16
dyn_zdf                   0.1344282E+01    0.51             0.35       0.39        3.88
zdf_tke_tke               0.1318001E+01    0.50             0.35       0.40        3.74
tra_zdf                   0.2533828E+00    0.10             0.04       0.05        6.25
zdf_tmx                   0.4432599E+00    0.17             0.11       0.13        3.90
ice_dyn_adv_pra_adv_x     0.1044537E+01    0.40             0.24       0.28        4.29
tra_zdf_imp               0.1003134E+01    0.38             0.28       0.32        3.52
icecor                    0.8969707E+00    0.34             0.23       0.26        3.85
ssh_nxt                   0.1204827E+00    0.05             0.03       0.03        4.15
dyn_zad                   0.8338430E+00    0.32             0.21       0.23        4.03
zdf_sh2                   0.8056053E+00    0.31             0.22       0.25        3.66
dom_hgr                   0.7664096E+00    0.29             0.61       0.69        1.26
zdf_ddm                   0.7579104E+00    0.29             0.20       0.23        3.74
wzv                       0.7482505E+00    0.28             0.18       0.21        4.10
bn2                       0.7387309E+00    0.28             0.18       0.21        4.05
tmx_itf                   0.7033715E+00    0.27             0.18       0.20        3.90
dyn_keg                   0.7024269E+00    0.27             0.17       0.20        4.03
zps_hde                   0.4145985E+00    0.16             0.10       0.11        4.11
sbc_hbp                   0.3220004E+00    0.12             0.08       0.09        4.26
rab_3d                    0.5842219E+00    0.22             0.15       0.17        3.88
tra_bbl                   0.3969210E+00    0.15             0.10       0.12        3.86
ice_thd_main              0.5542417E+00    0.21             0.14       0.16        4.00
eos-pot                   0.5522366E+00    0.21             0.15       0.17        3.71
zdf_tke_avn               0.5356736E+00    0.20             0.12       0.14        4.41
dyn_hpg                   0.5188908E+00    0.20             0.13       0.14        4.06
dia_hth                   0.4357171E+00    0.17             0.11       0.13        3.82
sbc_isf_div               0.4917614E+00    0.19             0.09       0.10        5.53
day                       0.4876690E+00    0.18             0.16       0.18        3.12
zdf_evd                   0.2557501E+00    0.10             0.09       0.10        2.80
parinter_init             0.4332785E+00    0.16             0.44       0.49        1.00
ice_strengh               0.3832460E+00    0.15             0.09       0.11        4.13
sbc_sglcpl_rcv            0.3736241E+00    0.14             0.09       0.11        4.03
sbc_wstress               0.3583272E+00    0.14             0.09       0.10        4.07
parinter_fld_mult         0.3265212E+00    0.12             0.08       0.09        3.95
icedyn_rdgrft             0.3177594E+00    0.12             0.08       0.09        4.10
tra_bbc                   0.3093464E+00    0.12             0.08       0.09        4.01
nemogcmcoup_lim2_update   0.1451117E+00    0.05             0.04       0.04        4.13
ice_thd_jllopp            0.2864462E+00    0.11             0.08       0.09        3.70
zdf_mxl                   0.2319619E+00    0.09             0.07       0.08        3.35
eos2d                     0.2587679E+00    0.10             0.06       0.07        4.28
sbc_rnf                   0.2233750E+00    0.08             0.06       0.07        3.72
iceupdate_flx             0.1357161E+00    0.05             0.07       0.08        1.91
eos-insitu                0.1957791E+00    0.07             0.06       0.06        3.53
rab_2d                    0.1800803E+00    0.07             0.04       0.05        4.19
nemogcmcoup_wam_get       0.8373245E-01    0.03             0.02       0.02        4.04
nemogcmcoup_lim2_get      0.5272254E-01    0.02             0.01       0.01        4.62
icesbc                    0.2498376E-01    0.01             0.00       0.00       17.05
nemogcmcoup_wam_update    0.5744386E-01    0.02             0.01       0.02        4.32
sbc_ssm                   0.5311481E-01    0.02             0.02       0.02        2.42
iceitd_rem                0.7432966E-01    0.03             0.01       0.01        7.07
iceitd_reb                0.6796140E-01    0.03             0.00       0.00       18.16
sbc_sglcpl_ice_flx        0.6035654E-01    0.02             0.01       0.01        5.03
tra_sbc                   0.5255441E-01    0.02             0.01       0.01        4.85
parinter_write            0.4960982E-01    0.02             0.18       0.21        0.27
nemogcmcoup_wam_update_s  0.2740080E-01    0.01             0.01       0.01        4.40
zdf_drg                   0.3683909E-01    0.01             0.01       0.01        5.32
icealb                    0.2539427E-01    0.01             0.01       0.01        2.59
ssh_swp                   0.1721186E-01    0.01             0.00       0.00        8.55
parinter_read             0.1562583E-01    0.01             0.04       0.04        0.44
dia_ar5                   0.9773319E-02    0.00             0.00       0.00        2.80
ice_dyn_adv_pra_icemax4D  0.9872721E-02    0.00             0.00       0.01        2.08
ice_thd_do                0.9452772E-02    0.00             0.00       0.00        7.45
ice_dyn_adv_pra_Hbig      0.7199544E-02    0.00             0.00       0.00        1.78
zdf_drg_exp               0.3910753E-02    0.00             0.00       0.00        2.08
scripremap_alloc          0.1428149E-02    0.00             0.00       0.00        1.21
scripremap_dealloc        0.3040542E-02    0.00             0.00       0.00        1.01
 
 MPI summary report :
 --------------------

 Process Rank | Elapsed Time (s) | CPU Time (s) | Ratio CPU/Elapsed
 -------------|------------------|--------------|------------------
         0    |      88.237      |     266.261  |      3.018
         1    |      88.238      |     269.438  |      3.054
         2    |      88.238      |     270.040  |      3.060
         3    |      88.238      |     270.066  |      3.061
         4    |      88.238      |     269.747  |      3.057
         5    |      88.238      |     270.157  |      3.062
         6    |      88.238      |     269.757  |      3.057
         7    |      88.238      |     271.033  |      3.072
         8    |      88.238      |     270.543  |      3.066
         9    |      88.238      |     270.106  |      3.061
        10    |      88.238      |     270.256  |      3.063
        11    |      88.238      |     271.221  |      3.074
        12    |      88.238      |     271.490  |      3.077
        13    |      88.238      |     270.092  |      3.061
        14    |      88.238      |     270.040  |      3.060
        15    |      88.238      |     270.063  |      3.061
        16    |      88.238      |     270.043  |      3.060
        17    |      88.238      |     270.006  |      3.060
        18    |      88.238      |     271.437  |      3.076
        19    |      88.238      |     271.075  |      3.072
        20    |      88.238      |     270.133  |      3.061
        21    |      88.238      |     270.207  |      3.062
        22    |      88.238      |     270.361  |      3.064
        23    |      88.238      |     270.313  |      3.063
        24    |      88.238      |     271.243  |      3.074
        25    |      88.238      |     271.279  |      3.074
        26    |      88.238      |     271.759  |      3.080
        27    |      88.238      |     270.549  |      3.066
        28    |      88.238      |     266.083  |      3.016
        29    |      88.238      |     266.387  |      3.019
        30    |      88.238      |     266.295  |      3.018
        31    |      88.238      |     266.031  |      3.015
        32    |      88.238      |     265.634  |      3.010
        33    |      88.238      |     266.050  |      3.015
        34    |      88.238      |     265.975  |      3.014
        35    |      88.238      |     266.549  |      3.021
        36    |      88.238      |     266.386  |      3.019
        37    |      88.238      |     265.945  |      3.014
        38    |      88.238      |     265.848  |      3.013
        39    |      88.238      |     266.500  |      3.020
        40    |      88.238      |     266.276  |      3.018
        41    |      88.238      |     266.000  |      3.015
        42    |      88.238      |     266.077  |      3.015
        43    |      88.238      |     266.399  |      3.019
        44    |      88.238      |     266.349  |      3.019
        45    |      88.238      |     265.956  |      3.014
        46    |      88.238      |     265.249  |      3.006
        47    |      88.238      |     265.949  |      3.014
        48    |      88.238      |     265.645  |      3.011
        49    |      88.238      |     265.971  |      3.014
        50    |      88.238      |     265.700  |      3.011
        51    |      88.238      |     266.213  |      3.017
        52    |      88.238      |     265.819  |      3.013
        53    |      88.238      |     266.517  |      3.020
        54    |      88.238      |     266.509  |      3.020
        55    |      88.238      |     266.578  |      3.021
        56    |      88.238      |     267.196  |      3.028
        57    |      88.238      |     267.406  |      3.031
        58    |      88.238      |     267.091  |      3.027
        59    |      88.238      |     267.106  |      3.027
        60    |      88.238      |     267.307  |      3.029
        61    |      88.238      |     267.435  |      3.031
        62    |      88.238      |     267.222  |      3.028
        63    |      88.238      |     267.041  |      3.026
        64    |      88.238      |     266.905  |      3.025
        65    |      88.238      |     266.814  |      3.024
        66    |      88.238      |     267.246  |      3.029
        67    |      88.238      |     266.875  |      3.024
        68    |      88.238      |     267.237  |      3.029
        69    |      88.238      |     267.097  |      3.027
        70    |      88.238      |     267.191  |      3.028
        71    |      88.238      |     267.158  |      3.028
        72    |      88.238      |     267.418  |      3.031
        73    |      88.238      |     267.237  |      3.029
        74    |      88.238      |     267.357  |      3.030
        75    |      88.238      |     266.838  |      3.024
        76    |      88.238      |     266.838  |      3.024
        77    |      88.238      |     267.132  |      3.027
        78    |      88.238      |     266.763  |      3.023
        79    |      88.238      |     266.874  |      3.024
        80    |      88.238      |     266.933  |      3.025
        81    |      88.238      |     266.986  |      3.026
        82    |      88.238      |     267.047  |      3.026
        83    |      88.238      |     267.172  |      3.028
        84    |      88.238      |     261.145  |      2.960
        85    |      88.238      |     261.386  |      2.962
        86    |      88.238      |     261.220  |      2.960
        87    |      88.238      |     261.382  |      2.962
        88    |      88.238      |     261.208  |      2.960
        89    |      88.238      |     261.429  |      2.963
        90    |      88.238      |     261.100  |      2.959
        91    |      88.238      |     260.854  |      2.956
        92    |      88.238      |     260.884  |      2.957
        93    |      88.238      |     260.891  |      2.957
        94    |      88.238      |     261.398  |      2.962
        95    |      88.238      |     260.847  |      2.956
        96    |      88.238      |     260.923  |      2.957
        97    |      88.238      |     260.806  |      2.956
        98    |      88.238      |     260.861  |      2.956
        99    |      88.238      |     262.680  |      2.977
       100    |      88.238      |     261.103  |      2.959
       101    |      88.238      |     261.263  |      2.961
       102    |      88.238      |     261.659  |      2.965
       103    |      88.238      |     261.131  |      2.959
       104    |      88.238      |     261.175  |      2.960
       105    |      88.238      |     260.547  |      2.953
       106    |      88.238      |     260.591  |      2.953
       107    |      88.238      |     260.992  |      2.958
       108    |      88.238      |     260.822  |      2.956
       109    |      88.238      |     261.270  |      2.961
       110    |      88.238      |     261.566  |      2.964
       111    |      88.238      |     261.440  |      2.963
       112    |      88.238      |     260.135  |      2.948
       113    |      88.238      |     259.924  |      2.946
       114    |      88.238      |     260.042  |      2.947
       115    |      88.238      |     260.357  |      2.951
       116    |      88.238      |     260.115  |      2.948
       117    |      88.238      |     260.292  |      2.950
       118    |      88.238      |     260.237  |      2.949
       119    |      88.238      |     260.231  |      2.949
       120    |      88.238      |     260.006  |      2.947
       121    |      88.238      |     259.983  |      2.946
       122    |      88.238      |     259.541  |      2.941
       123    |      88.238      |     259.748  |      2.944
       124    |      88.238      |     259.905  |      2.945
       125    |      88.238      |     259.633  |      2.942
       126    |      88.238      |     259.341  |      2.939
       127    |      88.238      |     259.632  |      2.942
       128    |      88.238      |     259.780  |      2.944
       129    |      88.238      |     259.633  |      2.942
       130    |      88.238      |     259.816  |      2.944
       131    |      88.238      |     260.129  |      2.948
       132    |      88.238      |     260.357  |      2.951
       133    |      88.238      |     259.833  |      2.945
       134    |      88.238      |     259.822  |      2.945
       135    |      88.238      |     259.293  |      2.939
       136    |      88.238      |     258.909  |      2.934
       137    |      88.238      |     259.466  |      2.941
       138    |      88.238      |     259.494  |      2.941
       139    |      88.238      |     260.469  |      2.952
       140    |      88.238      |     259.776  |      2.944
       141    |      88.238      |     260.559  |      2.953
       142    |      88.238      |     259.987  |      2.946
       143    |      88.238      |     259.336  |      2.939
       144    |      88.238      |     259.751  |      2.944
       145    |      88.238      |     260.297  |      2.950
       146    |      88.238      |     260.123  |      2.948
       147    |      88.238      |     259.720  |      2.943
       148    |      88.238      |     260.085  |      2.948
       149    |      88.238      |     260.646  |      2.954
       150    |      88.238      |     260.005  |      2.947
       151    |      88.238      |     259.873  |      2.945
       152    |      88.238      |     259.800  |      2.944
       153    |      88.238      |     259.781  |      2.944
       154    |      88.238      |     259.923  |      2.946
       155    |      88.238      |     259.463  |      2.940
       156    |      88.238      |     259.044  |      2.936
       157    |      88.238      |     259.343  |      2.939
       158    |      88.238      |     260.047  |      2.947
       159    |      88.238      |     259.642  |      2.943
       160    |      88.238      |     259.555  |      2.942
       161    |      88.238      |     259.419  |      2.940
       162    |      88.238      |     260.491  |      2.952
       163    |      88.238      |     260.015  |      2.947
       164    |      88.238      |     259.444  |      2.940
       165    |      88.238      |     259.053  |      2.936
       166    |      88.238      |     259.012  |      2.935
       167    |      88.238      |     258.532  |      2.930
       168    |      88.238      |     258.660  |      2.931
       169    |      88.238      |     259.486  |      2.941
       170    |      88.238      |     259.913  |      2.946
       171    |      88.238      |     260.500  |      2.952
       172    |      88.238      |     259.378  |      2.940
       173    |      88.238      |     259.738  |      2.944
       174    |      88.238      |     260.370  |      2.951
       175    |      88.238      |     259.943  |      2.946
       176    |      88.238      |     259.732  |      2.944
       177    |      88.238      |     260.248  |      2.949
       178    |      88.238      |     260.677  |      2.954
       179    |      88.238      |     260.151  |      2.948
       180    |      88.238      |     259.762  |      2.944
       181    |      88.238      |     259.556  |      2.942
       182    |      88.239      |     259.989  |      2.946
       183    |      88.238      |     260.193  |      2.949
       184    |      88.238      |     259.618  |      2.942
       185    |      88.238      |     259.036  |      2.936
       186    |      88.238      |     259.537  |      2.941
       187    |      88.238      |     260.055  |      2.947
       188    |      88.238      |     259.846  |      2.945
       189    |      88.238      |     259.749  |      2.944
       190    |      88.238      |     260.195  |      2.949
       191    |      88.238      |     260.494  |      2.952
       192    |      88.238      |     260.153  |      2.948
       193    |      88.238      |     259.442  |      2.940
       194    |      88.238      |     259.257  |      2.938
       195    |      88.238      |     259.093  |      2.936
       196    |      88.238      |     263.412  |      2.985
       197    |      88.238      |     263.179  |      2.983
       198    |      88.238      |     263.960  |      2.991
       199    |      88.238      |     264.320  |      2.996
       200    |      88.238      |     264.782  |      3.001
       201    |      88.238      |     262.163  |      2.971
       202    |      88.238      |     263.541  |      2.987
       203    |      88.238      |     264.149  |      2.994
       204    |      88.238      |     264.702  |      3.000
       205    |      88.238      |     264.447  |      2.997
       206    |      88.238      |     264.352  |      2.996
       207    |      88.238      |     264.649  |      2.999
       208    |      88.238      |     264.922  |      3.002
       209    |      88.238      |     264.566  |      2.998
       210    |      88.238      |     264.010  |      2.992
       211    |      88.238      |     263.930  |      2.991
       212    |      88.238      |     264.297  |      2.995
       213    |      88.238      |     264.548  |      2.998
       214    |      88.238      |     263.813  |      2.990
       215    |      88.238      |     263.727  |      2.989
       216    |      88.238      |     264.390  |      2.996
       217    |      88.238      |     264.112  |      2.993
       218    |      88.238      |     263.891  |      2.991
       219    |      88.238      |     264.529  |      2.998
       220    |      88.238      |     264.890  |      3.002
       221    |      88.238      |     264.480  |      2.997
       222    |      88.238      |     263.901  |      2.991
       223    |      88.238      |     263.159  |      2.982
       224    |      88.238      |     263.154  |      2.982
       225    |      88.238      |     263.889  |      2.991
       226    |      88.238      |     263.394  |      2.985
       227    |      88.238      |     264.152  |      2.994
       228    |      88.238      |     264.684  |      3.000
       229    |      88.238      |     264.990  |      3.003
       230    |      88.238      |     263.579  |      2.987
       231    |      88.238      |     264.341  |      2.996
       232    |      88.238      |     264.564  |      2.998
       233    |      88.238      |     265.223  |      3.006
       234    |      88.238      |     264.837  |      3.001
       235    |      88.238      |     264.804  |      3.001
       236    |      88.238      |     264.364  |      2.996
       237    |      88.238      |     264.905  |      3.002
       238    |      88.238      |     264.618  |      2.999
       239    |      88.238      |     264.590  |      2.999
       240    |      88.238      |     264.459  |      2.997
       241    |      88.238      |     264.779  |      3.001
       242    |      88.238      |     264.942  |      3.003
       243    |      88.238      |     264.348  |      2.996
       244    |      88.238      |     262.705  |      2.977
       245    |      88.238      |     264.259  |      2.995
       246    |      88.238      |     264.767  |      3.001
       247    |      88.238      |     264.228  |      2.994
       248    |      88.238      |     264.101  |      2.993
       249    |      88.238      |     264.560  |      2.998
       250    |      88.239      |     264.282  |      2.995
       251    |      88.238      |     264.040  |      2.992
       252    |      88.238      |     264.577  |      2.998
       253    |      88.238      |     264.705  |      3.000
       254    |      88.238      |     262.662  |      2.977
       255    |      88.238      |     262.104  |      2.970
       256    |      88.238      |     262.547  |      2.975
       257    |      88.238      |     263.685  |      2.988
       258    |      88.238      |     264.455  |      2.997
       259    |      88.238      |     264.105  |      2.993
       260    |      88.238      |     263.078  |      2.981
       261    |      88.238      |     264.361  |      2.996
       262    |      88.238      |     264.932  |      3.002
       263    |      88.238      |     264.394  |      2.996
       264    |      88.238      |     264.100  |      2.993
       265    |      88.238      |     264.128  |      2.993
       266    |      88.238      |     264.454  |      2.997
       267    |      88.238      |     264.015  |      2.992
       268    |      88.238      |     263.798  |      2.990
       269    |      88.238      |     263.379  |      2.985
       270    |      88.238      |     263.714  |      2.989
       271    |      88.238      |     264.203  |      2.994
       272    |      88.238      |     263.586  |      2.987
       273    |      88.238      |     263.024  |      2.981
       274    |      88.238      |     263.397  |      2.985
       275    |      88.238      |     263.792  |      2.990
       276    |      88.238      |     263.167  |      2.982
       277    |      88.238      |     263.154  |      2.982
       278    |      88.238      |     262.809  |      2.978
       279    |      88.238      |     262.732  |      2.978
       280    |      88.238      |     261.057  |      2.959
       281    |      88.238      |     265.632  |      3.010
       282    |      88.238      |     266.226  |      3.017
       283    |      88.239      |     266.126  |      3.016
       284    |      88.238      |     266.222  |      3.017
       285    |      88.238      |     266.371  |      3.019
       286    |      88.238      |     266.620  |      3.022
       287    |      88.238      |     266.444  |      3.020
       288    |      88.238      |     266.258  |      3.017
       289    |      88.238      |     266.174  |      3.017
       290    |      88.238      |     266.219  |      3.017
       291    |      88.239      |     265.880  |      3.013
       292    |      88.238      |     263.311  |      2.984
       293    |      88.238      |     263.083  |      2.982
       294    |      88.238      |     265.737  |      3.012
       295    |      88.239      |     266.351  |      3.019
       296    |      88.238      |     266.091  |      3.016
       297    |      88.238      |     266.025  |      3.015
       298    |      88.238      |     265.879  |      3.013
       299    |      88.238      |     266.279  |      3.018
       300    |      88.238      |     265.658  |      3.011
       301    |      88.238      |     264.855  |      3.002
       302    |      88.239      |     264.553  |      2.998
       303    |      88.238      |     264.965  |      3.003
       304    |      88.238      |     265.014  |      3.003
       305    |      88.238      |     264.859  |      3.002
       306    |      88.238      |     264.999  |      3.003
       307    |      88.238      |     265.038  |      3.004
       308    |      88.238      |     262.828  |      2.979
       309    |      88.238      |     263.475  |      2.986
       310    |      88.238      |     262.858  |      2.979
       311    |      88.238      |     263.078  |      2.981
       312    |      88.238      |     263.273  |      2.984
       313    |      88.238      |     263.154  |      2.982
       314    |      88.238      |     262.836  |      2.979
       315    |      88.238      |     263.012  |      2.981
       316    |      88.238      |     263.112  |      2.982
       317    |      88.238      |     262.771  |      2.978
       318    |      88.238      |     262.637  |      2.976
       319    |      88.238      |     263.083  |      2.982
       320    |      88.238      |     263.835  |      2.990
       321    |      88.238      |     263.457  |      2.986
       322    |      88.238      |     262.997  |      2.981
       323    |      88.238      |     263.270  |      2.984
       324    |      88.238      |     262.930  |      2.980
       325    |      88.238      |     262.365  |      2.973
       326    |      88.238      |     261.994  |      2.969
       327    |      88.238      |     262.351  |      2.973
       328    |      88.238      |     261.915  |      2.968
       329    |      88.238      |     261.836  |      2.967
       330    |      88.238      |     261.778  |      2.967
       331    |      88.238      |     263.493  |      2.986
       332    |      88.238      |     264.074  |      2.993
       333    |      88.238      |     264.354  |      2.996
       334    |      88.238      |     263.299  |      2.984
       335    |      88.238      |     264.371  |      2.996
       336    |      88.238      |     265.460  |      3.008
       337    |      88.238      |     264.525  |      2.998
       338    |      88.238      |     264.517  |      2.998
       339    |      88.238      |     264.234  |      2.995
       340    |      88.238      |     264.104  |      2.993
       341    |      88.238      |     265.758  |      3.012
       342    |      88.238      |     265.492  |      3.009
       343    |      88.238      |     265.621  |      3.010
       344    |      88.238      |     264.579  |      2.998
       345    |      88.238      |     264.792  |      3.001
       346    |      88.238      |     264.458  |      2.997
       347    |      88.238      |     264.416  |      2.997
       348    |      88.238      |     264.114  |      2.993
       349    |      88.238      |     264.290  |      2.995
       350    |      88.238      |     263.877  |      2.990
       351    |      88.238      |     263.436  |      2.986
       352    |      88.238      |     263.677  |      2.988
       353    |      88.238      |     260.940  |      2.957
       354    |      88.238      |     263.178  |      2.983
       355    |      88.238      |     264.664  |      2.999
       356    |      88.238      |     264.006  |      2.992
       357    |      88.238      |     265.280  |      3.006
       358    |      88.238      |     265.165  |      3.005
       359    |      88.238      |     263.870  |      2.990
       360    |      88.238      |     262.602  |      2.976
       361    |      88.238      |     262.968  |      2.980
       362    |      88.238      |     261.928  |      2.968
       363    |      88.238      |     263.616  |      2.988
       364    |      88.238      |     267.188  |      3.028
       365    |      88.238      |     266.845  |      3.024
       366    |      88.238      |     267.354  |      3.030
       367    |      88.238      |     267.636  |      3.033
       368    |      88.238      |     267.219  |      3.028
       369    |      88.238      |     266.990  |      3.026
       370    |      88.238      |     266.651  |      3.022
       371    |      88.238      |     266.531  |      3.021
       372    |      88.238      |     266.370  |      3.019
       373    |      88.238      |     266.033  |      3.015
       374    |      88.238      |     266.855  |      3.024
       375    |      88.238      |     266.737  |      3.023
       376    |      88.238      |     266.902  |      3.025
       377    |      88.238      |     267.147  |      3.028
       378    |      88.238      |     265.596  |      3.010
       379    |      88.238      |     264.765  |      3.001
       380    |      88.238      |     265.517  |      3.009
       381    |      88.238      |     264.720  |      3.000
       382    |      88.238      |     264.375  |      2.996
       383    |      88.238      |     265.187  |      3.005
       384    |      88.238      |     265.340  |      3.007
       385    |      88.238      |     264.777  |      3.001
       386    |      88.238      |     264.350  |      2.996
       387    |      88.238      |     264.351  |      2.996
       388    |      88.238      |     264.213  |      2.994
       389    |      88.238      |     263.972  |      2.992
       390    |      88.238      |     263.672  |      2.988
       391    |      88.238      |     264.077  |      2.993
       392    |      88.238      |     265.560  |      3.010
       393    |      88.238      |     265.198  |      3.005
       394    |      88.238      |     264.997  |      3.003
       395    |      88.238      |     265.108  |      3.004
       396    |      88.238      |     262.731  |      2.978
       397    |      88.239      |     265.140  |      3.005
       398    |      88.238      |     264.723  |      3.000
       399    |      88.238      |     264.058  |      2.993
       400    |      88.238      |     264.940  |      3.003
       401    |      88.238      |     265.390  |      3.008
       402    |      88.238      |     264.647  |      2.999
       403    |      88.238      |     264.349  |      2.996
       404    |      88.238      |     264.599  |      2.999
       405    |      88.238      |     264.521  |      2.998
       406    |      88.238      |     262.317  |      2.973
       407    |      88.238      |     262.653  |      2.977
       408    |      88.238      |     264.019  |      2.992
       409    |      88.238      |     264.217  |      2.994
       410    |      88.238      |     264.211  |      2.994
       411    |      88.238      |     263.745  |      2.989
       412    |      88.238      |     262.990  |      2.980
       413    |      88.238      |     262.342  |      2.973
       414    |      88.238      |     262.471  |      2.975
       415    |      88.238      |     262.459  |      2.974
       416    |      88.238      |     261.695  |      2.966
       417    |      88.238      |     262.426  |      2.974
       418    |      88.238      |     262.301  |      2.973
       419    |      88.238      |     262.912  |      2.980
       420    |      88.238      |     267.973  |      3.037
       421    |      88.238      |     268.274  |      3.040
       422    |      88.238      |     268.225  |      3.040
       423    |      88.238      |     267.923  |      3.036
       424    |      88.238      |     267.888  |      3.036
       425    |      88.238      |     268.069  |      3.038
       426    |      88.238      |     267.867  |      3.036
       427    |      88.238      |     258.163  |      2.926
       428    |      88.238      |     258.181  |      2.926
       429    |      88.238      |     258.187  |      2.926
 -------------|------------------|--------------|------------------
 Total        |   37942.412      |  113484.925  |      2.991
 -------------|------------------|--------------|------------------
 Minimum      |      88.237      |     258.163  |      2.926
 -------------|------------------|--------------|------------------
 Maximum      |      88.239      |     271.759  |      3.080
 -------------|------------------|--------------|------------------
 Average      |      88.238      |     263.918  |      2.991
 
 Detailed timing for proc :           0
 --------------------------
 Section                     Elapsed Time (s)  Elapsed Time (%)  CPU Time(s)  
 CPU Time (%)  CPU/Elapsed  Frequency
 nemo_init                         16.738            18.970       13.173         4.947        0.787          1
 scripremap_read_sgl                2.753             3.120        2.684         1.008        0.975          8
 icedyn_rhg                         2.080             2.357        8.272         3.107        3.977         96
 tra_ldf_iso                        1.505             1.705        5.964         2.240        3.964         96
 stp_ctl                            1.325             1.501        2.726         1.024        2.058         96
 dyn_spg_ts                         1.172             1.328        4.644         1.744        3.964         96
 iom_put_p3d_dp                     1.140             1.292        5.058         1.900        4.436       2976
 tra_adv_fct                        1.081             1.225        4.282         1.608        3.961         96
 sbc_stokes                         1.040             1.179        4.110         1.544        3.951         96
 icestp                             1.011             1.146        2.008         0.754        1.986         96
 zdf_phy                            0.896             1.016        2.570         0.965        2.867         96
 nonosc                             0.870             0.986        3.495         1.313        4.018        192
 ldf_slp                            0.837             0.949        3.339         1.254        3.988         96
 dom_vvl_sf_swp                     0.796             0.902        3.147         1.182        3.952         96
 dyn_nxt                            0.755             0.856        3.012         1.131        3.987         96
 dyn_vor                            0.741             0.840        2.924         1.098        3.944         96
 dyn_ldf                            0.654             0.741        2.614         0.982        3.999         96
 dom_hgr                            0.591             0.669        1.151         0.432        1.948          1
 icecor                             0.523             0.593        2.060         0.774        3.938        192
 sbc_wstress                        0.522             0.591        2.086         0.783        3.998         96
 tra_nxt                            0.501             0.568        2.004         0.753        4.000         96
 dom_vvl_sf_nxt                     0.489             0.554        1.885         0.708        3.854        192
 ice_dyn_adv_pra                    0.468             0.531        1.851         0.695        3.952         96
 parinter_init                      0.435             0.493        0.431         0.162        0.993          8
 tra_qsr                            0.425             0.481        1.702         0.639        4.010         96
 icewri                             0.398             0.451        1.546         0.581        3.883         96
 dia_wri                            0.374             0.424        1.326         0.498        3.543         96
 dyn_zdf                            0.365             0.414        1.424         0.535        3.900         96
 zdf_tke_tke                        0.357             0.405        1.303         0.489        3.645         96
 ice_dyn_adv_pra_adv_y              0.322             0.365        1.418         0.533        4.405       1248
 tra_zdf_imp                        0.305             0.346        1.081         0.406        3.541         96
 ice_thd_main                       0.288             0.327        1.152         0.433        4.000         96
 div_hor                            0.276             0.312        1.036         0.389        3.759        192
 stp                                0.252             0.285        0.987         0.371        3.920         96
 sbc                                0.242             0.274        0.729         0.274        3.014         96
 ice_dyn_adv_pra_adv_x              0.240             0.272        1.026         0.385        4.269       1248
 zdf_sh2                            0.233             0.264        0.885         0.332        3.805         96
 sbc_sglcpl_rcv                     0.219             0.248        0.875         0.329        4.003         96
 zdf_ddm                            0.214             0.243        0.830         0.312        3.870         96
 tmx_itf                            0.209             0.237        0.826         0.310        3.949         96
 dyn_zad                            0.207             0.234        0.836         0.314        4.043         96
 tra_adv                            0.199             0.226        0.785         0.295        3.937         96
 bn2                                0.198             0.224        0.803         0.301        4.053        192
 wzv                                0.184             0.209        0.761         0.286        4.126        192
 iceupdate_tau                      0.176             0.200        0.711         0.267        4.038         96
 dyn_keg                            0.169             0.191        0.683         0.256        4.052         96
 rab_3d                             0.156             0.177        0.626         0.235        4.007        192
 eos-pot                            0.154             0.174        0.611         0.229        3.967        218
 parinter_write                     0.152             0.172        0.047         0.018        0.307          8
 rab_2d                             0.140             0.158        0.567         0.213        4.060         96
 tra_bbl                            0.134             0.151        0.516         0.194        3.859         96
 zps_hde                            0.130             0.147        0.524         0.197        4.028         96
 zdf_tke_avn                        0.128             0.146        0.566         0.213        4.410         96
 dyn_hpg                            0.128             0.145        0.524         0.197        4.089         96
 stp_oceandyn                       0.124             0.141        0.597         0.224        4.812         96
 dia_hth                            0.122             0.138        0.463         0.174        3.793         96
 zdf_tmx                            0.122             0.138        0.489         0.184        4.010         96
 day                                0.113             0.128        0.356         0.134        3.154         96
 zdf_evd                            0.100             0.113        0.287         0.108        2.882         96
 sbc_rnf                            0.087             0.098        0.348         0.131        4.016         96
 sbc_hbp                            0.083             0.094        0.332         0.125        3.991         96
 parinter_fld_mult                  0.081             0.092        0.331         0.124        4.076        219
 iceupdate_flx                      0.081             0.091        0.152         0.057        1.884         96
 stp_tracers                        0.075             0.085        0.276         0.104        3.671         96
 zdf_mxl                            0.065             0.074        0.195         0.073        2.990         96
 eos2d                              0.061             0.069        0.266         0.100        4.375        192
 eos-insitu                         0.056             0.064        0.211         0.079        3.738         96
 tra_zdf                            0.046             0.053        0.288         0.108        6.204         96
 icedyn_rdgrft                      0.046             0.052        0.196         0.074        4.237         96
 nemogcmcoup_lim2_update            0.044             0.050        0.174         0.066        3.987         24
 ice_strengh                        0.032             0.037        0.147         0.055        4.550         96
 tra_bbc                            0.030             0.034        0.126         0.047        4.203         96
 ice_thd_jllopp                     0.026             0.030        0.067         0.025        2.548         96
 sbc_ssm                            0.026             0.029        0.059         0.022        2.330         96
 ssh_nxt                            0.025             0.029        0.107         0.040        4.250         96
 ice_dyn                            0.024             0.027        0.083         0.031        3.520         96
 nemogcmcoup_coupinit               0.022             0.025        0.021         0.008        0.980          1
 parinter_read                      0.020             0.023        0.004         0.001        0.190          8
 icedyn_adv                         0.018             0.020        0.098         0.037        5.466         96
 nemogcmcoup_wam_coupinit           0.016             0.018        0.018         0.007        1.146          1
 sbc_sglcpl_ice_flx                 0.013             0.014        0.069         0.026        5.483         96
 stp_nxt                            0.012             0.013        0.050         0.019        4.241         96
 nemogcmcoup_wam_update             0.011             0.012        0.047         0.018        4.345         24
 nemogcmcoup_wam_get                0.010             0.012        0.042         0.016        4.105         24
 icethd                             0.009             0.011        0.019         0.007        1.993         96
 tra_sbc                            0.009             0.011        0.050         0.019        5.327         96
 nemogcmcoup_lim2_get               0.009             0.010        0.044         0.016        5.087         25
 stp_thermodyn                      0.008             0.009        0.037         0.014        4.722         96
 icealb                             0.008             0.009        0.021         0.008        2.795        192
 sbc_wave_sglexe                    0.006             0.006        0.030         0.011        5.190         96
 iceitd_reb                         0.006             0.006        0.081         0.030       14.490        192
 stp_lateral                        0.005             0.006        0.033         0.013        6.531         96
 nemogcmcoup_wam_update_s           0.005             0.006        0.023         0.008        4.435         24
 scripremap_dealloc                 0.005             0.006        0.005         0.002        1.014          8
 stp_diag                           0.004             0.005        0.012         0.004        2.900         96
 ice_dyn_adv_pra_Hbig               0.004             0.005        0.008         0.003        1.967         96
 dia_ar5                            0.004             0.004        0.010         0.004        2.693         96
 ice_dyn_adv_pra_icemax4D           0.003             0.004        0.008         0.003        2.508        192
 iceitd_rem                         0.003             0.004        0.071         0.027       21.751         96
 zdf_drg                            0.003             0.003        0.023         0.009        8.460         96
 dyn_adv                            0.003             0.003        0.010         0.004        3.515         96
 ssh_swp                            0.002             0.002        0.019         0.007       11.090         96
 icesbc                             0.001             0.001        0.023         0.009       18.751        192
 scripremap_alloc                   0.001             0.001        0.001         0.001        1.190          8
 
 Detailed CPU timing for proc :           0
 ------------------------------
 Section                     CPU Time (s)      CPU Time (%)      Elapsed (s)  
 ELapsed (%)   CPU/Elapsed  Frequency
 nemo_init                         13.173             4.947       16.738        18.970        0.787          1
 icedyn_rhg                         8.272             3.107        2.080         2.357        3.977         96
 tra_ldf_iso                        5.964             2.240        1.505         1.705        3.964         96
 iom_put_p3d_dp                     5.058             1.900        1.140         1.292        4.436       2976
 dyn_spg_ts                         4.644             1.744        1.172         1.328        3.964         96
 tra_adv_fct                        4.282             1.608        1.081         1.225        3.961         96
 sbc_stokes                         4.110             1.544        1.040         1.179        3.951         96
 nonosc                             3.495             1.313        0.870         0.986        4.018        192
 ldf_slp                            3.339             1.254        0.837         0.949        3.988         96
 dom_vvl_sf_swp                     3.147             1.182        0.796         0.902        3.952         96
 dyn_nxt                            3.012             1.131        0.755         0.856        3.987         96
 dyn_vor                            2.924             1.098        0.741         0.840        3.944         96
 stp_ctl                            2.726             1.024        1.325         1.501        2.058         96
 scripremap_read_sgl                2.684             1.008        2.753         3.120        0.975          8
 dyn_ldf                            2.614             0.982        0.654         0.741        3.999         96
 zdf_phy                            2.570             0.965        0.896         1.016        2.867         96
 sbc_wstress                        2.086             0.783        0.522         0.591        3.998         96
 icecor                             2.060             0.774        0.523         0.593        3.938        192
 icestp                             2.008             0.754        1.011         1.146        1.986         96
 tra_nxt                            2.004             0.753        0.501         0.568        4.000         96
 dom_vvl_sf_nxt                     1.885             0.708        0.489         0.554        3.854        192
 ice_dyn_adv_pra                    1.851             0.695        0.468         0.531        3.952         96
 tra_qsr                            1.702             0.639        0.425         0.481        4.010         96
 icewri                             1.546             0.581        0.398         0.451        3.883         96
 dyn_zdf                            1.424             0.535        0.365         0.414        3.900         96
 ice_dyn_adv_pra_adv_y              1.418             0.533        0.322         0.365        4.405       1248
 dia_wri                            1.326             0.498        0.374         0.424        3.543         96
 zdf_tke_tke                        1.303             0.489        0.357         0.405        3.645         96
 ice_thd_main                       1.152             0.433        0.288         0.327        4.000         96
 dom_hgr                            1.151             0.432        0.591         0.669        1.948          1
 tra_zdf_imp                        1.081             0.406        0.305         0.346        3.541         96
 div_hor                            1.036             0.389        0.276         0.312        3.759        192
 ice_dyn_adv_pra_adv_x              1.026             0.385        0.240         0.272        4.269       1248
 stp                                0.987             0.371        0.252         0.285        3.920         96
 zdf_sh2                            0.885             0.332        0.233         0.264        3.805         96
 sbc_sglcpl_rcv                     0.875             0.329        0.219         0.248        4.003         96
 dyn_zad                            0.836             0.314        0.207         0.234        4.043         96
 zdf_ddm                            0.830             0.312        0.214         0.243        3.870         96
 tmx_itf                            0.826             0.310        0.209         0.237        3.949         96
 bn2                                0.803             0.301        0.198         0.224        4.053        192
 tra_adv                            0.785             0.295        0.199         0.226        3.937         96
 wzv                                0.761             0.286        0.184         0.209        4.126        192
 sbc                                0.729             0.274        0.242         0.274        3.014         96
 iceupdate_tau                      0.711             0.267        0.176         0.200        4.038         96
 dyn_keg                            0.683             0.256        0.169         0.191        4.052         96
 rab_3d                             0.626             0.235        0.156         0.177        4.007        192
 eos-pot                            0.611             0.229        0.154         0.174        3.967        218
 stp_oceandyn                       0.597             0.224        0.124         0.141        4.812         96
 rab_2d                             0.567             0.213        0.140         0.158        4.060         96
 zdf_tke_avn                        0.566             0.213        0.128         0.146        4.410         96
 dyn_hpg                            0.524             0.197        0.128         0.145        4.089         96
 zps_hde                            0.524             0.197        0.130         0.147        4.028         96
 tra_bbl                            0.516             0.194        0.134         0.151        3.859         96
 zdf_tmx                            0.489             0.184        0.122         0.138        4.010         96
 dia_hth                            0.463             0.174        0.122         0.138        3.793         96
 parinter_init                      0.431             0.162        0.435         0.493        0.993          8
 day                                0.356             0.134        0.113         0.128        3.154         96
 sbc_rnf                            0.348             0.131        0.087         0.098        4.016         96
 sbc_hbp                            0.332             0.125        0.083         0.094        3.991         96
 parinter_fld_mult                  0.331             0.124        0.081         0.092        4.076        219
 tra_zdf                            0.288             0.108        0.046         0.053        6.204         96
 zdf_evd                            0.287             0.108        0.100         0.113        2.882         96
 stp_tracers                        0.276             0.104        0.075         0.085        3.671         96
 eos2d                              0.266             0.100        0.061         0.069        4.375        192
 eos-insitu                         0.211             0.079        0.056         0.064        3.738         96
 icedyn_rdgrft                      0.196             0.074        0.046         0.052        4.237         96
 zdf_mxl                            0.195             0.073        0.065         0.074        2.990         96
 nemogcmcoup_lim2_update            0.174             0.066        0.044         0.050        3.987         24
 iceupdate_flx                      0.152             0.057        0.081         0.091        1.884         96
 ice_strengh                        0.147             0.055        0.032         0.037        4.550         96
 tra_bbc                            0.126             0.047        0.030         0.034        4.203         96
 ssh_nxt                            0.107             0.040        0.025         0.029        4.250         96
 icedyn_adv                         0.098             0.037        0.018         0.020        5.466         96
 ice_dyn                            0.083             0.031        0.024         0.027        3.520         96
 iceitd_reb                         0.081             0.030        0.006         0.006       14.490        192
 iceitd_rem                         0.071             0.027        0.003         0.004       21.751         96
 sbc_sglcpl_ice_flx                 0.069             0.026        0.013         0.014        5.483         96
 ice_thd_jllopp                     0.067             0.025        0.026         0.030        2.548         96
 sbc_ssm                            0.059             0.022        0.026         0.029        2.330         96
 stp_nxt                            0.050             0.019        0.012         0.013        4.241         96
 tra_sbc                            0.050             0.019        0.009         0.011        5.327         96
 nemogcmcoup_wam_update             0.047             0.018        0.011         0.012        4.345         24
 parinter_write                     0.047             0.018        0.152         0.172        0.307          8
 nemogcmcoup_lim2_get               0.044             0.016        0.009         0.010        5.087         25
 nemogcmcoup_wam_get                0.042             0.016        0.010         0.012        4.105         24
 stp_thermodyn                      0.037             0.014        0.008         0.009        4.722         96
 stp_lateral                        0.033             0.013        0.005         0.006        6.531         96
 sbc_wave_sglexe                    0.030             0.011        0.006         0.006        5.190         96
 zdf_drg                            0.023             0.009        0.003         0.003        8.460         96
 icesbc                             0.023             0.009        0.001         0.001       18.751        192
 nemogcmcoup_wam_update_s           0.023             0.008        0.005         0.006        4.435         24
 nemogcmcoup_coupinit               0.021             0.008        0.022         0.025        0.980          1
 icealb                             0.021             0.008        0.008         0.009        2.795        192
 ssh_swp                            0.019             0.007        0.002         0.002       11.090         96
 icethd                             0.019             0.007        0.009         0.011        1.993         96
 nemogcmcoup_wam_coupinit           0.018             0.007        0.016         0.018        1.146          1
 stp_diag                           0.012             0.004        0.004         0.005        2.900         96
 dia_ar5                            0.010             0.004        0.004         0.004        2.693         96
 dyn_adv                            0.010             0.004        0.003         0.003        3.515         96
 ice_dyn_adv_pra_icemax4D           0.008             0.003        0.003         0.004        2.508        192
 ice_dyn_adv_pra_Hbig               0.008             0.003        0.004         0.005        1.967         96
 scripremap_dealloc                 0.005             0.002        0.005         0.006        1.014          8
 parinter_read                      0.004             0.001        0.020         0.023        0.190          8
 scripremap_alloc                   0.001             0.001        0.001         0.001        1.190          8
 
 Inclusive timing for proc :           0
 ---------------------------
 Section                     Elapsed Time (s)      % of total        
 CPU Time (s)      CPU/Elapsed      Frequency
 stp                               26.915           100.000           100.994             3.752             96
 nemo_init                         17.329            64.385            14.324             0.827              1
 stp_sbc                            8.194            30.443            30.420             3.713             96
 sbc                                8.193            30.441            30.417             3.713             96
 icestp                             5.867            21.797            21.307             3.632             96
 stp_tracers                        4.868            18.086            19.309             3.967             96
 stp_oceandyn                       4.620            17.166            18.372             3.976             96
 ice_dyn                            3.323            12.348            13.204             3.973             96
 scripremap_read_sgl                2.754            10.234             2.685             0.975              8
 nemogcmcoup_coupinit               2.406             8.940             1.933             0.803              1
 stp_vertical                       2.380             8.844             8.328             3.499             96
 zdf_phy                            2.380             8.841             8.323             3.498             96
 tra_adv                            2.188             8.129             8.702             3.977             96
 icedyn_rhg                         2.116             7.861             8.420             3.980             96
 stp_nxt                            2.075             7.708             8.232             3.968             96
 tra_adv_fct                        1.956             7.267             7.777             3.976             96
 stp_diag                           1.613             5.993             6.423             3.982             96
 tra_ldf                            1.509             5.605             5.996             3.975             96
 tra_ldf_iso                        1.506             5.597             5.964             3.959             96
 dia_wri                            1.469             5.459             5.851             3.983             96
 stp_ctl                            1.326             4.928             2.726             2.055             96
 iom_put_p3d_dp                     1.192             4.428             5.058             4.244           2976
 dyn_spg                            1.171             4.350             4.663             3.983             96
 dyn_spg_ts                         1.169             4.345             4.658             3.983             96
 icedyn_adv                         1.109             4.121             4.416             3.981             96
 stp_lateral                        1.100             4.086             4.373             3.977             96
 ice_dyn_adv_pra                    1.090             4.049             4.318             3.963             96
 sbc_wave_sglexe                    1.080             4.014             4.300             3.980             96
 sbc_stokes                         1.073             3.987             4.270             3.979             96
 nemogcmcoup_wam_coupinit           0.998             3.707             1.279             1.282              1
 nonosc                             0.873             3.244             3.495             4.003            192
 icethd                             0.844             3.137             3.365             3.985             96
 ldf_slp                            0.839             3.117             3.339             3.980             96
 dom_vvl_sf_swp                     0.798             2.964             3.147             3.944             96
 dyn_nxt                            0.757             2.813             3.012             3.978             96
 dyn_vor                            0.743             2.761             2.924             3.935             96
 dyn_ldf                            0.655             2.435             2.614             3.988             96
 dom_hgr                            0.591             2.195             1.151             1.948              1
 icecor                             0.535             1.990             2.141             3.999            192
 sbc_wstress                        0.523             1.945             2.086             3.985             96
 tra_nxt                            0.503             1.868             2.004             3.987             96
 dom_vvl_sf_nxt                     0.492             1.830             1.885             3.828            192
 icewri                             0.438             1.627             1.722             3.934             96
 parinter_init                      0.435             1.615             0.431             0.993              8
 tra_qsr                            0.426             1.584             1.702             3.994             96
 dyn_adv                            0.383             1.423             1.529             3.990             96
 stp_thermodyn                      0.371             1.377             1.466             3.957             96
 dyn_zdf                            0.366             1.361             1.424             3.887             96
 zdf_tke_tke                        0.359             1.334             1.303             3.628             96
 tra_zdf                            0.355             1.319             1.369             3.856             96
 zdf_tmx                            0.347             1.287             1.378             3.976             96
 ice_dyn_adv_pra_adv_y              0.344             1.277             1.418             4.128           1248
 tra_zdf_imp                        0.307             1.141             1.081             3.522             96
 ice_thd_main                       0.290             1.077             1.152             3.977             96
 div_hor                            0.278             1.033             1.117             4.019            192
 tra_bbl                            0.272             1.009             1.085             3.995             96
 ice_dyn_adv_pra_adv_x              0.262             0.973             1.026             3.916           1248
 zdf_sh2                            0.234             0.870             0.885             3.778             96
 sbc_sglcpl_rcv                     0.219             0.814             0.876             3.999             96
 zdf_ddm                            0.216             0.803             0.830             3.840             96
 tmx_itf                            0.211             0.783             0.826             3.918             96
 dyn_zad                            0.208             0.775             0.836             4.010             96
 bn2                                0.201             0.748             0.803             3.986            192
 zps_hde                            0.196             0.728             0.790             4.033             96
 wzv                                0.188             0.697             0.761             4.053            192
 iceupdate_tau                      0.178             0.661             0.711             4.001             96
 ssh_nxt                            0.173             0.644             0.696             4.012             96
 dyn_keg                            0.170             0.632             0.683             4.013             96
 sbc_hbp                            0.163             0.605             0.653             4.012             96
 rab_3d                             0.160             0.593             0.626             3.923            192
 eos-pot                            0.158             0.586             0.611             3.871            218
 parinter_write                     0.152             0.565             0.047             0.306              8
 rab_2d                             0.141             0.525             0.567             4.012             96
 dia_hth                            0.137             0.508             0.549             4.016             96
 zdf_tke_avn                        0.130             0.483             0.566             4.353             96
 dyn_hpg                            0.130             0.482             0.524             4.036             96
 zdf_evd                            0.124             0.459             0.498             4.027             96
 day                                0.115             0.426             0.356             3.108             96
 sbc_rnf                            0.087             0.324             0.349             3.999             96
 parinter_fld_mult                  0.085             0.316             0.331             3.893            219
 nemogcmcoup_lim2_update            0.074             0.276             0.296             3.988             24
 zdf_mxl                            0.068             0.251             0.271             4.008             96
 eos2d                              0.064             0.238             0.266             4.148            192
 eos-insitu                         0.058             0.216             0.211             3.631             96
 icedyn_rdgrft                      0.048             0.178             0.196             4.090             96
 iceupdate_flx                      0.046             0.172             0.190             4.099             96
 ice_strengh                        0.034             0.127             0.147             4.328             96
 tra_bbc                            0.031             0.115             0.128             4.162             96
 ice_thd_jllopp                     0.028             0.104             0.067             2.396             96
 nemogcmcoup_lim2_get               0.026             0.097             0.104             3.974             25
 nemogcmcoup_wam_update             0.026             0.096             0.105             4.054             24
 icesbc                             0.024             0.089             0.106             4.453            192
 parinter_read                      0.020             0.076             0.004             0.189              8
 sbc_ssm                            0.019             0.072             0.082             4.259             96
 nemogcmcoup_wam_get                0.014             0.053             0.055             3.920             24
 sbc_sglcpl_ice_flx                 0.014             0.052             0.071             5.061             96
 tra_sbc                            0.011             0.041             0.050             4.521             96
 icealb                             0.011             0.041             0.021             1.942            192
 nemogcmcoup_wam_update_s           0.011             0.039             0.044             4.142             24
 iceitd_reb                         0.009             0.033             0.081             9.080            192
 ice_dyn_adv_pra_icemax4D           0.007             0.025             0.008             1.254            192
 ice_dyn_adv_pra_Hbig               0.006             0.021             0.008             1.400             96
 iceitd_rem                         0.005             0.018             0.071            14.394             96
 nemogcmcoup_update                 0.005             0.018             0.021             4.290             24
 scripremap_dealloc                 0.005             0.018             0.005             0.999              8
 zdf_drg                            0.004             0.016             0.023             5.285             96
 ssh_swp                            0.003             0.013             0.019             5.646             96
 ice_dyn_adv_pra_icemax3D           0.002             0.006             0.007             3.979            384
 dia_ar5                            0.001             0.005             0.011             8.127             96
 scripremap_alloc                   0.001             0.004             0.002             1.310              8
 
 Inclusive timing for proc :           0
 ---------------------------
 Section                     Elapsed Time (s)      % of total        
 CPU Time (s)      CPU/Elapsed      Frequency
 stp                               26.915           100.000           100.994             3.752             96
 nemo_init                         17.329            64.385            14.324             0.827              1
 stp_sbc                            8.194            30.443            30.420             3.713             96
 sbc                                8.193            30.441            30.417             3.713             96
 icestp                             5.867            21.797            21.307             3.632             96
 stp_tracers                        4.868            18.086            19.309             3.967             96
 stp_oceandyn                       4.620            17.166            18.372             3.976             96
 ice_dyn                            3.323            12.348            13.204             3.973             96
 scripremap_read_sgl                2.754            10.234             2.685             0.975              8
 nemogcmcoup_coupinit               2.406             8.940             1.933             0.803              1
 stp_vertical                       2.380             8.844             8.328             3.499             96
 zdf_phy                            2.380             8.841             8.323             3.498             96
 tra_adv                            2.188             8.129             8.702             3.977             96
 icedyn_rhg                         2.116             7.861             8.420             3.980             96
 stp_nxt                            2.075             7.708             8.232             3.968             96
 tra_adv_fct                        1.956             7.267             7.777             3.976             96
 stp_diag                           1.613             5.993             6.423             3.982             96
 tra_ldf                            1.509             5.605             5.996             3.975             96
 tra_ldf_iso                        1.506             5.597             5.964             3.959             96
 dia_wri                            1.469             5.459             5.851             3.983             96
 stp_ctl                            1.326             4.928             2.726             2.055             96
 iom_put_p3d_dp                     1.192             4.428             5.058             4.244           2976
 dyn_spg                            1.171             4.350             4.663             3.983             96
 dyn_spg_ts                         1.169             4.345             4.658             3.983             96
 icedyn_adv                         1.109             4.121             4.416             3.981             96
 stp_lateral                        1.100             4.086             4.373             3.977             96
 ice_dyn_adv_pra                    1.090             4.049             4.318             3.963             96
 sbc_wave_sglexe                    1.080             4.014             4.300             3.980             96
 sbc_stokes                         1.073             3.987             4.270             3.979             96
 nemogcmcoup_wam_coupinit           0.998             3.707             1.279             1.282              1
 nonosc                             0.873             3.244             3.495             4.003            192
 icethd                             0.844             3.137             3.365             3.985             96
 ldf_slp                            0.839             3.117             3.339             3.980             96
 dom_vvl_sf_swp                     0.798             2.964             3.147             3.944             96
 dyn_nxt                            0.757             2.813             3.012             3.978             96
 dyn_vor                            0.743             2.761             2.924             3.935             96
 dyn_ldf                            0.655             2.435             2.614             3.988             96
 dom_hgr                            0.591             2.195             1.151             1.948              1
 icecor                             0.535             1.990             2.141             3.999            192
 sbc_wstress                        0.523             1.945             2.086             3.985             96
 tra_nxt                            0.503             1.868             2.004             3.987             96
 dom_vvl_sf_nxt                     0.492             1.830             1.885             3.828            192
 icewri                             0.438             1.627             1.722             3.934             96
 parinter_init                      0.435             1.615             0.431             0.993              8
 tra_qsr                            0.426             1.584             1.702             3.994             96
 dyn_adv                            0.383             1.423             1.529             3.990             96
 stp_thermodyn                      0.371             1.377             1.466             3.957             96
 dyn_zdf                            0.366             1.361             1.424             3.887             96
 zdf_tke_tke                        0.359             1.334             1.303             3.628             96
 tra_zdf                            0.355             1.319             1.369             3.856             96
 zdf_tmx                            0.347             1.287             1.378             3.976             96
 ice_dyn_adv_pra_adv_y              0.344             1.277             1.418             4.128           1248
 tra_zdf_imp                        0.307             1.141             1.081             3.522             96
 ice_thd_main                       0.290             1.077             1.152             3.977             96
 div_hor                            0.278             1.033             1.117             4.019            192
 tra_bbl                            0.272             1.009             1.085             3.995             96
 ice_dyn_adv_pra_adv_x              0.262             0.973             1.026             3.916           1248
 zdf_sh2                            0.234             0.870             0.885             3.778             96
 sbc_sglcpl_rcv                     0.219             0.814             0.876             3.999             96
 zdf_ddm                            0.216             0.803             0.830             3.840             96
 tmx_itf                            0.211             0.783             0.826             3.918             96
 dyn_zad                            0.208             0.775             0.836             4.010             96
 bn2                                0.201             0.748             0.803             3.986            192
 zps_hde                            0.196             0.728             0.790             4.033             96
 wzv                                0.188             0.697             0.761             4.053            192
 iceupdate_tau                      0.178             0.661             0.711             4.001             96
 ssh_nxt                            0.173             0.644             0.696             4.012             96
 dyn_keg                            0.170             0.632             0.683             4.013             96
 sbc_hbp                            0.163             0.605             0.653             4.012             96
 rab_3d                             0.160             0.593             0.626             3.923            192
 eos-pot                            0.158             0.586             0.611             3.871            218
 parinter_write                     0.152             0.565             0.047             0.306              8
 rab_2d                             0.141             0.525             0.567             4.012             96
 dia_hth                            0.137             0.508             0.549             4.016             96
 zdf_tke_avn                        0.130             0.483             0.566             4.353             96
 dyn_hpg                            0.130             0.482             0.524             4.036             96
 zdf_evd                            0.124             0.459             0.498             4.027             96
 day                                0.115             0.426             0.356             3.108             96
 sbc_rnf                            0.087             0.324             0.349             3.999             96
 parinter_fld_mult                  0.085             0.316             0.331             3.893            219
 nemogcmcoup_lim2_update            0.074             0.276             0.296             3.988             24
 zdf_mxl                            0.068             0.251             0.271             4.008             96
 eos2d                              0.064             0.238             0.266             4.148            192
 eos-insitu                         0.058             0.216             0.211             3.631             96
 icedyn_rdgrft                      0.048             0.178             0.196             4.090             96
 iceupdate_flx                      0.046             0.172             0.190             4.099             96
 ice_strengh                        0.034             0.127             0.147             4.328             96
 tra_bbc                            0.031             0.115             0.128             4.162             96
 ice_thd_jllopp                     0.028             0.104             0.067             2.396             96
 nemogcmcoup_lim2_get               0.026             0.097             0.104             3.974             25
 nemogcmcoup_wam_update             0.026             0.096             0.105             4.054             24
 icesbc                             0.024             0.089             0.106             4.453            192
 parinter_read                      0.020             0.076             0.004             0.189              8
 sbc_ssm                            0.019             0.072             0.082             4.259             96
 nemogcmcoup_wam_get                0.014             0.053             0.055             3.920             24
 sbc_sglcpl_ice_flx                 0.014             0.052             0.071             5.061             96
 tra_sbc                            0.011             0.041             0.050             4.521             96
 icealb                             0.011             0.041             0.021             1.942            192
 nemogcmcoup_wam_update_s           0.011             0.039             0.044             4.142             24
 iceitd_reb                         0.009             0.033             0.081             9.080            192
 ice_dyn_adv_pra_icemax4D           0.007             0.025             0.008             1.254            192
 ice_dyn_adv_pra_Hbig               0.006             0.021             0.008             1.400             96
 iceitd_rem                         0.005             0.018             0.071            14.394             96
 nemogcmcoup_update                 0.005             0.018             0.021             4.290             24
 scripremap_dealloc                 0.005             0.018             0.005             0.999              8
 zdf_drg                            0.004             0.016             0.023             5.285             96
 ssh_swp                            0.003             0.013             0.019             5.646             96
 ice_dyn_adv_pra_icemax3D           0.002             0.006             0.007             3.979            384
 dia_ar5                            0.001             0.005             0.011             8.127             96
 scripremap_alloc                   0.001             0.004             0.002             1.310              8
 
 Inclusive CPU time for proc :           0
 -----------------------------
 Section                     CPU time (s)          % of total        
 Elapsed Time (s)  CPU/Elapsed      Frequency
 stp                              100.994           100.000            26.915             3.752             96
 stp_sbc                           30.420            30.121             8.194             3.713             96
 sbc                               30.417            30.118             8.193             3.713             96
 icestp                            21.307            21.097             5.867             3.632             96
 stp_tracers                       19.309            19.119             4.868             3.967             96
 stp_oceandyn                      18.372            18.191             4.620             3.976             96
 nemo_init                         14.324            14.183            17.329             0.827              1
 ice_dyn                           13.204            13.074             3.323             3.973             96
 tra_adv                            8.702             8.616             2.188             3.977             96
 icedyn_rhg                         8.420             8.337             2.116             3.980             96
 stp_vertical                       8.328             8.246             2.380             3.499             96
 zdf_phy                            8.323             8.241             2.380             3.498             96
 stp_nxt                            8.232             8.151             2.075             3.968             96
 tra_adv_fct                        7.777             7.701             1.956             3.976             96
 stp_diag                           6.423             6.360             1.613             3.982             96
 tra_ldf                            5.996             5.937             1.509             3.975             96
 tra_ldf_iso                        5.964             5.905             1.506             3.959             96
 dia_wri                            5.851             5.794             1.469             3.983             96
 iom_put_p3d_dp                     5.058             5.008             1.192             4.244           2976
 dyn_spg                            4.663             4.617             1.171             3.983             96
 dyn_spg_ts                         4.658             4.612             1.169             3.983             96
 icedyn_adv                         4.416             4.373             1.109             3.981             96
 stp_lateral                        4.373             4.330             1.100             3.977             96
 ice_dyn_adv_pra                    4.318             4.276             1.090             3.963             96
 sbc_wave_sglexe                    4.300             4.258             1.080             3.980             96
 sbc_stokes                         4.270             4.228             1.073             3.979             96
 nonosc                             3.495             3.461             0.873             4.003            192
 icethd                             3.365             3.331             0.844             3.985             96
 ldf_slp                            3.339             3.306             0.839             3.980             96
 dom_vvl_sf_swp                     3.147             3.116             0.798             3.944             96
 dyn_nxt                            3.012             2.982             0.757             3.978             96
 dyn_vor                            2.924             2.895             0.743             3.935             96
 stp_ctl                            2.726             2.699             1.326             2.055             96
 scripremap_read_sgl                2.685             2.659             2.754             0.975              8
 dyn_ldf                            2.614             2.589             0.655             3.988             96
 icecor                             2.141             2.120             0.535             3.999            192
 sbc_wstress                        2.086             2.066             0.523             3.985             96
 tra_nxt                            2.004             1.985             0.503             3.987             96
 nemogcmcoup_coupinit               1.933             1.914             2.406             0.803              1
 dom_vvl_sf_nxt                     1.885             1.867             0.492             3.828            192
 icewri                             1.722             1.705             0.438             3.934             96
 tra_qsr                            1.702             1.686             0.426             3.994             96
 dyn_adv                            1.529             1.514             0.383             3.990             96
 stp_thermodyn                      1.466             1.452             0.371             3.957             96
 dyn_zdf                            1.424             1.410             0.366             3.887             96
 ice_dyn_adv_pra_adv_y              1.418             1.404             0.344             4.128           1248
 zdf_tmx                            1.378             1.364             0.347             3.976             96
 tra_zdf                            1.369             1.355             0.355             3.856             96
 zdf_tke_tke                        1.303             1.290             0.359             3.628             96
 nemogcmcoup_wam_coupinit           1.279             1.266             0.998             1.282              1
 ice_thd_main                       1.152             1.141             0.290             3.977             96
 dom_hgr                            1.151             1.139             0.591             1.948              1
 div_hor                            1.117             1.106             0.278             4.019            192
 tra_bbl                            1.085             1.075             0.272             3.995             96
 tra_zdf_imp                        1.081             1.070             0.307             3.522             96
 ice_dyn_adv_pra_adv_x              1.026             1.015             0.262             3.916           1248
 zdf_sh2                            0.885             0.876             0.234             3.778             96
 sbc_sglcpl_rcv                     0.876             0.867             0.219             3.999             96
 dyn_zad                            0.836             0.828             0.208             4.010             96
 zdf_ddm                            0.830             0.822             0.216             3.840             96
 tmx_itf                            0.826             0.818             0.211             3.918             96
 bn2                                0.803             0.795             0.201             3.986            192
 zps_hde                            0.790             0.782             0.196             4.033             96
 wzv                                0.761             0.753             0.188             4.053            192
 iceupdate_tau                      0.711             0.704             0.178             4.001             96
 ssh_nxt                            0.696             0.689             0.173             4.012             96
 dyn_keg                            0.683             0.676             0.170             4.013             96
 sbc_hbp                            0.653             0.647             0.163             4.012             96
 rab_3d                             0.626             0.620             0.160             3.923            192
 eos-pot                            0.611             0.605             0.158             3.871            218
 rab_2d                             0.567             0.561             0.141             4.012             96
 zdf_tke_avn                        0.566             0.561             0.130             4.353             96
 dia_hth                            0.549             0.544             0.137             4.016             96
 dyn_hpg                            0.524             0.519             0.130             4.036             96
 zdf_evd                            0.498             0.493             0.124             4.027             96
 parinter_init                      0.431             0.427             0.435             0.993              8
 day                                0.356             0.353             0.115             3.108             96
 sbc_rnf                            0.349             0.345             0.087             3.999             96
 parinter_fld_mult                  0.331             0.327             0.085             3.893            219
 nemogcmcoup_lim2_update            0.296             0.293             0.074             3.988             24
 zdf_mxl                            0.271             0.268             0.068             4.008             96
 eos2d                              0.266             0.263             0.064             4.148            192
 eos-insitu                         0.211             0.209             0.058             3.631             96
 icedyn_rdgrft                      0.196             0.194             0.048             4.090             96
 iceupdate_flx                      0.190             0.188             0.046             4.099             96
 ice_strengh                        0.147             0.146             0.034             4.328             96
 tra_bbc                            0.128             0.127             0.031             4.162             96
 icesbc                             0.106             0.105             0.024             4.453            192
 nemogcmcoup_wam_update             0.105             0.104             0.026             4.054             24
 nemogcmcoup_lim2_get               0.104             0.103             0.026             3.974             25
 sbc_ssm                            0.082             0.082             0.019             4.259             96
 iceitd_reb                         0.081             0.080             0.009             9.080            192
 iceitd_rem                         0.071             0.070             0.005            14.394             96
 sbc_sglcpl_ice_flx                 0.071             0.070             0.014             5.061             96
 ice_thd_jllopp                     0.067             0.067             0.028             2.396             96
 nemogcmcoup_wam_get                0.055             0.055             0.014             3.920             24
 tra_sbc                            0.050             0.049             0.011             4.521             96
 parinter_write                     0.047             0.046             0.152             0.306              8
 nemogcmcoup_wam_update_s           0.044             0.043             0.011             4.142             24
 zdf_drg                            0.023             0.023             0.004             5.285             96
 icealb                             0.021             0.021             0.011             1.942            192
 nemogcmcoup_update                 0.021             0.021             0.005             4.290             24
 ssh_swp                            0.019             0.019             0.003             5.646             96
 dia_ar5                            0.011             0.011             0.001             8.127             96
 ice_dyn_adv_pra_icemax4D           0.008             0.008             0.007             1.254            192
 ice_dyn_adv_pra_Hbig               0.008             0.008             0.006             1.400             96
 ice_dyn_adv_pra_icemax3D           0.007             0.007             0.002             3.979            384
 scripremap_dealloc                 0.005             0.005             0.005             0.999              8
 parinter_read                      0.004             0.004             0.020             0.189              8
 scripremap_alloc                   0.002             0.002             0.001             1.310              8
 
 Timing started on 19/01/2026 at 16:12:33 MET +01:00 from GMT
 Timing   ended on 19/01/2026 at 16:14:01 MET +01:00 from GMT
  
  Report on time spent on waiting MPI messages 
     total timing measured between nit000+1 and nitend-1 
     warning: includes restarts writing time if output before nitend... 
  
     Computing       time :    0.000000                    on MPI rank :        1
     Waiting lbc_lnk time :    0.000000 ( 0.0 %)           on MPI rank :        1
     Waiting  global time :    0.000000 ( 0.0 %)           on MPI rank :        1
     Total           time :   59.521643 (SYPD:     3.894 ) on MPI rank :        1
     Computing       time :    0.000000                    on MPI rank :        2
     Waiting lbc_lnk time :    0.000000 ( 0.0 %)           on MPI rank :        2
     Waiting  global time :    0.000000 ( 0.0 %)           on MPI rank :        2
     Total           time :   59.520323 (SYPD:     3.894 ) on MPI rank :        2
     Computing       time :    0.000000                    on MPI rank :        3
     Waiting lbc_lnk time :    0.000000 ( 0.0 %)           on MPI rank :        3
     Waiting  global time :    0.000000 ( 0.0 %)           on MPI rank :        3
     Total           time :   59.520349 (SYPD:     3.894 ) on MPI rank :        3
     Computing       time :    0.000000                    on MPI rank :        4
     Waiting lbc_lnk time :    0.000000 ( 0.0 %)           on MPI rank :        4
     Waiting  global time :    0.000000 ( 0.0 %)           on MPI rank :        4
     Total           time :   59.520336 (SYPD:     3.894 ) on MPI rank :        4
     Computing       time :    0.000000                    on MPI rank :        5
     Waiting lbc_lnk time :    0.000000 ( 0.0 %)           on MPI rank :        5
     Waiting  global time :    0.000000 ( 0.0 %)           on MPI rank :        5
     Total           time :   59.520170 (SYPD:     3.894 ) on MPI rank :        5
     Computing       time :    0.000000                    on MPI rank :        6
     Waiting lbc_lnk time :    0.000000 ( 0.0 %)           on MPI rank :        6
     Waiting  global time :    0.000000 ( 0.0 %)           on MPI rank :        6
     Total           time :   59.520133 (SYPD:     3.894 ) on MPI rank :        6
     Computing       time :    0.000000                    on MPI rank :        7
     Waiting lbc_lnk time :    0.000000 ( 0.0 %)           on MPI rank :        7
     Waiting  global time :    0.000000 ( 0.0 %)           on MPI rank :        7
     Total           time :   59.520367 (SYPD:     3.894 ) on MPI rank :        7
     Computing       time :    0.000000                    on MPI rank :        8
     Waiting lbc_lnk time :    0.000000 ( 0.0 %)           on MPI rank :        8
     Waiting  global time :    0.000000 ( 0.0 %)           on MPI rank :        8
     Total           time :   59.519525 (SYPD:     3.894 ) on MPI rank :        8
     Computing       time :    0.000000                    on MPI rank :        9
     Waiting lbc_lnk time :    0.000000 ( 0.0 %)           on MPI rank :        9
     Waiting  global time :    0.000000 ( 0.0 %)           on MPI rank :        9
     Total           time :   59.520335 (SYPD:     3.894 ) on MPI rank :        9
     Computing       time :    0.000000                    on MPI rank :       10
     Waiting lbc_lnk time :    0.000000 ( 0.0 %)           on MPI rank :       10
     Waiting  global time :    0.000000 ( 0.0 %)           on MPI rank :       10
     Total           time :   59.520774 (SYPD:     3.894 ) on MPI rank :       10
     Computing       time :    0.000000                    on MPI rank :       11
     Waiting lbc_lnk time :    0.000000 ( 0.0 %)           on MPI rank :       11
     Waiting  global time :    0.000000 ( 0.0 %)           on MPI rank :       11
     Total           time :   59.520786 (SYPD:     3.894 ) on MPI rank :       11
     Computing       time :    0.000000                    on MPI rank :       12
     Waiting lbc_lnk time :    0.000000 ( 0.0 %)           on MPI rank :       12
     Waiting  global time :    0.000000 ( 0.0 %)           on MPI rank :       12
     Total           time :   59.521075 (SYPD:     3.894 ) on MPI rank :       12
     Computing       time :    0.000000                    on MPI rank :       13
     Waiting lbc_lnk time :    0.000000 ( 0.0 %)           on MPI rank :       13
     Waiting  global time :    0.000000 ( 0.0 %)           on MPI rank :       13
     Total           time :   59.520979 (SYPD:     3.894 ) on MPI rank :       13
     Computing       time :    0.000000                    on MPI rank :       14
     Waiting lbc_lnk time :    0.000000 ( 0.0 %)           on MPI rank :       14
     Waiting  global time :    0.000000 ( 0.0 %)           on MPI rank :       14
     Total           time :   59.520780 (SYPD:     3.894 ) on MPI rank :       14
     Computing       time :    0.000000                    on MPI rank :       15
     Waiting lbc_lnk time :    0.000000 ( 0.0 %)           on MPI rank :       15
     Waiting  global time :    0.000000 ( 0.0 %)           on MPI rank :       15
     Total           time :   59.520466 (SYPD:     3.894 ) on MPI rank :       15
     Computing       time :    0.000000                    on MPI rank :       16
     Waiting lbc_lnk time :    0.000000 ( 0.0 %)           on MPI rank :       16
     Waiting  global time :    0.000000 ( 0.0 %)           on MPI rank :       16
     Total           time :   59.520902 (SYPD:     3.894 ) on MPI rank :       16
     Computing       time :    0.000000                    on MPI rank :       17
     Waiting lbc_lnk time :    0.000000 ( 0.0 %)           on MPI rank :       17
     Waiting  global time :    0.000000 ( 0.0 %)           on MPI rank :       17
     Total           time :   59.519727 (SYPD:     3.894 ) on MPI rank :       17
     Computing       time :    0.000000                    on MPI rank :       18
     Waiting lbc_lnk time :    0.000000 ( 0.0 %)           on MPI rank :       18
     Waiting  global time :    0.000000 ( 0.0 %)           on MPI rank :       18
     Total           time :   59.519975 (SYPD:     3.894 ) on MPI rank :       18
     Computing       time :    0.000000                    on MPI rank :       19
     Waiting lbc_lnk time :    0.000000 ( 0.0 %)           on MPI rank :       19
     Waiting  global time :    0.000000 ( 0.0 %)           on MPI rank :       19
     Total           time :   59.520436 (SYPD:     3.894 ) on MPI rank :       19
     Computing       time :    0.000000                    on MPI rank :       20
     Waiting lbc_lnk time :    0.000000 ( 0.0 %)           on MPI rank :       20
     Waiting  global time :    0.000000 ( 0.0 %)           on MPI rank :       20
     Total           time :   59.520227 (SYPD:     3.894 ) on MPI rank :       20
     Computing       time :    0.000000                    on MPI rank :       21
     Waiting lbc_lnk time :    0.000000 ( 0.0 %)           on MPI rank :       21
     Waiting  global time :    0.000000 ( 0.0 %)           on MPI rank :       21
     Total           time :   59.520686 (SYPD:     3.894 ) on MPI rank :       21
     Computing       time :    0.000000                    on MPI rank :       22
     Waiting lbc_lnk time :    0.000000 ( 0.0 %)           on MPI rank :       22
     Waiting  global time :    0.000000 ( 0.0 %)           on MPI rank :       22
     Total           time :   59.521291 (SYPD:     3.894 ) on MPI rank :       22
     Computing       time :    0.000000                    on MPI rank :       23
     Waiting lbc_lnk time :    0.000000 ( 0.0 %)           on MPI rank :       23
     Waiting  global time :    0.000000 ( 0.0 %)           on MPI rank :       23
     Total           time :   59.520809 (SYPD:     3.894 ) on MPI rank :       23
     Computing       time :    0.000000                    on MPI rank :       24
     Waiting lbc_lnk time :    0.000000 ( 0.0 %)           on MPI rank :       24
     Waiting  global time :    0.000000 ( 0.0 %)           on MPI rank :       24
     Total           time :   59.520474 (SYPD:     3.894 ) on MPI rank :       24
     Computing       time :    0.000000                    on MPI rank :       25
     Waiting lbc_lnk time :    0.000000 ( 0.0 %)           on MPI rank :       25
     Waiting  global time :    0.000000 ( 0.0 %)           on MPI rank :       25
     Total           time :   59.520153 (SYPD:     3.894 ) on MPI rank :       25
     Computing       time :    0.000000                    on MPI rank :       26
     Waiting lbc_lnk time :    0.000000 ( 0.0 %)           on MPI rank :       26
     Waiting  global time :    0.000000 ( 0.0 %)           on MPI rank :       26
     Total           time :   59.519838 (SYPD:     3.894 ) on MPI rank :       26
     Computing       time :    0.000000                    on MPI rank :       27
     Waiting lbc_lnk time :    0.000000 ( 0.0 %)           on MPI rank :       27
     Waiting  global time :    0.000000 ( 0.0 %)           on MPI rank :       27
     Total           time :   59.520233 (SYPD:     3.894 ) on MPI rank :       27
     Computing       time :    0.000000                    on MPI rank :       28
     Waiting lbc_lnk time :    0.000000 ( 0.0 %)           on MPI rank :       28
     Waiting  global time :    0.000000 ( 0.0 %)           on MPI rank :       28
     Total           time :   59.520883 (SYPD:     3.894 ) on MPI rank :       28
     Computing       time :    0.000000                    on MPI rank :       29
     Waiting lbc_lnk time :    0.000000 ( 0.0 %)           on MPI rank :       29
     Waiting  global time :    0.000000 ( 0.0 %)           on MPI rank :       29
     Total           time :   59.520714 (SYPD:     3.894 ) on MPI rank :       29
     Computing       time :    0.000000                    on MPI rank :       30
     Waiting lbc_lnk time :    0.000000 ( 0.0 %)           on MPI rank :       30
     Waiting  global time :    0.000000 ( 0.0 %)           on MPI rank :       30
     Total           time :   59.520926 (SYPD:     3.894 ) on MPI rank :       30
     Computing       time :    0.000000                    on MPI rank :       31
     Waiting lbc_lnk time :    0.000000 ( 0.0 %)           on MPI rank :       31
     Waiting  global time :    0.000000 ( 0.0 %)           on MPI rank :       31
     Total           time :   59.520958 (SYPD:     3.894 ) on MPI rank :       31
     Computing       time :    0.000000                    on MPI rank :       32
     Waiting lbc_lnk time :    0.000000 ( 0.0 %)           on MPI rank :       32
     Waiting  global time :    0.000000 ( 0.0 %)           on MPI rank :       32
     Total           time :   59.520429 (SYPD:     3.894 ) on MPI rank :       32
     Computing       time :    0.000000                    on MPI rank :       33
     Waiting lbc_lnk time :    0.000000 ( 0.0 %)           on MPI rank :       33
     Waiting  global time :    0.000000 ( 0.0 %)           on MPI rank :       33
     Total           time :   59.520713 (SYPD:     3.894 ) on MPI rank :       33
     Computing       time :    0.000000                    on MPI rank :       34
     Waiting lbc_lnk time :    0.000000 ( 0.0 %)           on MPI rank :       34
     Waiting  global time :    0.000000 ( 0.0 %)           on MPI rank :       34
     Total           time :   59.520408 (SYPD:     3.894 ) on MPI rank :       34
     Computing       time :    0.000000                    on MPI rank :       35
     Waiting lbc_lnk time :    0.000000 ( 0.0 %)           on MPI rank :       35
     Waiting  global time :    0.000000 ( 0.0 %)           on MPI rank :       35
     Total           time :   59.520733 (SYPD:     3.894 ) on MPI rank :       35
     Computing       time :    0.000000                    on MPI rank :       36
     Waiting lbc_lnk time :    0.000000 ( 0.0 %)           on MPI rank :       36
     Waiting  global time :    0.000000 ( 0.0 %)           on MPI rank :       36
     Total           time :   59.520324 (SYPD:     3.894 ) on MPI rank :       36
     Computing       time :    0.000000                    on MPI rank :       37
     Waiting lbc_lnk time :    0.000000 ( 0.0 %)           on MPI rank :       37
     Waiting  global time :    0.000000 ( 0.0 %)           on MPI rank :       37
     Total           time :   59.520231 (SYPD:     3.894 ) on MPI rank :       37
     Computing       time :    0.000000                    on MPI rank :       38
     Waiting lbc_lnk time :    0.000000 ( 0.0 %)           on MPI rank :       38
     Waiting  global time :    0.000000 ( 0.0 %)           on MPI rank :       38
     Total           time :   59.520664 (SYPD:     3.894 ) on MPI rank :       38
     Computing       time :    0.000000                    on MPI rank :       39
     Waiting lbc_lnk time :    0.000000 ( 0.0 %)           on MPI rank :       39
     Waiting  global time :    0.000000 ( 0.0 %)           on MPI rank :       39
     Total           time :   59.520779 (SYPD:     3.894 ) on MPI rank :       39
     Computing       time :    0.000000                    on MPI rank :       40
     Waiting lbc_lnk time :    0.000000 ( 0.0 %)           on MPI rank :       40
     Waiting  global time :    0.000000 ( 0.0 %)           on MPI rank :       40
     Total           time :   59.520776 (SYPD:     3.894 ) on MPI rank :       40
     Computing       time :    0.000000                    on MPI rank :       41
     Waiting lbc_lnk time :    0.000000 ( 0.0 %)           on MPI rank :       41
     Waiting  global time :    0.000000 ( 0.0 %)           on MPI rank :       41
     Total           time :   59.521088 (SYPD:     3.894 ) on MPI rank :       41
     Computing       time :    0.000000                    on MPI rank :       42
     Waiting lbc_lnk time :    0.000000 ( 0.0 %)           on MPI rank :       42
     Waiting  global time :    0.000000 ( 0.0 %)           on MPI rank :       42
     Total           time :   59.521257 (SYPD:     3.894 ) on MPI rank :       42
     Computing       time :    0.000000                    on MPI rank :       43
     Waiting lbc_lnk time :    0.000000 ( 0.0 %)           on MPI rank :       43
     Waiting  global time :    0.000000 ( 0.0 %)           on MPI rank :       43
     Total           time :   59.520789 (SYPD:     3.894 ) on MPI rank :       43
     Computing       time :    0.000000                    on MPI rank :       44
     Waiting lbc_lnk time :    0.000000 ( 0.0 %)           on MPI rank :       44
     Waiting  global time :    0.000000 ( 0.0 %)           on MPI rank :       44
     Total           time :   59.520778 (SYPD:     3.894 ) on MPI rank :       44
     Computing       time :    0.000000                    on MPI rank :       45
     Waiting lbc_lnk time :    0.000000 ( 0.0 %)           on MPI rank :       45
     Waiting  global time :    0.000000 ( 0.0 %)           on MPI rank :       45
     Total           time :   59.520334 (SYPD:     3.894 ) on MPI rank :       45
     Computing       time :    0.000000                    on MPI rank :       46
     Waiting lbc_lnk time :    0.000000 ( 0.0 %)           on MPI rank :       46
     Waiting  global time :    0.000000 ( 0.0 %)           on MPI rank :       46
     Total           time :   59.520190 (SYPD:     3.894 ) on MPI rank :       46
     Computing       time :    0.000000                    on MPI rank :       47
     Waiting lbc_lnk time :    0.000000 ( 0.0 %)           on MPI rank :       47
     Waiting  global time :    0.000000 ( 0.0 %)           on MPI rank :       47
     Total           time :   59.520366 (SYPD:     3.894 ) on MPI rank :       47
     Computing       time :    0.000000                    on MPI rank :       48
     Waiting lbc_lnk time :    0.000000 ( 0.0 %)           on MPI rank :       48
     Waiting  global time :    0.000000 ( 0.0 %)           on MPI rank :       48
     Total           time :   59.520914 (SYPD:     3.894 ) on MPI rank :       48
     Computing       time :    0.000000                    on MPI rank :       49
     Waiting lbc_lnk time :    0.000000 ( 0.0 %)           on MPI rank :       49
     Waiting  global time :    0.000000 ( 0.0 %)           on MPI rank :       49
     Total           time :   59.519966 (SYPD:     3.894 ) on MPI rank :       49
     Computing       time :    0.000000                    on MPI rank :       50
     Waiting lbc_lnk time :    0.000000 ( 0.0 %)           on MPI rank :       50
     Waiting  global time :    0.000000 ( 0.0 %)           on MPI rank :       50
     Total           time :   59.520469 (SYPD:     3.894 ) on MPI rank :       50
     Computing       time :    0.000000                    on MPI rank :       51
     Waiting lbc_lnk time :    0.000000 ( 0.0 %)           on MPI rank :       51
     Waiting  global time :    0.000000 ( 0.0 %)           on MPI rank :       51
     Total           time :   59.519844 (SYPD:     3.894 ) on MPI rank :       51
     Computing       time :    0.000000                    on MPI rank :       52
     Waiting lbc_lnk time :    0.000000 ( 0.0 %)           on MPI rank :       52
     Waiting  global time :    0.000000 ( 0.0 %)           on MPI rank :       52
     Total           time :   59.520227 (SYPD:     3.894 ) on MPI rank :       52
     Computing       time :    0.000000                    on MPI rank :       53
     Waiting lbc_lnk time :    0.000000 ( 0.0 %)           on MPI rank :       53
     Waiting  global time :    0.000000 ( 0.0 %)           on MPI rank :       53
     Total           time :   59.520620 (SYPD:     3.894 ) on MPI rank :       53
     Computing       time :    0.000000                    on MPI rank :       54
     Waiting lbc_lnk time :    0.000000 ( 0.0 %)           on MPI rank :       54
     Waiting  global time :    0.000000 ( 0.0 %)           on MPI rank :       54
     Total           time :   59.520541 (SYPD:     3.894 ) on MPI rank :       54
     Computing       time :    0.000000                    on MPI rank :       55
     Waiting lbc_lnk time :    0.000000 ( 0.0 %)           on MPI rank :       55
     Waiting  global time :    0.000000 ( 0.0 %)           on MPI rank :       55
     Total           time :   59.520136 (SYPD:     3.894 ) on MPI rank :       55
     Computing       time :    0.000000                    on MPI rank :       56
     Waiting lbc_lnk time :    0.000000 ( 0.0 %)           on MPI rank :       56
     Waiting  global time :    0.000000 ( 0.0 %)           on MPI rank :       56
     Total           time :   59.520512 (SYPD:     3.894 ) on MPI rank :       56
     Computing       time :    0.000000                    on MPI rank :       57
     Waiting lbc_lnk time :    0.000000 ( 0.0 %)           on MPI rank :       57
     Waiting  global time :    0.000000 ( 0.0 %)           on MPI rank :       57
     Total           time :   59.519500 (SYPD:     3.894 ) on MPI rank :       57
     Computing       time :    0.000000                    on MPI rank :       58
     Waiting lbc_lnk time :    0.000000 ( 0.0 %)           on MPI rank :       58
     Waiting  global time :    0.000000 ( 0.0 %)           on MPI rank :       58
     Total           time :   59.518850 (SYPD:     3.894 ) on MPI rank :       58
     Computing       time :    0.000000                    on MPI rank :       59
     Waiting lbc_lnk time :    0.000000 ( 0.0 %)           on MPI rank :       59
     Waiting  global time :    0.000000 ( 0.0 %)           on MPI rank :       59
     Total           time :   59.518561 (SYPD:     3.894 ) on MPI rank :       59
     Computing       time :    0.000000                    on MPI rank :       60
     Waiting lbc_lnk time :    0.000000 ( 0.0 %)           on MPI rank :       60
     Waiting  global time :    0.000000 ( 0.0 %)           on MPI rank :       60
     Total           time :   59.520411 (SYPD:     3.894 ) on MPI rank :       60
     Computing       time :    0.000000                    on MPI rank :       61
     Waiting lbc_lnk time :    0.000000 ( 0.0 %)           on MPI rank :       61
     Waiting  global time :    0.000000 ( 0.0 %)           on MPI rank :       61
     Total           time :   59.519493 (SYPD:     3.894 ) on MPI rank :       61
     Computing       time :    0.000000                    on MPI rank :       62
     Waiting lbc_lnk time :    0.000000 ( 0.0 %)           on MPI rank :       62
     Waiting  global time :    0.000000 ( 0.0 %)           on MPI rank :       62
     Total           time :   59.519536 (SYPD:     3.894 ) on MPI rank :       62
     Computing       time :    0.000000                    on MPI rank :       63
     Waiting lbc_lnk time :    0.000000 ( 0.0 %)           on MPI rank :       63
     Waiting  global time :    0.000000 ( 0.0 %)           on MPI rank :       63
     Total           time :   59.519568 (SYPD:     3.894 ) on MPI rank :       63
     Computing       time :    0.000000                    on MPI rank :       64
     Waiting lbc_lnk time :    0.000000 ( 0.0 %)           on MPI rank :       64
     Waiting  global time :    0.000000 ( 0.0 %)           on MPI rank :       64
     Total           time :   59.519916 (SYPD:     3.894 ) on MPI rank :       64
     Computing       time :    0.000000                    on MPI rank :       65
     Waiting lbc_lnk time :    0.000000 ( 0.0 %)           on MPI rank :       65
     Waiting  global time :    0.000000 ( 0.0 %)           on MPI rank :       65
     Total           time :   59.520391 (SYPD:     3.894 ) on MPI rank :       65
     Computing       time :    0.000000                    on MPI rank :       66
     Waiting lbc_lnk time :    0.000000 ( 0.0 %)           on MPI rank :       66
     Waiting  global time :    0.000000 ( 0.0 %)           on MPI rank :       66
     Total           time :   59.520308 (SYPD:     3.894 ) on MPI rank :       66
     Computing       time :    0.000000                    on MPI rank :       67
     Waiting lbc_lnk time :    0.000000 ( 0.0 %)           on MPI rank :       67
     Waiting  global time :    0.000000 ( 0.0 %)           on MPI rank :       67
     Total           time :   59.519847 (SYPD:     3.894 ) on MPI rank :       67
     Computing       time :    0.000000                    on MPI rank :       68
     Waiting lbc_lnk time :    0.000000 ( 0.0 %)           on MPI rank :       68
     Waiting  global time :    0.000000 ( 0.0 %)           on MPI rank :       68
     Total           time :   59.520081 (SYPD:     3.894 ) on MPI rank :       68
     Computing       time :    0.000000                    on MPI rank :       69
     Waiting lbc_lnk time :    0.000000 ( 0.0 %)           on MPI rank :       69
     Waiting  global time :    0.000000 ( 0.0 %)           on MPI rank :       69
     Total           time :   59.521087 (SYPD:     3.894 ) on MPI rank :       69
     Computing       time :    0.000000                    on MPI rank :       70
     Waiting lbc_lnk time :    0.000000 ( 0.0 %)           on MPI rank :       70
     Waiting  global time :    0.000000 ( 0.0 %)           on MPI rank :       70
     Total           time :   59.520235 (SYPD:     3.894 ) on MPI rank :       70
     Computing       time :    0.000000                    on MPI rank :       71
     Waiting lbc_lnk time :    0.000000 ( 0.0 %)           on MPI rank :       71
     Waiting  global time :    0.000000 ( 0.0 %)           on MPI rank :       71
     Total           time :   59.519711 (SYPD:     3.894 ) on MPI rank :       71
     Computing       time :    0.000000                    on MPI rank :       72
     Waiting lbc_lnk time :    0.000000 ( 0.0 %)           on MPI rank :       72
     Waiting  global time :    0.000000 ( 0.0 %)           on MPI rank :       72
     Total           time :   59.519364 (SYPD:     3.894 ) on MPI rank :       72
     Computing       time :    0.000000                    on MPI rank :       73
     Waiting lbc_lnk time :    0.000000 ( 0.0 %)           on MPI rank :       73
     Waiting  global time :    0.000000 ( 0.0 %)           on MPI rank :       73
     Total           time :   59.520364 (SYPD:     3.894 ) on MPI rank :       73
     Computing       time :    0.000000                    on MPI rank :       74
     Waiting lbc_lnk time :    0.000000 ( 0.0 %)           on MPI rank :       74
     Waiting  global time :    0.000000 ( 0.0 %)           on MPI rank :       74
     Total           time :   59.520354 (SYPD:     3.894 ) on MPI rank :       74
     Computing       time :    0.000000                    on MPI rank :       75
     Waiting lbc_lnk time :    0.000000 ( 0.0 %)           on MPI rank :       75
     Waiting  global time :    0.000000 ( 0.0 %)           on MPI rank :       75
     Total           time :   59.520212 (SYPD:     3.894 ) on MPI rank :       75
     Computing       time :    0.000000                    on MPI rank :       76
     Waiting lbc_lnk time :    0.000000 ( 0.0 %)           on MPI rank :       76
     Waiting  global time :    0.000000 ( 0.0 %)           on MPI rank :       76
     Total           time :   59.520065 (SYPD:     3.894 ) on MPI rank :       76
     Computing       time :    0.000000                    on MPI rank :       77
     Waiting lbc_lnk time :    0.000000 ( 0.0 %)           on MPI rank :       77
     Waiting  global time :    0.000000 ( 0.0 %)           on MPI rank :       77
     Total           time :   59.520235 (SYPD:     3.894 ) on MPI rank :       77
     Computing       time :    0.000000                    on MPI rank :       78
     Waiting lbc_lnk time :    0.000000 ( 0.0 %)           on MPI rank :       78
     Waiting  global time :    0.000000 ( 0.0 %)           on MPI rank :       78
     Total           time :   59.520368 (SYPD:     3.894 ) on MPI rank :       78
     Computing       time :    0.000000                    on MPI rank :       79
     Waiting lbc_lnk time :    0.000000 ( 0.0 %)           on MPI rank :       79
     Waiting  global time :    0.000000 ( 0.0 %)           on MPI rank :       79
     Total           time :   59.520085 (SYPD:     3.894 ) on MPI rank :       79
     Computing       time :    0.000000                    on MPI rank :       80
     Waiting lbc_lnk time :    0.000000 ( 0.0 %)           on MPI rank :       80
     Waiting  global time :    0.000000 ( 0.0 %)           on MPI rank :       80
     Total           time :   59.519919 (SYPD:     3.894 ) on MPI rank :       80
     Computing       time :    0.000000                    on MPI rank :       81
     Waiting lbc_lnk time :    0.000000 ( 0.0 %)           on MPI rank :       81
     Waiting  global time :    0.000000 ( 0.0 %)           on MPI rank :       81
     Total           time :   59.520844 (SYPD:     3.894 ) on MPI rank :       81
     Computing       time :    0.000000                    on MPI rank :       82
     Waiting lbc_lnk time :    0.000000 ( 0.0 %)           on MPI rank :       82
     Waiting  global time :    0.000000 ( 0.0 %)           on MPI rank :       82
     Total           time :   59.520167 (SYPD:     3.894 ) on MPI rank :       82
     Computing       time :    0.000000                    on MPI rank :       83
     Waiting lbc_lnk time :    0.000000 ( 0.0 %)           on MPI rank :       83
     Waiting  global time :    0.000000 ( 0.0 %)           on MPI rank :       83
     Total           time :   59.520024 (SYPD:     3.894 ) on MPI rank :       83
     Computing       time :    0.000000                    on MPI rank :       84
     Waiting lbc_lnk time :    0.000000 ( 0.0 %)           on MPI rank :       84
     Waiting  global time :    0.000000 ( 0.0 %)           on MPI rank :       84
     Total           time :   59.521207 (SYPD:     3.894 ) on MPI rank :       84
     Computing       time :    0.000000                    on MPI rank :       85
     Waiting lbc_lnk time :    0.000000 ( 0.0 %)           on MPI rank :       85
     Waiting  global time :    0.000000 ( 0.0 %)           on MPI rank :       85
     Total           time :   59.520289 (SYPD:     3.894 ) on MPI rank :       85
     Computing       time :    0.000000                    on MPI rank :       86
     Waiting lbc_lnk time :    0.000000 ( 0.0 %)           on MPI rank :       86
     Waiting  global time :    0.000000 ( 0.0 %)           on MPI rank :       86
     Total           time :   59.520368 (SYPD:     3.894 ) on MPI rank :       86
     Computing       time :    0.000000                    on MPI rank :       87
     Waiting lbc_lnk time :    0.000000 ( 0.0 %)           on MPI rank :       87
     Waiting  global time :    0.000000 ( 0.0 %)           on MPI rank :       87
     Total           time :   59.520456 (SYPD:     3.894 ) on MPI rank :       87
     Computing       time :    0.000000                    on MPI rank :       88
     Waiting lbc_lnk time :    0.000000 ( 0.0 %)           on MPI rank :       88
     Waiting  global time :    0.000000 ( 0.0 %)           on MPI rank :       88
     Total           time :   59.520335 (SYPD:     3.894 ) on MPI rank :       88
     Computing       time :    0.000000                    on MPI rank :       89
     Waiting lbc_lnk time :    0.000000 ( 0.0 %)           on MPI rank :       89
     Waiting  global time :    0.000000 ( 0.0 %)           on MPI rank :       89
     Total           time :   59.520643 (SYPD:     3.894 ) on MPI rank :       89
     Computing       time :    0.000000                    on MPI rank :       90
     Waiting lbc_lnk time :    0.000000 ( 0.0 %)           on MPI rank :       90
     Waiting  global time :    0.000000 ( 0.0 %)           on MPI rank :       90
     Total           time :   59.520510 (SYPD:     3.894 ) on MPI rank :       90
     Computing       time :    0.000000                    on MPI rank :       91
     Waiting lbc_lnk time :    0.000000 ( 0.0 %)           on MPI rank :       91
     Waiting  global time :    0.000000 ( 0.0 %)           on MPI rank :       91
     Total           time :   59.520164 (SYPD:     3.894 ) on MPI rank :       91
     Computing       time :    0.000000                    on MPI rank :       92
     Waiting lbc_lnk time :    0.000000 ( 0.0 %)           on MPI rank :       92
     Waiting  global time :    0.000000 ( 0.0 %)           on MPI rank :       92
     Total           time :   59.520681 (SYPD:     3.894 ) on MPI rank :       92
     Computing       time :    0.000000                    on MPI rank :       93
     Waiting lbc_lnk time :    0.000000 ( 0.0 %)           on MPI rank :       93
     Waiting  global time :    0.000000 ( 0.0 %)           on MPI rank :       93
     Total           time :   59.520615 (SYPD:     3.894 ) on MPI rank :       93
     Computing       time :    0.000000                    on MPI rank :       94
     Waiting lbc_lnk time :    0.000000 ( 0.0 %)           on MPI rank :       94
     Waiting  global time :    0.000000 ( 0.0 %)           on MPI rank :       94
     Total           time :   59.520329 (SYPD:     3.894 ) on MPI rank :       94
     Computing       time :    0.000000                    on MPI rank :       95
     Waiting lbc_lnk time :    0.000000 ( 0.0 %)           on MPI rank :       95
     Waiting  global time :    0.000000 ( 0.0 %)           on MPI rank :       95
     Total           time :   59.520514 (SYPD:     3.894 ) on MPI rank :       95
     Computing       time :    0.000000                    on MPI rank :       96
     Waiting lbc_lnk time :    0.000000 ( 0.0 %)           on MPI rank :       96
     Waiting  global time :    0.000000 ( 0.0 %)           on MPI rank :       96
     Total           time :   59.520500 (SYPD:     3.894 ) on MPI rank :       96
     Computing       time :    0.000000                    on MPI rank :       97
     Waiting lbc_lnk time :    0.000000 ( 0.0 %)           on MPI rank :       97
     Waiting  global time :    0.000000 ( 0.0 %)           on MPI rank :       97
     Total           time :   59.520614 (SYPD:     3.894 ) on MPI rank :       97
     Computing       time :    0.000000                    on MPI rank :       98
     Waiting lbc_lnk time :    0.000000 ( 0.0 %)           on MPI rank :       98
     Waiting  global time :    0.000000 ( 0.0 %)           on MPI rank :       98
     Total           time :   59.520921 (SYPD:     3.894 ) on MPI rank :       98
     Computing       time :    0.000000                    on MPI rank :       99
     Waiting lbc_lnk time :    0.000000 ( 0.0 %)           on MPI rank :       99
     Waiting  global time :    0.000000 ( 0.0 %)           on MPI rank :       99
     Total           time :   59.520440 (SYPD:     3.894 ) on MPI rank :       99
     Computing       time :    0.000000                    on MPI rank :      100
     Waiting lbc_lnk time :    0.000000 ( 0.0 %)           on MPI rank :      100
     Waiting  global time :    0.000000 ( 0.0 %)           on MPI rank :      100
     Total           time :   59.520864 (SYPD:     3.894 ) on MPI rank :      100
     Computing       time :    0.000000                    on MPI rank :      101
     Waiting lbc_lnk time :    0.000000 ( 0.0 %)           on MPI rank :      101
     Waiting  global time :    0.000000 ( 0.0 %)           on MPI rank :      101
     Total           time :   59.520166 (SYPD:     3.894 ) on MPI rank :      101
     Computing       time :    0.000000                    on MPI rank :      102
     Waiting lbc_lnk time :    0.000000 ( 0.0 %)           on MPI rank :      102
     Waiting  global time :    0.000000 ( 0.0 %)           on MPI rank :      102
     Total           time :   59.520367 (SYPD:     3.894 ) on MPI rank :      102
     Computing       time :    0.000000                    on MPI rank :      103
     Waiting lbc_lnk time :    0.000000 ( 0.0 %)           on MPI rank :      103
     Waiting  global time :    0.000000 ( 0.0 %)           on MPI rank :      103
     Total           time :   59.520754 (SYPD:     3.894 ) on MPI rank :      103
     Computing       time :    0.000000                    on MPI rank :      104
     Waiting lbc_lnk time :    0.000000 ( 0.0 %)           on MPI rank :      104
     Waiting  global time :    0.000000 ( 0.0 %)           on MPI rank :      104
     Total           time :   59.520315 (SYPD:     3.894 ) on MPI rank :      104
     Computing       time :    0.000000                    on MPI rank :      105
     Waiting lbc_lnk time :    0.000000 ( 0.0 %)           on MPI rank :      105
     Waiting  global time :    0.000000 ( 0.0 %)           on MPI rank :      105
     Total           time :   59.520655 (SYPD:     3.894 ) on MPI rank :      105
     Computing       time :    0.000000                    on MPI rank :      106
     Waiting lbc_lnk time :    0.000000 ( 0.0 %)           on MPI rank :      106
     Waiting  global time :    0.000000 ( 0.0 %)           on MPI rank :      106
     Total           time :   59.520037 (SYPD:     3.894 ) on MPI rank :      106
     Computing       time :    0.000000                    on MPI rank :      107
     Waiting lbc_lnk time :    0.000000 ( 0.0 %)           on MPI rank :      107
     Waiting  global time :    0.000000 ( 0.0 %)           on MPI rank :      107
     Total           time :   59.520567 (SYPD:     3.894 ) on MPI rank :      107
     Computing       time :    0.000000                    on MPI rank :      108
     Waiting lbc_lnk time :    0.000000 ( 0.0 %)           on MPI rank :      108
     Waiting  global time :    0.000000 ( 0.0 %)           on MPI rank :      108
     Total           time :   59.519320 (SYPD:     3.894 ) on MPI rank :      108
     Computing       time :    0.000000                    on MPI rank :      109
     Waiting lbc_lnk time :    0.000000 ( 0.0 %)           on MPI rank :      109
     Waiting  global time :    0.000000 ( 0.0 %)           on MPI rank :      109
     Total           time :   59.519009 (SYPD:     3.894 ) on MPI rank :      109
     Computing       time :    0.000000                    on MPI rank :      110
     Waiting lbc_lnk time :    0.000000 ( 0.0 %)           on MPI rank :      110
     Waiting  global time :    0.000000 ( 0.0 %)           on MPI rank :      110
     Total           time :   59.519084 (SYPD:     3.894 ) on MPI rank :      110
     Computing       time :    0.000000                    on MPI rank :      111
     Waiting lbc_lnk time :    0.000000 ( 0.0 %)           on MPI rank :      111
     Waiting  global time :    0.000000 ( 0.0 %)           on MPI rank :      111
     Total           time :   59.519370 (SYPD:     3.894 ) on MPI rank :      111
     Computing       time :    0.000000                    on MPI rank :      112
     Waiting lbc_lnk time :    0.000000 ( 0.0 %)           on MPI rank :      112
     Waiting  global time :    0.000000 ( 0.0 %)           on MPI rank :      112
     Total           time :   59.520174 (SYPD:     3.894 ) on MPI rank :      112
     Computing       time :    0.000000                    on MPI rank :      113
     Waiting lbc_lnk time :    0.000000 ( 0.0 %)           on MPI rank :      113
     Waiting  global time :    0.000000 ( 0.0 %)           on MPI rank :      113
     Total           time :   59.519761 (SYPD:     3.894 ) on MPI rank :      113
     Computing       time :    0.000000                    on MPI rank :      114
     Waiting lbc_lnk time :    0.000000 ( 0.0 %)           on MPI rank :      114
     Waiting  global time :    0.000000 ( 0.0 %)           on MPI rank :      114
     Total           time :   59.519190 (SYPD:     3.894 ) on MPI rank :      114
     Computing       time :    0.000000                    on MPI rank :      115
     Waiting lbc_lnk time :    0.000000 ( 0.0 %)           on MPI rank :      115
     Waiting  global time :    0.000000 ( 0.0 %)           on MPI rank :      115
     Total           time :   59.519649 (SYPD:     3.894 ) on MPI rank :      115
     Computing       time :    0.000000                    on MPI rank :      116
     Waiting lbc_lnk time :    0.000000 ( 0.0 %)           on MPI rank :      116
     Waiting  global time :    0.000000 ( 0.0 %)           on MPI rank :      116
     Total           time :   59.520091 (SYPD:     3.894 ) on MPI rank :      116
     Computing       time :    0.000000                    on MPI rank :      117
     Waiting lbc_lnk time :    0.000000 ( 0.0 %)           on MPI rank :      117
     Waiting  global time :    0.000000 ( 0.0 %)           on MPI rank :      117
     Total           time :   59.519398 (SYPD:     3.894 ) on MPI rank :      117
     Computing       time :    0.000000                    on MPI rank :      118
     Waiting lbc_lnk time :    0.000000 ( 0.0 %)           on MPI rank :      118
     Waiting  global time :    0.000000 ( 0.0 %)           on MPI rank :      118
     Total           time :   59.518986 (SYPD:     3.894 ) on MPI rank :      118
     Computing       time :    0.000000                    on MPI rank :      119
     Waiting lbc_lnk time :    0.000000 ( 0.0 %)           on MPI rank :      119
     Waiting  global time :    0.000000 ( 0.0 %)           on MPI rank :      119
     Total           time :   59.519240 (SYPD:     3.894 ) on MPI rank :      119
     Computing       time :    0.000000                    on MPI rank :      120
     Waiting lbc_lnk time :    0.000000 ( 0.0 %)           on MPI rank :      120
     Waiting  global time :    0.000000 ( 0.0 %)           on MPI rank :      120
     Total           time :   59.520446 (SYPD:     3.894 ) on MPI rank :      120
     Computing       time :    0.000000                    on MPI rank :      121
     Waiting lbc_lnk time :    0.000000 ( 0.0 %)           on MPI rank :      121
     Waiting  global time :    0.000000 ( 0.0 %)           on MPI rank :      121
     Total           time :   59.519610 (SYPD:     3.894 ) on MPI rank :      121
     Computing       time :    0.000000                    on MPI rank :      122
     Waiting lbc_lnk time :    0.000000 ( 0.0 %)           on MPI rank :      122
     Waiting  global time :    0.000000 ( 0.0 %)           on MPI rank :      122
     Total           time :   59.519028 (SYPD:     3.894 ) on MPI rank :      122
     Computing       time :    0.000000                    on MPI rank :      123
     Waiting lbc_lnk time :    0.000000 ( 0.0 %)           on MPI rank :      123
     Waiting  global time :    0.000000 ( 0.0 %)           on MPI rank :      123
     Total           time :   59.518819 (SYPD:     3.894 ) on MPI rank :      123
     Computing       time :    0.000000                    on MPI rank :      124
     Waiting lbc_lnk time :    0.000000 ( 0.0 %)           on MPI rank :      124
     Waiting  global time :    0.000000 ( 0.0 %)           on MPI rank :      124
     Total           time :   59.518856 (SYPD:     3.894 ) on MPI rank :      124
     Computing       time :    0.000000                    on MPI rank :      125
     Waiting lbc_lnk time :    0.000000 ( 0.0 %)           on MPI rank :      125
     Waiting  global time :    0.000000 ( 0.0 %)           on MPI rank :      125
     Total           time :   59.519850 (SYPD:     3.894 ) on MPI rank :      125
     Computing       time :    0.000000                    on MPI rank :      126
     Waiting lbc_lnk time :    0.000000 ( 0.0 %)           on MPI rank :      126
     Waiting  global time :    0.000000 ( 0.0 %)           on MPI rank :      126
     Total           time :   59.519739 (SYPD:     3.894 ) on MPI rank :      126
     Computing       time :    0.000000                    on MPI rank :      127
     Waiting lbc_lnk time :    0.000000 ( 0.0 %)           on MPI rank :      127
     Waiting  global time :    0.000000 ( 0.0 %)           on MPI rank :      127
     Total           time :   59.519873 (SYPD:     3.894 ) on MPI rank :      127
     Computing       time :    0.000000                    on MPI rank :      128
     Waiting lbc_lnk time :    0.000000 ( 0.0 %)           on MPI rank :      128
     Waiting  global time :    0.000000 ( 0.0 %)           on MPI rank :      128
     Total           time :   59.520157 (SYPD:     3.894 ) on MPI rank :      128
     Computing       time :    0.000000                    on MPI rank :      129
     Waiting lbc_lnk time :    0.000000 ( 0.0 %)           on MPI rank :      129
     Waiting  global time :    0.000000 ( 0.0 %)           on MPI rank :      129
     Total           time :   59.519902 (SYPD:     3.894 ) on MPI rank :      129
     Computing       time :    0.000000                    on MPI rank :      130
     Waiting lbc_lnk time :    0.000000 ( 0.0 %)           on MPI rank :      130
     Waiting  global time :    0.000000 ( 0.0 %)           on MPI rank :      130
     Total           time :   59.519353 (SYPD:     3.894 ) on MPI rank :      130
     Computing       time :    0.000000                    on MPI rank :      131
     Waiting lbc_lnk time :    0.000000 ( 0.0 %)           on MPI rank :      131
     Waiting  global time :    0.000000 ( 0.0 %)           on MPI rank :      131
     Total           time :   59.520385 (SYPD:     3.894 ) on MPI rank :      131
     Computing       time :    0.000000                    on MPI rank :      132
     Waiting lbc_lnk time :    0.000000 ( 0.0 %)           on MPI rank :      132
     Waiting  global time :    0.000000 ( 0.0 %)           on MPI rank :      132
     Total           time :   59.518353 (SYPD:     3.894 ) on MPI rank :      132
     Computing       time :    0.000000                    on MPI rank :      133
     Waiting lbc_lnk time :    0.000000 ( 0.0 %)           on MPI rank :      133
     Waiting  global time :    0.000000 ( 0.0 %)           on MPI rank :      133
     Total           time :   59.519990 (SYPD:     3.894 ) on MPI rank :      133
     Computing       time :    0.000000                    on MPI rank :      134
     Waiting lbc_lnk time :    0.000000 ( 0.0 %)           on MPI rank :      134
     Waiting  global time :    0.000000 ( 0.0 %)           on MPI rank :      134
     Total           time :   59.518693 (SYPD:     3.894 ) on MPI rank :      134
     Computing       time :    0.000000                    on MPI rank :      135
     Waiting lbc_lnk time :    0.000000 ( 0.0 %)           on MPI rank :      135
     Waiting  global time :    0.000000 ( 0.0 %)           on MPI rank :      135
     Total           time :   59.519101 (SYPD:     3.894 ) on MPI rank :      135
     Computing       time :    0.000000                    on MPI rank :      136
     Waiting lbc_lnk time :    0.000000 ( 0.0 %)           on MPI rank :      136
     Waiting  global time :    0.000000 ( 0.0 %)           on MPI rank :      136
     Total           time :   59.518688 (SYPD:     3.894 ) on MPI rank :      136
     Computing       time :    0.000000                    on MPI rank :      137
     Waiting lbc_lnk time :    0.000000 ( 0.0 %)           on MPI rank :      137
     Waiting  global time :    0.000000 ( 0.0 %)           on MPI rank :      137
     Total           time :   59.518625 (SYPD:     3.894 ) on MPI rank :      137
     Computing       time :    0.000000                    on MPI rank :      138
     Waiting lbc_lnk time :    0.000000 ( 0.0 %)           on MPI rank :      138
     Waiting  global time :    0.000000 ( 0.0 %)           on MPI rank :      138
     Total           time :   59.520475 (SYPD:     3.894 ) on MPI rank :      138
     Computing       time :    0.000000                    on MPI rank :      139
     Waiting lbc_lnk time :    0.000000 ( 0.0 %)           on MPI rank :      139
     Waiting  global time :    0.000000 ( 0.0 %)           on MPI rank :      139
     Total           time :   59.520587 (SYPD:     3.894 ) on MPI rank :      139
     Computing       time :    0.000000                    on MPI rank :      140
     Waiting lbc_lnk time :    0.000000 ( 0.0 %)           on MPI rank :      140
     Waiting  global time :    0.000000 ( 0.0 %)           on MPI rank :      140
     Total           time :   59.519768 (SYPD:     3.894 ) on MPI rank :      140
     Computing       time :    0.000000                    on MPI rank :      141
     Waiting lbc_lnk time :    0.000000 ( 0.0 %)           on MPI rank :      141
     Waiting  global time :    0.000000 ( 0.0 %)           on MPI rank :      141
     Total           time :   59.520119 (SYPD:     3.894 ) on MPI rank :      141
     Computing       time :    0.000000                    on MPI rank :      142
     Waiting lbc_lnk time :    0.000000 ( 0.0 %)           on MPI rank :      142
     Waiting  global time :    0.000000 ( 0.0 %)           on MPI rank :      142
     Total           time :   59.520348 (SYPD:     3.894 ) on MPI rank :      142
     Computing       time :    0.000000                    on MPI rank :      143
     Waiting lbc_lnk time :    0.000000 ( 0.0 %)           on MPI rank :      143
     Waiting  global time :    0.000000 ( 0.0 %)           on MPI rank :      143
     Total           time :   59.520138 (SYPD:     3.894 ) on MPI rank :      143
     Computing       time :    0.000000                    on MPI rank :      144
     Waiting lbc_lnk time :    0.000000 ( 0.0 %)           on MPI rank :      144
     Waiting  global time :    0.000000 ( 0.0 %)           on MPI rank :      144
     Total           time :   59.520109 (SYPD:     3.894 ) on MPI rank :      144
     Computing       time :    0.000000                    on MPI rank :      145
     Waiting lbc_lnk time :    0.000000 ( 0.0 %)           on MPI rank :      145
     Waiting  global time :    0.000000 ( 0.0 %)           on MPI rank :      145
     Total           time :   59.519913 (SYPD:     3.894 ) on MPI rank :      145
     Computing       time :    0.000000                    on MPI rank :      146
     Waiting lbc_lnk time :    0.000000 ( 0.0 %)           on MPI rank :      146
     Waiting  global time :    0.000000 ( 0.0 %)           on MPI rank :      146
     Total           time :   59.519932 (SYPD:     3.894 ) on MPI rank :      146
     Computing       time :    0.000000                    on MPI rank :      147
     Waiting lbc_lnk time :    0.000000 ( 0.0 %)           on MPI rank :      147
     Waiting  global time :    0.000000 ( 0.0 %)           on MPI rank :      147
     Total           time :   59.519821 (SYPD:     3.894 ) on MPI rank :      147
     Computing       time :    0.000000                    on MPI rank :      148
     Waiting lbc_lnk time :    0.000000 ( 0.0 %)           on MPI rank :      148
     Waiting  global time :    0.000000 ( 0.0 %)           on MPI rank :      148
     Total           time :   59.519776 (SYPD:     3.894 ) on MPI rank :      148
     Computing       time :    0.000000                    on MPI rank :      149
     Waiting lbc_lnk time :    0.000000 ( 0.0 %)           on MPI rank :      149
     Waiting  global time :    0.000000 ( 0.0 %)           on MPI rank :      149
     Total           time :   59.520397 (SYPD:     3.894 ) on MPI rank :      149
     Computing       time :    0.000000                    on MPI rank :      150
     Waiting lbc_lnk time :    0.000000 ( 0.0 %)           on MPI rank :      150
     Waiting  global time :    0.000000 ( 0.0 %)           on MPI rank :      150
     Total           time :   59.519771 (SYPD:     3.894 ) on MPI rank :      150
     Computing       time :    0.000000                    on MPI rank :      151
     Waiting lbc_lnk time :    0.000000 ( 0.0 %)           on MPI rank :      151
     Waiting  global time :    0.000000 ( 0.0 %)           on MPI rank :      151
     Total           time :   59.520299 (SYPD:     3.894 ) on MPI rank :      151
     Computing       time :    0.000000                    on MPI rank :      152
     Waiting lbc_lnk time :    0.000000 ( 0.0 %)           on MPI rank :      152
     Waiting  global time :    0.000000 ( 0.0 %)           on MPI rank :      152
     Total           time :   59.519759 (SYPD:     3.894 ) on MPI rank :      152
     Computing       time :    0.000000                    on MPI rank :      153
     Waiting lbc_lnk time :    0.000000 ( 0.0 %)           on MPI rank :      153
     Waiting  global time :    0.000000 ( 0.0 %)           on MPI rank :      153
     Total           time :   59.519752 (SYPD:     3.894 ) on MPI rank :      153
     Computing       time :    0.000000                    on MPI rank :      154
     Waiting lbc_lnk time :    0.000000 ( 0.0 %)           on MPI rank :      154
     Waiting  global time :    0.000000 ( 0.0 %)           on MPI rank :      154
     Total           time :   59.519560 (SYPD:     3.894 ) on MPI rank :      154
     Computing       time :    0.000000                    on MPI rank :      155
     Waiting lbc_lnk time :    0.000000 ( 0.0 %)           on MPI rank :      155
     Waiting  global time :    0.000000 ( 0.0 %)           on MPI rank :      155
     Total           time :   59.520100 (SYPD:     3.894 ) on MPI rank :      155
     Computing       time :    0.000000                    on MPI rank :      156
     Waiting lbc_lnk time :    0.000000 ( 0.0 %)           on MPI rank :      156
     Waiting  global time :    0.000000 ( 0.0 %)           on MPI rank :      156
     Total           time :   59.520762 (SYPD:     3.894 ) on MPI rank :      156
     Computing       time :    0.000000                    on MPI rank :      157
     Waiting lbc_lnk time :    0.000000 ( 0.0 %)           on MPI rank :      157
     Waiting  global time :    0.000000 ( 0.0 %)           on MPI rank :      157
     Total           time :   59.520323 (SYPD:     3.894 ) on MPI rank :      157
     Computing       time :    0.000000                    on MPI rank :      158
     Waiting lbc_lnk time :    0.000000 ( 0.0 %)           on MPI rank :      158
     Waiting  global time :    0.000000 ( 0.0 %)           on MPI rank :      158
     Total           time :   59.520262 (SYPD:     3.894 ) on MPI rank :      158
     Computing       time :    0.000000                    on MPI rank :      159
     Waiting lbc_lnk time :    0.000000 ( 0.0 %)           on MPI rank :      159
     Waiting  global time :    0.000000 ( 0.0 %)           on MPI rank :      159
     Total           time :   59.520125 (SYPD:     3.894 ) on MPI rank :      159
     Computing       time :    0.000000                    on MPI rank :      160
     Waiting lbc_lnk time :    0.000000 ( 0.0 %)           on MPI rank :      160
     Waiting  global time :    0.000000 ( 0.0 %)           on MPI rank :      160
     Total           time :   59.520267 (SYPD:     3.894 ) on MPI rank :      160
     Computing       time :    0.000000                    on MPI rank :      161
     Waiting lbc_lnk time :    0.000000 ( 0.0 %)           on MPI rank :      161
     Waiting  global time :    0.000000 ( 0.0 %)           on MPI rank :      161
     Total           time :   59.520190 (SYPD:     3.894 ) on MPI rank :      161
     Computing       time :    0.000000                    on MPI rank :      162
     Waiting lbc_lnk time :    0.000000 ( 0.0 %)           on MPI rank :      162
     Waiting  global time :    0.000000 ( 0.0 %)           on MPI rank :      162
     Total           time :   59.520415 (SYPD:     3.894 ) on MPI rank :      162
     Computing       time :    0.000000                    on MPI rank :      163
     Waiting lbc_lnk time :    0.000000 ( 0.0 %)           on MPI rank :      163
     Waiting  global time :    0.000000 ( 0.0 %)           on MPI rank :      163
     Total           time :   59.520820 (SYPD:     3.894 ) on MPI rank :      163
     Computing       time :    0.000000                    on MPI rank :      164
     Waiting lbc_lnk time :    0.000000 ( 0.0 %)           on MPI rank :      164
     Waiting  global time :    0.000000 ( 0.0 %)           on MPI rank :      164
     Total           time :   59.520645 (SYPD:     3.894 ) on MPI rank :      164
     Computing       time :    0.000000                    on MPI rank :      165
     Waiting lbc_lnk time :    0.000000 ( 0.0 %)           on MPI rank :      165
     Waiting  global time :    0.000000 ( 0.0 %)           on MPI rank :      165
     Total           time :   59.520653 (SYPD:     3.894 ) on MPI rank :      165
     Computing       time :    0.000000                    on MPI rank :      166
     Waiting lbc_lnk time :    0.000000 ( 0.0 %)           on MPI rank :      166
     Waiting  global time :    0.000000 ( 0.0 %)           on MPI rank :      166
     Total           time :   59.520706 (SYPD:     3.894 ) on MPI rank :      166
     Computing       time :    0.000000                    on MPI rank :      167
     Waiting lbc_lnk time :    0.000000 ( 0.0 %)           on MPI rank :      167
     Waiting  global time :    0.000000 ( 0.0 %)           on MPI rank :      167
     Total           time :   59.520467 (SYPD:     3.894 ) on MPI rank :      167
     Computing       time :    0.000000                    on MPI rank :      168
     Waiting lbc_lnk time :    0.000000 ( 0.0 %)           on MPI rank :      168
     Waiting  global time :    0.000000 ( 0.0 %)           on MPI rank :      168
     Total           time :   59.520047 (SYPD:     3.894 ) on MPI rank :      168
     Computing       time :    0.000000                    on MPI rank :      169
     Waiting lbc_lnk time :    0.000000 ( 0.0 %)           on MPI rank :      169
     Waiting  global time :    0.000000 ( 0.0 %)           on MPI rank :      169
     Total           time :   59.519871 (SYPD:     3.894 ) on MPI rank :      169
     Computing       time :    0.000000                    on MPI rank :      170
     Waiting lbc_lnk time :    0.000000 ( 0.0 %)           on MPI rank :      170
     Waiting  global time :    0.000000 ( 0.0 %)           on MPI rank :      170
     Total           time :   59.519921 (SYPD:     3.894 ) on MPI rank :      170
     Computing       time :    0.000000                    on MPI rank :      171
     Waiting lbc_lnk time :    0.000000 ( 0.0 %)           on MPI rank :      171
     Waiting  global time :    0.000000 ( 0.0 %)           on MPI rank :      171
     Total           time :   59.520667 (SYPD:     3.894 ) on MPI rank :      171
     Computing       time :    0.000000                    on MPI rank :      172
     Waiting lbc_lnk time :    0.000000 ( 0.0 %)           on MPI rank :      172
     Waiting  global time :    0.000000 ( 0.0 %)           on MPI rank :      172
     Total           time :   59.520958 (SYPD:     3.894 ) on MPI rank :      172
     Computing       time :    0.000000                    on MPI rank :      173
     Waiting lbc_lnk time :    0.000000 ( 0.0 %)           on MPI rank :      173
     Waiting  global time :    0.000000 ( 0.0 %)           on MPI rank :      173
     Total           time :   59.520211 (SYPD:     3.894 ) on MPI rank :      173
     Computing       time :    0.000000                    on MPI rank :      174
     Waiting lbc_lnk time :    0.000000 ( 0.0 %)           on MPI rank :      174
     Waiting  global time :    0.000000 ( 0.0 %)           on MPI rank :      174
     Total           time :   59.520590 (SYPD:     3.894 ) on MPI rank :      174
     Computing       time :    0.000000                    on MPI rank :      175
     Waiting lbc_lnk time :    0.000000 ( 0.0 %)           on MPI rank :      175
     Waiting  global time :    0.000000 ( 0.0 %)           on MPI rank :      175
     Total           time :   59.520710 (SYPD:     3.894 ) on MPI rank :      175
     Computing       time :    0.000000                    on MPI rank :      176
     Waiting lbc_lnk time :    0.000000 ( 0.0 %)           on MPI rank :      176
     Waiting  global time :    0.000000 ( 0.0 %)           on MPI rank :      176
     Total           time :   59.519609 (SYPD:     3.894 ) on MPI rank :      176
     Computing       time :    0.000000                    on MPI rank :      177
     Waiting lbc_lnk time :    0.000000 ( 0.0 %)           on MPI rank :      177
     Waiting  global time :    0.000000 ( 0.0 %)           on MPI rank :      177
     Total           time :   59.519610 (SYPD:     3.894 ) on MPI rank :      177
     Computing       time :    0.000000                    on MPI rank :      178
     Waiting lbc_lnk time :    0.000000 ( 0.0 %)           on MPI rank :      178
     Waiting  global time :    0.000000 ( 0.0 %)           on MPI rank :      178
     Total           time :   59.519198 (SYPD:     3.894 ) on MPI rank :      178
     Computing       time :    0.000000                    on MPI rank :      179
     Waiting lbc_lnk time :    0.000000 ( 0.0 %)           on MPI rank :      179
     Waiting  global time :    0.000000 ( 0.0 %)           on MPI rank :      179
     Total           time :   59.520937 (SYPD:     3.894 ) on MPI rank :      179
     Computing       time :    0.000000                    on MPI rank :      180
     Waiting lbc_lnk time :    0.000000 ( 0.0 %)           on MPI rank :      180
     Waiting  global time :    0.000000 ( 0.0 %)           on MPI rank :      180
     Total           time :   59.519555 (SYPD:     3.894 ) on MPI rank :      180
     Computing       time :    0.000000                    on MPI rank :      181
     Waiting lbc_lnk time :    0.000000 ( 0.0 %)           on MPI rank :      181
     Waiting  global time :    0.000000 ( 0.0 %)           on MPI rank :      181
     Total           time :   59.519733 (SYPD:     3.894 ) on MPI rank :      181
     Computing       time :    0.000000                    on MPI rank :      182
     Waiting lbc_lnk time :    0.000000 ( 0.0 %)           on MPI rank :      182
     Waiting  global time :    0.000000 ( 0.0 %)           on MPI rank :      182
     Total           time :   59.519180 (SYPD:     3.894 ) on MPI rank :      182
     Computing       time :    0.000000                    on MPI rank :      183
     Waiting lbc_lnk time :    0.000000 ( 0.0 %)           on MPI rank :      183
     Waiting  global time :    0.000000 ( 0.0 %)           on MPI rank :      183
     Total           time :   59.519396 (SYPD:     3.894 ) on MPI rank :      183
     Computing       time :    0.000000                    on MPI rank :      184
     Waiting lbc_lnk time :    0.000000 ( 0.0 %)           on MPI rank :      184
     Waiting  global time :    0.000000 ( 0.0 %)           on MPI rank :      184
     Total           time :   59.520147 (SYPD:     3.894 ) on MPI rank :      184
     Computing       time :    0.000000                    on MPI rank :      185
     Waiting lbc_lnk time :    0.000000 ( 0.0 %)           on MPI rank :      185
     Waiting  global time :    0.000000 ( 0.0 %)           on MPI rank :      185
     Total           time :   59.520618 (SYPD:     3.894 ) on MPI rank :      185
     Computing       time :    0.000000                    on MPI rank :      186
     Waiting lbc_lnk time :    0.000000 ( 0.0 %)           on MPI rank :      186
     Waiting  global time :    0.000000 ( 0.0 %)           on MPI rank :      186
     Total           time :   59.519969 (SYPD:     3.894 ) on MPI rank :      186
     Computing       time :    0.000000                    on MPI rank :      187
     Waiting lbc_lnk time :    0.000000 ( 0.0 %)           on MPI rank :      187
     Waiting  global time :    0.000000 ( 0.0 %)           on MPI rank :      187
     Total           time :   59.520159 (SYPD:     3.894 ) on MPI rank :      187
     Computing       time :    0.000000                    on MPI rank :      188
     Waiting lbc_lnk time :    0.000000 ( 0.0 %)           on MPI rank :      188
     Waiting  global time :    0.000000 ( 0.0 %)           on MPI rank :      188
     Total           time :   59.520737 (SYPD:     3.894 ) on MPI rank :      188
     Computing       time :    0.000000                    on MPI rank :      189
     Waiting lbc_lnk time :    0.000000 ( 0.0 %)           on MPI rank :      189
     Waiting  global time :    0.000000 ( 0.0 %)           on MPI rank :      189
     Total           time :   59.519987 (SYPD:     3.894 ) on MPI rank :      189
     Computing       time :    0.000000                    on MPI rank :      190
     Waiting lbc_lnk time :    0.000000 ( 0.0 %)           on MPI rank :      190
     Waiting  global time :    0.000000 ( 0.0 %)           on MPI rank :      190
     Total           time :   59.520047 (SYPD:     3.894 ) on MPI rank :      190
     Computing       time :    0.000000                    on MPI rank :      191
     Waiting lbc_lnk time :    0.000000 ( 0.0 %)           on MPI rank :      191
     Waiting  global time :    0.000000 ( 0.0 %)           on MPI rank :      191
     Total           time :   59.519907 (SYPD:     3.894 ) on MPI rank :      191
     Computing       time :    0.000000                    on MPI rank :      192
     Waiting lbc_lnk time :    0.000000 ( 0.0 %)           on MPI rank :      192
     Waiting  global time :    0.000000 ( 0.0 %)           on MPI rank :      192
     Total           time :   59.520090 (SYPD:     3.894 ) on MPI rank :      192
     Computing       time :    0.000000                    on MPI rank :      193
     Waiting lbc_lnk time :    0.000000 ( 0.0 %)           on MPI rank :      193
     Waiting  global time :    0.000000 ( 0.0 %)           on MPI rank :      193
     Total           time :   59.519847 (SYPD:     3.894 ) on MPI rank :      193
     Computing       time :    0.000000                    on MPI rank :      194
     Waiting lbc_lnk time :    0.000000 ( 0.0 %)           on MPI rank :      194
     Waiting  global time :    0.000000 ( 0.0 %)           on MPI rank :      194
     Total           time :   59.519586 (SYPD:     3.894 ) on MPI rank :      194
     Computing       time :    0.000000                    on MPI rank :      195
     Waiting lbc_lnk time :    0.000000 ( 0.0 %)           on MPI rank :      195
     Waiting  global time :    0.000000 ( 0.0 %)           on MPI rank :      195
     Total           time :   59.519538 (SYPD:     3.894 ) on MPI rank :      195
     Computing       time :    0.000000                    on MPI rank :      196
     Waiting lbc_lnk time :    0.000000 ( 0.0 %)           on MPI rank :      196
     Waiting  global time :    0.000000 ( 0.0 %)           on MPI rank :      196
     Total           time :   59.520458 (SYPD:     3.894 ) on MPI rank :      196
     Computing       time :    0.000000                    on MPI rank :      197
     Waiting lbc_lnk time :    0.000000 ( 0.0 %)           on MPI rank :      197
     Waiting  global time :    0.000000 ( 0.0 %)           on MPI rank :      197
     Total           time :   59.519958 (SYPD:     3.894 ) on MPI rank :      197
     Computing       time :    0.000000                    on MPI rank :      198
     Waiting lbc_lnk time :    0.000000 ( 0.0 %)           on MPI rank :      198
     Waiting  global time :    0.000000 ( 0.0 %)           on MPI rank :      198
     Total           time :   59.520162 (SYPD:     3.894 ) on MPI rank :      198
     Computing       time :    0.000000                    on MPI rank :      199
     Waiting lbc_lnk time :    0.000000 ( 0.0 %)           on MPI rank :      199
     Waiting  global time :    0.000000 ( 0.0 %)           on MPI rank :      199
     Total           time :   59.520121 (SYPD:     3.894 ) on MPI rank :      199
     Computing       time :    0.000000                    on MPI rank :      200
     Waiting lbc_lnk time :    0.000000 ( 0.0 %)           on MPI rank :      200
     Waiting  global time :    0.000000 ( 0.0 %)           on MPI rank :      200
     Total           time :   59.520169 (SYPD:     3.894 ) on MPI rank :      200
     Computing       time :    0.000000                    on MPI rank :      201
     Waiting lbc_lnk time :    0.000000 ( 0.0 %)           on MPI rank :      201
     Waiting  global time :    0.000000 ( 0.0 %)           on MPI rank :      201
     Total           time :   59.520358 (SYPD:     3.894 ) on MPI rank :      201
     Computing       time :    0.000000                    on MPI rank :      202
     Waiting lbc_lnk time :    0.000000 ( 0.0 %)           on MPI rank :      202
     Waiting  global time :    0.000000 ( 0.0 %)           on MPI rank :      202
     Total           time :   59.520543 (SYPD:     3.894 ) on MPI rank :      202
     Computing       time :    0.000000                    on MPI rank :      203
     Waiting lbc_lnk time :    0.000000 ( 0.0 %)           on MPI rank :      203
     Waiting  global time :    0.000000 ( 0.0 %)           on MPI rank :      203
     Total           time :   59.520180 (SYPD:     3.894 ) on MPI rank :      203
     Computing       time :    0.000000                    on MPI rank :      204
     Waiting lbc_lnk time :    0.000000 ( 0.0 %)           on MPI rank :      204
     Waiting  global time :    0.000000 ( 0.0 %)           on MPI rank :      204
     Total           time :   59.519897 (SYPD:     3.894 ) on MPI rank :      204
     Computing       time :    0.000000                    on MPI rank :      205
     Waiting lbc_lnk time :    0.000000 ( 0.0 %)           on MPI rank :      205
     Waiting  global time :    0.000000 ( 0.0 %)           on MPI rank :      205
     Total           time :   59.520992 (SYPD:     3.894 ) on MPI rank :      205
     Computing       time :    0.000000                    on MPI rank :      206
     Waiting lbc_lnk time :    0.000000 ( 0.0 %)           on MPI rank :      206
     Waiting  global time :    0.000000 ( 0.0 %)           on MPI rank :      206
     Total           time :   59.519636 (SYPD:     3.894 ) on MPI rank :      206
     Computing       time :    0.000000                    on MPI rank :      207
     Waiting lbc_lnk time :    0.000000 ( 0.0 %)           on MPI rank :      207
     Waiting  global time :    0.000000 ( 0.0 %)           on MPI rank :      207
     Total           time :   59.519650 (SYPD:     3.894 ) on MPI rank :      207
     Computing       time :    0.000000                    on MPI rank :      208
     Waiting lbc_lnk time :    0.000000 ( 0.0 %)           on MPI rank :      208
     Waiting  global time :    0.000000 ( 0.0 %)           on MPI rank :      208
     Total           time :   59.519837 (SYPD:     3.894 ) on MPI rank :      208
     Computing       time :    0.000000                    on MPI rank :      209
     Waiting lbc_lnk time :    0.000000 ( 0.0 %)           on MPI rank :      209
     Waiting  global time :    0.000000 ( 0.0 %)           on MPI rank :      209
     Total           time :   59.520624 (SYPD:     3.894 ) on MPI rank :      209
     Computing       time :    0.000000                    on MPI rank :      210
     Waiting lbc_lnk time :    0.000000 ( 0.0 %)           on MPI rank :      210
     Waiting  global time :    0.000000 ( 0.0 %)           on MPI rank :      210
     Total           time :   59.518882 (SYPD:     3.894 ) on MPI rank :      210
     Computing       time :    0.000000                    on MPI rank :      211
     Waiting lbc_lnk time :    0.000000 ( 0.0 %)           on MPI rank :      211
     Waiting  global time :    0.000000 ( 0.0 %)           on MPI rank :      211
     Total           time :   59.520015 (SYPD:     3.894 ) on MPI rank :      211
     Computing       time :    0.000000                    on MPI rank :      212
     Waiting lbc_lnk time :    0.000000 ( 0.0 %)           on MPI rank :      212
     Waiting  global time :    0.000000 ( 0.0 %)           on MPI rank :      212
     Total           time :   59.519197 (SYPD:     3.894 ) on MPI rank :      212
     Computing       time :    0.000000                    on MPI rank :      213
     Waiting lbc_lnk time :    0.000000 ( 0.0 %)           on MPI rank :      213
     Waiting  global time :    0.000000 ( 0.0 %)           on MPI rank :      213
     Total           time :   59.519717 (SYPD:     3.894 ) on MPI rank :      213
     Computing       time :    0.000000                    on MPI rank :      214
     Waiting lbc_lnk time :    0.000000 ( 0.0 %)           on MPI rank :      214
     Waiting  global time :    0.000000 ( 0.0 %)           on MPI rank :      214
     Total           time :   59.520412 (SYPD:     3.894 ) on MPI rank :      214
     Computing       time :    0.000000                    on MPI rank :      215
     Waiting lbc_lnk time :    0.000000 ( 0.0 %)           on MPI rank :      215
     Waiting  global time :    0.000000 ( 0.0 %)           on MPI rank :      215
     Total           time :   59.520117 (SYPD:     3.894 ) on MPI rank :      215
     Computing       time :    0.000000                    on MPI rank :      216
     Waiting lbc_lnk time :    0.000000 ( 0.0 %)           on MPI rank :      216
     Waiting  global time :    0.000000 ( 0.0 %)           on MPI rank :      216
     Total           time :   59.520242 (SYPD:     3.894 ) on MPI rank :      216
     Computing       time :    0.000000                    on MPI rank :      217
     Waiting lbc_lnk time :    0.000000 ( 0.0 %)           on MPI rank :      217
     Waiting  global time :    0.000000 ( 0.0 %)           on MPI rank :      217
     Total           time :   59.519986 (SYPD:     3.894 ) on MPI rank :      217
     Computing       time :    0.000000                    on MPI rank :      218
     Waiting lbc_lnk time :    0.000000 ( 0.0 %)           on MPI rank :      218
     Waiting  global time :    0.000000 ( 0.0 %)           on MPI rank :      218
     Total           time :   59.520157 (SYPD:     3.894 ) on MPI rank :      218
     Computing       time :    0.000000                    on MPI rank :      219
     Waiting lbc_lnk time :    0.000000 ( 0.0 %)           on MPI rank :      219
     Waiting  global time :    0.000000 ( 0.0 %)           on MPI rank :      219
     Total           time :   59.519683 (SYPD:     3.894 ) on MPI rank :      219
     Computing       time :    0.000000                    on MPI rank :      220
     Waiting lbc_lnk time :    0.000000 ( 0.0 %)           on MPI rank :      220
     Waiting  global time :    0.000000 ( 0.0 %)           on MPI rank :      220
     Total           time :   59.519818 (SYPD:     3.894 ) on MPI rank :      220
     Computing       time :    0.000000                    on MPI rank :      221
     Waiting lbc_lnk time :    0.000000 ( 0.0 %)           on MPI rank :      221
     Waiting  global time :    0.000000 ( 0.0 %)           on MPI rank :      221
     Total           time :   59.520340 (SYPD:     3.894 ) on MPI rank :      221
     Computing       time :    0.000000                    on MPI rank :      222
     Waiting lbc_lnk time :    0.000000 ( 0.0 %)           on MPI rank :      222
     Waiting  global time :    0.000000 ( 0.0 %)           on MPI rank :      222
     Total           time :   59.519704 (SYPD:     3.894 ) on MPI rank :      222
     Computing       time :    0.000000                    on MPI rank :      223
     Waiting lbc_lnk time :    0.000000 ( 0.0 %)           on MPI rank :      223
     Waiting  global time :    0.000000 ( 0.0 %)           on MPI rank :      223
     Total           time :   59.520236 (SYPD:     3.894 ) on MPI rank :      223
     Computing       time :    0.000000                    on MPI rank :      224
     Waiting lbc_lnk time :    0.000000 ( 0.0 %)           on MPI rank :      224
     Waiting  global time :    0.000000 ( 0.0 %)           on MPI rank :      224
     Total           time :   59.519978 (SYPD:     3.894 ) on MPI rank :      224
     Computing       time :    0.000000                    on MPI rank :      225
     Waiting lbc_lnk time :    0.000000 ( 0.0 %)           on MPI rank :      225
     Waiting  global time :    0.000000 ( 0.0 %)           on MPI rank :      225
     Total           time :   59.520395 (SYPD:     3.894 ) on MPI rank :      225
     Computing       time :    0.000000                    on MPI rank :      226
     Waiting lbc_lnk time :    0.000000 ( 0.0 %)           on MPI rank :      226
     Waiting  global time :    0.000000 ( 0.0 %)           on MPI rank :      226
     Total           time :   59.520547 (SYPD:     3.894 ) on MPI rank :      226
     Computing       time :    0.000000                    on MPI rank :      227
     Waiting lbc_lnk time :    0.000000 ( 0.0 %)           on MPI rank :      227
     Waiting  global time :    0.000000 ( 0.0 %)           on MPI rank :      227
     Total           time :   59.520662 (SYPD:     3.894 ) on MPI rank :      227
     Computing       time :    0.000000                    on MPI rank :      228
     Waiting lbc_lnk time :    0.000000 ( 0.0 %)           on MPI rank :      228
     Waiting  global time :    0.000000 ( 0.0 %)           on MPI rank :      228
     Total           time :   59.520772 (SYPD:     3.894 ) on MPI rank :      228
     Computing       time :    0.000000                    on MPI rank :      229
     Waiting lbc_lnk time :    0.000000 ( 0.0 %)           on MPI rank :      229
     Waiting  global time :    0.000000 ( 0.0 %)           on MPI rank :      229
     Total           time :   59.520621 (SYPD:     3.894 ) on MPI rank :      229
     Computing       time :    0.000000                    on MPI rank :      230
     Waiting lbc_lnk time :    0.000000 ( 0.0 %)           on MPI rank :      230
     Waiting  global time :    0.000000 ( 0.0 %)           on MPI rank :      230
     Total           time :   59.520185 (SYPD:     3.894 ) on MPI rank :      230
     Computing       time :    0.000000                    on MPI rank :      231
     Waiting lbc_lnk time :    0.000000 ( 0.0 %)           on MPI rank :      231
     Waiting  global time :    0.000000 ( 0.0 %)           on MPI rank :      231
     Total           time :   59.520634 (SYPD:     3.894 ) on MPI rank :      231
     Computing       time :    0.000000                    on MPI rank :      232
     Waiting lbc_lnk time :    0.000000 ( 0.0 %)           on MPI rank :      232
     Waiting  global time :    0.000000 ( 0.0 %)           on MPI rank :      232
     Total           time :   59.520925 (SYPD:     3.894 ) on MPI rank :      232
     Computing       time :    0.000000                    on MPI rank :      233
     Waiting lbc_lnk time :    0.000000 ( 0.0 %)           on MPI rank :      233
     Waiting  global time :    0.000000 ( 0.0 %)           on MPI rank :      233
     Total           time :   59.520279 (SYPD:     3.894 ) on MPI rank :      233
     Computing       time :    0.000000                    on MPI rank :      234
     Waiting lbc_lnk time :    0.000000 ( 0.0 %)           on MPI rank :      234
     Waiting  global time :    0.000000 ( 0.0 %)           on MPI rank :      234
     Total           time :   59.520193 (SYPD:     3.894 ) on MPI rank :      234
     Computing       time :    0.000000                    on MPI rank :      235
     Waiting lbc_lnk time :    0.000000 ( 0.0 %)           on MPI rank :      235
     Waiting  global time :    0.000000 ( 0.0 %)           on MPI rank :      235
     Total           time :   59.520690 (SYPD:     3.894 ) on MPI rank :      235
     Computing       time :    0.000000                    on MPI rank :      236
     Waiting lbc_lnk time :    0.000000 ( 0.0 %)           on MPI rank :      236
     Waiting  global time :    0.000000 ( 0.0 %)           on MPI rank :      236
     Total           time :   59.520637 (SYPD:     3.894 ) on MPI rank :      236
     Computing       time :    0.000000                    on MPI rank :      237
     Waiting lbc_lnk time :    0.000000 ( 0.0 %)           on MPI rank :      237
     Waiting  global time :    0.000000 ( 0.0 %)           on MPI rank :      237
     Total           time :   59.520211 (SYPD:     3.894 ) on MPI rank :      237
     Computing       time :    0.000000                    on MPI rank :      238
     Waiting lbc_lnk time :    0.000000 ( 0.0 %)           on MPI rank :      238
     Waiting  global time :    0.000000 ( 0.0 %)           on MPI rank :      238
     Total           time :   59.519998 (SYPD:     3.894 ) on MPI rank :      238
     Computing       time :    0.000000                    on MPI rank :      239
     Waiting lbc_lnk time :    0.000000 ( 0.0 %)           on MPI rank :      239
     Waiting  global time :    0.000000 ( 0.0 %)           on MPI rank :      239
     Total           time :   59.520389 (SYPD:     3.894 ) on MPI rank :      239
     Computing       time :    0.000000                    on MPI rank :      240
     Waiting lbc_lnk time :    0.000000 ( 0.0 %)           on MPI rank :      240
     Waiting  global time :    0.000000 ( 0.0 %)           on MPI rank :      240
     Total           time :   59.520626 (SYPD:     3.894 ) on MPI rank :      240
     Computing       time :    0.000000                    on MPI rank :      241
     Waiting lbc_lnk time :    0.000000 ( 0.0 %)           on MPI rank :      241
     Waiting  global time :    0.000000 ( 0.0 %)           on MPI rank :      241
     Total           time :   59.520308 (SYPD:     3.894 ) on MPI rank :      241
     Computing       time :    0.000000                    on MPI rank :      242
     Waiting lbc_lnk time :    0.000000 ( 0.0 %)           on MPI rank :      242
     Waiting  global time :    0.000000 ( 0.0 %)           on MPI rank :      242
     Total           time :   59.520217 (SYPD:     3.894 ) on MPI rank :      242
     Computing       time :    0.000000                    on MPI rank :      243
     Waiting lbc_lnk time :    0.000000 ( 0.0 %)           on MPI rank :      243
     Waiting  global time :    0.000000 ( 0.0 %)           on MPI rank :      243
     Total           time :   59.520164 (SYPD:     3.894 ) on MPI rank :      243
     Computing       time :    0.000000                    on MPI rank :      244
     Waiting lbc_lnk time :    0.000000 ( 0.0 %)           on MPI rank :      244
     Waiting  global time :    0.000000 ( 0.0 %)           on MPI rank :      244
     Total           time :   59.520742 (SYPD:     3.894 ) on MPI rank :      244
     Computing       time :    0.000000                    on MPI rank :      245
     Waiting lbc_lnk time :    0.000000 ( 0.0 %)           on MPI rank :      245
     Waiting  global time :    0.000000 ( 0.0 %)           on MPI rank :      245
     Total           time :   59.520263 (SYPD:     3.894 ) on MPI rank :      245
     Computing       time :    0.000000                    on MPI rank :      246
     Waiting lbc_lnk time :    0.000000 ( 0.0 %)           on MPI rank :      246
     Waiting  global time :    0.000000 ( 0.0 %)           on MPI rank :      246
     Total           time :   59.520496 (SYPD:     3.894 ) on MPI rank :      246
     Computing       time :    0.000000                    on MPI rank :      247
     Waiting lbc_lnk time :    0.000000 ( 0.0 %)           on MPI rank :      247
     Waiting  global time :    0.000000 ( 0.0 %)           on MPI rank :      247
     Total           time :   59.520533 (SYPD:     3.894 ) on MPI rank :      247
     Computing       time :    0.000000                    on MPI rank :      248
     Waiting lbc_lnk time :    0.000000 ( 0.0 %)           on MPI rank :      248
     Waiting  global time :    0.000000 ( 0.0 %)           on MPI rank :      248
     Total           time :   59.520361 (SYPD:     3.894 ) on MPI rank :      248
     Computing       time :    0.000000                    on MPI rank :      249
     Waiting lbc_lnk time :    0.000000 ( 0.0 %)           on MPI rank :      249
     Waiting  global time :    0.000000 ( 0.0 %)           on MPI rank :      249
     Total           time :   59.520073 (SYPD:     3.894 ) on MPI rank :      249
     Computing       time :    0.000000                    on MPI rank :      250
     Waiting lbc_lnk time :    0.000000 ( 0.0 %)           on MPI rank :      250
     Waiting  global time :    0.000000 ( 0.0 %)           on MPI rank :      250
     Total           time :   59.520127 (SYPD:     3.894 ) on MPI rank :      250
     Computing       time :    0.000000                    on MPI rank :      251
     Waiting lbc_lnk time :    0.000000 ( 0.0 %)           on MPI rank :      251
     Waiting  global time :    0.000000 ( 0.0 %)           on MPI rank :      251
     Total           time :   59.521034 (SYPD:     3.894 ) on MPI rank :      251
     Computing       time :    0.000000                    on MPI rank :      252
     Waiting lbc_lnk time :    0.000000 ( 0.0 %)           on MPI rank :      252
     Waiting  global time :    0.000000 ( 0.0 %)           on MPI rank :      252
     Total           time :   59.520623 (SYPD:     3.894 ) on MPI rank :      252
     Computing       time :    0.000000                    on MPI rank :      253
     Waiting lbc_lnk time :    0.000000 ( 0.0 %)           on MPI rank :      253
     Waiting  global time :    0.000000 ( 0.0 %)           on MPI rank :      253
     Total           time :   59.520133 (SYPD:     3.894 ) on MPI rank :      253
     Computing       time :    0.000000                    on MPI rank :      254
     Waiting lbc_lnk time :    0.000000 ( 0.0 %)           on MPI rank :      254
     Waiting  global time :    0.000000 ( 0.0 %)           on MPI rank :      254
     Total           time :   59.520273 (SYPD:     3.894 ) on MPI rank :      254
     Computing       time :    0.000000                    on MPI rank :      255
     Waiting lbc_lnk time :    0.000000 ( 0.0 %)           on MPI rank :      255
     Waiting  global time :    0.000000 ( 0.0 %)           on MPI rank :      255
     Total           time :   59.519802 (SYPD:     3.894 ) on MPI rank :      255
     Computing       time :    0.000000                    on MPI rank :      256
     Waiting lbc_lnk time :    0.000000 ( 0.0 %)           on MPI rank :      256
     Waiting  global time :    0.000000 ( 0.0 %)           on MPI rank :      256
     Total           time :   59.520514 (SYPD:     3.894 ) on MPI rank :      256
     Computing       time :    0.000000                    on MPI rank :      257
     Waiting lbc_lnk time :    0.000000 ( 0.0 %)           on MPI rank :      257
     Waiting  global time :    0.000000 ( 0.0 %)           on MPI rank :      257
     Total           time :   59.519883 (SYPD:     3.894 ) on MPI rank :      257
     Computing       time :    0.000000                    on MPI rank :      258
     Waiting lbc_lnk time :    0.000000 ( 0.0 %)           on MPI rank :      258
     Waiting  global time :    0.000000 ( 0.0 %)           on MPI rank :      258
     Total           time :   59.520166 (SYPD:     3.894 ) on MPI rank :      258
     Computing       time :    0.000000                    on MPI rank :      259
     Waiting lbc_lnk time :    0.000000 ( 0.0 %)           on MPI rank :      259
     Waiting  global time :    0.000000 ( 0.0 %)           on MPI rank :      259
     Total           time :   59.520576 (SYPD:     3.894 ) on MPI rank :      259
     Computing       time :    0.000000                    on MPI rank :      260
     Waiting lbc_lnk time :    0.000000 ( 0.0 %)           on MPI rank :      260
     Waiting  global time :    0.000000 ( 0.0 %)           on MPI rank :      260
     Total           time :   59.519568 (SYPD:     3.894 ) on MPI rank :      260
     Computing       time :    0.000000                    on MPI rank :      261
     Waiting lbc_lnk time :    0.000000 ( 0.0 %)           on MPI rank :      261
     Waiting  global time :    0.000000 ( 0.0 %)           on MPI rank :      261
     Total           time :   59.520007 (SYPD:     3.894 ) on MPI rank :      261
     Computing       time :    0.000000                    on MPI rank :      262
     Waiting lbc_lnk time :    0.000000 ( 0.0 %)           on MPI rank :      262
     Waiting  global time :    0.000000 ( 0.0 %)           on MPI rank :      262
     Total           time :   59.519413 (SYPD:     3.894 ) on MPI rank :      262
     Computing       time :    0.000000                    on MPI rank :      263
     Waiting lbc_lnk time :    0.000000 ( 0.0 %)           on MPI rank :      263
     Waiting  global time :    0.000000 ( 0.0 %)           on MPI rank :      263
     Total           time :   59.520564 (SYPD:     3.894 ) on MPI rank :      263
     Computing       time :    0.000000                    on MPI rank :      264
     Waiting lbc_lnk time :    0.000000 ( 0.0 %)           on MPI rank :      264
     Waiting  global time :    0.000000 ( 0.0 %)           on MPI rank :      264
     Total           time :   59.519258 (SYPD:     3.894 ) on MPI rank :      264
     Computing       time :    0.000000                    on MPI rank :      265
     Waiting lbc_lnk time :    0.000000 ( 0.0 %)           on MPI rank :      265
     Waiting  global time :    0.000000 ( 0.0 %)           on MPI rank :      265
     Total           time :   59.519591 (SYPD:     3.894 ) on MPI rank :      265
     Computing       time :    0.000000                    on MPI rank :      266
     Waiting lbc_lnk time :    0.000000 ( 0.0 %)           on MPI rank :      266
     Waiting  global time :    0.000000 ( 0.0 %)           on MPI rank :      266
     Total           time :   59.519911 (SYPD:     3.894 ) on MPI rank :      266
     Computing       time :    0.000000                    on MPI rank :      267
     Waiting lbc_lnk time :    0.000000 ( 0.0 %)           on MPI rank :      267
     Waiting  global time :    0.000000 ( 0.0 %)           on MPI rank :      267
     Total           time :   59.520335 (SYPD:     3.894 ) on MPI rank :      267
     Computing       time :    0.000000                    on MPI rank :      268
     Waiting lbc_lnk time :    0.000000 ( 0.0 %)           on MPI rank :      268
     Waiting  global time :    0.000000 ( 0.0 %)           on MPI rank :      268
     Total           time :   59.521005 (SYPD:     3.894 ) on MPI rank :      268
     Computing       time :    0.000000                    on MPI rank :      269
     Waiting lbc_lnk time :    0.000000 ( 0.0 %)           on MPI rank :      269
     Waiting  global time :    0.000000 ( 0.0 %)           on MPI rank :      269
     Total           time :   59.520119 (SYPD:     3.894 ) on MPI rank :      269
     Computing       time :    0.000000                    on MPI rank :      270
     Waiting lbc_lnk time :    0.000000 ( 0.0 %)           on MPI rank :      270
     Waiting  global time :    0.000000 ( 0.0 %)           on MPI rank :      270
     Total           time :   59.520678 (SYPD:     3.894 ) on MPI rank :      270
     Computing       time :    0.000000                    on MPI rank :      271
     Waiting lbc_lnk time :    0.000000 ( 0.0 %)           on MPI rank :      271
     Waiting  global time :    0.000000 ( 0.0 %)           on MPI rank :      271
     Total           time :   59.520510 (SYPD:     3.894 ) on MPI rank :      271
     Computing       time :    0.000000                    on MPI rank :      272
     Waiting lbc_lnk time :    0.000000 ( 0.0 %)           on MPI rank :      272
     Waiting  global time :    0.000000 ( 0.0 %)           on MPI rank :      272
     Total           time :   59.520576 (SYPD:     3.894 ) on MPI rank :      272
     Computing       time :    0.000000                    on MPI rank :      273
     Waiting lbc_lnk time :    0.000000 ( 0.0 %)           on MPI rank :      273
     Waiting  global time :    0.000000 ( 0.0 %)           on MPI rank :      273
     Total           time :   59.520516 (SYPD:     3.894 ) on MPI rank :      273
     Computing       time :    0.000000                    on MPI rank :      274
     Waiting lbc_lnk time :    0.000000 ( 0.0 %)           on MPI rank :      274
     Waiting  global time :    0.000000 ( 0.0 %)           on MPI rank :      274
     Total           time :   59.519822 (SYPD:     3.894 ) on MPI rank :      274
     Computing       time :    0.000000                    on MPI rank :      275
     Waiting lbc_lnk time :    0.000000 ( 0.0 %)           on MPI rank :      275
     Waiting  global time :    0.000000 ( 0.0 %)           on MPI rank :      275
     Total           time :   59.519927 (SYPD:     3.894 ) on MPI rank :      275
     Computing       time :    0.000000                    on MPI rank :      276
     Waiting lbc_lnk time :    0.000000 ( 0.0 %)           on MPI rank :      276
     Waiting  global time :    0.000000 ( 0.0 %)           on MPI rank :      276
     Total           time :   59.520652 (SYPD:     3.894 ) on MPI rank :      276
     Computing       time :    0.000000                    on MPI rank :      277
     Waiting lbc_lnk time :    0.000000 ( 0.0 %)           on MPI rank :      277
     Waiting  global time :    0.000000 ( 0.0 %)           on MPI rank :      277
     Total           time :   59.520169 (SYPD:     3.894 ) on MPI rank :      277
     Computing       time :    0.000000                    on MPI rank :      278
     Waiting lbc_lnk time :    0.000000 ( 0.0 %)           on MPI rank :      278
     Waiting  global time :    0.000000 ( 0.0 %)           on MPI rank :      278
     Total           time :   59.520129 (SYPD:     3.894 ) on MPI rank :      278
     Computing       time :    0.000000                    on MPI rank :      279
     Waiting lbc_lnk time :    0.000000 ( 0.0 %)           on MPI rank :      279
     Waiting  global time :    0.000000 ( 0.0 %)           on MPI rank :      279
     Total           time :   59.520431 (SYPD:     3.894 ) on MPI rank :      279
     Computing       time :    0.000000                    on MPI rank :      280
     Waiting lbc_lnk time :    0.000000 ( 0.0 %)           on MPI rank :      280
     Waiting  global time :    0.000000 ( 0.0 %)           on MPI rank :      280
     Total           time :   59.520783 (SYPD:     3.894 ) on MPI rank :      280
     Computing       time :    0.000000                    on MPI rank :      281
     Waiting lbc_lnk time :    0.000000 ( 0.0 %)           on MPI rank :      281
     Waiting  global time :    0.000000 ( 0.0 %)           on MPI rank :      281
     Total           time :   59.519959 (SYPD:     3.894 ) on MPI rank :      281
     Computing       time :    0.000000                    on MPI rank :      282
     Waiting lbc_lnk time :    0.000000 ( 0.0 %)           on MPI rank :      282
     Waiting  global time :    0.000000 ( 0.0 %)           on MPI rank :      282
     Total           time :   59.520364 (SYPD:     3.894 ) on MPI rank :      282
     Computing       time :    0.000000                    on MPI rank :      283
     Waiting lbc_lnk time :    0.000000 ( 0.0 %)           on MPI rank :      283
     Waiting  global time :    0.000000 ( 0.0 %)           on MPI rank :      283
     Total           time :   59.520131 (SYPD:     3.894 ) on MPI rank :      283
     Computing       time :    0.000000                    on MPI rank :      284
     Waiting lbc_lnk time :    0.000000 ( 0.0 %)           on MPI rank :      284
     Waiting  global time :    0.000000 ( 0.0 %)           on MPI rank :      284
     Total           time :   59.520550 (SYPD:     3.894 ) on MPI rank :      284
     Computing       time :    0.000000                    on MPI rank :      285
     Waiting lbc_lnk time :    0.000000 ( 0.0 %)           on MPI rank :      285
     Waiting  global time :    0.000000 ( 0.0 %)           on MPI rank :      285
     Total           time :   59.520795 (SYPD:     3.894 ) on MPI rank :      285
     Computing       time :    0.000000                    on MPI rank :      286
     Waiting lbc_lnk time :    0.000000 ( 0.0 %)           on MPI rank :      286
     Waiting  global time :    0.000000 ( 0.0 %)           on MPI rank :      286
     Total           time :   59.520541 (SYPD:     3.894 ) on MPI rank :      286
     Computing       time :    0.000000                    on MPI rank :      287
     Waiting lbc_lnk time :    0.000000 ( 0.0 %)           on MPI rank :      287
     Waiting  global time :    0.000000 ( 0.0 %)           on MPI rank :      287
     Total           time :   59.520923 (SYPD:     3.894 ) on MPI rank :      287
     Computing       time :    0.000000                    on MPI rank :      288
     Waiting lbc_lnk time :    0.000000 ( 0.0 %)           on MPI rank :      288
     Waiting  global time :    0.000000 ( 0.0 %)           on MPI rank :      288
     Total           time :   59.520054 (SYPD:     3.894 ) on MPI rank :      288
     Computing       time :    0.000000                    on MPI rank :      289
     Waiting lbc_lnk time :    0.000000 ( 0.0 %)           on MPI rank :      289
     Waiting  global time :    0.000000 ( 0.0 %)           on MPI rank :      289
     Total           time :   59.520027 (SYPD:     3.894 ) on MPI rank :      289
     Computing       time :    0.000000                    on MPI rank :      290
     Waiting lbc_lnk time :    0.000000 ( 0.0 %)           on MPI rank :      290
     Waiting  global time :    0.000000 ( 0.0 %)           on MPI rank :      290
     Total           time :   59.519861 (SYPD:     3.894 ) on MPI rank :      290
     Computing       time :    0.000000                    on MPI rank :      291
     Waiting lbc_lnk time :    0.000000 ( 0.0 %)           on MPI rank :      291
     Waiting  global time :    0.000000 ( 0.0 %)           on MPI rank :      291
     Total           time :   59.519939 (SYPD:     3.894 ) on MPI rank :      291
     Computing       time :    0.000000                    on MPI rank :      292
     Waiting lbc_lnk time :    0.000000 ( 0.0 %)           on MPI rank :      292
     Waiting  global time :    0.000000 ( 0.0 %)           on MPI rank :      292
     Total           time :   59.520358 (SYPD:     3.894 ) on MPI rank :      292
     Computing       time :    0.000000                    on MPI rank :      293
     Waiting lbc_lnk time :    0.000000 ( 0.0 %)           on MPI rank :      293
     Waiting  global time :    0.000000 ( 0.0 %)           on MPI rank :      293
     Total           time :   59.520620 (SYPD:     3.894 ) on MPI rank :      293
     Computing       time :    0.000000                    on MPI rank :      294
     Waiting lbc_lnk time :    0.000000 ( 0.0 %)           on MPI rank :      294
     Waiting  global time :    0.000000 ( 0.0 %)           on MPI rank :      294
     Total           time :   59.520119 (SYPD:     3.894 ) on MPI rank :      294
     Computing       time :    0.000000                    on MPI rank :      295
     Waiting lbc_lnk time :    0.000000 ( 0.0 %)           on MPI rank :      295
     Waiting  global time :    0.000000 ( 0.0 %)           on MPI rank :      295
     Total           time :   59.520075 (SYPD:     3.894 ) on MPI rank :      295
     Computing       time :    0.000000                    on MPI rank :      296
     Waiting lbc_lnk time :    0.000000 ( 0.0 %)           on MPI rank :      296
     Waiting  global time :    0.000000 ( 0.0 %)           on MPI rank :      296
     Total           time :   59.520589 (SYPD:     3.894 ) on MPI rank :      296
     Computing       time :    0.000000                    on MPI rank :      297
     Waiting lbc_lnk time :    0.000000 ( 0.0 %)           on MPI rank :      297
     Waiting  global time :    0.000000 ( 0.0 %)           on MPI rank :      297
     Total           time :   59.520494 (SYPD:     3.894 ) on MPI rank :      297
     Computing       time :    0.000000                    on MPI rank :      298
     Waiting lbc_lnk time :    0.000000 ( 0.0 %)           on MPI rank :      298
     Waiting  global time :    0.000000 ( 0.0 %)           on MPI rank :      298
     Total           time :   59.520552 (SYPD:     3.894 ) on MPI rank :      298
     Computing       time :    0.000000                    on MPI rank :      299
     Waiting lbc_lnk time :    0.000000 ( 0.0 %)           on MPI rank :      299
     Waiting  global time :    0.000000 ( 0.0 %)           on MPI rank :      299
     Total           time :   59.520418 (SYPD:     3.894 ) on MPI rank :      299
     Computing       time :    0.000000                    on MPI rank :      300
     Waiting lbc_lnk time :    0.000000 ( 0.0 %)           on MPI rank :      300
     Waiting  global time :    0.000000 ( 0.0 %)           on MPI rank :      300
     Total           time :   59.520068 (SYPD:     3.894 ) on MPI rank :      300
     Computing       time :    0.000000                    on MPI rank :      301
     Waiting lbc_lnk time :    0.000000 ( 0.0 %)           on MPI rank :      301
     Waiting  global time :    0.000000 ( 0.0 %)           on MPI rank :      301
     Total           time :   59.520463 (SYPD:     3.894 ) on MPI rank :      301
     Computing       time :    0.000000                    on MPI rank :      302
     Waiting lbc_lnk time :    0.000000 ( 0.0 %)           on MPI rank :      302
     Waiting  global time :    0.000000 ( 0.0 %)           on MPI rank :      302
     Total           time :   59.520197 (SYPD:     3.894 ) on MPI rank :      302
     Computing       time :    0.000000                    on MPI rank :      303
     Waiting lbc_lnk time :    0.000000 ( 0.0 %)           on MPI rank :      303
     Waiting  global time :    0.000000 ( 0.0 %)           on MPI rank :      303
     Total           time :   59.520743 (SYPD:     3.894 ) on MPI rank :      303
     Computing       time :    0.000000                    on MPI rank :      304
     Waiting lbc_lnk time :    0.000000 ( 0.0 %)           on MPI rank :      304
     Waiting  global time :    0.000000 ( 0.0 %)           on MPI rank :      304
     Total           time :   59.520323 (SYPD:     3.894 ) on MPI rank :      304
     Computing       time :    0.000000                    on MPI rank :      305
     Waiting lbc_lnk time :    0.000000 ( 0.0 %)           on MPI rank :      305
     Waiting  global time :    0.000000 ( 0.0 %)           on MPI rank :      305
     Total           time :   59.520431 (SYPD:     3.894 ) on MPI rank :      305
     Computing       time :    0.000000                    on MPI rank :      306
     Waiting lbc_lnk time :    0.000000 ( 0.0 %)           on MPI rank :      306
     Waiting  global time :    0.000000 ( 0.0 %)           on MPI rank :      306
     Total           time :   59.520331 (SYPD:     3.894 ) on MPI rank :      306
     Computing       time :    0.000000                    on MPI rank :      307
     Waiting lbc_lnk time :    0.000000 ( 0.0 %)           on MPI rank :      307
     Waiting  global time :    0.000000 ( 0.0 %)           on MPI rank :      307
     Total           time :   59.520356 (SYPD:     3.894 ) on MPI rank :      307
     Computing       time :    0.000000                    on MPI rank :      308
     Waiting lbc_lnk time :    0.000000 ( 0.0 %)           on MPI rank :      308
     Waiting  global time :    0.000000 ( 0.0 %)           on MPI rank :      308
     Total           time :   59.520542 (SYPD:     3.894 ) on MPI rank :      308
     Computing       time :    0.000000                    on MPI rank :      309
     Waiting lbc_lnk time :    0.000000 ( 0.0 %)           on MPI rank :      309
     Waiting  global time :    0.000000 ( 0.0 %)           on MPI rank :      309
     Total           time :   59.519762 (SYPD:     3.894 ) on MPI rank :      309
     Computing       time :    0.000000                    on MPI rank :      310
     Waiting lbc_lnk time :    0.000000 ( 0.0 %)           on MPI rank :      310
     Waiting  global time :    0.000000 ( 0.0 %)           on MPI rank :      310
     Total           time :   59.519478 (SYPD:     3.894 ) on MPI rank :      310
     Computing       time :    0.000000                    on MPI rank :      311
     Waiting lbc_lnk time :    0.000000 ( 0.0 %)           on MPI rank :      311
     Waiting  global time :    0.000000 ( 0.0 %)           on MPI rank :      311
     Total           time :   59.519564 (SYPD:     3.894 ) on MPI rank :      311
     Computing       time :    0.000000                    on MPI rank :      312
     Waiting lbc_lnk time :    0.000000 ( 0.0 %)           on MPI rank :      312
     Waiting  global time :    0.000000 ( 0.0 %)           on MPI rank :      312
     Total           time :   59.519645 (SYPD:     3.894 ) on MPI rank :      312
     Computing       time :    0.000000                    on MPI rank :      313
     Waiting lbc_lnk time :    0.000000 ( 0.0 %)           on MPI rank :      313
     Waiting  global time :    0.000000 ( 0.0 %)           on MPI rank :      313
     Total           time :   59.519973 (SYPD:     3.894 ) on MPI rank :      313
     Computing       time :    0.000000                    on MPI rank :      314
     Waiting lbc_lnk time :    0.000000 ( 0.0 %)           on MPI rank :      314
     Waiting  global time :    0.000000 ( 0.0 %)           on MPI rank :      314
     Total           time :   59.519165 (SYPD:     3.894 ) on MPI rank :      314
     Computing       time :    0.000000                    on MPI rank :      315
     Waiting lbc_lnk time :    0.000000 ( 0.0 %)           on MPI rank :      315
     Waiting  global time :    0.000000 ( 0.0 %)           on MPI rank :      315
     Total           time :   59.519108 (SYPD:     3.894 ) on MPI rank :      315
     Computing       time :    0.000000                    on MPI rank :      316
     Waiting lbc_lnk time :    0.000000 ( 0.0 %)           on MPI rank :      316
     Waiting  global time :    0.000000 ( 0.0 %)           on MPI rank :      316
     Total           time :   59.519356 (SYPD:     3.894 ) on MPI rank :      316
     Computing       time :    0.000000                    on MPI rank :      317
     Waiting lbc_lnk time :    0.000000 ( 0.0 %)           on MPI rank :      317
     Waiting  global time :    0.000000 ( 0.0 %)           on MPI rank :      317
     Total           time :   59.519850 (SYPD:     3.894 ) on MPI rank :      317
     Computing       time :    0.000000                    on MPI rank :      318
     Waiting lbc_lnk time :    0.000000 ( 0.0 %)           on MPI rank :      318
     Waiting  global time :    0.000000 ( 0.0 %)           on MPI rank :      318
     Total           time :   59.519746 (SYPD:     3.894 ) on MPI rank :      318
     Computing       time :    0.000000                    on MPI rank :      319
     Waiting lbc_lnk time :    0.000000 ( 0.0 %)           on MPI rank :      319
     Waiting  global time :    0.000000 ( 0.0 %)           on MPI rank :      319
     Total           time :   59.520200 (SYPD:     3.894 ) on MPI rank :      319
     Computing       time :    0.000000                    on MPI rank :      320
     Waiting lbc_lnk time :    0.000000 ( 0.0 %)           on MPI rank :      320
     Waiting  global time :    0.000000 ( 0.0 %)           on MPI rank :      320
     Total           time :   59.519990 (SYPD:     3.894 ) on MPI rank :      320
     Computing       time :    0.000000                    on MPI rank :      321
     Waiting lbc_lnk time :    0.000000 ( 0.0 %)           on MPI rank :      321
     Waiting  global time :    0.000000 ( 0.0 %)           on MPI rank :      321
     Total           time :   59.520722 (SYPD:     3.894 ) on MPI rank :      321
     Computing       time :    0.000000                    on MPI rank :      322
     Waiting lbc_lnk time :    0.000000 ( 0.0 %)           on MPI rank :      322
     Waiting  global time :    0.000000 ( 0.0 %)           on MPI rank :      322
     Total           time :   59.519597 (SYPD:     3.894 ) on MPI rank :      322
     Computing       time :    0.000000                    on MPI rank :      323
     Waiting lbc_lnk time :    0.000000 ( 0.0 %)           on MPI rank :      323
     Waiting  global time :    0.000000 ( 0.0 %)           on MPI rank :      323
     Total           time :   59.520224 (SYPD:     3.894 ) on MPI rank :      323
     Computing       time :    0.000000                    on MPI rank :      324
     Waiting lbc_lnk time :    0.000000 ( 0.0 %)           on MPI rank :      324
     Waiting  global time :    0.000000 ( 0.0 %)           on MPI rank :      324
     Total           time :   59.520330 (SYPD:     3.894 ) on MPI rank :      324
     Computing       time :    0.000000                    on MPI rank :      325
     Waiting lbc_lnk time :    0.000000 ( 0.0 %)           on MPI rank :      325
     Waiting  global time :    0.000000 ( 0.0 %)           on MPI rank :      325
     Total           time :   59.520031 (SYPD:     3.894 ) on MPI rank :      325
     Computing       time :    0.000000                    on MPI rank :      326
     Waiting lbc_lnk time :    0.000000 ( 0.0 %)           on MPI rank :      326
     Waiting  global time :    0.000000 ( 0.0 %)           on MPI rank :      326
     Total           time :   59.520582 (SYPD:     3.894 ) on MPI rank :      326
     Computing       time :    0.000000                    on MPI rank :      327
     Waiting lbc_lnk time :    0.000000 ( 0.0 %)           on MPI rank :      327
     Waiting  global time :    0.000000 ( 0.0 %)           on MPI rank :      327
     Total           time :   59.519751 (SYPD:     3.894 ) on MPI rank :      327
     Computing       time :    0.000000                    on MPI rank :      328
     Waiting lbc_lnk time :    0.000000 ( 0.0 %)           on MPI rank :      328
     Waiting  global time :    0.000000 ( 0.0 %)           on MPI rank :      328
     Total           time :   59.520213 (SYPD:     3.894 ) on MPI rank :      328
     Computing       time :    0.000000                    on MPI rank :      329
     Waiting lbc_lnk time :    0.000000 ( 0.0 %)           on MPI rank :      329
     Waiting  global time :    0.000000 ( 0.0 %)           on MPI rank :      329
     Total           time :   59.519398 (SYPD:     3.894 ) on MPI rank :      329
     Computing       time :    0.000000                    on MPI rank :      330
     Waiting lbc_lnk time :    0.000000 ( 0.0 %)           on MPI rank :      330
     Waiting  global time :    0.000000 ( 0.0 %)           on MPI rank :      330
     Total           time :   59.519987 (SYPD:     3.894 ) on MPI rank :      330
     Computing       time :    0.000000                    on MPI rank :      331
     Waiting lbc_lnk time :    0.000000 ( 0.0 %)           on MPI rank :      331
     Waiting  global time :    0.000000 ( 0.0 %)           on MPI rank :      331
     Total           time :   59.520006 (SYPD:     3.894 ) on MPI rank :      331
     Computing       time :    0.000000                    on MPI rank :      332
     Waiting lbc_lnk time :    0.000000 ( 0.0 %)           on MPI rank :      332
     Waiting  global time :    0.000000 ( 0.0 %)           on MPI rank :      332
     Total           time :   59.520056 (SYPD:     3.894 ) on MPI rank :      332
     Computing       time :    0.000000                    on MPI rank :      333
     Waiting lbc_lnk time :    0.000000 ( 0.0 %)           on MPI rank :      333
     Waiting  global time :    0.000000 ( 0.0 %)           on MPI rank :      333
     Total           time :   59.520044 (SYPD:     3.894 ) on MPI rank :      333
     Computing       time :    0.000000                    on MPI rank :      334
     Waiting lbc_lnk time :    0.000000 ( 0.0 %)           on MPI rank :      334
     Waiting  global time :    0.000000 ( 0.0 %)           on MPI rank :      334
     Total           time :   59.520042 (SYPD:     3.894 ) on MPI rank :      334
     Computing       time :    0.000000                    on MPI rank :      335
     Waiting lbc_lnk time :    0.000000 ( 0.0 %)           on MPI rank :      335
     Waiting  global time :    0.000000 ( 0.0 %)           on MPI rank :      335
     Total           time :   59.519666 (SYPD:     3.894 ) on MPI rank :      335
     Computing       time :    0.000000                    on MPI rank :      336
     Waiting lbc_lnk time :    0.000000 ( 0.0 %)           on MPI rank :      336
     Waiting  global time :    0.000000 ( 0.0 %)           on MPI rank :      336
     Total           time :   59.520705 (SYPD:     3.894 ) on MPI rank :      336
     Computing       time :    0.000000                    on MPI rank :      337
     Waiting lbc_lnk time :    0.000000 ( 0.0 %)           on MPI rank :      337
     Waiting  global time :    0.000000 ( 0.0 %)           on MPI rank :      337
     Total           time :   59.520392 (SYPD:     3.894 ) on MPI rank :      337
     Computing       time :    0.000000                    on MPI rank :      338
     Waiting lbc_lnk time :    0.000000 ( 0.0 %)           on MPI rank :      338
     Waiting  global time :    0.000000 ( 0.0 %)           on MPI rank :      338
     Total           time :   59.519724 (SYPD:     3.894 ) on MPI rank :      338
     Computing       time :    0.000000                    on MPI rank :      339
     Waiting lbc_lnk time :    0.000000 ( 0.0 %)           on MPI rank :      339
     Waiting  global time :    0.000000 ( 0.0 %)           on MPI rank :      339
     Total           time :   59.519773 (SYPD:     3.894 ) on MPI rank :      339
     Computing       time :    0.000000                    on MPI rank :      340
     Waiting lbc_lnk time :    0.000000 ( 0.0 %)           on MPI rank :      340
     Waiting  global time :    0.000000 ( 0.0 %)           on MPI rank :      340
     Total           time :   59.520422 (SYPD:     3.894 ) on MPI rank :      340
     Computing       time :    0.000000                    on MPI rank :      341
     Waiting lbc_lnk time :    0.000000 ( 0.0 %)           on MPI rank :      341
     Waiting  global time :    0.000000 ( 0.0 %)           on MPI rank :      341
     Total           time :   59.520624 (SYPD:     3.894 ) on MPI rank :      341
     Computing       time :    0.000000                    on MPI rank :      342
     Waiting lbc_lnk time :    0.000000 ( 0.0 %)           on MPI rank :      342
     Waiting  global time :    0.000000 ( 0.0 %)           on MPI rank :      342
     Total           time :   59.520104 (SYPD:     3.894 ) on MPI rank :      342
     Computing       time :    0.000000                    on MPI rank :      343
     Waiting lbc_lnk time :    0.000000 ( 0.0 %)           on MPI rank :      343
     Waiting  global time :    0.000000 ( 0.0 %)           on MPI rank :      343
     Total           time :   59.519985 (SYPD:     3.894 ) on MPI rank :      343
     Computing       time :    0.000000                    on MPI rank :      344
     Waiting lbc_lnk time :    0.000000 ( 0.0 %)           on MPI rank :      344
     Waiting  global time :    0.000000 ( 0.0 %)           on MPI rank :      344
     Total           time :   59.519831 (SYPD:     3.894 ) on MPI rank :      344
     Computing       time :    0.000000                    on MPI rank :      345
     Waiting lbc_lnk time :    0.000000 ( 0.0 %)           on MPI rank :      345
     Waiting  global time :    0.000000 ( 0.0 %)           on MPI rank :      345
     Total           time :   59.519928 (SYPD:     3.894 ) on MPI rank :      345
     Computing       time :    0.000000                    on MPI rank :      346
     Waiting lbc_lnk time :    0.000000 ( 0.0 %)           on MPI rank :      346
     Waiting  global time :    0.000000 ( 0.0 %)           on MPI rank :      346
     Total           time :   59.519945 (SYPD:     3.894 ) on MPI rank :      346
     Computing       time :    0.000000                    on MPI rank :      347
     Waiting lbc_lnk time :    0.000000 ( 0.0 %)           on MPI rank :      347
     Waiting  global time :    0.000000 ( 0.0 %)           on MPI rank :      347
     Total           time :   59.520073 (SYPD:     3.894 ) on MPI rank :      347
     Computing       time :    0.000000                    on MPI rank :      348
     Waiting lbc_lnk time :    0.000000 ( 0.0 %)           on MPI rank :      348
     Waiting  global time :    0.000000 ( 0.0 %)           on MPI rank :      348
     Total           time :   59.519820 (SYPD:     3.894 ) on MPI rank :      348
     Computing       time :    0.000000                    on MPI rank :      349
     Waiting lbc_lnk time :    0.000000 ( 0.0 %)           on MPI rank :      349
     Waiting  global time :    0.000000 ( 0.0 %)           on MPI rank :      349
     Total           time :   59.519656 (SYPD:     3.894 ) on MPI rank :      349
     Computing       time :    0.000000                    on MPI rank :      350
     Waiting lbc_lnk time :    0.000000 ( 0.0 %)           on MPI rank :      350
     Waiting  global time :    0.000000 ( 0.0 %)           on MPI rank :      350
     Total           time :   59.519916 (SYPD:     3.894 ) on MPI rank :      350
     Computing       time :    0.000000                    on MPI rank :      351
     Waiting lbc_lnk time :    0.000000 ( 0.0 %)           on MPI rank :      351
     Waiting  global time :    0.000000 ( 0.0 %)           on MPI rank :      351
     Total           time :   59.520728 (SYPD:     3.894 ) on MPI rank :      351
     Computing       time :    0.000000                    on MPI rank :      352
     Waiting lbc_lnk time :    0.000000 ( 0.0 %)           on MPI rank :      352
     Waiting  global time :    0.000000 ( 0.0 %)           on MPI rank :      352
     Total           time :   59.519786 (SYPD:     3.894 ) on MPI rank :      352
     Computing       time :    0.000000                    on MPI rank :      353
     Waiting lbc_lnk time :    0.000000 ( 0.0 %)           on MPI rank :      353
     Waiting  global time :    0.000000 ( 0.0 %)           on MPI rank :      353
     Total           time :   59.520020 (SYPD:     3.894 ) on MPI rank :      353
     Computing       time :    0.000000                    on MPI rank :      354
     Waiting lbc_lnk time :    0.000000 ( 0.0 %)           on MPI rank :      354
     Waiting  global time :    0.000000 ( 0.0 %)           on MPI rank :      354
     Total           time :   59.519743 (SYPD:     3.894 ) on MPI rank :      354
     Computing       time :    0.000000                    on MPI rank :      355
     Waiting lbc_lnk time :    0.000000 ( 0.0 %)           on MPI rank :      355
     Waiting  global time :    0.000000 ( 0.0 %)           on MPI rank :      355
     Total           time :   59.519907 (SYPD:     3.894 ) on MPI rank :      355
     Computing       time :    0.000000                    on MPI rank :      356
     Waiting lbc_lnk time :    0.000000 ( 0.0 %)           on MPI rank :      356
     Waiting  global time :    0.000000 ( 0.0 %)           on MPI rank :      356
     Total           time :   59.519363 (SYPD:     3.894 ) on MPI rank :      356
     Computing       time :    0.000000                    on MPI rank :      357
     Waiting lbc_lnk time :    0.000000 ( 0.0 %)           on MPI rank :      357
     Waiting  global time :    0.000000 ( 0.0 %)           on MPI rank :      357
     Total           time :   59.519990 (SYPD:     3.894 ) on MPI rank :      357
     Computing       time :    0.000000                    on MPI rank :      358
     Waiting lbc_lnk time :    0.000000 ( 0.0 %)           on MPI rank :      358
     Waiting  global time :    0.000000 ( 0.0 %)           on MPI rank :      358
     Total           time :   59.519649 (SYPD:     3.894 ) on MPI rank :      358
     Computing       time :    0.000000                    on MPI rank :      359
     Waiting lbc_lnk time :    0.000000 ( 0.0 %)           on MPI rank :      359
     Waiting  global time :    0.000000 ( 0.0 %)           on MPI rank :      359
     Total           time :   59.519632 (SYPD:     3.894 ) on MPI rank :      359
     Computing       time :    0.000000                    on MPI rank :      360
     Waiting lbc_lnk time :    0.000000 ( 0.0 %)           on MPI rank :      360
     Waiting  global time :    0.000000 ( 0.0 %)           on MPI rank :      360
     Total           time :   59.520134 (SYPD:     3.894 ) on MPI rank :      360
     Computing       time :    0.000000                    on MPI rank :      361
     Waiting lbc_lnk time :    0.000000 ( 0.0 %)           on MPI rank :      361
     Waiting  global time :    0.000000 ( 0.0 %)           on MPI rank :      361
     Total           time :   59.519537 (SYPD:     3.894 ) on MPI rank :      361
     Computing       time :    0.000000                    on MPI rank :      362
     Waiting lbc_lnk time :    0.000000 ( 0.0 %)           on MPI rank :      362
     Waiting  global time :    0.000000 ( 0.0 %)           on MPI rank :      362
     Total           time :   59.519939 (SYPD:     3.894 ) on MPI rank :      362
     Computing       time :    0.000000                    on MPI rank :      363
     Waiting lbc_lnk time :    0.000000 ( 0.0 %)           on MPI rank :      363
     Waiting  global time :    0.000000 ( 0.0 %)           on MPI rank :      363
     Total           time :   59.519951 (SYPD:     3.894 ) on MPI rank :      363
     Computing       time :    0.000000                    on MPI rank :      364
     Waiting lbc_lnk time :    0.000000 ( 0.0 %)           on MPI rank :      364
     Waiting  global time :    0.000000 ( 0.0 %)           on MPI rank :      364
     Total           time :   59.520017 (SYPD:     3.894 ) on MPI rank :      364
     Computing       time :    0.000000                    on MPI rank :      365
     Waiting lbc_lnk time :    0.000000 ( 0.0 %)           on MPI rank :      365
     Waiting  global time :    0.000000 ( 0.0 %)           on MPI rank :      365
     Total           time :   59.519693 (SYPD:     3.894 ) on MPI rank :      365
     Computing       time :    0.000000                    on MPI rank :      366
     Waiting lbc_lnk time :    0.000000 ( 0.0 %)           on MPI rank :      366
     Waiting  global time :    0.000000 ( 0.0 %)           on MPI rank :      366
     Total           time :   59.520057 (SYPD:     3.894 ) on MPI rank :      366
     Computing       time :    0.000000                    on MPI rank :      367
     Waiting lbc_lnk time :    0.000000 ( 0.0 %)           on MPI rank :      367
     Waiting  global time :    0.000000 ( 0.0 %)           on MPI rank :      367
     Total           time :   59.520346 (SYPD:     3.894 ) on MPI rank :      367
     Computing       time :    0.000000                    on MPI rank :      368
     Waiting lbc_lnk time :    0.000000 ( 0.0 %)           on MPI rank :      368
     Waiting  global time :    0.000000 ( 0.0 %)           on MPI rank :      368
     Total           time :   59.520188 (SYPD:     3.894 ) on MPI rank :      368
     Computing       time :    0.000000                    on MPI rank :      369
     Waiting lbc_lnk time :    0.000000 ( 0.0 %)           on MPI rank :      369
     Waiting  global time :    0.000000 ( 0.0 %)           on MPI rank :      369
     Total           time :   59.519442 (SYPD:     3.894 ) on MPI rank :      369
     Computing       time :    0.000000                    on MPI rank :      370
     Waiting lbc_lnk time :    0.000000 ( 0.0 %)           on MPI rank :      370
     Waiting  global time :    0.000000 ( 0.0 %)           on MPI rank :      370
     Total           time :   59.519821 (SYPD:     3.894 ) on MPI rank :      370
     Computing       time :    0.000000                    on MPI rank :      371
     Waiting lbc_lnk time :    0.000000 ( 0.0 %)           on MPI rank :      371
     Waiting  global time :    0.000000 ( 0.0 %)           on MPI rank :      371
     Total           time :   59.519844 (SYPD:     3.894 ) on MPI rank :      371
     Computing       time :    0.000000                    on MPI rank :      372
     Waiting lbc_lnk time :    0.000000 ( 0.0 %)           on MPI rank :      372
     Waiting  global time :    0.000000 ( 0.0 %)           on MPI rank :      372
     Total           time :   59.520585 (SYPD:     3.894 ) on MPI rank :      372
     Computing       time :    0.000000                    on MPI rank :      373
     Waiting lbc_lnk time :    0.000000 ( 0.0 %)           on MPI rank :      373
     Waiting  global time :    0.000000 ( 0.0 %)           on MPI rank :      373
     Total           time :   59.519639 (SYPD:     3.894 ) on MPI rank :      373
     Computing       time :    0.000000                    on MPI rank :      374
     Waiting lbc_lnk time :    0.000000 ( 0.0 %)           on MPI rank :      374
     Waiting  global time :    0.000000 ( 0.0 %)           on MPI rank :      374
     Total           time :   59.519987 (SYPD:     3.894 ) on MPI rank :      374
     Computing       time :    0.000000                    on MPI rank :      375
     Waiting lbc_lnk time :    0.000000 ( 0.0 %)           on MPI rank :      375
     Waiting  global time :    0.000000 ( 0.0 %)           on MPI rank :      375
     Total           time :   59.520088 (SYPD:     3.894 ) on MPI rank :      375
     Computing       time :    0.000000                    on MPI rank :      376
     Waiting lbc_lnk time :    0.000000 ( 0.0 %)           on MPI rank :      376
     Waiting  global time :    0.000000 ( 0.0 %)           on MPI rank :      376
     Total           time :   59.519284 (SYPD:     3.894 ) on MPI rank :      376
     Computing       time :    0.000000                    on MPI rank :      377
     Waiting lbc_lnk time :    0.000000 ( 0.0 %)           on MPI rank :      377
     Waiting  global time :    0.000000 ( 0.0 %)           on MPI rank :      377
     Total           time :   59.520595 (SYPD:     3.894 ) on MPI rank :      377
     Computing       time :    0.000000                    on MPI rank :      378
     Waiting lbc_lnk time :    0.000000 ( 0.0 %)           on MPI rank :      378
     Waiting  global time :    0.000000 ( 0.0 %)           on MPI rank :      378
     Total           time :   59.519909 (SYPD:     3.894 ) on MPI rank :      378
     Computing       time :    0.000000                    on MPI rank :      379
     Waiting lbc_lnk time :    0.000000 ( 0.0 %)           on MPI rank :      379
     Waiting  global time :    0.000000 ( 0.0 %)           on MPI rank :      379
     Total           time :   59.520930 (SYPD:     3.894 ) on MPI rank :      379
     Computing       time :    0.000000                    on MPI rank :      380
     Waiting lbc_lnk time :    0.000000 ( 0.0 %)           on MPI rank :      380
     Waiting  global time :    0.000000 ( 0.0 %)           on MPI rank :      380
     Total           time :   59.520934 (SYPD:     3.894 ) on MPI rank :      380
     Computing       time :    0.000000                    on MPI rank :      381
     Waiting lbc_lnk time :    0.000000 ( 0.0 %)           on MPI rank :      381
     Waiting  global time :    0.000000 ( 0.0 %)           on MPI rank :      381
     Total           time :   59.521453 (SYPD:     3.894 ) on MPI rank :      381
     Computing       time :    0.000000                    on MPI rank :      382
     Waiting lbc_lnk time :    0.000000 ( 0.0 %)           on MPI rank :      382
     Waiting  global time :    0.000000 ( 0.0 %)           on MPI rank :      382
     Total           time :   59.520995 (SYPD:     3.894 ) on MPI rank :      382
     Computing       time :    0.000000                    on MPI rank :      383
     Waiting lbc_lnk time :    0.000000 ( 0.0 %)           on MPI rank :      383
     Waiting  global time :    0.000000 ( 0.0 %)           on MPI rank :      383
     Total           time :   59.521150 (SYPD:     3.894 ) on MPI rank :      383
     Computing       time :    0.000000                    on MPI rank :      384
     Waiting lbc_lnk time :    0.000000 ( 0.0 %)           on MPI rank :      384
     Waiting  global time :    0.000000 ( 0.0 %)           on MPI rank :      384
     Total           time :   59.520978 (SYPD:     3.894 ) on MPI rank :      384
     Computing       time :    0.000000                    on MPI rank :      385
     Waiting lbc_lnk time :    0.000000 ( 0.0 %)           on MPI rank :      385
     Waiting  global time :    0.000000 ( 0.0 %)           on MPI rank :      385
     Total           time :   59.520831 (SYPD:     3.894 ) on MPI rank :      385
     Computing       time :    0.000000                    on MPI rank :      386
     Waiting lbc_lnk time :    0.000000 ( 0.0 %)           on MPI rank :      386
     Waiting  global time :    0.000000 ( 0.0 %)           on MPI rank :      386
     Total           time :   59.520707 (SYPD:     3.894 ) on MPI rank :      386
     Computing       time :    0.000000                    on MPI rank :      387
     Waiting lbc_lnk time :    0.000000 ( 0.0 %)           on MPI rank :      387
     Waiting  global time :    0.000000 ( 0.0 %)           on MPI rank :      387
     Total           time :   59.520870 (SYPD:     3.894 ) on MPI rank :      387
     Computing       time :    0.000000                    on MPI rank :      388
     Waiting lbc_lnk time :    0.000000 ( 0.0 %)           on MPI rank :      388
     Waiting  global time :    0.000000 ( 0.0 %)           on MPI rank :      388
     Total           time :   59.520905 (SYPD:     3.894 ) on MPI rank :      388
     Computing       time :    0.000000                    on MPI rank :      389
     Waiting lbc_lnk time :    0.000000 ( 0.0 %)           on MPI rank :      389
     Waiting  global time :    0.000000 ( 0.0 %)           on MPI rank :      389
     Total           time :   59.520509 (SYPD:     3.894 ) on MPI rank :      389
     Computing       time :    0.000000                    on MPI rank :      390
     Waiting lbc_lnk time :    0.000000 ( 0.0 %)           on MPI rank :      390
     Waiting  global time :    0.000000 ( 0.0 %)           on MPI rank :      390
     Total           time :   59.520696 (SYPD:     3.894 ) on MPI rank :      390
     Computing       time :    0.000000                    on MPI rank :      391
     Waiting lbc_lnk time :    0.000000 ( 0.0 %)           on MPI rank :      391
     Waiting  global time :    0.000000 ( 0.0 %)           on MPI rank :      391
     Total           time :   59.520642 (SYPD:     3.894 ) on MPI rank :      391
     Computing       time :    0.000000                    on MPI rank :      392
     Waiting lbc_lnk time :    0.000000 ( 0.0 %)           on MPI rank :      392
     Waiting  global time :    0.000000 ( 0.0 %)           on MPI rank :      392
     Total           time :   59.520617 (SYPD:     3.894 ) on MPI rank :      392
     Computing       time :    0.000000                    on MPI rank :      393
     Waiting lbc_lnk time :    0.000000 ( 0.0 %)           on MPI rank :      393
     Waiting  global time :    0.000000 ( 0.0 %)           on MPI rank :      393
     Total           time :   59.519965 (SYPD:     3.894 ) on MPI rank :      393
     Computing       time :    0.000000                    on MPI rank :      394
     Waiting lbc_lnk time :    0.000000 ( 0.0 %)           on MPI rank :      394
     Waiting  global time :    0.000000 ( 0.0 %)           on MPI rank :      394
     Total           time :   59.520263 (SYPD:     3.894 ) on MPI rank :      394
     Computing       time :    0.000000                    on MPI rank :      395
     Waiting lbc_lnk time :    0.000000 ( 0.0 %)           on MPI rank :      395
     Waiting  global time :    0.000000 ( 0.0 %)           on MPI rank :      395
     Total           time :   59.520143 (SYPD:     3.894 ) on MPI rank :      395
     Computing       time :    0.000000                    on MPI rank :      396
     Waiting lbc_lnk time :    0.000000 ( 0.0 %)           on MPI rank :      396
     Waiting  global time :    0.000000 ( 0.0 %)           on MPI rank :      396
     Total           time :   59.520124 (SYPD:     3.894 ) on MPI rank :      396
     Computing       time :    0.000000                    on MPI rank :      397
     Waiting lbc_lnk time :    0.000000 ( 0.0 %)           on MPI rank :      397
     Waiting  global time :    0.000000 ( 0.0 %)           on MPI rank :      397
     Total           time :   59.520070 (SYPD:     3.894 ) on MPI rank :      397
     Computing       time :    0.000000                    on MPI rank :      398
     Waiting lbc_lnk time :    0.000000 ( 0.0 %)           on MPI rank :      398
     Waiting  global time :    0.000000 ( 0.0 %)           on MPI rank :      398
     Total           time :   59.521059 (SYPD:     3.894 ) on MPI rank :      398
     Computing       time :    0.000000                    on MPI rank :      399
     Waiting lbc_lnk time :    0.000000 ( 0.0 %)           on MPI rank :      399
     Waiting  global time :    0.000000 ( 0.0 %)           on MPI rank :      399
     Total           time :   59.520686 (SYPD:     3.894 ) on MPI rank :      399
     Computing       time :    0.000000                    on MPI rank :      400
     Waiting lbc_lnk time :    0.000000 ( 0.0 %)           on MPI rank :      400
     Waiting  global time :    0.000000 ( 0.0 %)           on MPI rank :      400
     Total           time :   59.520773 (SYPD:     3.894 ) on MPI rank :      400
     Computing       time :    0.000000                    on MPI rank :      401
     Waiting lbc_lnk time :    0.000000 ( 0.0 %)           on MPI rank :      401
     Waiting  global time :    0.000000 ( 0.0 %)           on MPI rank :      401
     Total           time :   59.520979 (SYPD:     3.894 ) on MPI rank :      401
     Computing       time :    0.000000                    on MPI rank :      402
     Waiting lbc_lnk time :    0.000000 ( 0.0 %)           on MPI rank :      402
     Waiting  global time :    0.000000 ( 0.0 %)           on MPI rank :      402
     Total           time :   59.521027 (SYPD:     3.894 ) on MPI rank :      402
     Computing       time :    0.000000                    on MPI rank :      403
     Waiting lbc_lnk time :    0.000000 ( 0.0 %)           on MPI rank :      403
     Waiting  global time :    0.000000 ( 0.0 %)           on MPI rank :      403
     Total           time :   59.520218 (SYPD:     3.894 ) on MPI rank :      403
     Computing       time :    0.000000                    on MPI rank :      404
     Waiting lbc_lnk time :    0.000000 ( 0.0 %)           on MPI rank :      404
     Waiting  global time :    0.000000 ( 0.0 %)           on MPI rank :      404
     Total           time :   59.519999 (SYPD:     3.894 ) on MPI rank :      404
     Computing       time :    0.000000                    on MPI rank :      405
     Waiting lbc_lnk time :    0.000000 ( 0.0 %)           on MPI rank :      405
     Waiting  global time :    0.000000 ( 0.0 %)           on MPI rank :      405
     Total           time :   59.520360 (SYPD:     3.894 ) on MPI rank :      405
     Computing       time :    0.000000                    on MPI rank :      406
     Waiting lbc_lnk time :    0.000000 ( 0.0 %)           on MPI rank :      406
     Waiting  global time :    0.000000 ( 0.0 %)           on MPI rank :      406
     Total           time :   59.520716 (SYPD:     3.894 ) on MPI rank :      406
     Computing       time :    0.000000                    on MPI rank :      407
     Waiting lbc_lnk time :    0.000000 ( 0.0 %)           on MPI rank :      407
     Waiting  global time :    0.000000 ( 0.0 %)           on MPI rank :      407
     Total           time :   59.521034 (SYPD:     3.894 ) on MPI rank :      407
     Computing       time :    0.000000                    on MPI rank :      408
     Waiting lbc_lnk time :    0.000000 ( 0.0 %)           on MPI rank :      408
     Waiting  global time :    0.000000 ( 0.0 %)           on MPI rank :      408
     Total           time :   59.520954 (SYPD:     3.894 ) on MPI rank :      408
     Computing       time :    0.000000                    on MPI rank :      409
     Waiting lbc_lnk time :    0.000000 ( 0.0 %)           on MPI rank :      409
     Waiting  global time :    0.000000 ( 0.0 %)           on MPI rank :      409
     Total           time :   59.520939 (SYPD:     3.894 ) on MPI rank :      409
     Computing       time :    0.000000                    on MPI rank :      410
     Waiting lbc_lnk time :    0.000000 ( 0.0 %)           on MPI rank :      410
     Waiting  global time :    0.000000 ( 0.0 %)           on MPI rank :      410
     Total           time :   59.520747 (SYPD:     3.894 ) on MPI rank :      410
     Computing       time :    0.000000                    on MPI rank :      411
     Waiting lbc_lnk time :    0.000000 ( 0.0 %)           on MPI rank :      411
     Waiting  global time :    0.000000 ( 0.0 %)           on MPI rank :      411
     Total           time :   59.520791 (SYPD:     3.894 ) on MPI rank :      411
     Computing       time :    0.000000                    on MPI rank :      412
     Waiting lbc_lnk time :    0.000000 ( 0.0 %)           on MPI rank :      412
     Waiting  global time :    0.000000 ( 0.0 %)           on MPI rank :      412
     Total           time :   59.521103 (SYPD:     3.894 ) on MPI rank :      412
     Computing       time :    0.000000                    on MPI rank :      413
     Waiting lbc_lnk time :    0.000000 ( 0.0 %)           on MPI rank :      413
     Waiting  global time :    0.000000 ( 0.0 %)           on MPI rank :      413
     Total           time :   59.520707 (SYPD:     3.894 ) on MPI rank :      413
     Computing       time :    0.000000                    on MPI rank :      414
     Waiting lbc_lnk time :    0.000000 ( 0.0 %)           on MPI rank :      414
     Waiting  global time :    0.000000 ( 0.0 %)           on MPI rank :      414
     Total           time :   59.520594 (SYPD:     3.894 ) on MPI rank :      414
     Computing       time :    0.000000                    on MPI rank :      415
     Waiting lbc_lnk time :    0.000000 ( 0.0 %)           on MPI rank :      415
     Waiting  global time :    0.000000 ( 0.0 %)           on MPI rank :      415
     Total           time :   59.520769 (SYPD:     3.894 ) on MPI rank :      415
     Computing       time :    0.000000                    on MPI rank :      416
     Waiting lbc_lnk time :    0.000000 ( 0.0 %)           on MPI rank :      416
     Waiting  global time :    0.000000 ( 0.0 %)           on MPI rank :      416
     Total           time :   59.520725 (SYPD:     3.894 ) on MPI rank :      416
     Computing       time :    0.000000                    on MPI rank :      417
     Waiting lbc_lnk time :    0.000000 ( 0.0 %)           on MPI rank :      417
     Waiting  global time :    0.000000 ( 0.0 %)           on MPI rank :      417
     Total           time :   59.520640 (SYPD:     3.894 ) on MPI rank :      417
     Computing       time :    0.000000                    on MPI rank :      418
     Waiting lbc_lnk time :    0.000000 ( 0.0 %)           on MPI rank :      418
     Waiting  global time :    0.000000 ( 0.0 %)           on MPI rank :      418
     Total           time :   59.520569 (SYPD:     3.894 ) on MPI rank :      418
     Computing       time :    0.000000                    on MPI rank :      419
     Waiting lbc_lnk time :    0.000000 ( 0.0 %)           on MPI rank :      419
     Waiting  global time :    0.000000 ( 0.0 %)           on MPI rank :      419
     Total           time :   59.520393 (SYPD:     3.894 ) on MPI rank :      419
     Computing       time :    0.000000                    on MPI rank :      420
     Waiting lbc_lnk time :    0.000000 ( 0.0 %)           on MPI rank :      420
     Waiting  global time :    0.000000 ( 0.0 %)           on MPI rank :      420
     Total           time :   59.520371 (SYPD:     3.894 ) on MPI rank :      420
     Computing       time :    0.000000                    on MPI rank :      421
     Waiting lbc_lnk time :    0.000000 ( 0.0 %)           on MPI rank :      421
     Waiting  global time :    0.000000 ( 0.0 %)           on MPI rank :      421
     Total           time :   59.521205 (SYPD:     3.894 ) on MPI rank :      421
     Computing       time :    0.000000                    on MPI rank :      422
     Waiting lbc_lnk time :    0.000000 ( 0.0 %)           on MPI rank :      422
     Waiting  global time :    0.000000 ( 0.0 %)           on MPI rank :      422
     Total           time :   59.521018 (SYPD:     3.894 ) on MPI rank :      422
     Computing       time :    0.000000                    on MPI rank :      423
     Waiting lbc_lnk time :    0.000000 ( 0.0 %)           on MPI rank :      423
     Waiting  global time :    0.000000 ( 0.0 %)           on MPI rank :      423
     Total           time :   59.521160 (SYPD:     3.894 ) on MPI rank :      423
     Computing       time :    0.000000                    on MPI rank :      424
     Waiting lbc_lnk time :    0.000000 ( 0.0 %)           on MPI rank :      424
     Waiting  global time :    0.000000 ( 0.0 %)           on MPI rank :      424
     Total           time :   59.521218 (SYPD:     3.894 ) on MPI rank :      424
     Computing       time :    0.000000                    on MPI rank :      425
     Waiting lbc_lnk time :    0.000000 ( 0.0 %)           on MPI rank :      425
     Waiting  global time :    0.000000 ( 0.0 %)           on MPI rank :      425
     Total           time :   59.521040 (SYPD:     3.894 ) on MPI rank :      425
     Computing       time :    0.000000                    on MPI rank :      426
     Waiting lbc_lnk time :    0.000000 ( 0.0 %)           on MPI rank :      426
     Waiting  global time :    0.000000 ( 0.0 %)           on MPI rank :      426
     Total           time :   59.521016 (SYPD:     3.894 ) on MPI rank :      426
     Computing       time :    0.000000                    on MPI rank :      427
     Waiting lbc_lnk time :    0.000000 ( 0.0 %)           on MPI rank :      427
     Waiting  global time :    0.000000 ( 0.0 %)           on MPI rank :      427
     Total           time :   59.520859 (SYPD:     3.894 ) on MPI rank :      427
     Computing       time :    0.000000                    on MPI rank :      428
     Waiting lbc_lnk time :    0.000000 ( 0.0 %)           on MPI rank :      428
     Waiting  global time :    0.000000 ( 0.0 %)           on MPI rank :      428
     Total           time :   59.520983 (SYPD:     3.894 ) on MPI rank :      428
     Computing       time :    0.000000                    on MPI rank :      429
     Waiting lbc_lnk time :    0.000000 ( 0.0 %)           on MPI rank :      429
     Waiting  global time :    0.000000 ( 0.0 %)           on MPI rank :      429
     Total           time :   59.521157 (SYPD:     3.894 ) on MPI rank :      429
     Computing       time :    0.000000                    on MPI rank :      430
     Waiting lbc_lnk time :    0.000000 ( 0.0 %)           on MPI rank :      430
     Waiting  global time :    0.000000 ( 0.0 %)           on MPI rank :      430
     Total           time :   59.520921 (SYPD:     3.894 ) on MPI rank :      430
