 
       CNRS - NERC - Met OFFICE - MERCATOR-ocean - CMCC - INGV
                              NEMO team
                   Ocean General Circulation Model
                         version 4.0  (2019) 
 
                         Timing Informations 
 
 
 
 
 Total timing (sum) :
 --------------------
Elapsed Time (s)  CPU Time (s)
         1193.556     3127.103
 
Averaged timing on all processors :
-----------------------------------
Section                   Elap. Time(s)  Elap. Time(%)  CPU Time(s)  CPU Time(%)  CPU/Elap Max elap(%)  Min elap(%)  Freq      Max time task
nemo_init                 0.3667172E+01    7.99             5.14       4.28        1.40          8.00      7.99       1.00          0
scripremap_read_sgl       0.1053196E+01    2.29             1.49       1.24        1.41          2.31      2.28       8.00          0
tra_dmp                   0.8475801E+00    1.85             2.07       1.72        2.44          1.88      1.80      24.00          1
tra_adv_fct               0.6265899E+00    1.36             2.48       2.06        3.96          1.51      1.26      24.00         11
tra_ldf_iso               0.5917651E+00    1.29             2.33       1.94        3.94          1.42      1.12      24.00          7
sbc_stokes                0.4750602E+00    1.03             1.88       1.57        3.96          1.05      1.02      24.00         14
ldf_slp                   0.4433622E+00    0.97             1.76       1.47        3.98          1.00      0.94      24.00          9
nonosc                    0.4302425E+00    0.94             1.72       1.43        3.99          1.04      0.79      48.00         15
tra_nxt                   0.3993270E+00    0.87             1.59       1.32        3.98          1.16      0.65      24.00         25
iom_put_p3d_dp            0.3915016E+00    0.85             1.68       1.39        4.28          0.89      0.81     960.00         11
icedyn_rhg                0.3595486E+00    0.78             1.42       1.18        3.95          0.79      0.76      24.00          9
dyn_nxt                   0.3400090E+00    0.74             1.35       1.12        3.98          0.83      0.64      24.00          3
dom_vvl_sf_swp            0.3298499E+00    0.72             1.30       1.08        3.93          0.78      0.68      24.00          6
dyn_vor                   0.3144629E+00    0.69             1.24       1.03        3.94          0.74      0.64      24.00          2
dyn_spg_ts                0.3124684E+00    0.68             1.24       1.03        3.97          0.77      0.61      24.00         22
zdf_phy                   0.3063871E+00    0.67             1.25       1.04        4.08          0.82      0.53      24.00         19
dia_hsb                   0.2994710E+00    0.65             1.18       0.98        3.93          0.75      0.60      24.00         19
ldf_eiv_dia               0.2025600E+00    0.44             0.77       0.64        3.82          0.53      0.37      24.00         25
dom_vvl_sf_nxt            0.1985614E+00    0.43             0.74       0.62        3.74          0.44      0.42      48.00          0
zdf_tke_tke               0.1593433E+00    0.35             0.61       0.51        3.83          0.40      0.31      24.00         13
ice_dyn_adv_pra           0.1515847E+00    0.33             0.62       0.51        4.07          0.35      0.32      24.00         25
dyn_zdf                   0.1488297E+00    0.32             0.57       0.48        3.85          0.36      0.28      24.00          2
dia_wri                   0.1407258E+00    0.31             0.54       0.45        3.83          0.36      0.26      24.00         25
icestp                    0.1379856E+00    0.30             0.54       0.45        3.93          0.33      0.27      24.00         11
tra_zdf_imp               0.1363341E+00    0.30             0.51       0.42        3.73          0.34      0.25      24.00          0
tra_qsr                   0.1331987E+00    0.29             0.53       0.44        3.99          0.31      0.27      24.00         16
div_hor                   0.1297457E+00    0.28             0.49       0.41        3.76          0.33      0.20      48.00          4
parinter_write            0.1155257E+00    0.25             0.13       0.11        1.16          0.31      0.16       8.00         22
stp                       0.1143840E+00    0.25             0.41       0.34        3.61          0.29      0.19      24.00         12
dyn_ldf                   0.1008937E+00    0.22             0.40       0.34        4.00          0.26      0.16      24.00          6
ice_dyn_adv_pra_adv_y     0.9822519E-01    0.21             0.40       0.33        4.05          0.22      0.20     312.00          0
tmx_itf                   0.9614143E-01    0.21             0.38       0.32        4.00          0.23      0.18      24.00          9
stp_ctl                   0.9239377E-01    0.20             0.37       0.31        4.00          0.26      0.16      24.00         16
ldf_eiv_trp               0.8904064E-01    0.19             0.34       0.29        3.87          0.22      0.16      24.00          3
zdf_sh2                   0.8555158E-01    0.19             0.32       0.27        3.78          0.21      0.15      24.00          7
ice_dyn_adv_pra_adv_x     0.8258262E-01    0.18             0.34       0.28        4.14          0.19      0.17     312.00         10
zdf_ddm                   0.8239552E-01    0.18             0.32       0.26        3.86          0.19      0.17      24.00         12
ldf_eiv                   0.8048552E-01    0.18             0.32       0.27        4.00          0.20      0.14      24.00          7
tra_adv                   0.7988907E-01    0.17             0.31       0.25        3.82          0.20      0.16      24.00          6
eos-pot                   0.7959774E-01    0.17             0.31       0.26        3.89          0.21      0.15      74.00         11
bn2                       0.7799570E-01    0.17             0.31       0.26        4.03          0.20      0.15      48.00         12
wzv                       0.7750775E-01    0.17             0.31       0.26        4.03          0.19      0.15      48.00          0
dyn_keg                   0.7721275E-01    0.17             0.31       0.26        4.00          0.20      0.15      24.00         19
dyn_zad                   0.7556425E-01    0.16             0.30       0.25        4.01          0.19      0.14      24.00         12
rab_3d                    0.6464364E-01    0.14             0.26       0.21        3.95          0.19      0.11      48.00         12
zdf_tke_avn               0.6370656E-01    0.14             0.27       0.23        4.30          0.16      0.12      24.00          0
icecor                    0.5874587E-01    0.13             0.22       0.19        3.82          0.18      0.02      48.00         10
zdf_tmx                   0.5247884E-01    0.11             0.20       0.16        3.78          0.13      0.10      24.00          1
dyn_hpg                   0.4842337E-01    0.11             0.19       0.16        4.02          0.12      0.09      24.00          1
dia_hth                   0.4637395E-01    0.10             0.18       0.15        3.89          0.11      0.09      24.00         11
parinter_fld_mult         0.4222967E-01    0.09             0.16       0.13        3.75          0.11      0.07     219.00         20
zdf_evd                   0.4030714E-01    0.09             0.12       0.10        3.06          0.10      0.07      24.00          9
ice_thd_main              0.3810687E-01    0.08             0.15       0.13        3.96          0.14      0.00      24.00         18
stp_oceandyn              0.3807381E-01    0.08             0.23       0.19        6.14          0.10      0.07      24.00          4
sbc                       0.3481616E-01    0.08             0.12       0.10        3.52          0.08      0.07      24.00         19
stp_tracers               0.2839784E-01    0.06             0.11       0.09        3.97          0.07      0.06      24.00          6
zps_hde                   0.2692601E-01    0.06             0.11       0.09        4.16          0.08      0.04      24.00         22
icewri                    0.2679955E-01    0.06             0.10       0.08        3.74          0.11      0.03      24.00         25
zdf_mxl                   0.2469752E-01    0.05             0.08       0.07        3.28          0.06      0.05      24.00          1
sbc_hbp                   0.2451127E-01    0.05             0.10       0.08        4.06          0.06      0.05      24.00          7
icedyn_rdgrft             0.2388137E-01    0.05             0.10       0.08        4.05          0.14      0.01      24.00         16
tra_bbl                   0.2329706E-01    0.05             0.09       0.07        3.85          0.06      0.05      24.00          6
sbc_isf_div               0.2301449E-01    0.05             0.12       0.10        5.31          0.14     -0.00      48.00         17
nemogcmcoup_lim2_get      0.2258985E-01    0.05             0.09       0.07        3.93          0.05      0.05      25.00         24
sbc_sglcpl_ice_flx        0.2258183E-01    0.05             0.09       0.08        4.16          0.06      0.05      24.00          0
parinter_init             0.2229246E-01    0.05             0.03       0.03        1.54          0.05      0.05       8.00         21
dom_hgr                   0.2223779E-01    0.05             0.09       0.07        3.96          0.05      0.05       1.00         12
sbc_rnf                   0.1872252E-01    0.04             0.07       0.06        4.00          0.04      0.04      24.00          0
iceupdate_flx             0.1861461E-01    0.04             0.05       0.04        2.61          0.05      0.03      24.00          8
nemogcmcoup_lim2_update   0.1861417E-01    0.04             0.08       0.07        4.30          0.05      0.03      24.00         24
ice_thd_jllopp            0.1763880E-01    0.04             0.06       0.05        3.30          0.13     -0.00      24.00         16
eos-insitu                0.1717164E-01    0.04             0.06       0.05        3.56          0.04      0.03      24.00         10
tra_bbc                   0.1660923E-01    0.04             0.07       0.06        4.03          0.04      0.03      24.00          5
tra_zdf                   0.1403690E-01    0.03             0.07       0.06        5.22          0.05      0.02      24.00          9
day                       0.1389137E-01    0.03             0.05       0.04        3.48          0.04      0.01      24.00         10
ice_strengh               0.1325002E-01    0.03             0.06       0.05        4.27          0.07      0.01      24.00         24
nemogcmcoup_coupinit      0.1314467E-01    0.03             0.01       0.01        0.98          0.06      0.01       1.00         25
ssh_nxt                   0.1002965E-01    0.02             0.04       0.03        4.07          0.03      0.02      24.00         14
eos2d                     0.9835726E-02    0.02             0.04       0.04        4.33          0.03      0.01      48.00          0
nemogcmcoup_wam_coupinit  0.9312481E-02    0.02             0.02       0.02        2.41          0.04      0.00       1.00         19
nemogcmcoup_wam_get       0.8503880E-02    0.02             0.04       0.03        4.27          0.03      0.01      24.00          2
ice_dyn                   0.7312990E-02    0.02             0.03       0.02        3.75          0.02      0.01      24.00          6
icedyn_adv                0.7229508E-02    0.02             0.04       0.03        4.98          0.02      0.01      24.00          0
tra_sbc                   0.6760881E-02    0.01             0.03       0.02        4.18          0.02      0.01      24.00         23
nemogcmcoup_wam_update    0.5211740E-02    0.01             0.03       0.02        5.21          0.01      0.01      24.00          2
zdf_drg                   0.4982946E-02    0.01             0.02       0.02        4.33          0.02      0.00      24.00         22
sbc_ssm                   0.4544813E-02    0.01             0.01       0.01        2.93          0.01      0.01      24.00          8
icealb                    0.4540023E-02    0.01             0.01       0.01        2.63          0.01      0.01      48.00         17
rab_2d                    0.4234161E-02    0.01             0.02       0.02        4.41          0.02      0.01      24.00         17
parinter_read             0.3860539E-02    0.01             0.01       0.01        1.81          0.03      0.00       8.00          0
sbc_sglcpl_rcv            0.3689396E-02    0.01             0.02       0.01        4.23          0.01      0.01      24.00         21
nemogcmcoup_wam_update_s  0.3332564E-02    0.01             0.02       0.01        4.86          0.01      0.01      24.00          2
stp_nxt                   0.3098449E-02    0.01             0.03       0.02        9.37          0.01      0.01      24.00         19
iceupdate_tau             0.2867970E-02    0.01             0.01       0.01        4.35          0.01      0.00      24.00         11
ice_dyn_adv_pra_icemax4D  0.2695931E-02    0.01             0.00       0.00        1.73          0.01      0.00      48.00         11
ldf_tra                   0.2689479E-02    0.01             0.00       0.00        1.66          0.01      0.00      24.00         19
iceitd_rem                0.2593489E-02    0.01             0.02       0.02        8.93          0.02     -0.00      24.00         16
iceitd_reb                0.2436861E-02    0.01             0.02       0.02       10.26          0.01      0.00      48.00          4
sbc_wave_sglexe           0.2273164E-02    0.00             0.01       0.01        4.44          0.01      0.00      24.00          0
scripremap_dealloc        0.1999790E-02    0.00             0.00       0.00        1.05          0.01      0.00       8.00          0
ice_dyn_adv_pra_Hbig      0.1991535E-02    0.00             0.00       0.00        1.46          0.01      0.00      24.00         23
icethd                    0.1959941E-02    0.00             0.01       0.00        2.75          0.01      0.00      24.00          8
sbc_wstress               0.1880579E-02    0.00             0.01       0.01        4.72          0.01      0.00      24.00         20
stp_thermodyn             0.1695098E-02    0.00             0.01       0.01        5.31          0.00      0.00      24.00          8
scripremap_alloc          0.1658546E-02    0.00             0.01       0.00        3.08          0.01      0.00       8.00         18
stp_lateral               0.1572916E-02    0.00             0.01       0.01        5.17          0.00      0.00      24.00          8
ice_dyn_adv_pra_icemax3D  0.1202147E-02    0.00             0.00       0.00        2.72          0.01     -0.00      96.00         11
 
Maximum timing over all MPI tasks :
-----------------------------------
Section                   Elap. Time(s)  Elap. Time(%)  CPU Time(s)  CPU Time(%)  CPU/Elap      Freq      Max time task
nemo_init                 0.3670716E+01    8.00             5.14       4.28        1.40          1.00          0
scripremap_read_sgl       0.1060343E+01    2.31             1.49       1.24        1.41          8.00          0
tra_dmp                   0.8630301E+00    1.88             2.07       1.72        2.44         24.00          1
tra_adv_fct               0.6943939E+00    1.51             2.48       2.06        3.96         24.00         11
tra_ldf_iso               0.6519196E+00    1.42             2.33       1.94        3.94         24.00          7
tra_nxt                   0.5341219E+00    1.16             1.59       1.32        3.98         24.00         25
sbc_stokes                0.4830200E+00    1.05             1.88       1.57        3.96         24.00         14
nonosc                    0.4772788E+00    1.04             1.72       1.43        3.99         48.00         15
ldf_slp                   0.4611784E+00    1.00             1.76       1.47        3.98         24.00          9
iom_put_p3d_dp            0.4069182E+00    0.89             1.68       1.39        4.28        960.00         11
dyn_nxt                   0.3820783E+00    0.83             1.35       1.12        3.98         24.00          3
zdf_phy                   0.3761681E+00    0.82             1.25       1.04        4.08         24.00         19
icedyn_rhg                0.3647200E+00    0.79             1.42       1.18        3.95         24.00          9
dom_vvl_sf_swp            0.3577348E+00    0.78             1.30       1.08        3.93         24.00          6
dyn_spg_ts                0.3539306E+00    0.77             1.24       1.03        3.97         24.00         22
dia_hsb                   0.3423380E+00    0.75             1.18       0.98        3.93         24.00         19
dyn_vor                   0.3375638E+00    0.74             1.24       1.03        3.94         24.00          2
ldf_eiv_dia               0.2413679E+00    0.53             0.77       0.64        3.82         24.00         25
dom_vvl_sf_nxt            0.2042814E+00    0.44             0.74       0.62        3.74         48.00          0
zdf_tke_tke               0.1854947E+00    0.40             0.61       0.51        3.83         24.00         13
dia_wri                   0.1667970E+00    0.36             0.54       0.45        3.83         24.00         25
dyn_zdf                   0.1639093E+00    0.36             0.57       0.48        3.85         24.00          2
ice_dyn_adv_pra           0.1624658E+00    0.35             0.62       0.51        4.07         24.00         25
tra_zdf_imp               0.1581489E+00    0.34             0.51       0.42        3.73         24.00          0
div_hor                   0.1525071E+00    0.33             0.49       0.41        3.76         48.00          4
icestp                    0.1502688E+00    0.33             0.54       0.45        3.93         24.00         11
tra_qsr                   0.1422980E+00    0.31             0.53       0.44        3.99         24.00         16
parinter_write            0.1417109E+00    0.31             0.13       0.11        1.16          8.00         22
stp                       0.1326852E+00    0.29             0.41       0.34        3.61         24.00         12
dyn_ldf                   0.1199696E+00    0.26             0.40       0.34        4.00         24.00          6
stp_ctl                   0.1195877E+00    0.26             0.37       0.31        4.00         24.00         16
tmx_itf                   0.1060981E+00    0.23             0.38       0.32        4.00         24.00          9
ice_dyn_adv_pra_adv_y     0.1024368E+00    0.22             0.40       0.33        4.05        312.00          0
ldf_eiv_trp               0.1007570E+00    0.22             0.34       0.29        3.87         24.00          3
zdf_sh2                   0.9790718E-01    0.21             0.32       0.27        3.78         24.00          7
eos-pot                   0.9545687E-01    0.21             0.31       0.26        3.89         74.00         11
ldf_eiv                   0.9203694E-01    0.20             0.32       0.27        4.00         24.00          7
bn2                       0.9114460E-01    0.20             0.31       0.26        4.03         48.00         12
tra_adv                   0.9080565E-01    0.20             0.31       0.25        3.82         24.00          6
dyn_keg                   0.8952037E-01    0.20             0.31       0.26        4.00         24.00         19
wzv                       0.8903146E-01    0.19             0.31       0.26        4.03         48.00          0
dyn_zad                   0.8867119E-01    0.19             0.30       0.25        4.01         24.00         12
zdf_ddm                   0.8841534E-01    0.19             0.32       0.26        3.86         24.00         12
ice_dyn_adv_pra_adv_x     0.8707383E-01    0.19             0.34       0.28        4.14        312.00         10
rab_3d                    0.8597061E-01    0.19             0.26       0.21        3.95         48.00         12
icecor                    0.8423443E-01    0.18             0.22       0.19        3.82         48.00         10
zdf_tke_avn               0.7475172E-01    0.16             0.27       0.23        4.30         24.00          0
icedyn_rdgrft             0.6629942E-01    0.14             0.10       0.08        4.05         24.00         16
sbc_isf_div               0.6566047E-01    0.14             0.12       0.10        5.31         48.00         17
ice_thd_main              0.6218778E-01    0.14             0.15       0.13        3.96         24.00         18
ice_thd_jllopp            0.5977739E-01    0.13             0.06       0.05        3.30         24.00         16
zdf_tmx                   0.5749422E-01    0.13             0.20       0.16        3.78         24.00          1
dyn_hpg                   0.5453418E-01    0.12             0.19       0.16        4.02         24.00          1
parinter_fld_mult         0.5257053E-01    0.11             0.16       0.13        3.75        219.00         20
dia_hth                   0.5202572E-01    0.11             0.18       0.15        3.89         24.00         11
icewri                    0.4926165E-01    0.11             0.10       0.08        3.74         24.00         25
zdf_evd                   0.4556396E-01    0.10             0.12       0.10        3.06         24.00          9
stp_oceandyn              0.4390499E-01    0.10             0.23       0.19        6.14         24.00          4
sbc                       0.3832944E-01    0.08             0.12       0.10        3.52         24.00         19
zps_hde                   0.3779461E-01    0.08             0.11       0.09        4.16         24.00         22
stp_tracers               0.3078137E-01    0.07             0.11       0.09        3.97         24.00          6
ice_strengh               0.3049995E-01    0.07             0.06       0.05        4.27         24.00         24
nemogcmcoup_coupinit      0.2802651E-01    0.06             0.01       0.01        0.98          1.00         25
zdf_mxl                   0.2736829E-01    0.06             0.08       0.07        3.28         24.00          1
tra_bbl                   0.2724113E-01    0.06             0.09       0.07        3.85         24.00          6
sbc_hbp                   0.2718754E-01    0.06             0.10       0.08        4.06         24.00          7
sbc_sglcpl_ice_flx        0.2532438E-01    0.06             0.09       0.08        4.16         24.00          0
iceupdate_flx             0.2498528E-01    0.05             0.05       0.04        2.61         24.00          8
nemogcmcoup_lim2_get      0.2373339E-01    0.05             0.09       0.07        3.93         25.00         24
parinter_init             0.2296892E-01    0.05             0.03       0.03        1.54          8.00         21
dom_hgr                   0.2272989E-01    0.05             0.09       0.07        3.96          1.00         12
tra_zdf                   0.2218575E-01    0.05             0.07       0.06        5.22         24.00          9
nemogcmcoup_lim2_update   0.2145171E-01    0.05             0.08       0.07        4.30         24.00         24
nemogcmcoup_wam_coupinit  0.2055736E-01    0.04             0.02       0.02        2.41          1.00         19
sbc_rnf                   0.2029020E-01    0.04             0.07       0.06        4.00         24.00          0
tra_bbc                   0.1952430E-01    0.04             0.07       0.06        4.03         24.00          5
day                       0.1904371E-01    0.04             0.05       0.04        3.48         24.00         10
eos-insitu                0.1900337E-01    0.04             0.06       0.05        3.56         24.00         10
nemogcmcoup_wam_get       0.1432405E-01    0.03             0.04       0.03        4.27         24.00          2
eos2d                     0.1359098E-01    0.03             0.04       0.04        4.33         48.00          0
iom_put_pd2_dp            0.1343665E-01    0.03             0.11       0.09     *******       2280.00         11
parinter_read             0.1246909E-01    0.03             0.01       0.01        1.81          8.00          0
ssh_nxt                   0.1177574E-01    0.03             0.04       0.03        4.07         24.00         14
zdf_drg                   0.8559046E-02    0.02             0.02       0.02        4.33         24.00         22
ice_dyn                   0.8227959E-02    0.02             0.03       0.02        3.75         24.00          6
icedyn_adv                0.7844927E-02    0.02             0.04       0.03        4.98         24.00          0
tra_sbc                   0.7771085E-02    0.02             0.03       0.02        4.18         24.00         23
iceitd_rem                0.7312786E-02    0.02             0.02       0.02        8.93         24.00         16
rab_2d                    0.6976989E-02    0.02             0.02       0.02        4.41         24.00         17
nemogcmcoup_wam_update    0.6083575E-02    0.01             0.03       0.02        5.21         24.00          2
sbc_ssm                   0.5843883E-02    0.01             0.01       0.01        2.93         24.00          8
icealb                    0.5597568E-02    0.01             0.01       0.01        2.63         48.00         17
sbc_sglcpl_rcv            0.5070444E-02    0.01             0.02       0.01        4.23         24.00         21
iceitd_reb                0.4330013E-02    0.01             0.02       0.02       10.26         48.00          4
ldf_tra                   0.4178459E-02    0.01             0.00       0.00        1.66         24.00         19
stp_nxt                   0.3993353E-02    0.01             0.03       0.02        9.37         24.00         19
iceupdate_tau             0.3947804E-02    0.01             0.01       0.01        4.35         24.00         11
ice_thd_do                0.3845458E-02    0.01             0.00       0.00        3.03         24.00         17
nemogcmcoup_wam_update_s  0.3704215E-02    0.01             0.02       0.01        4.86         24.00          2
ice_dyn_adv_pra_icemax4D  0.3514008E-02    0.01             0.00       0.00        1.73         48.00         11
sbc_wstress               0.3211550E-02    0.01             0.01       0.01        4.72         24.00         20
ice_dyn_adv_pra_Hbig      0.3183103E-02    0.01             0.00       0.00        1.46         24.00         23
scripremap_alloc          0.3024362E-02    0.01             0.01       0.00        3.08          8.00         18
ice_dyn_adv_pra_icemax3D  0.2748049E-02    0.01             0.00       0.00        2.72         96.00         11
sbc_wave_sglexe           0.2719889E-02    0.01             0.01       0.01        4.44         24.00          0
icethd                    0.2590541E-02    0.01             0.01       0.00        2.75         24.00          8
zdf_drg_exp               0.2524150E-02    0.01             0.00       0.00        1.56         24.00         14
scripremap_dealloc        0.2406346E-02    0.01             0.00       0.00        1.05          8.00          0
stp_thermodyn             0.2131121E-02    0.00             0.01       0.01        5.31         24.00          8
stp_lateral               0.2078805E-02    0.00             0.01       0.01        5.17         24.00          8
ssh_swp                   0.1446878E-02    0.00             0.01       0.00        5.87         24.00          5
stp_diag                  0.1068643E-02    0.00             0.00       0.00        3.10         24.00         19
dia_ar5                   0.1062364E-02    0.00             0.00       0.00        2.94         24.00         18
 
Averaged CPU time on all processors :
-------------------------------------
Section                   CPU Time(s)  CPU Time(%)    Elap. Time(s) Elap. Time(%) CPU/Elap
nemo_init                 0.5143110E+01    4.28             3.67       7.99        1.40
tra_adv_fct               0.2478345E+01    2.06             0.63       1.36        3.96
tra_ldf_iso               0.2334110E+01    1.94             0.59       1.29        3.94
tra_dmp                   0.2065535E+01    1.72             0.85       1.85        2.44
sbc_stokes                0.1882783E+01    1.57             0.48       1.03        3.96
ldf_slp                   0.1762696E+01    1.47             0.44       0.97        3.98
nonosc                    0.1717001E+01    1.43             0.43       0.94        3.99
iom_put_p3d_dp            0.1675922E+01    1.39             0.39       0.85        4.28
tra_nxt                   0.1589039E+01    1.32             0.40       0.87        3.98
scripremap_read_sgl       0.1486285E+01    1.24             1.05       2.29        1.41
icedyn_rhg                0.1420993E+01    1.18             0.36       0.78        3.95
dyn_nxt                   0.1351663E+01    1.12             0.34       0.74        3.98
dom_vvl_sf_swp            0.1295062E+01    1.08             0.33       0.72        3.93
zdf_phy                   0.1248605E+01    1.04             0.31       0.67        4.08
dyn_spg_ts                0.1238979E+01    1.03             0.31       0.68        3.97
dyn_vor                   0.1238964E+01    1.03             0.31       0.69        3.94
dia_hsb                   0.1177036E+01    0.98             0.30       0.65        3.93
ldf_eiv_dia               0.7735261E+00    0.64             0.20       0.44        3.82
dom_vvl_sf_nxt            0.7420821E+00    0.62             0.20       0.43        3.74
ice_dyn_adv_pra           0.6163123E+00    0.51             0.15       0.33        4.07
zdf_tke_tke               0.6107900E+00    0.51             0.16       0.35        3.83
dyn_zdf                   0.5725145E+00    0.48             0.15       0.32        3.85
icestp                    0.5422453E+00    0.45             0.14       0.30        3.93
dia_wri                   0.5391840E+00    0.45             0.14       0.31        3.83
tra_qsr                   0.5310294E+00    0.44             0.13       0.29        3.99
tra_zdf_imp               0.5079185E+00    0.42             0.14       0.30        3.73
div_hor                   0.4884225E+00    0.41             0.13       0.28        3.76
stp                       0.4133150E+00    0.34             0.11       0.25        3.61
dyn_ldf                   0.4036077E+00    0.34             0.10       0.22        4.00
ice_dyn_adv_pra_adv_y     0.3975373E+00    0.33             0.10       0.21        4.05
tmx_itf                   0.3843623E+00    0.32             0.10       0.21        4.00
stp_ctl                   0.3692994E+00    0.31             0.09       0.20        4.00
ldf_eiv_trp               0.3448516E+00    0.29             0.09       0.19        3.87
ice_dyn_adv_pra_adv_x     0.3417046E+00    0.28             0.08       0.18        4.14
zdf_sh2                   0.3235529E+00    0.27             0.09       0.19        3.78
ldf_eiv                   0.3223241E+00    0.27             0.08       0.18        4.00
zdf_ddm                   0.3178666E+00    0.26             0.08       0.18        3.86
bn2                       0.3142274E+00    0.26             0.08       0.17        4.03
wzv                       0.3123779E+00    0.26             0.08       0.17        4.03
eos-pot                   0.3096132E+00    0.26             0.08       0.17        3.89
dyn_keg                   0.3091648E+00    0.26             0.08       0.17        4.00
tra_adv                   0.3053001E+00    0.25             0.08       0.17        3.82
dyn_zad                   0.3027866E+00    0.25             0.08       0.16        4.01
zdf_tke_avn               0.2736890E+00    0.23             0.06       0.14        4.30
rab_3d                    0.2555126E+00    0.21             0.06       0.14        3.95
stp_oceandyn              0.2339057E+00    0.19             0.04       0.08        6.14
icecor                    0.2242644E+00    0.19             0.06       0.13        3.82
zdf_tmx                   0.1981606E+00    0.16             0.05       0.11        3.78
dyn_hpg                   0.1947763E+00    0.16             0.05       0.11        4.02
dia_hth                   0.1805640E+00    0.15             0.05       0.10        3.89
parinter_fld_mult         0.1584165E+00    0.13             0.04       0.09        3.75
ice_thd_main              0.1509100E+00    0.13             0.04       0.08        3.96
parinter_write            0.1341981E+00    0.11             0.12       0.25        1.16
zdf_evd                   0.1233023E+00    0.10             0.04       0.09        3.06
sbc                       0.1224885E+00    0.10             0.03       0.08        3.52
sbc_isf_div               0.1223102E+00    0.10             0.02       0.05        5.31
stp_tracers               0.1128282E+00    0.09             0.03       0.06        3.97
zps_hde                   0.1119373E+00    0.09             0.03       0.06        4.16
icewri                    0.1002895E+00    0.08             0.03       0.06        3.74
sbc_hbp                   0.9944404E-01    0.08             0.02       0.05        4.06
icedyn_rdgrft             0.9665569E-01    0.08             0.02       0.05        4.05
sbc_sglcpl_ice_flx        0.9382892E-01    0.08             0.02       0.05        4.16
tra_bbl                   0.8972138E-01    0.07             0.02       0.05        3.85
nemogcmcoup_lim2_get      0.8874715E-01    0.07             0.02       0.05        3.93
dom_hgr                   0.8796073E-01    0.07             0.02       0.05        3.96
zdf_mxl                   0.8107538E-01    0.07             0.02       0.05        3.28
nemogcmcoup_lim2_update   0.8007088E-01    0.07             0.02       0.04        4.30
sbc_rnf                   0.7496531E-01    0.06             0.02       0.04        4.00
tra_zdf                   0.7329304E-01    0.06             0.01       0.03        5.22
tra_bbc                   0.6689623E-01    0.06             0.02       0.04        4.03
eos-insitu                0.6110527E-01    0.05             0.02       0.04        3.56
ice_thd_jllopp            0.5829346E-01    0.05             0.02       0.04        3.30
ice_strengh               0.5656442E-01    0.05             0.01       0.03        4.27
iceupdate_flx             0.4856827E-01    0.04             0.02       0.04        2.61
day                       0.4835762E-01    0.04             0.01       0.03        3.48
eos2d                     0.4256712E-01    0.04             0.01       0.02        4.33
ssh_nxt                   0.4082846E-01    0.03             0.01       0.02        4.07
nemogcmcoup_wam_get       0.3633604E-01    0.03             0.01       0.02        4.27
icedyn_adv                0.3599788E-01    0.03             0.01       0.02        4.98
parinter_init             0.3432919E-01    0.03             0.02       0.05        1.54
stp_nxt                   0.2904088E-01    0.02             0.00       0.01        9.37
tra_sbc                   0.2823808E-01    0.02             0.01       0.01        4.18
ice_dyn                   0.2745658E-01    0.02             0.01       0.02        3.75
nemogcmcoup_wam_update    0.2716754E-01    0.02             0.01       0.01        5.21
iceitd_reb                0.2499500E-01    0.02             0.00       0.01       10.26
iceitd_rem                0.2316512E-01    0.02             0.00       0.01        8.93
nemogcmcoup_wam_coupinit  0.2242565E-01    0.02             0.01       0.02        2.41
zdf_drg                   0.2158931E-01    0.02             0.00       0.01        4.33
rab_2d                    0.1866965E-01    0.02             0.00       0.01        4.41
nemogcmcoup_wam_update_s  0.1621196E-01    0.01             0.00       0.01        4.86
sbc_sglcpl_rcv            0.1560338E-01    0.01             0.00       0.01        4.23
sbc_ssm                   0.1332215E-01    0.01             0.00       0.01        2.93
nemogcmcoup_coupinit      0.1285215E-01    0.01             0.01       0.03        0.98
iceupdate_tau             0.1247062E-01    0.01             0.00       0.01        4.35
icealb                    0.1192250E-01    0.01             0.00       0.01        2.63
sbc_wave_sglexe           0.1008200E-01    0.01             0.00       0.00        4.44
stp_thermodyn             0.8997731E-02    0.01             0.00       0.00        5.31
sbc_wstress               0.8867769E-02    0.01             0.00       0.00        4.72
stp_lateral               0.8125192E-02    0.01             0.00       0.00        5.17
parinter_read             0.6969000E-02    0.01             0.00       0.01        1.81
icethd                    0.5388615E-02    0.00             0.00       0.00        2.75
scripremap_alloc          0.5103692E-02    0.00             0.00       0.00        3.08
ice_dyn_adv_pra_icemax4D  0.4661038E-02    0.00             0.00       0.01        1.73
ldf_tra                   0.4464154E-02    0.00             0.00       0.01        1.66
ice_dyn_adv_pra_icemax3D  0.3272769E-02    0.00             0.00       0.00        2.72
ice_dyn_adv_pra_Hbig      0.2906577E-02    0.00             0.00       0.00        1.46
scripremap_dealloc        0.2105077E-02    0.00             0.00       0.00        1.05
 
Averaged inclusive timing on all processors :
---------------------------------------------
Section                   Elap. Time(s)  Elap. Time(%)  CPU Time(s)  CPU Time(%)  CPU/Elap Max elap(%)  Min elap(%)  Freq      Max time task
stp                       0.1035866E+02   22.56            39.72      33.03        3.83          0.29      0.19      24.00         12
nemo_init                 0.3689515E+01    8.04             5.23       4.35        1.42          8.00      7.99       1.00          0
stp_tracers               0.3256605E+01    7.09            11.56       9.61        3.55          0.07      0.06      24.00          6
sbc                       0.1708919E+01    3.72             6.77       5.63        3.96          0.08      0.07      24.00         19
stp_oceandyn              0.1585831E+01    3.45             6.30       5.24        3.98          0.10      0.07      24.00          4
tra_adv                   0.1452029E+01    3.16             5.71       4.75        3.94          0.20      0.16      24.00          6
stp_nxt                   0.1371885E+01    2.99             5.45       4.53        3.98          0.01      0.01      24.00         19
icestp                    0.1100648E+01    2.40             4.36       3.62        3.96          0.33      0.27      24.00         11
tra_adv_fct               0.1057518E+01    2.30             4.20       3.49        3.97          1.51      1.26      24.00         11
scripremap_read_sgl       0.1055113E+01    2.30             1.49       1.24        1.41          2.31      2.28       8.00          0
zdf_phy                   0.9281207E+00    2.02             3.68       3.06        3.97          0.82      0.53      24.00         19
nemogcmcoup_coupinit      0.8948738E+00    1.95             0.83       0.69        0.93          0.06      0.01       1.00         25
tra_dmp                   0.8478085E+00    1.85             2.07       1.72        2.44          1.88      1.80      24.00          1
ice_dyn                   0.7658850E+00    1.67             3.03       2.52        3.95          0.02      0.01      24.00          6
stp_lateral               0.5947578E+00    1.30             2.36       1.96        3.97          0.00      0.00      24.00          8
tra_ldf_iso               0.5919935E+00    1.29             2.33       1.94        3.94          1.42      1.12      24.00          7
dia_wri                   0.4924651E+00    1.07             1.96       1.63        3.98          0.36      0.26      24.00         25
sbc_wave_sglexe           0.4861961E+00    1.06             1.94       1.61        3.98          0.01      0.00      24.00          0
sbc_stokes                0.4836946E+00    1.05             1.93       1.60        3.98          1.05      1.02      24.00         14
ldf_slp                   0.4435906E+00    0.97             1.76       1.47        3.97          1.00      0.94      24.00          9
nonosc                    0.4306994E+00    0.94             1.72       1.43        3.99          1.04      0.79      48.00         15
iom_put_p3d_dp            0.4006389E+00    0.87             1.68       1.39        4.18          0.89      0.81     960.00         11
tra_nxt                   0.3995554E+00    0.87             1.59       1.32        3.98          1.16      0.65      24.00         25
icedyn_rhg                0.3732555E+00    0.81             1.48       1.23        3.96          0.79      0.76      24.00          9
icedyn_adv                0.3535068E+00    0.77             1.40       1.17        3.97          0.02      0.01      24.00          0
ice_dyn_adv_pra           0.3460488E+00    0.75             1.37       1.14        3.95          0.35      0.32      24.00         25
dyn_nxt                   0.3402374E+00    0.74             1.35       1.12        3.97          0.83      0.64      24.00          3
dom_vvl_sf_swp            0.3300783E+00    0.72             1.30       1.08        3.92          0.78      0.68      24.00          6
nemogcmcoup_wam_coupinit  0.3265650E+00    0.71             0.87       0.73        2.68          0.04      0.00       1.00         19
dyn_vor                   0.3146914E+00    0.69             1.24       1.03        3.94          0.74      0.64      24.00          2
dyn_spg_ts                0.3125657E+00    0.68             1.24       1.03        3.97          0.77      0.61      24.00         22
ldf_eiv_trp               0.3063225E+00    0.67             1.18       0.98        3.85          0.22      0.16      24.00          3
dia_hsb                   0.2975407E+00    0.65             1.18       0.98        3.98          0.75      0.60      24.00         19
ldf_eiv_dia               0.2170534E+00    0.47             0.83       0.69        3.85          0.53      0.37      24.00         25
dom_vvl_sf_nxt            0.1990183E+00    0.43             0.74       0.62        3.73          0.44      0.42      48.00          0
zdf_tke_tke               0.1595717E+00    0.35             0.61       0.51        3.83          0.40      0.31      24.00         13
div_hor                   0.1537641E+00    0.33             0.61       0.51        3.99          0.33      0.20      48.00          4
zdf_tmx                   0.1523603E+00    0.33             0.60       0.50        3.96          0.13      0.10      24.00          1
tra_zdf                   0.1508279E+00    0.33             0.58       0.48        3.85          0.05      0.02      24.00          9
dyn_zdf                   0.1501614E+00    0.33             0.57       0.48        3.82          0.36      0.28      24.00          2
stp_thermodyn             0.1454766E+00    0.32             0.58       0.48        3.98          0.00      0.00      24.00          8
tra_zdf_imp               0.1365625E+00    0.30             0.51       0.42        3.72          0.34      0.25      24.00          0
tra_qsr                   0.1334271E+00    0.29             0.53       0.44        3.98          0.31      0.27      24.00         16
icethd                    0.1170378E+00    0.25             0.47       0.39        3.98          0.01      0.00      24.00          8
parinter_write            0.1156019E+00    0.25             0.13       0.11        1.16          0.31      0.16       8.00         22
ice_dyn_adv_pra_adv_y     0.1011948E+00    0.22             0.40       0.33        3.93          0.22      0.20     312.00          0
dyn_ldf                   0.1011221E+00    0.22             0.40       0.34        3.99          0.26      0.16      24.00          6
tmx_itf                   0.9636986E-01    0.21             0.38       0.32        3.99          0.23      0.18      24.00          9
ldf_tra                   0.9451871E-01    0.21             0.38       0.31        3.99          0.01      0.00      24.00         19
stp_ctl                   0.9262220E-01    0.20             0.37       0.31        3.99          0.26      0.16      24.00         16
ssh_nxt                   0.8621809E-01    0.19             0.34       0.29        3.99          0.03      0.02      24.00         14
zdf_sh2                   0.8578001E-01    0.19             0.32       0.27        3.77          0.21      0.15      24.00          7
ice_dyn_adv_pra_adv_x     0.8555222E-01    0.19             0.34       0.28        3.99          0.19      0.17     312.00         10
zdf_ddm                   0.8262395E-01    0.18             0.32       0.26        3.85          0.19      0.17      24.00         12
ldf_eiv                   0.8071395E-01    0.18             0.32       0.27        3.99          0.20      0.14      24.00          7
eos-pot                   0.8030207E-01    0.17             0.31       0.26        3.86          0.21      0.15      74.00         11
bn2                       0.7845256E-01    0.17             0.31       0.26        4.01          0.20      0.15      48.00         12
wzv                       0.7796462E-01    0.17             0.31       0.26        4.01          0.19      0.15      48.00          0
dyn_keg                   0.7744118E-01    0.17             0.31       0.26        3.99          0.20      0.15      24.00         19
dyn_zad                   0.7579268E-01    0.17             0.30       0.25        3.99          0.19      0.14      24.00         12
rab_3d                    0.6510051E-01    0.14             0.26       0.21        3.92          0.19      0.11      48.00         12
zdf_tke_avn               0.6393499E-01    0.14             0.27       0.23        4.28          0.16      0.12      24.00          0
icecor                    0.6209646E-01    0.14             0.25       0.21        4.01          0.18      0.02      48.00         10
sbc_hbp                   0.5739545E-01    0.13             0.23       0.19        3.99          0.06      0.05      24.00          7
dia_hth                   0.5123282E-01    0.11             0.20       0.17        3.99          0.11      0.09      24.00         11
dyn_hpg                   0.4865180E-01    0.11             0.19       0.16        4.00          0.12      0.09      24.00          1
zdf_evd                   0.4658410E-01    0.10             0.19       0.15        3.99          0.10      0.07      24.00          9
parinter_fld_mult         0.4431411E-01    0.10             0.16       0.13        3.57          0.11      0.07     219.00         20
nemogcmcoup_lim2_update   0.3986244E-01    0.09             0.16       0.13        4.00          0.05      0.03      24.00         24
ice_thd_main              0.3833530E-01    0.08             0.15       0.13        3.94          0.14      0.00      24.00         18
zps_hde                   0.3744703E-01    0.08             0.15       0.13        4.13          0.08      0.04      24.00         22
icewri                    0.3288891E-01    0.07             0.13       0.11        4.01          0.11      0.03      24.00         25
nemogcmcoup_lim2_get      0.2998526E-01    0.07             0.11       0.09        3.61          0.05      0.05      25.00         24
tra_bbl                   0.2753943E-01    0.06             0.11       0.09        4.01          0.06      0.05      24.00          6
zdf_mxl                   0.2543874E-01    0.06             0.10       0.08        3.86          0.06      0.05      24.00          1
icedyn_rdgrft             0.2410980E-01    0.05             0.10       0.08        4.01          0.14      0.01      24.00         16
sbc_isf_div               0.2347135E-01    0.05             0.12       0.10        5.21          0.14     -0.00      48.00         17
sbc_sglcpl_ice_flx        0.2283669E-01    0.05             0.10       0.08        4.19          0.06      0.05      24.00          0
parinter_init             0.2236860E-01    0.05             0.03       0.03        1.53          0.05      0.05       8.00         21
dom_hgr                   0.2224730E-01    0.05             0.09       0.07        3.95          0.05      0.05       1.00         12
sbc_rnf                   0.1886212E-01    0.04             0.08       0.06        4.01          0.04      0.04      24.00          0
ice_thd_jllopp            0.1786723E-01    0.04             0.06       0.05        3.26          0.13     -0.00      24.00         16
eos-insitu                0.1740007E-01    0.04             0.06       0.05        3.51          0.04      0.03      24.00         10
iceupdate_flx             0.1686604E-01    0.04             0.07       0.06        4.03          0.05      0.03      24.00          8
tra_bbc                   0.1683133E-01    0.04             0.07       0.06        4.03          0.04      0.03      24.00          5
day                       0.1411980E-01    0.03             0.05       0.04        3.42          0.04      0.01      24.00         10
ice_strengh               0.1347846E-01    0.03             0.06       0.05        4.20          0.07      0.01      24.00         24
nemogcmcoup_wam_get       0.1047863E-01    0.02             0.04       0.04        4.06          0.03      0.01      24.00          2
eos2d                     0.1029259E-01    0.02             0.04       0.04        4.14          0.03      0.01      48.00          0
nemogcmcoup_wam_update    0.7507092E-02    0.02             0.03       0.03        4.47          0.01      0.01      24.00          2
tra_sbc                   0.6989312E-02    0.02             0.03       0.02        4.04          0.02      0.01      24.00         23
zdf_drg                   0.5211378E-02    0.01             0.02       0.02        4.14          0.02      0.00      24.00         22
icealb                    0.4996885E-02    0.01             0.01       0.01        2.39          0.01      0.01      48.00         17
sbc_ssm                   0.4498361E-02    0.01             0.02       0.02        4.18          0.01      0.01      24.00          8
rab_2d                    0.4462592E-02    0.01             0.02       0.02        4.18          0.02      0.01      24.00         17
nemogcmcoup_wam_update_s  0.4453167E-02    0.01             0.02       0.02        4.36          0.01      0.01      24.00          2
parinter_read             0.3936683E-02    0.01             0.01       0.01        1.77          0.03      0.00       8.00          0
sbc_sglcpl_rcv            0.3818734E-02    0.01             0.02       0.01        4.22          0.01      0.01      24.00         21
ice_dyn_adv_pra_icemax4D  0.3152793E-02    0.01             0.00       0.00        1.48          0.01      0.00      48.00         11
iceupdate_tau             0.3096401E-02    0.01             0.01       0.01        4.03          0.01      0.00      24.00         11
iceitd_reb                0.2893724E-02    0.01             0.02       0.02        8.64          0.01      0.00      48.00          4
iceitd_rem                0.2821921E-02    0.01             0.02       0.02        8.21          0.02     -0.00      24.00         16
ice_dyn_adv_pra_Hbig      0.2219967E-02    0.00             0.00       0.00        1.31          0.01      0.00      24.00         23
ice_dyn_adv_pra_icemax3D  0.2115872E-02    0.00             0.00       0.00        1.55          0.01     -0.00      96.00         11
sbc_wstress               0.2109010E-02    0.00             0.01       0.01        4.20          0.01      0.00      24.00         20
scripremap_dealloc        0.1942876E-02    0.00             0.00       0.00        1.14          0.01      0.00       8.00          0
scripremap_alloc          0.1667549E-02    0.00             0.01       0.00        3.12          0.01      0.00       8.00         18
 
Averaged inclusive CPU time on all processors :
-----------------------------------------------
Section                   CPU Time(s)  CPU Time(%)    Elap. Time(s) Elap. Time(%) CPU/Elap
stp                       0.4133150E+00    0.34             0.11       0.25        3.61
stp_tracers               0.1128282E+00    0.09             0.03       0.06        3.97
sbc                       0.1224885E+00    0.10             0.03       0.08        3.52
stp_oceandyn              0.2339057E+00    0.19             0.04       0.08        6.14
tra_adv                   0.3053001E+00    0.25             0.08       0.17        3.82
stp_nxt                   0.2904088E-01    0.02             0.00       0.01        9.37
nemo_init                 0.5143110E+01    4.28             3.67       7.99        1.40
icestp                    0.5422453E+00    0.45             0.14       0.30        3.93
tra_adv_fct               0.2478345E+01    2.06             0.63       1.36        3.96
zdf_phy                   0.1248605E+01    1.04             0.31       0.67        4.08
ice_dyn                   0.2745658E-01    0.02             0.01       0.02        3.75
stp_lateral               0.8125192E-02    0.01             0.00       0.00        5.17
tra_ldf_iso               0.2334110E+01    1.94             0.59       1.29        3.94
tra_dmp                   0.2065535E+01    1.72             0.85       1.85        2.44
dia_wri                   0.5391840E+00    0.45             0.14       0.31        3.83
sbc_wave_sglexe           0.1008200E-01    0.01             0.00       0.00        4.44
sbc_stokes                0.1882783E+01    1.57             0.48       1.03        3.96
ldf_slp                   0.1762696E+01    1.47             0.44       0.97        3.98
nonosc                    0.1717001E+01    1.43             0.43       0.94        3.99
iom_put_p3d_dp            0.1675922E+01    1.39             0.39       0.85        4.28
tra_nxt                   0.1589039E+01    1.32             0.40       0.87        3.98
scripremap_read_sgl       0.1486285E+01    1.24             1.05       2.29        1.41
icedyn_rhg                0.1420993E+01    1.18             0.36       0.78        3.95
icedyn_adv                0.3599788E-01    0.03             0.01       0.02        4.98
ice_dyn_adv_pra           0.6163123E+00    0.51             0.15       0.33        4.07
dyn_nxt                   0.1351663E+01    1.12             0.34       0.74        3.98
dom_vvl_sf_swp            0.1295062E+01    1.08             0.33       0.72        3.93
dyn_spg_ts                0.1238979E+01    1.03             0.31       0.68        3.97
dyn_vor                   0.1238964E+01    1.03             0.31       0.69        3.94
dia_hsb                   0.1177036E+01    0.98             0.30       0.65        3.93
ldf_eiv_trp               0.3448516E+00    0.29             0.09       0.19        3.87
nemogcmcoup_wam_coupinit  0.2242565E-01    0.02             0.01       0.02        2.41
ldf_eiv_dia               0.7735261E+00    0.64             0.20       0.44        3.82
nemogcmcoup_coupinit      0.1285215E-01    0.01             0.01       0.03        0.98
dom_vvl_sf_nxt            0.7420821E+00    0.62             0.20       0.43        3.74
div_hor                   0.4884225E+00    0.41             0.13       0.28        3.76
zdf_tke_tke               0.6107900E+00    0.51             0.16       0.35        3.83
zdf_tmx                   0.1981606E+00    0.16             0.05       0.11        3.78
tra_zdf                   0.7329304E-01    0.06             0.01       0.03        5.22
stp_thermodyn             0.8997731E-02    0.01             0.00       0.00        5.31
dyn_zdf                   0.5725145E+00    0.48             0.15       0.32        3.85
tra_qsr                   0.5310294E+00    0.44             0.13       0.29        3.99
tra_zdf_imp               0.5079185E+00    0.42             0.14       0.30        3.73
icethd                    0.5388615E-02    0.00             0.00       0.00        2.75
dyn_ldf                   0.4036077E+00    0.34             0.10       0.22        4.00
ice_dyn_adv_pra_adv_y     0.3975373E+00    0.33             0.10       0.21        4.05
tmx_itf                   0.3843623E+00    0.32             0.10       0.21        4.00
ldf_tra                   0.4464154E-02    0.00             0.00       0.01        1.66
stp_ctl                   0.3692994E+00    0.31             0.09       0.20        4.00
ssh_nxt                   0.4082846E-01    0.03             0.01       0.02        4.07
ice_dyn_adv_pra_adv_x     0.3417046E+00    0.28             0.08       0.18        4.14
zdf_sh2                   0.3235529E+00    0.27             0.09       0.19        3.78
ldf_eiv                   0.3223241E+00    0.27             0.08       0.18        4.00
zdf_ddm                   0.3178666E+00    0.26             0.08       0.18        3.86
bn2                       0.3142274E+00    0.26             0.08       0.17        4.03
wzv                       0.3123779E+00    0.26             0.08       0.17        4.03
eos-pot                   0.3096132E+00    0.26             0.08       0.17        3.89
dyn_keg                   0.3091648E+00    0.26             0.08       0.17        4.00
dyn_zad                   0.3027866E+00    0.25             0.08       0.16        4.01
zdf_tke_avn               0.2736890E+00    0.23             0.06       0.14        4.30
rab_3d                    0.2555126E+00    0.21             0.06       0.14        3.95
icecor                    0.2242644E+00    0.19             0.06       0.13        3.82
sbc_hbp                   0.9944404E-01    0.08             0.02       0.05        4.06
dia_hth                   0.1805640E+00    0.15             0.05       0.10        3.89
dyn_hpg                   0.1947763E+00    0.16             0.05       0.11        4.02
zdf_evd                   0.1233023E+00    0.10             0.04       0.09        3.06
nemogcmcoup_lim2_update   0.8007088E-01    0.07             0.02       0.04        4.30
parinter_fld_mult         0.1584165E+00    0.13             0.04       0.09        3.75
zps_hde                   0.1119373E+00    0.09             0.03       0.06        4.16
ice_thd_main              0.1509100E+00    0.13             0.04       0.08        3.96
parinter_write            0.1341981E+00    0.11             0.12       0.25        1.16
icewri                    0.1002895E+00    0.08             0.03       0.06        3.74
sbc_isf_div               0.1223102E+00    0.10             0.02       0.05        5.31
tra_bbl                   0.8972138E-01    0.07             0.02       0.05        3.85
nemogcmcoup_lim2_get      0.8874715E-01    0.07             0.02       0.05        3.93
zdf_mxl                   0.8107538E-01    0.07             0.02       0.05        3.28
icedyn_rdgrft             0.9665569E-01    0.08             0.02       0.05        4.05
sbc_sglcpl_ice_flx        0.9382892E-01    0.08             0.02       0.05        4.16
dom_hgr                   0.8796073E-01    0.07             0.02       0.05        3.96
sbc_rnf                   0.7496531E-01    0.06             0.02       0.04        4.00
iceupdate_flx             0.4856827E-01    0.04             0.02       0.04        2.61
tra_bbc                   0.6689623E-01    0.06             0.02       0.04        4.03
eos-insitu                0.6110527E-01    0.05             0.02       0.04        3.56
ice_thd_jllopp            0.5829346E-01    0.05             0.02       0.04        3.30
ice_strengh               0.5656442E-01    0.05             0.01       0.03        4.27
day                       0.4835762E-01    0.04             0.01       0.03        3.48
eos2d                     0.4256712E-01    0.04             0.01       0.02        4.33
nemogcmcoup_wam_get       0.3633604E-01    0.03             0.01       0.02        4.27
parinter_init             0.3432919E-01    0.03             0.02       0.05        1.54
nemogcmcoup_wam_update    0.2716754E-01    0.02             0.01       0.01        5.21
tra_sbc                   0.2823808E-01    0.02             0.01       0.01        4.18
iceitd_reb                0.2499500E-01    0.02             0.00       0.01       10.26
iceitd_rem                0.2316512E-01    0.02             0.00       0.01        8.93
zdf_drg                   0.2158931E-01    0.02             0.00       0.01        4.33
nemogcmcoup_wam_update_s  0.1621196E-01    0.01             0.00       0.01        4.86
sbc_ssm                   0.1332215E-01    0.01             0.00       0.01        2.93
rab_2d                    0.1866965E-01    0.02             0.00       0.01        4.41
sbc_sglcpl_rcv            0.1560338E-01    0.01             0.00       0.01        4.23
iceupdate_tau             0.1247062E-01    0.01             0.00       0.01        4.35
icealb                    0.1192250E-01    0.01             0.00       0.01        2.63
sbc_wstress               0.8867769E-02    0.01             0.00       0.00        4.72
parinter_read             0.6969000E-02    0.01             0.00       0.01        1.81
scripremap_alloc          0.5103692E-02    0.00             0.00       0.00        3.08
ice_dyn_adv_pra_icemax4D  0.4661038E-02    0.00             0.00       0.01        1.73
ice_dyn_adv_pra_icemax3D  0.3272769E-02    0.00             0.00       0.00        2.72
ice_dyn_adv_pra_Hbig      0.2906577E-02    0.00             0.00       0.00        1.46
scripremap_dealloc        0.2105077E-02    0.00             0.00       0.00        1.05
 
 MPI summary report :
 --------------------

 Process Rank | Elapsed Time (s) | CPU Time (s) | Ratio CPU/Elapsed
 -------------|------------------|--------------|------------------
         0    |      45.907      |     116.540  |      2.539
         1    |      45.907      |     120.204  |      2.618
         2    |      45.907      |     120.315  |      2.621
         3    |      45.908      |     120.163  |      2.617
         4    |      45.907      |     120.264  |      2.620
         5    |      45.906      |     120.322  |      2.621
         6    |      45.907      |     120.279  |      2.620
         7    |      45.907      |     120.213  |      2.619
         8    |      45.906      |     120.353  |      2.622
         9    |      45.906      |     120.258  |      2.620
        10    |      45.906      |     120.253  |      2.620
        11    |      45.906      |     120.236  |      2.619
        12    |      45.907      |     120.338  |      2.621
        13    |      45.906      |     120.561  |      2.626
        14    |      45.905      |     120.357  |      2.622
        15    |      45.905      |     120.529  |      2.626
        16    |      45.906      |     120.522  |      2.625
        17    |      45.906      |     120.460  |      2.624
        18    |      45.906      |     121.147  |      2.639
        19    |      45.905      |     121.106  |      2.638
        20    |      45.905      |     120.457  |      2.624
        21    |      45.905      |     120.423  |      2.623
        22    |      45.905      |     120.472  |      2.624
        23    |      45.905      |     120.345  |      2.622
        24    |      45.905      |     120.477  |      2.624
        25    |      45.905      |     120.509  |      2.625
 -------------|------------------|--------------|------------------
 Total        |    1193.556      |    3127.103  |      2.620
 -------------|------------------|--------------|------------------
 Minimum      |      45.905      |     116.540  |      2.539
 -------------|------------------|--------------|------------------
 Maximum      |      45.908      |     121.147  |      2.639
 -------------|------------------|--------------|------------------
 Average      |      45.906      |     120.273  |      2.620
 
 Detailed timing for proc :           0
 --------------------------
 Section                     Elapsed Time (s)  Elapsed Time (%)  CPU Time(s)  
 CPU Time (%)  CPU/Elapsed  Frequency
 nemo_init                          3.671             7.996        3.913         3.357        1.066          1
 scripremap_read_sgl                1.060             2.310        0.653         0.560        0.616          8
 tra_dmp                            0.860             1.873        1.738         1.491        2.022         24
 tra_adv_fct                        0.686             1.494        2.710         2.325        3.950         24
 tra_ldf_iso                        0.642             1.399        2.541         2.181        3.958         24
 sbc_stokes                         0.482             1.050        1.911         1.640        3.964         24
 ldf_slp                            0.449             0.978        1.783         1.530        3.972         24
 iom_put_p3d_dp                     0.407             0.886        1.702         1.461        4.186        960
 tra_nxt                            0.387             0.842        1.537         1.318        3.974         24
 icedyn_rhg                         0.362             0.789        1.430         1.227        3.948         24
 nonosc                             0.361             0.787        1.441         1.236        3.987         48
 dom_vvl_sf_swp                     0.329             0.716        1.288         1.105        3.916         24
 dyn_vor                            0.324             0.705        1.268         1.088        3.919         24
 dyn_nxt                            0.311             0.677        1.235         1.059        3.971         24
 dia_hsb                            0.283             0.616        1.112         0.955        3.935         24
 dyn_spg_ts                         0.280             0.611        1.111         0.954        3.963         24
 zdf_phy                            0.259             0.564        1.073         0.921        4.144         24
 dom_vvl_sf_nxt                     0.204             0.445        0.757         0.650        3.706         48
 ldf_eiv_dia                        0.179             0.390        0.688         0.590        3.848         24
 zdf_tke_tke                        0.166             0.363        0.645         0.554        3.876         24
 dyn_zdf                            0.163             0.356        0.626         0.537        3.832         24
 tra_zdf_imp                        0.158             0.345        0.595         0.510        3.759         24
 ice_dyn_adv_pra                    0.147             0.320        0.607         0.520        4.133         24
 div_hor                            0.145             0.317        0.585         0.502        4.022         48
 icestp                             0.140             0.304        0.552         0.474        3.954         24
 tra_qsr                            0.127             0.277        0.506         0.434        3.985         24
 dia_wri                            0.121             0.263        0.469         0.403        3.890         24
 stp                                0.115             0.251        0.435         0.373        3.771         24
 dyn_ldf                            0.107             0.233        0.427         0.367        3.990         24
 ice_dyn_adv_pra_adv_y              0.102             0.223        0.412         0.354        4.024        312
 tmx_itf                            0.101             0.221        0.404         0.346        3.982         24
 parinter_write                     0.100             0.218        0.109         0.093        1.084          8
 ldf_eiv_trp                        0.100             0.217        0.386         0.331        3.877         24
 zdf_sh2                            0.094             0.204        0.350         0.300        3.731         24
 stp_ctl                            0.093             0.202        0.368         0.316        3.971         24
 wzv                                0.089             0.194        0.356         0.306        4.002         48
 ice_dyn_adv_pra_adv_x              0.087             0.189        0.339         0.291        3.905        312
 zdf_ddm                            0.086             0.188        0.334         0.286        3.872         24
 dyn_zad                            0.086             0.186        0.342         0.293        3.991         24
 tra_adv                            0.084             0.183        0.322         0.276        3.835         24
 bn2                                0.082             0.178        0.327         0.281        3.990         48
 eos-pot                            0.080             0.173        0.310         0.266        3.898         74
 ldf_eiv                            0.079             0.173        0.317         0.272        3.991         24
 zdf_tke_avn                        0.075             0.163        0.301         0.258        4.025         24
 icecor                             0.071             0.154        0.269         0.230        3.802         48
 dyn_keg                            0.069             0.151        0.277         0.238        3.994         24
 rab_3d                             0.063             0.137        0.251         0.216        3.994         48
 zdf_tmx                            0.056             0.123        0.214         0.184        3.799         24
 dyn_hpg                            0.054             0.118        0.217         0.186        3.999         24
 ice_thd_main                       0.047             0.103        0.186         0.160        3.947         24
 dia_hth                            0.045             0.098        0.175         0.151        3.919         24
 icewri                             0.043             0.093        0.166         0.142        3.895         24
 zdf_evd                            0.041             0.090        0.120         0.103        2.917         24
 parinter_fld_mult                  0.040             0.087        0.139         0.119        3.480        219
 stp_oceandyn                       0.039             0.085        0.253         0.217        6.500         24
 sbc                                0.033             0.072        0.112         0.096        3.382         24
 stp_tracers                        0.030             0.064        0.115         0.098        3.878         24
 zdf_mxl                            0.026             0.057        0.088         0.076        3.368         24
 sbc_hbp                            0.026             0.056        0.104         0.089        4.035         24
 zps_hde                            0.026             0.056        0.107         0.092        4.158         24
 sbc_sglcpl_ice_flx                 0.025             0.055        0.107         0.092        4.222         24
 parinter_init                      0.022             0.048        0.034         0.029        1.536          8
 tra_bbl                            0.021             0.047        0.084         0.072        3.903         24
 dom_hgr                            0.021             0.046        0.082         0.070        3.884          1
 nemogcmcoup_lim2_get               0.021             0.046        0.083         0.071        3.955         25
 sbc_rnf                            0.020             0.044        0.072         0.062        3.557         24
 nemogcmcoup_lim2_update            0.020             0.044        0.085         0.073        4.268         24
 eos-insitu                         0.017             0.038        0.063         0.054        3.639         24
 tra_bbc                            0.017             0.036        0.067         0.057        3.990         24
 nemogcmcoup_wam_get                0.014             0.031        0.057         0.049        4.076         24
 eos2d                              0.014             0.030        0.056         0.048        4.105         48
 iceupdate_flx                      0.013             0.029        0.046         0.039        3.375         24
 parinter_read                      0.012             0.027        0.019         0.016        1.494          8
 iom_put_pd2_dp                     0.012             0.026        0.129         0.110       10.615       2280
 tra_zdf                            0.012             0.025        0.052         0.045        4.501         24
 nemogcmcoup_wam_coupinit           0.011             0.025        0.020         0.017        1.790          1
 ssh_nxt                            0.011             0.023        0.043         0.037        4.012         24
 ice_strengh                        0.008             0.018        0.037         0.032        4.344         24
 icedyn_adv                         0.008             0.017        0.036         0.031        4.551         24
 nemogcmcoup_coupinit               0.008             0.017        0.007         0.006        0.964          1
 ice_dyn                            0.007             0.016        0.027         0.023        3.776         24
 tra_sbc                            0.007             0.015        0.028         0.024        4.030         24
 day                                0.006             0.014        0.024         0.021        3.809         24
 icedyn_rdgrft                      0.006             0.013        0.025         0.022        4.126         24
 nemogcmcoup_wam_update             0.005             0.011        0.027         0.023        5.190         24
 icealb                             0.005             0.010        0.006         0.005        1.212         48
 zdf_drg                            0.004             0.010        0.019         0.016        4.161         24
 sbc_ssm                            0.004             0.009        0.013         0.011        3.275         24
 sbc_sglcpl_rcv                     0.004             0.008        0.015         0.012        4.094         24
 iceupdate_tau                      0.004             0.008        0.014         0.012        3.997         24
 ice_dyn_adv_pra_icemax4D           0.003             0.008        0.005         0.005        1.514         48
 nemogcmcoup_wam_update_s           0.003             0.007        0.017         0.014        4.855         24
 rab_2d                             0.003             0.006        0.012         0.010        4.267         24
 sbc_wave_sglexe                    0.003             0.006        0.011         0.010        4.154         24
 stp_nxt                            0.003             0.006        0.029         0.025       10.837         24
 ice_dyn_adv_pra_icemax3D           0.002             0.005        0.005         0.004        1.862         96
 scripremap_dealloc                 0.002             0.005        0.002         0.002        1.020          8
 sbc_wstress                        0.002             0.004        0.008         0.007        4.216         24
 iceitd_reb                         0.002             0.004        0.017         0.014        8.343         48
 ldf_tra                            0.002             0.004        0.003         0.003        1.967         24
 stp_thermodyn                      0.002             0.003        0.005         0.004        3.098         24
 icethd                             0.002             0.003        0.003         0.003        2.092         24
 ice_dyn_adv_pra_Hbig               0.001             0.003        0.002         0.002        1.477         24
 stp_lateral                        0.001             0.003        0.005         0.004        4.176         24
 ssh_swp                            0.001             0.003        0.005         0.005        4.647         24
 sbc_isf_div                        0.001             0.003        0.001         0.001        1.282         48
 
 Detailed CPU timing for proc :           0
 ------------------------------
 Section                     CPU Time (s)      CPU Time (%)      Elapsed (s)  
 ELapsed (%)   CPU/Elapsed  Frequency
 nemo_init                          3.913             3.357        3.671         7.996        1.066          1
 tra_adv_fct                        2.710             2.325        0.686         1.494        3.950         24
 tra_ldf_iso                        2.541             2.181        0.642         1.399        3.958         24
 sbc_stokes                         1.911             1.640        0.482         1.050        3.964         24
 ldf_slp                            1.783             1.530        0.449         0.978        3.972         24
 tra_dmp                            1.738             1.491        0.860         1.873        2.022         24
 iom_put_p3d_dp                     1.702             1.461        0.407         0.886        4.186        960
 tra_nxt                            1.537             1.318        0.387         0.842        3.974         24
 nonosc                             1.441             1.236        0.361         0.787        3.987         48
 icedyn_rhg                         1.430             1.227        0.362         0.789        3.948         24
 dom_vvl_sf_swp                     1.288             1.105        0.329         0.716        3.916         24
 dyn_vor                            1.268             1.088        0.324         0.705        3.919         24
 dyn_nxt                            1.235             1.059        0.311         0.677        3.971         24
 dia_hsb                            1.112             0.955        0.283         0.616        3.935         24
 dyn_spg_ts                         1.111             0.954        0.280         0.611        3.963         24
 zdf_phy                            1.073             0.921        0.259         0.564        4.144         24
 dom_vvl_sf_nxt                     0.757             0.650        0.204         0.445        3.706         48
 ldf_eiv_dia                        0.688             0.590        0.179         0.390        3.848         24
 scripremap_read_sgl                0.653             0.560        1.060         2.310        0.616          8
 zdf_tke_tke                        0.645             0.554        0.166         0.363        3.876         24
 dyn_zdf                            0.626             0.537        0.163         0.356        3.832         24
 ice_dyn_adv_pra                    0.607             0.520        0.147         0.320        4.133         24
 tra_zdf_imp                        0.595             0.510        0.158         0.345        3.759         24
 div_hor                            0.585             0.502        0.145         0.317        4.022         48
 icestp                             0.552             0.474        0.140         0.304        3.954         24
 tra_qsr                            0.506             0.434        0.127         0.277        3.985         24
 dia_wri                            0.469             0.403        0.121         0.263        3.890         24
 stp                                0.435             0.373        0.115         0.251        3.771         24
 dyn_ldf                            0.427             0.367        0.107         0.233        3.990         24
 ice_dyn_adv_pra_adv_y              0.412             0.354        0.102         0.223        4.024        312
 tmx_itf                            0.404             0.346        0.101         0.221        3.982         24
 ldf_eiv_trp                        0.386             0.331        0.100         0.217        3.877         24
 stp_ctl                            0.368             0.316        0.093         0.202        3.971         24
 wzv                                0.356             0.306        0.089         0.194        4.002         48
 zdf_sh2                            0.350             0.300        0.094         0.204        3.731         24
 dyn_zad                            0.342             0.293        0.086         0.186        3.991         24
 ice_dyn_adv_pra_adv_x              0.339             0.291        0.087         0.189        3.905        312
 zdf_ddm                            0.334             0.286        0.086         0.188        3.872         24
 bn2                                0.327             0.281        0.082         0.178        3.990         48
 tra_adv                            0.322             0.276        0.084         0.183        3.835         24
 ldf_eiv                            0.317             0.272        0.079         0.173        3.991         24
 eos-pot                            0.310             0.266        0.080         0.173        3.898         74
 zdf_tke_avn                        0.301             0.258        0.075         0.163        4.025         24
 dyn_keg                            0.277             0.238        0.069         0.151        3.994         24
 icecor                             0.269             0.230        0.071         0.154        3.802         48
 stp_oceandyn                       0.253             0.217        0.039         0.085        6.500         24
 rab_3d                             0.251             0.216        0.063         0.137        3.994         48
 dyn_hpg                            0.217             0.186        0.054         0.118        3.999         24
 zdf_tmx                            0.214             0.184        0.056         0.123        3.799         24
 ice_thd_main                       0.186             0.160        0.047         0.103        3.947         24
 dia_hth                            0.175             0.151        0.045         0.098        3.919         24
 icewri                             0.166             0.142        0.043         0.093        3.895         24
 parinter_fld_mult                  0.139             0.119        0.040         0.087        3.480        219
 iom_put_pd2_dp                     0.129             0.110        0.012         0.026       10.615       2280
 zdf_evd                            0.120             0.103        0.041         0.090        2.917         24
 stp_tracers                        0.115             0.098        0.030         0.064        3.878         24
 sbc                                0.112             0.096        0.033         0.072        3.382         24
 parinter_write                     0.109             0.093        0.100         0.218        1.084          8
 zps_hde                            0.107             0.092        0.026         0.056        4.158         24
 sbc_sglcpl_ice_flx                 0.107             0.092        0.025         0.055        4.222         24
 sbc_hbp                            0.104             0.089        0.026         0.056        4.035         24
 zdf_mxl                            0.088             0.076        0.026         0.057        3.368         24
 nemogcmcoup_lim2_update            0.085             0.073        0.020         0.044        4.268         24
 tra_bbl                            0.084             0.072        0.021         0.047        3.903         24
 nemogcmcoup_lim2_get               0.083             0.071        0.021         0.046        3.955         25
 dom_hgr                            0.082             0.070        0.021         0.046        3.884          1
 sbc_rnf                            0.072             0.062        0.020         0.044        3.557         24
 tra_bbc                            0.067             0.057        0.017         0.036        3.990         24
 eos-insitu                         0.063             0.054        0.017         0.038        3.639         24
 nemogcmcoup_wam_get                0.057             0.049        0.014         0.031        4.076         24
 eos2d                              0.056             0.048        0.014         0.030        4.105         48
 tra_zdf                            0.052             0.045        0.012         0.025        4.501         24
 iceupdate_flx                      0.046             0.039        0.013         0.029        3.375         24
 ssh_nxt                            0.043             0.037        0.011         0.023        4.012         24
 ice_strengh                        0.037             0.032        0.008         0.018        4.344         24
 icedyn_adv                         0.036             0.031        0.008         0.017        4.551         24
 parinter_init                      0.034             0.029        0.022         0.048        1.536          8
 stp_nxt                            0.029             0.025        0.003         0.006       10.837         24
 tra_sbc                            0.028             0.024        0.007         0.015        4.030         24
 ice_dyn                            0.027             0.023        0.007         0.016        3.776         24
 nemogcmcoup_wam_update             0.027             0.023        0.005         0.011        5.190         24
 icedyn_rdgrft                      0.025             0.022        0.006         0.013        4.126         24
 day                                0.024             0.021        0.006         0.014        3.809         24
 nemogcmcoup_wam_coupinit           0.020             0.017        0.011         0.025        1.790          1
 parinter_read                      0.019             0.016        0.012         0.027        1.494          8
 zdf_drg                            0.019             0.016        0.004         0.010        4.161         24
 iceitd_reb                         0.017             0.014        0.002         0.004        8.343         48
 nemogcmcoup_wam_update_s           0.017             0.014        0.003         0.007        4.855         24
 sbc_sglcpl_rcv                     0.015             0.012        0.004         0.008        4.094         24
 iceupdate_tau                      0.014             0.012        0.004         0.008        3.997         24
 sbc_ssm                            0.013             0.011        0.004         0.009        3.275         24
 rab_2d                             0.012             0.010        0.003         0.006        4.267         24
 sbc_wave_sglexe                    0.011             0.010        0.003         0.006        4.154         24
 sbc_wstress                        0.008             0.007        0.002         0.004        4.216         24
 nemogcmcoup_coupinit               0.007             0.006        0.008         0.017        0.964          1
 icealb                             0.006             0.005        0.005         0.010        1.212         48
 ssh_swp                            0.005             0.005        0.001         0.003        4.647         24
 ice_dyn_adv_pra_icemax4D           0.005             0.005        0.003         0.008        1.514         48
 stp_lateral                        0.005             0.004        0.001         0.003        4.176         24
 stp_thermodyn                      0.005             0.004        0.002         0.003        3.098         24
 ice_dyn_adv_pra_icemax3D           0.005             0.004        0.002         0.005        1.862         96
 ldf_tra                            0.003             0.003        0.002         0.004        1.967         24
 icethd                             0.003             0.003        0.002         0.003        2.092         24
 scripremap_dealloc                 0.002             0.002        0.002         0.005        1.020          8
 ice_dyn_adv_pra_Hbig               0.002             0.002        0.001         0.003        1.477         24
 sbc_isf_div                        0.001             0.001        0.001         0.003        1.282         48
 
 Inclusive timing for proc :           0
 ---------------------------
 Section                     Elapsed Time (s)      % of total        
 CPU Time (s)      CPU/Elapsed      Frequency
 stp                               10.362           100.000            39.336             3.796             24
 nemo_init                          3.692            35.631             3.995             1.082              1
 stp_tracers                        3.312            31.960            11.395             3.441             24
 stp_sbc                            1.721            16.608             6.799             3.951             24
 sbc                                1.721            16.607             6.799             3.951             24
 stp_oceandyn                       1.601            15.452             6.363             3.974             24
 tra_adv                            1.434            13.838             5.642             3.935             24
 stp_nxt                            1.313            12.670             5.214             3.972             24
 icestp                             1.101            10.626             4.355             3.955             24
 scripremap_read_sgl                1.061            10.239             0.654             0.616              8
 tra_adv_fct                        1.048            10.109             4.150             3.962             24
 stp_vertical                       0.921             8.891             3.653             3.965             24
 zdf_phy                            0.921             8.889             3.652             3.965             24
 nemogcmcoup_coupinit               0.897             8.657             0.165             0.183              1
 tra_dmp                            0.860             8.297             1.738             2.021             24
 ice_dyn                            0.745             7.194             2.943             3.949             24
 tra_ldf                            0.643             6.203             2.553             3.973             24
 tra_ldf_iso                        0.642             6.198             2.541             3.957             24
 stp_lateral                        0.600             5.795             2.385             3.972             24
 stp_diag                           0.532             5.135             2.117             3.978             24
 sbc_wave_sglexe                    0.494             4.766             1.965             3.978             24
 sbc_stokes                         0.491             4.739             1.953             3.978             24
 dia_wri                            0.480             4.634             1.911             3.979             24
 ldf_slp                            0.449             4.332             1.783             3.971             24
 iom_put_p3d_dp                     0.410             3.960             1.702             4.148            960
 tra_nxt                            0.387             3.733             1.537             3.973             24
 icedyn_rhg                         0.371             3.579             1.467             3.955             24
 nonosc                             0.361             3.488             1.441             3.985             48
 icedyn_adv                         0.354             3.420             1.405             3.965             24
 ice_dyn_adv_pra                    0.346             3.343             1.369             3.953             24
 dom_vvl_sf_swp                     0.329             3.174             1.288             3.915             24
 dyn_vor                            0.324             3.124             1.268             3.918             24
 nemogcmcoup_wam_coupinit           0.320             3.091             0.681             2.125              1
 dyn_nxt                            0.311             3.001             1.235             3.970             24
 ldf_eiv_trp                        0.294             2.836             1.136             3.867             24
 dia_hsb                            0.282             2.723             1.121             3.974             24
 dyn_spg                            0.281             2.714             1.117             3.970             24
 dyn_spg_ts                         0.281             2.711             1.115             3.970             24
 dom_vvl_sf_nxt                     0.204             1.973             0.757             3.703             48
 ldf_eiv_dia                        0.194             1.875             0.751             3.864             24
 tra_zdf                            0.170             1.639             0.646             3.806             24
 zdf_tke_tke                        0.167             1.608             0.645             3.874             24
 dyn_zdf                            0.164             1.582             0.626             3.820             24
 zdf_tmx                            0.161             1.556             0.637             3.953             24
 tra_zdf_imp                        0.158             1.527             0.595             3.757             24
 dyn_adv                            0.156             1.506             0.621             3.980             24
 div_hor                            0.147             1.422             0.587             3.984             48
 stp_thermodyn                      0.147             1.417             0.583             3.970             24
 tra_qsr                            0.127             1.227             0.506             3.983             24
 icethd                             0.117             1.126             0.464             3.973             24
 dyn_ldf                            0.107             1.034             0.427             3.986             24
 ice_dyn_adv_pra_adv_y              0.104             1.000             0.412             3.978            312
 tmx_itf                            0.101             0.979             0.404             3.979             24
 parinter_write                     0.100             0.968             0.109             1.083              8
 zdf_sh2                            0.094             0.907             0.350             3.727             24
 ldf_tra                            0.093             0.900             0.371             3.983             24
 stp_ctl                            0.093             0.896             0.368             3.967             24
 wzv                                0.089             0.861             0.356             3.994             48
 ice_dyn_adv_pra_adv_x              0.088             0.849             0.339             3.852            312
 zdf_ddm                            0.086             0.832             0.334             3.868             24
 dyn_zad                            0.086             0.827             0.342             3.987             24
 ssh_nxt                            0.083             0.802             0.331             3.985             24
 bn2                                0.082             0.793             0.327             3.981             48
 eos-pot                            0.080             0.771             0.310             3.885             74
 ldf_eiv                            0.079             0.766             0.317             3.987             24
 zdf_tke_avn                        0.075             0.722             0.301             4.020             24
 icecor                             0.073             0.705             0.285             3.907             48
 dyn_keg                            0.069             0.671             0.277             3.988             24
 rab_3d                             0.063             0.609             0.251             3.982             48
 sbc_hbp                            0.059             0.569             0.235             3.979             24
 dyn_hpg                            0.054             0.524             0.217             3.992             24
 dia_hth                            0.050             0.487             0.201             3.976             24
 icewri                             0.050             0.484             0.200             3.986             24
 zdf_evd                            0.048             0.459             0.189             3.982             24
 ice_thd_main                       0.047             0.456             0.186             3.940             24
 parinter_fld_mult                  0.041             0.394             0.139             3.409            219
 nemogcmcoup_lim2_update            0.040             0.388             0.160             3.991             24
 zps_hde                            0.040             0.382             0.163             4.111             24
 icesbc                             0.030             0.285             0.118             4.001             48
 nemogcmcoup_lim2_get               0.029             0.275             0.102             3.593             25
 zdf_mxl                            0.027             0.260             0.103             3.832             24
 sbc_sglcpl_ice_flx                 0.026             0.249             0.109             4.238             24
 tra_bbl                            0.025             0.237             0.098             3.990             24
 parinter_init                      0.022             0.213             0.034             1.534              8
 dom_hgr                            0.021             0.204             0.082             3.884              1
 iom_put_pd2_dp                     0.021             0.200             0.129             6.196           2280
 sbc_rnf                            0.020             0.198             0.073             3.573             24
 eos-insitu                         0.017             0.168             0.063             3.620             24
 tra_bbc                            0.017             0.164             0.068             3.998             24
 iceupdate_flx                      0.016             0.153             0.064             4.006             24
 nemogcmcoup_wam_get                0.016             0.153             0.063             3.957             24
 eos2d                              0.014             0.133             0.056             4.051             48
 parinter_read                      0.012             0.121             0.019             1.491              8
 ice_strengh                        0.009             0.083             0.037             4.298             24
 tra_sbc                            0.007             0.069             0.028             3.978             24
 nemogcmcoup_wam_update             0.007             0.067             0.031             4.425             24
 day                                0.006             0.061             0.024             3.754             24
 icedyn_rdgrft                      0.006             0.060             0.025             4.066             24
 sbc_ssm                            0.005             0.048             0.020             4.067             24
 icealb                             0.005             0.047             0.006             1.166             48
 zdf_drg                            0.005             0.044             0.019             4.078             24
 nemogcmcoup_wam_update_s           0.004             0.043             0.019             4.280             24
 sbc_sglcpl_rcv                     0.004             0.035             0.015             4.124             24
 ice_dyn_adv_pra_icemax4D           0.004             0.035             0.005             1.439             48
 iceupdate_tau                      0.004             0.035             0.014             3.897             24
 rab_2d                             0.003             0.028             0.012             4.136             24
 ice_dyn_adv_pra_icemax3D           0.003             0.027             0.005             1.623             96
 nemogcmcoup_update                 0.003             0.026             0.011             4.249             24
 scripremap_dealloc                 0.002             0.024             0.003             1.109              8
 iceitd_reb                         0.002             0.021             0.017             7.645             48
 sbc_wstress                        0.002             0.020             0.008             4.033             24
 ice_dyn_adv_pra_Hbig               0.002             0.015             0.002             1.389             24
 sbc_isf_div                        0.001             0.013             0.001             1.107             48
 ssh_swp                            0.001             0.012             0.005             4.311             24
 
 Inclusive timing for proc :           0
 ---------------------------
 Section                     Elapsed Time (s)      % of total        
 CPU Time (s)      CPU/Elapsed      Frequency
 stp                               10.362           100.000            39.336             3.796             24
 nemo_init                          3.692            35.631             3.995             1.082              1
 stp_tracers                        3.312            31.960            11.395             3.441             24
 stp_sbc                            1.721            16.608             6.799             3.951             24
 sbc                                1.721            16.607             6.799             3.951             24
 stp_oceandyn                       1.601            15.452             6.363             3.974             24
 tra_adv                            1.434            13.838             5.642             3.935             24
 stp_nxt                            1.313            12.670             5.214             3.972             24
 icestp                             1.101            10.626             4.355             3.955             24
 scripremap_read_sgl                1.061            10.239             0.654             0.616              8
 tra_adv_fct                        1.048            10.109             4.150             3.962             24
 stp_vertical                       0.921             8.891             3.653             3.965             24
 zdf_phy                            0.921             8.889             3.652             3.965             24
 nemogcmcoup_coupinit               0.897             8.657             0.165             0.183              1
 tra_dmp                            0.860             8.297             1.738             2.021             24
 ice_dyn                            0.745             7.194             2.943             3.949             24
 tra_ldf                            0.643             6.203             2.553             3.973             24
 tra_ldf_iso                        0.642             6.198             2.541             3.957             24
 stp_lateral                        0.600             5.795             2.385             3.972             24
 stp_diag                           0.532             5.135             2.117             3.978             24
 sbc_wave_sglexe                    0.494             4.766             1.965             3.978             24
 sbc_stokes                         0.491             4.739             1.953             3.978             24
 dia_wri                            0.480             4.634             1.911             3.979             24
 ldf_slp                            0.449             4.332             1.783             3.971             24
 iom_put_p3d_dp                     0.410             3.960             1.702             4.148            960
 tra_nxt                            0.387             3.733             1.537             3.973             24
 icedyn_rhg                         0.371             3.579             1.467             3.955             24
 nonosc                             0.361             3.488             1.441             3.985             48
 icedyn_adv                         0.354             3.420             1.405             3.965             24
 ice_dyn_adv_pra                    0.346             3.343             1.369             3.953             24
 dom_vvl_sf_swp                     0.329             3.174             1.288             3.915             24
 dyn_vor                            0.324             3.124             1.268             3.918             24
 nemogcmcoup_wam_coupinit           0.320             3.091             0.681             2.125              1
 dyn_nxt                            0.311             3.001             1.235             3.970             24
 ldf_eiv_trp                        0.294             2.836             1.136             3.867             24
 dia_hsb                            0.282             2.723             1.121             3.974             24
 dyn_spg                            0.281             2.714             1.117             3.970             24
 dyn_spg_ts                         0.281             2.711             1.115             3.970             24
 dom_vvl_sf_nxt                     0.204             1.973             0.757             3.703             48
 ldf_eiv_dia                        0.194             1.875             0.751             3.864             24
 tra_zdf                            0.170             1.639             0.646             3.806             24
 zdf_tke_tke                        0.167             1.608             0.645             3.874             24
 dyn_zdf                            0.164             1.582             0.626             3.820             24
 zdf_tmx                            0.161             1.556             0.637             3.953             24
 tra_zdf_imp                        0.158             1.527             0.595             3.757             24
 dyn_adv                            0.156             1.506             0.621             3.980             24
 div_hor                            0.147             1.422             0.587             3.984             48
 stp_thermodyn                      0.147             1.417             0.583             3.970             24
 tra_qsr                            0.127             1.227             0.506             3.983             24
 icethd                             0.117             1.126             0.464             3.973             24
 dyn_ldf                            0.107             1.034             0.427             3.986             24
 ice_dyn_adv_pra_adv_y              0.104             1.000             0.412             3.978            312
 tmx_itf                            0.101             0.979             0.404             3.979             24
 parinter_write                     0.100             0.968             0.109             1.083              8
 zdf_sh2                            0.094             0.907             0.350             3.727             24
 ldf_tra                            0.093             0.900             0.371             3.983             24
 stp_ctl                            0.093             0.896             0.368             3.967             24
 wzv                                0.089             0.861             0.356             3.994             48
 ice_dyn_adv_pra_adv_x              0.088             0.849             0.339             3.852            312
 zdf_ddm                            0.086             0.832             0.334             3.868             24
 dyn_zad                            0.086             0.827             0.342             3.987             24
 ssh_nxt                            0.083             0.802             0.331             3.985             24
 bn2                                0.082             0.793             0.327             3.981             48
 eos-pot                            0.080             0.771             0.310             3.885             74
 ldf_eiv                            0.079             0.766             0.317             3.987             24
 zdf_tke_avn                        0.075             0.722             0.301             4.020             24
 icecor                             0.073             0.705             0.285             3.907             48
 dyn_keg                            0.069             0.671             0.277             3.988             24
 rab_3d                             0.063             0.609             0.251             3.982             48
 sbc_hbp                            0.059             0.569             0.235             3.979             24
 dyn_hpg                            0.054             0.524             0.217             3.992             24
 dia_hth                            0.050             0.487             0.201             3.976             24
 icewri                             0.050             0.484             0.200             3.986             24
 zdf_evd                            0.048             0.459             0.189             3.982             24
 ice_thd_main                       0.047             0.456             0.186             3.940             24
 parinter_fld_mult                  0.041             0.394             0.139             3.409            219
 nemogcmcoup_lim2_update            0.040             0.388             0.160             3.991             24
 zps_hde                            0.040             0.382             0.163             4.111             24
 icesbc                             0.030             0.285             0.118             4.001             48
 nemogcmcoup_lim2_get               0.029             0.275             0.102             3.593             25
 zdf_mxl                            0.027             0.260             0.103             3.832             24
 sbc_sglcpl_ice_flx                 0.026             0.249             0.109             4.238             24
 tra_bbl                            0.025             0.237             0.098             3.990             24
 parinter_init                      0.022             0.213             0.034             1.534              8
 dom_hgr                            0.021             0.204             0.082             3.884              1
 iom_put_pd2_dp                     0.021             0.200             0.129             6.196           2280
 sbc_rnf                            0.020             0.198             0.073             3.573             24
 eos-insitu                         0.017             0.168             0.063             3.620             24
 tra_bbc                            0.017             0.164             0.068             3.998             24
 iceupdate_flx                      0.016             0.153             0.064             4.006             24
 nemogcmcoup_wam_get                0.016             0.153             0.063             3.957             24
 eos2d                              0.014             0.133             0.056             4.051             48
 parinter_read                      0.012             0.121             0.019             1.491              8
 ice_strengh                        0.009             0.083             0.037             4.298             24
 tra_sbc                            0.007             0.069             0.028             3.978             24
 nemogcmcoup_wam_update             0.007             0.067             0.031             4.425             24
 day                                0.006             0.061             0.024             3.754             24
 icedyn_rdgrft                      0.006             0.060             0.025             4.066             24
 sbc_ssm                            0.005             0.048             0.020             4.067             24
 icealb                             0.005             0.047             0.006             1.166             48
 zdf_drg                            0.005             0.044             0.019             4.078             24
 nemogcmcoup_wam_update_s           0.004             0.043             0.019             4.280             24
 sbc_sglcpl_rcv                     0.004             0.035             0.015             4.124             24
 ice_dyn_adv_pra_icemax4D           0.004             0.035             0.005             1.439             48
 iceupdate_tau                      0.004             0.035             0.014             3.897             24
 rab_2d                             0.003             0.028             0.012             4.136             24
 ice_dyn_adv_pra_icemax3D           0.003             0.027             0.005             1.623             96
 nemogcmcoup_update                 0.003             0.026             0.011             4.249             24
 scripremap_dealloc                 0.002             0.024             0.003             1.109              8
 iceitd_reb                         0.002             0.021             0.017             7.645             48
 sbc_wstress                        0.002             0.020             0.008             4.033             24
 ice_dyn_adv_pra_Hbig               0.002             0.015             0.002             1.389             24
 sbc_isf_div                        0.001             0.013             0.001             1.107             48
 ssh_swp                            0.001             0.012             0.005             4.311             24
 
 Inclusive CPU time for proc :           0
 -----------------------------
 Section                     CPU time (s)          % of total        
 Elapsed Time (s)  CPU/Elapsed      Frequency
 stp                               39.336           100.000            10.362             3.796             24
 stp_tracers                       11.395            28.969             3.312             3.441             24
 stp_sbc                            6.799            17.285             1.721             3.951             24
 sbc                                6.799            17.283             1.721             3.951             24
 stp_oceandyn                       6.363            16.176             1.601             3.974             24
 tra_adv                            5.642            14.344             1.434             3.935             24
 stp_nxt                            5.214            13.256             1.313             3.972             24
 icestp                             4.355            11.071             1.101             3.955             24
 tra_adv_fct                        4.150            10.550             1.048             3.962             24
 nemo_init                          3.995            10.155             3.692             1.082              1
 stp_vertical                       3.653             9.286             0.921             3.965             24
 zdf_phy                            3.652             9.284             0.921             3.965             24
 ice_dyn                            2.943             7.482             0.745             3.949             24
 tra_ldf                            2.553             6.491             0.643             3.973             24
 tra_ldf_iso                        2.541             6.460             0.642             3.957             24
 stp_lateral                        2.385             6.063             0.600             3.972             24
 stp_diag                           2.117             5.381             0.532             3.978             24
 sbc_wave_sglexe                    1.965             4.995             0.494             3.978             24
 sbc_stokes                         1.953             4.966             0.491             3.978             24
 dia_wri                            1.911             4.858             0.480             3.979             24
 ldf_slp                            1.783             4.532             0.449             3.971             24
 tra_dmp                            1.738             4.418             0.860             2.021             24
 iom_put_p3d_dp                     1.702             4.327             0.410             4.148            960
 tra_nxt                            1.537             3.906             0.387             3.973             24
 icedyn_rhg                         1.467             3.728             0.371             3.955             24
 nonosc                             1.441             3.662             0.361             3.985             48
 icedyn_adv                         1.405             3.572             0.354             3.965             24
 ice_dyn_adv_pra                    1.369             3.481             0.346             3.953             24
 dom_vvl_sf_swp                     1.288             3.273             0.329             3.915             24
 dyn_vor                            1.268             3.224             0.324             3.918             24
 dyn_nxt                            1.235             3.139             0.311             3.970             24
 ldf_eiv_trp                        1.136             2.889             0.294             3.867             24
 dia_hsb                            1.121             2.850             0.282             3.974             24
 dyn_spg                            1.117             2.838             0.281             3.970             24
 dyn_spg_ts                         1.115             2.835             0.281             3.970             24
 dom_vvl_sf_nxt                     0.757             1.925             0.204             3.703             48
 ldf_eiv_dia                        0.751             1.908             0.194             3.864             24
 nemogcmcoup_wam_coupinit           0.681             1.730             0.320             2.125              1
 scripremap_read_sgl                0.654             1.662             1.061             0.616              8
 tra_zdf                            0.646             1.643             0.170             3.806             24
 zdf_tke_tke                        0.645             1.641             0.167             3.874             24
 zdf_tmx                            0.637             1.620             0.161             3.953             24
 dyn_zdf                            0.626             1.592             0.164             3.820             24
 dyn_adv                            0.621             1.579             0.156             3.980             24
 tra_zdf_imp                        0.595             1.511             0.158             3.757             24
 div_hor                            0.587             1.492             0.147             3.984             48
 stp_thermodyn                      0.583             1.482             0.147             3.970             24
 tra_qsr                            0.506             1.287             0.127             3.983             24
 icethd                             0.464             1.179             0.117             3.973             24
 dyn_ldf                            0.427             1.086             0.107             3.986             24
 ice_dyn_adv_pra_adv_y              0.412             1.048             0.104             3.978            312
 tmx_itf                            0.404             1.026             0.101             3.979             24
 ldf_tra                            0.371             0.944             0.093             3.983             24
 stp_ctl                            0.368             0.936             0.093             3.967             24
 wzv                                0.356             0.906             0.089             3.994             48
 zdf_sh2                            0.350             0.890             0.094             3.727             24
 dyn_zad                            0.342             0.868             0.086             3.987             24
 ice_dyn_adv_pra_adv_x              0.339             0.861             0.088             3.852            312
 zdf_ddm                            0.334             0.848             0.086             3.868             24
 ssh_nxt                            0.331             0.842             0.083             3.985             24
 bn2                                0.327             0.831             0.082             3.981             48
 ldf_eiv                            0.317             0.805             0.079             3.987             24
 eos-pot                            0.310             0.789             0.080             3.885             74
 zdf_tke_avn                        0.301             0.765             0.075             4.020             24
 icecor                             0.285             0.725             0.073             3.907             48
 dyn_keg                            0.277             0.705             0.069             3.988             24
 rab_3d                             0.251             0.639             0.063             3.982             48
 sbc_hbp                            0.235             0.597             0.059             3.979             24
 dyn_hpg                            0.217             0.551             0.054             3.992             24
 dia_hth                            0.201             0.510             0.050             3.976             24
 icewri                             0.200             0.508             0.050             3.986             24
 zdf_evd                            0.189             0.481             0.048             3.982             24
 ice_thd_main                       0.186             0.473             0.047             3.940             24
 nemogcmcoup_coupinit               0.165             0.418             0.897             0.183              1
 zps_hde                            0.163             0.414             0.040             4.111             24
 nemogcmcoup_lim2_update            0.160             0.408             0.040             3.991             24
 parinter_fld_mult                  0.139             0.354             0.041             3.409            219
 iom_put_pd2_dp                     0.129             0.327             0.021             6.196           2280
 icesbc                             0.118             0.300             0.030             4.001             48
 sbc_sglcpl_ice_flx                 0.109             0.277             0.026             4.238             24
 parinter_write                     0.109             0.276             0.100             1.083              8
 zdf_mxl                            0.103             0.262             0.027             3.832             24
 nemogcmcoup_lim2_get               0.102             0.260             0.029             3.593             25
 tra_bbl                            0.098             0.249             0.025             3.990             24
 dom_hgr                            0.082             0.209             0.021             3.884              1
 sbc_rnf                            0.073             0.186             0.020             3.573             24
 tra_bbc                            0.068             0.172             0.017             3.998             24
 iceupdate_flx                      0.064             0.162             0.016             4.006             24
 eos-insitu                         0.063             0.161             0.017             3.620             24
 nemogcmcoup_wam_get                0.063             0.159             0.016             3.957             24
 eos2d                              0.056             0.142             0.014             4.051             48
 ice_strengh                        0.037             0.094             0.009             4.298             24
 parinter_init                      0.034             0.086             0.022             1.534              8
 nemogcmcoup_wam_update             0.031             0.078             0.007             4.425             24
 tra_sbc                            0.028             0.072             0.007             3.978             24
 icedyn_rdgrft                      0.025             0.065             0.006             4.066             24
 day                                0.024             0.061             0.006             3.754             24
 sbc_ssm                            0.020             0.051             0.005             4.067             24
 nemogcmcoup_wam_update_s           0.019             0.048             0.004             4.280             24
 parinter_read                      0.019             0.047             0.012             1.491              8
 zdf_drg                            0.019             0.047             0.005             4.078             24
 iceitd_reb                         0.017             0.042             0.002             7.645             48
 sbc_sglcpl_rcv                     0.015             0.039             0.004             4.124             24
 iceupdate_tau                      0.014             0.036             0.004             3.897             24
 rab_2d                             0.012             0.031             0.003             4.136             24
 nemogcmcoup_update                 0.011             0.029             0.003             4.249             24
 sbc_wstress                        0.008             0.022             0.002             4.033             24
 icealb                             0.006             0.014             0.005             1.166             48
 ssh_swp                            0.005             0.014             0.001             4.311             24
 ice_dyn_adv_pra_icemax4D           0.005             0.013             0.004             1.439             48
 ice_dyn_adv_pra_icemax3D           0.005             0.012             0.003             1.623             96
 scripremap_dealloc                 0.003             0.007             0.002             1.109              8
 ice_dyn_adv_pra_Hbig               0.002             0.005             0.002             1.389             24
 sbc_isf_div                        0.001             0.004             0.001             1.107             48
 
 Timing started on 19/01/2026 at 15:56:46 MET +01:00 from GMT
 Timing   ended on 19/01/2026 at 15:57:32 MET +01:00 from GMT
  
  Report on time spent on waiting MPI messages 
     total timing measured between nit000+1 and nitend-1 
     warning: includes restarts writing time if output before nitend... 
  
     Computing       time :    0.000000                    on MPI rank :        1
     Waiting lbc_lnk time :    0.000000 ( 0.0 %)           on MPI rank :        1
     Waiting  global time :    0.000000 ( 0.0 %)           on MPI rank :        1
     Total           time :   35.183080 (SYPD:     6.167 ) on MPI rank :        1
     Computing       time :    0.000000                    on MPI rank :        2
     Waiting lbc_lnk time :    0.000000 ( 0.0 %)           on MPI rank :        2
     Waiting  global time :    0.000000 ( 0.0 %)           on MPI rank :        2
     Total           time :   35.182947 (SYPD:     6.167 ) on MPI rank :        2
     Computing       time :    0.000000                    on MPI rank :        3
     Waiting lbc_lnk time :    0.000000 ( 0.0 %)           on MPI rank :        3
     Waiting  global time :    0.000000 ( 0.0 %)           on MPI rank :        3
     Total           time :   35.182960 (SYPD:     6.167 ) on MPI rank :        3
     Computing       time :    0.000000                    on MPI rank :        4
     Waiting lbc_lnk time :    0.000000 ( 0.0 %)           on MPI rank :        4
     Waiting  global time :    0.000000 ( 0.0 %)           on MPI rank :        4
     Total           time :   35.183084 (SYPD:     6.167 ) on MPI rank :        4
     Computing       time :    0.000000                    on MPI rank :        5
     Waiting lbc_lnk time :    0.000000 ( 0.0 %)           on MPI rank :        5
     Waiting  global time :    0.000000 ( 0.0 %)           on MPI rank :        5
     Total           time :   35.182952 (SYPD:     6.167 ) on MPI rank :        5
     Computing       time :    0.000000                    on MPI rank :        6
     Waiting lbc_lnk time :    0.000000 ( 0.0 %)           on MPI rank :        6
     Waiting  global time :    0.000000 ( 0.0 %)           on MPI rank :        6
     Total           time :   35.182999 (SYPD:     6.167 ) on MPI rank :        6
     Computing       time :    0.000000                    on MPI rank :        7
     Waiting lbc_lnk time :    0.000000 ( 0.0 %)           on MPI rank :        7
     Waiting  global time :    0.000000 ( 0.0 %)           on MPI rank :        7
     Total           time :   35.182942 (SYPD:     6.167 ) on MPI rank :        7
     Computing       time :    0.000000                    on MPI rank :        8
     Waiting lbc_lnk time :    0.000000 ( 0.0 %)           on MPI rank :        8
     Waiting  global time :    0.000000 ( 0.0 %)           on MPI rank :        8
     Total           time :   35.183016 (SYPD:     6.167 ) on MPI rank :        8
     Computing       time :    0.000000                    on MPI rank :        9
     Waiting lbc_lnk time :    0.000000 ( 0.0 %)           on MPI rank :        9
     Waiting  global time :    0.000000 ( 0.0 %)           on MPI rank :        9
     Total           time :   35.182866 (SYPD:     6.167 ) on MPI rank :        9
     Computing       time :    0.000000                    on MPI rank :       10
     Waiting lbc_lnk time :    0.000000 ( 0.0 %)           on MPI rank :       10
     Waiting  global time :    0.000000 ( 0.0 %)           on MPI rank :       10
     Total           time :   35.182950 (SYPD:     6.167 ) on MPI rank :       10
     Computing       time :    0.000000                    on MPI rank :       11
     Waiting lbc_lnk time :    0.000000 ( 0.0 %)           on MPI rank :       11
     Waiting  global time :    0.000000 ( 0.0 %)           on MPI rank :       11
     Total           time :   35.182934 (SYPD:     6.167 ) on MPI rank :       11
     Computing       time :    0.000000                    on MPI rank :       12
     Waiting lbc_lnk time :    0.000000 ( 0.0 %)           on MPI rank :       12
     Waiting  global time :    0.000000 ( 0.0 %)           on MPI rank :       12
     Total           time :   35.183030 (SYPD:     6.167 ) on MPI rank :       12
     Computing       time :    0.000000                    on MPI rank :       13
     Waiting lbc_lnk time :    0.000000 ( 0.0 %)           on MPI rank :       13
     Waiting  global time :    0.000000 ( 0.0 %)           on MPI rank :       13
     Total           time :   35.183019 (SYPD:     6.167 ) on MPI rank :       13
     Computing       time :    0.000000                    on MPI rank :       14
     Waiting lbc_lnk time :    0.000000 ( 0.0 %)           on MPI rank :       14
     Waiting  global time :    0.000000 ( 0.0 %)           on MPI rank :       14
     Total           time :   35.182931 (SYPD:     6.167 ) on MPI rank :       14
     Computing       time :    0.000000                    on MPI rank :       15
     Waiting lbc_lnk time :    0.000000 ( 0.0 %)           on MPI rank :       15
     Waiting  global time :    0.000000 ( 0.0 %)           on MPI rank :       15
     Total           time :   35.182902 (SYPD:     6.167 ) on MPI rank :       15
     Computing       time :    0.000000                    on MPI rank :       16
     Waiting lbc_lnk time :    0.000000 ( 0.0 %)           on MPI rank :       16
     Waiting  global time :    0.000000 ( 0.0 %)           on MPI rank :       16
     Total           time :   35.182892 (SYPD:     6.167 ) on MPI rank :       16
     Computing       time :    0.000000                    on MPI rank :       17
     Waiting lbc_lnk time :    0.000000 ( 0.0 %)           on MPI rank :       17
     Waiting  global time :    0.000000 ( 0.0 %)           on MPI rank :       17
     Total           time :   35.182869 (SYPD:     6.167 ) on MPI rank :       17
     Computing       time :    0.000000                    on MPI rank :       18
     Waiting lbc_lnk time :    0.000000 ( 0.0 %)           on MPI rank :       18
     Waiting  global time :    0.000000 ( 0.0 %)           on MPI rank :       18
     Total           time :   35.183015 (SYPD:     6.167 ) on MPI rank :       18
     Computing       time :    0.000000                    on MPI rank :       19
     Waiting lbc_lnk time :    0.000000 ( 0.0 %)           on MPI rank :       19
     Waiting  global time :    0.000000 ( 0.0 %)           on MPI rank :       19
     Total           time :   35.182943 (SYPD:     6.167 ) on MPI rank :       19
     Computing       time :    0.000000                    on MPI rank :       20
     Waiting lbc_lnk time :    0.000000 ( 0.0 %)           on MPI rank :       20
     Waiting  global time :    0.000000 ( 0.0 %)           on MPI rank :       20
     Total           time :   35.182935 (SYPD:     6.167 ) on MPI rank :       20
     Computing       time :    0.000000                    on MPI rank :       21
     Waiting lbc_lnk time :    0.000000 ( 0.0 %)           on MPI rank :       21
     Waiting  global time :    0.000000 ( 0.0 %)           on MPI rank :       21
     Total           time :   35.182938 (SYPD:     6.167 ) on MPI rank :       21
     Computing       time :    0.000000                    on MPI rank :       22
     Waiting lbc_lnk time :    0.000000 ( 0.0 %)           on MPI rank :       22
     Waiting  global time :    0.000000 ( 0.0 %)           on MPI rank :       22
     Total           time :   35.182827 (SYPD:     6.167 ) on MPI rank :       22
     Computing       time :    0.000000                    on MPI rank :       23
     Waiting lbc_lnk time :    0.000000 ( 0.0 %)           on MPI rank :       23
     Waiting  global time :    0.000000 ( 0.0 %)           on MPI rank :       23
     Total           time :   35.182990 (SYPD:     6.167 ) on MPI rank :       23
     Computing       time :    0.000000                    on MPI rank :       24
     Waiting lbc_lnk time :    0.000000 ( 0.0 %)           on MPI rank :       24
     Waiting  global time :    0.000000 ( 0.0 %)           on MPI rank :       24
     Total           time :   35.182990 (SYPD:     6.167 ) on MPI rank :       24
     Computing       time :    0.000000                    on MPI rank :       25
     Waiting lbc_lnk time :    0.000000 ( 0.0 %)           on MPI rank :       25
     Waiting  global time :    0.000000 ( 0.0 %)           on MPI rank :       25
     Total           time :   35.182903 (SYPD:     6.167 ) on MPI rank :       25
     Computing       time :    0.000000                    on MPI rank :       26
     Waiting lbc_lnk time :    0.000000 ( 0.0 %)           on MPI rank :       26
     Waiting  global time :    0.000000 ( 0.0 %)           on MPI rank :       26
     Total           time :   35.183041 (SYPD:     6.167 ) on MPI rank :       26
