 
       CNRS - NERC - Met OFFICE - MERCATOR-ocean - CMCC - INGV
                              NEMO team
                   Ocean General Circulation Model
                         version 4.0  (2019) 
 
                         Timing Informations 
 
 
 
 
 Total timing (sum) :
 --------------------
Elapsed Time (s)  CPU Time (s)
       560721.028  2543881.026
 
Averaged timing on all processors :
-----------------------------------
Section                   Elap. Time(s)  Elap. Time(%)  CPU Time(s)  CPU Time(%)  CPU/Elap Max elap(%)  Min elap(%)  Freq      Max time task
nemo_init                 0.8841410E+02   26.05            47.67       3.10        0.54         26.29     25.99       1.00       1648
scripremap_read_sgl       0.2915357E+02    8.59            30.35       1.97        1.04          8.63      8.56       8.00       1626
icedyn_rhg                0.5792236E+01    1.71            46.14       3.00        7.97          2.13      0.67     240.00       1523
dyn_spg_ts                0.4839077E+01    1.43            38.44       2.50        7.94          1.69      0.52     240.00       1248
tra_ldf_iso               0.3644620E+01    1.07            28.85       1.87        7.92          1.12      0.39     240.00       1498
parinter_init             0.3557341E+01    1.05             3.55       0.23        1.00          1.07      1.02       8.00         60
tra_qsr                   0.3552889E+01    1.05             4.92       0.32        1.39          1.23      0.79     240.00        887
iom_put_p3d_dp            0.3320957E+01    0.98            30.33       1.97        9.13          1.12      0.73    7440.00       1244
sbc_stokes                0.3306527E+01    0.97            26.16       1.70        7.91          1.36      0.16     240.00        415
tra_adv_fct               0.3121402E+01    0.92            24.63       1.60        7.89          1.19      0.64     240.00        140
ldf_slp                   0.2530729E+01    0.75            20.19       1.31        7.98          1.47      0.43     240.00       1162
nonosc                    0.2525369E+01    0.74            20.22       1.31        8.01          1.02      0.48     480.00         22
dyn_ldf                   0.2319445E+01    0.68            18.58       1.21        8.01          1.07      0.62     240.00       1647
stp_ctl                   0.2196369E+01    0.65            14.43       0.94        6.57          8.90      0.44     240.00       1648
dom_vvl_sf_swp            0.1995758E+01    0.59            15.60       1.01        7.82          0.68      0.40     240.00       1480
dyn_nxt                   0.1965232E+01    0.58            15.73       1.02        8.00          0.70      0.30     240.00       1570
sbc                       0.1927346E+01    0.57             7.19       0.47        3.73          1.29      0.25     240.00        695
ice_dyn_adv_pra           0.1914682E+01    0.56            14.75       0.96        7.70          0.69      0.26     240.00        659
dyn_vor                   0.1887744E+01    0.56            14.90       0.97        7.89          0.63      0.32     240.00       1643
zdf_phy                   0.1861576E+01    0.55            15.34       1.00        8.24          1.53      0.24     240.00       1309
tra_nxt                   0.1766939E+01    0.52            14.16       0.92        8.01          1.44      0.33     240.00       1645
icestp                    0.1729550E+01    0.51            12.67       0.82        7.33          0.72      0.38     240.00        262
stp                       0.1367759E+01    0.40             4.06       0.26        2.97          0.54      0.13     240.00        659
dia_wri                   0.1348120E+01    0.40             9.34       0.61        6.93          0.65      0.31     240.00       1646
dom_vvl_sf_nxt            0.1228858E+01    0.36             9.48       0.62        7.71          0.65      0.22     480.00       1249
dom_hgr                   0.1156461E+01    0.34             1.98       0.13        1.71          0.40      0.10       1.00       1459
sbc_hbp                   0.1050434E+01    0.31             3.82       0.25        3.63          0.65      0.06     240.00       1648
zdf_tke_tke               0.8791188E+00    0.26             6.41       0.42        7.29          0.30      0.09     240.00        935
dyn_zdf                   0.8720678E+00    0.26             6.76       0.44        7.75          0.27      0.12     240.00       1598
dyn_zad                   0.7866778E+00    0.23             6.37       0.41        8.10          0.33      0.19     240.00       1294
icewri                    0.7520968E+00    0.22             5.66       0.37        7.52          0.90      0.05     240.00        498
tra_zdf_imp               0.7454548E+00    0.22             5.23       0.34        7.01          0.28      0.09     240.00       1330
ice_dyn_adv_pra_adv_y     0.7315163E+00    0.22             6.81       0.44        9.31          0.26      0.12    3120.00        118
div_hor                   0.6989677E+00    0.21             4.62       0.30        6.60          0.65      0.11     480.00       1365
tra_adv                   0.6737168E+00    0.20             5.27       0.34        7.82          0.21      0.14     240.00        665
sbc_rnf                   0.6379671E+00    0.19             1.84       0.12        2.88          0.50      0.03     240.00        111
wzv                       0.6178049E+00    0.18             5.13       0.33        8.30          0.26      0.15     480.00       1330
dyn_keg                   0.6134989E+00    0.18             4.99       0.32        8.13          0.24      0.12     240.00       1496
iceupdate_tau             0.5941086E+00    0.18             4.69       0.30        7.90          0.80     -0.00     240.00        615
ice_dyn_adv_pra_adv_x     0.5275857E+00    0.16             5.20       0.34        9.85          0.20      0.06    3120.00        118
zps_hde                   0.5259623E+00    0.15             4.14       0.27        7.88          0.84      0.02     240.00        887
zdf_sh2                   0.5163931E+00    0.15             3.88       0.25        7.52          0.17      0.05     240.00       1120
zdf_ddm                   0.5035453E+00    0.15             3.91       0.25        7.76          0.20      0.11     240.00       1308
dia_hth                   0.4742231E+00    0.14             3.58       0.23        7.56          0.16      0.12     240.00       1650
dyn_hpg                   0.4692621E+00    0.14             3.84       0.25        8.19          0.20      0.11     240.00       1645
bn2                       0.4611301E+00    0.14             3.90       0.25        8.46          0.16      0.03     480.00       1538
tmx_itf                   0.4518295E+00    0.13             3.54       0.23        7.84          0.16      0.07     240.00        630
icecor                    0.4455007E+00    0.13             3.46       0.22        7.76          0.73      0.02     480.00         75
tra_bbl                   0.4118646E+00    0.12             2.72       0.18        6.61          0.36      0.03     240.00       1051
eos2d                     0.3867457E+00    0.11             3.24       0.21        8.39          0.68     -0.01     480.00        935
rab_3d                    0.3834853E+00    0.11             3.18       0.21        8.28          0.13      0.09     480.00       1085
zdf_tmx                   0.3797431E+00    0.11             2.96       0.19        7.78          0.22      0.04     240.00       1508
tra_sbc                   0.3733475E+00    0.11             1.38       0.09        3.70          0.18      0.02     240.00       1541
eos-pot                   0.3626138E+00    0.11             2.98       0.19        8.23          0.16      0.08     506.00        129
stp_oceandyn              0.3564788E+00    0.11             3.36       0.22        9.44          0.14      0.08     240.00        659
ice_thd_main              0.3020943E+00    0.09             2.47       0.16        8.16          0.56     -0.00     240.00          2
parinter_write            0.3010027E+00    0.09             0.04       0.00        0.15          0.15      0.03       8.00        317
zdf_tke_avn               0.2822901E+00    0.08             2.54       0.16        8.99          0.14      0.03     240.00       1211
iceupdate_flx             0.2758070E+00    0.08             0.67       0.04        2.41          0.20      0.03     240.00        659
stp_tracers               0.2630462E+00    0.08             1.93       0.13        7.32          0.10      0.06     240.00        659
day                       0.2466288E+00    0.07             1.41       0.09        5.73          0.09      0.01     240.00       1045
zdf_evd                   0.2462625E+00    0.07             1.41       0.09        5.74          0.09      0.03     240.00       1423
tra_bbc                   0.2439468E+00    0.07             1.50       0.10        6.17          0.33      0.01     240.00       1201
ice_thd_jllopp            0.2370615E+00    0.07             1.87       0.12        7.87          0.38     -0.01     240.00       1518
icedyn_rdgrft             0.2237702E+00    0.07             1.88       0.12        8.41          0.51      0.01     240.00         12
sbc_isf_div               0.2138074E+00    0.06             2.85       0.18       13.31          0.12     -0.01     480.00       1222
parinter_fld_mult         0.1970414E+00    0.06             1.59       0.10        8.06          0.11      0.01     219.00        150
zdf_mxl                   0.1806611E+00    0.05             1.12       0.07        6.19          0.07      0.03     240.00       1444
sbc_sglcpl_rcv            0.1785250E+00    0.05             1.47       0.10        8.24          0.77      0.00     240.00       1310
ice_strengh               0.1732449E+00    0.05             1.51       0.10        8.72          0.36      0.00     240.00        311
nemogcmcoup_coupinit      0.1450036E+00    0.04             0.14       0.01        0.99          0.13      0.00       1.00       1615
eos-insitu                0.1444066E+00    0.04             1.18       0.08        8.20          0.05      0.03     240.00       1101
rab_2d                    0.1351536E+00    0.04             0.93       0.06        6.89          0.30     -0.00     240.00        114
ssh_nxt                   0.1278426E+00    0.04             1.07       0.07        8.37          0.06      0.03     240.00       1462
sbc_wstress               0.1278021E+00    0.04             1.11       0.07        8.70          0.37     -0.00     240.00        782
nemogcmcoup_wam_get       0.9963288E-01    0.03             0.80       0.05        8.02          0.08      0.00      24.00       1544
tra_zdf                   0.9670229E-01    0.03             1.31       0.09       13.57          0.05      0.01     240.00       1364
parinter_read             0.9470062E-01    0.03             0.02       0.00        0.20          0.10      0.00       8.00       1160
ice_dyn                   0.8825746E-01    0.03             0.62       0.04        7.01          0.04      0.02     240.00        196
icedyn_adv                0.7470809E-01    0.02             0.78       0.05       10.40          0.03      0.02     240.00       1645
sbc_ssm                   0.7172591E-01    0.02             0.30       0.02        4.17          0.04      0.01     240.00        659
nemogcmcoup_wam_coupinit  0.5756881E-01    0.02             0.08       0.01        1.39          0.04      0.00       1.00       1342
nemogcmcoup_lim2_update   0.4779318E-01    0.01             0.39       0.03        8.13          0.03      0.00      24.00       1271
icethd                    0.3472776E-01    0.01             0.14       0.01        3.95          0.02      0.01     240.00        659
scripremap_dealloc        0.3399746E-01    0.01             0.03       0.00        1.00          0.05      0.01       8.00        406
stp_nxt                   0.3133669E-01    0.01             0.38       0.02       12.09          0.02      0.01     240.00        659
nemogcmcoup_lim2_get      0.3070300E-01    0.01             0.26       0.02        8.56          0.02      0.00      25.00       1358
iceitd_rem                0.3057615E-01    0.01             0.44       0.03       14.29          0.06     -0.01     240.00       1517
nemogcmcoup_wam_update    0.2687538E-01    0.01             0.23       0.02        8.68          0.02      0.00      24.00         10
stp_thermodyn             0.2241318E-01    0.01             0.12       0.01        5.22          0.01      0.00     240.00        659
zdf_drg                   0.2137620E-01    0.01             0.27       0.02       12.65          0.02     -0.00     240.00       1120
sbc_wave_sglexe           0.1690304E-01    0.00             0.19       0.01       11.14          0.01      0.00     240.00          0
stp_lateral               0.1442547E-01    0.00             0.09       0.01        5.95          0.01      0.00     240.00        659
sbc_sglcpl_ice_flx        0.1307734E-01    0.00             0.21       0.01       16.29          0.01     -0.00     240.00        763
stp_diag                  0.1193056E-01    0.00             0.05       0.00        4.28          0.01      0.00     240.00        659
icealb                    0.1150992E-01    0.00             0.09       0.01        7.67          0.01     -0.01     480.00        118
dia_ar5                   0.1142015E-01    0.00             0.05       0.00        4.07          0.01      0.00     240.00        659
iceitd_reb                0.1024026E-01    0.00             0.47       0.03       45.96          0.03     -0.01     480.00        231
ice_dyn_adv_pra_icemax4D  0.8212610E-02    0.00             0.05       0.00        5.59          0.01     -0.01     480.00        606
nemogcmcoup_wam_update_s  0.7141475E-02    0.00             0.06       0.00        9.03          0.01      0.00      24.00       1249
ice_dyn_adv_pra_Hbig      0.6711952E-02    0.00             0.03       0.00        4.01          0.01     -0.01     240.00        118
dyn_adv                   0.6087064E-02    0.00             0.04       0.00        7.02          0.00      0.00     240.00       1645
ssh_swp                   0.5528271E-02    0.00             0.14       0.01       26.01          0.01     -0.01     240.00        783
scripremap_alloc          0.3053282E-02    0.00             0.00       0.00        1.06          0.00      0.00       8.00         97
 
Maximum timing over all MPI tasks :
-----------------------------------
Section                   Elap. Time(s)  Elap. Time(%)  CPU Time(s)  CPU Time(%)  CPU/Elap      Freq      Max time task
nemo_init                 0.8923556E+02   26.29            47.67       3.10        0.54          1.00       1648
stp_ctl                   0.3020233E+02    8.90            14.43       0.94        6.57        240.00       1648
scripremap_read_sgl       0.2930031E+02    8.63            30.35       1.97        1.04          8.00       1626
icedyn_rhg                0.7233604E+01    2.13            46.14       3.00        7.97        240.00       1523
dyn_spg_ts                0.5730319E+01    1.69            38.44       2.50        7.94        240.00       1248
zdf_phy                   0.5207487E+01    1.53            15.34       1.00        8.24        240.00       1309
ldf_slp                   0.5002913E+01    1.47            20.19       1.31        7.98        240.00       1162
tra_nxt                   0.4873079E+01    1.44            14.16       0.92        8.01        240.00       1645
sbc_stokes                0.4607428E+01    1.36            26.16       1.70        7.91        240.00        415
sbc                       0.4370969E+01    1.29             7.19       0.47        3.73        240.00        695
tra_qsr                   0.4175888E+01    1.23             4.92       0.32        1.39        240.00        887
tra_adv_fct               0.4027064E+01    1.19            24.63       1.60        7.89        240.00        140
iom_put_p3d_dp            0.3817027E+01    1.12            30.33       1.97        9.13       7440.00       1244
tra_ldf_iso               0.3814479E+01    1.12            28.85       1.87        7.92        240.00       1498
dyn_ldf                   0.3645183E+01    1.07            18.58       1.21        8.01        240.00       1647
parinter_init             0.3619081E+01    1.07             3.55       0.23        1.00          8.00         60
nonosc                    0.3469248E+01    1.02            20.22       1.31        8.01        480.00         22
icewri                    0.3050855E+01    0.90             5.66       0.37        7.52        240.00        498
zps_hde                   0.2857999E+01    0.84             4.14       0.27        7.88        240.00        887
iceupdate_tau             0.2725050E+01    0.80             4.69       0.30        7.90        240.00        615
sbc_sglcpl_rcv            0.2600257E+01    0.77             1.47       0.10        8.24        240.00       1310
icecor                    0.2479462E+01    0.73             3.46       0.22        7.76        480.00         75
icestp                    0.2455097E+01    0.72            12.67       0.82        7.33        240.00        262
dyn_nxt                   0.2387767E+01    0.70            15.73       1.02        8.00        240.00       1570
ice_dyn_adv_pra           0.2339596E+01    0.69            14.75       0.96        7.70        240.00        659
dom_vvl_sf_swp            0.2320969E+01    0.68            15.60       1.01        7.82        240.00       1480
eos2d                     0.2303300E+01    0.68             3.24       0.21        8.39        480.00        935
sbc_hbp                   0.2215487E+01    0.65             3.82       0.25        3.63        240.00       1648
dom_vvl_sf_nxt            0.2197333E+01    0.65             9.48       0.62        7.71        480.00       1249
div_hor                   0.2193520E+01    0.65             4.62       0.30        6.60        480.00       1365
dia_wri                   0.2193069E+01    0.65             9.34       0.61        6.93        240.00       1646
dyn_vor                   0.2144822E+01    0.63            14.90       0.97        7.89        240.00       1643
ice_thd_main              0.1888148E+01    0.56             2.47       0.16        8.16        240.00          2
stp                       0.1839400E+01    0.54             4.06       0.26        2.97        240.00        659
icedyn_rdgrft             0.1716958E+01    0.51             1.88       0.12        8.41        240.00         12
sbc_rnf                   0.1713705E+01    0.50             1.84       0.12        2.88        240.00        111
dom_hgr                   0.1364975E+01    0.40             1.98       0.13        1.71          1.00       1459
ice_thd_jllopp            0.1302496E+01    0.38             1.87       0.12        7.87        240.00       1518
sbc_wstress               0.1242860E+01    0.37             1.11       0.07        8.70        240.00        782
ice_strengh               0.1234583E+01    0.36             1.51       0.10        8.72        240.00        311
tra_bbl                   0.1217044E+01    0.36             2.72       0.18        6.61        240.00       1051
tra_bbc                   0.1122426E+01    0.33             1.50       0.10        6.17        240.00       1201
dyn_zad                   0.1119288E+01    0.33             6.37       0.41        8.10        240.00       1294
rab_2d                    0.1010808E+01    0.30             0.93       0.06        6.89        240.00        114
zdf_tke_tke               0.1006902E+01    0.30             6.41       0.42        7.29        240.00        935
tra_zdf_imp               0.9450997E+00    0.28             5.23       0.34        7.01        240.00       1330
dyn_zdf                   0.9168413E+00    0.27             6.76       0.44        7.75        240.00       1598
ice_dyn_adv_pra_adv_y     0.8836142E+00    0.26             6.81       0.44        9.31       3120.00        118
wzv                       0.8773405E+00    0.26             5.13       0.33        8.30        480.00       1330
dyn_keg                   0.8268817E+00    0.24             4.99       0.32        8.13        240.00       1496
zdf_tmx                   0.7301767E+00    0.22             2.96       0.19        7.78        240.00       1508
tra_adv                   0.7201039E+00    0.21             5.27       0.34        7.82        240.00        665
dyn_hpg                   0.6755564E+00    0.20             3.84       0.25        8.19        240.00       1645
iceupdate_flx             0.6743555E+00    0.20             0.67       0.04        2.41        240.00        659
ice_dyn_adv_pra_adv_x     0.6742549E+00    0.20             5.20       0.34        9.85       3120.00        118
zdf_ddm                   0.6726887E+00    0.20             3.91       0.25        7.76        240.00       1308
tra_sbc                   0.6101058E+00    0.18             1.38       0.09        3.70        240.00       1541
zdf_sh2                   0.5864444E+00    0.17             3.88       0.25        7.52        240.00       1120
tmx_itf                   0.5493318E+00    0.16             3.54       0.23        7.84        240.00        630
bn2                       0.5453637E+00    0.16             3.90       0.25        8.46        480.00       1538
dia_hth                   0.5442064E+00    0.16             3.58       0.23        7.56        240.00       1650
eos-pot                   0.5370314E+00    0.16             2.98       0.19        8.23        506.00        129
parinter_write            0.4922084E+00    0.15             0.04       0.00        0.15          8.00        317
stp_oceandyn              0.4886982E+00    0.14             3.36       0.22        9.44        240.00        659
zdf_tke_avn               0.4852422E+00    0.14             2.54       0.16        8.99        240.00       1211
rab_3d                    0.4375056E+00    0.13             3.18       0.21        8.28        480.00       1085
nemogcmcoup_coupinit      0.4333070E+00    0.13             0.14       0.01        0.99          1.00       1615
sbc_isf_div               0.4030072E+00    0.12             2.85       0.18       13.31        480.00       1222
parinter_fld_mult         0.3743736E+00    0.11             1.59       0.10        8.06        219.00        150
stp_tracers               0.3251445E+00    0.10             1.93       0.13        7.32        240.00        659
parinter_read             0.3240776E+00    0.10             0.02       0.00        0.20          8.00       1160
day                       0.3023451E+00    0.09             1.41       0.09        5.73        240.00       1045
zdf_evd                   0.2935299E+00    0.09             1.41       0.09        5.74        240.00       1423
nemogcmcoup_wam_get       0.2606111E+00    0.08             0.80       0.05        8.02         24.00       1544
zdf_mxl                   0.2278704E+00    0.07             1.12       0.07        6.19        240.00       1444
iceitd_rem                0.1877585E+00    0.06             0.44       0.03       14.29        240.00       1517
ssh_nxt                   0.1877183E+00    0.06             1.07       0.07        8.37        240.00       1462
tra_zdf                   0.1730378E+00    0.05             1.31       0.09       13.57        240.00       1364
eos-insitu                0.1677712E+00    0.05             1.18       0.08        8.20        240.00       1101
scripremap_dealloc        0.1616792E+00    0.05             0.03       0.00        1.00          8.00        406
sbc_ssm                   0.1483698E+00    0.04             0.30       0.02        4.17        240.00        659
nemogcmcoup_wam_coupinit  0.1446186E+00    0.04             0.08       0.01        1.39          1.00       1342
ice_dyn                   0.1308391E+00    0.04             0.62       0.04        7.01        240.00        196
ice_thd_do                0.1211416E+00    0.04             0.06       0.00     *******        240.00       1546
iceitd_reb                0.1136529E+00    0.03             0.47       0.03       45.96        480.00        231
iom_put_pd2_dp            0.1072022E+00    0.03             1.88       0.12     *******      21888.00        118
icedyn_adv                0.1003340E+00    0.03             0.78       0.05       10.40        240.00       1645
nemogcmcoup_lim2_update   0.1001753E+00    0.03             0.39       0.03        8.13         24.00       1271
zdf_drg                   0.7646174E-01    0.02             0.27       0.02       12.65        240.00       1120
icethd                    0.7253963E-01    0.02             0.14       0.01        3.95        240.00        659
nemogcmcoup_lim2_get      0.5861765E-01    0.02             0.26       0.02        8.56         25.00       1358
stp_nxt                   0.5738928E-01    0.02             0.38       0.02       12.09        240.00        659
nemogcmcoup_wam_update    0.5609079E-01    0.02             0.23       0.02        8.68         24.00         10
stp_thermodyn             0.4776938E-01    0.01             0.12       0.01        5.22        240.00        659
icealb                    0.4627348E-01    0.01             0.09       0.01        7.67        480.00        118
ice_dyn_adv_pra_icemax4D  0.3223753E-01    0.01             0.05       0.00        5.59        480.00        606
ice_dyn_adv_pra_Hbig      0.2942404E-01    0.01             0.03       0.00        4.01        240.00        118
stp_lateral               0.2767478E-01    0.01             0.09       0.01        5.95        240.00        659
sbc_wave_sglexe           0.2739272E-01    0.01             0.19       0.01       11.14        240.00          0
stp_diag                  0.2465944E-01    0.01             0.05       0.00        4.28        240.00        659
dia_ar5                   0.2408659E-01    0.01             0.05       0.00        4.07        240.00        659
sbc_sglcpl_ice_flx        0.2371654E-01    0.01             0.21       0.01       16.29        240.00        763
ice_dyn_adv_pra_icemax3D  0.2029523E-01    0.01             0.02       0.00     *******        960.00        118
ssh_swp                   0.1933312E-01    0.01             0.14       0.01       26.01        240.00        783
nemogcmcoup_wam_update_s  0.1883456E-01    0.01             0.06       0.00        9.03         24.00       1249
zdf_drg_exp               0.1568269E-01    0.00             0.01       0.00     *******        240.00       1293
dyn_adv                   0.8000841E-02    0.00             0.04       0.00        7.02        240.00       1645
scripremap_alloc          0.6081181E-02    0.00             0.00       0.00        1.06          8.00         97
icesbc                    0.5743423E-02    0.00             0.16       0.01      523.20        480.00        538
sbc_sglcpl_ice_init       0.4771472E-02    0.00             0.00       0.00        3.65          1.00        958
tra_ldf                   0.4682686E-02    0.00             0.22       0.01     *******        240.00       1538
eos_pt_from_ct            0.4583206E-02    0.00             0.01       0.00     *******        266.00        538
sbc_sglcpl_ice_tau        0.3582465E-02    0.00             0.04       0.00     *******        240.00        118
zdf_mxl_zint              0.2896031E-02    0.00             0.40       0.03     *******        240.00       1366
dyn_spg                   0.1789129E-02    0.00             0.02       0.00     *******        240.00        118
scripgrid_alloc           0.1708130E-02    0.00             0.00       0.00        3.27         16.00        245
 
Averaged CPU time on all processors :
-------------------------------------
Section                   CPU Time(s)  CPU Time(%)    Elap. Time(s) Elap. Time(%) CPU/Elap
nemo_init                 0.4766757E+02    3.10            88.41      26.05        0.54
icedyn_rhg                0.4613736E+02    3.00             5.79       1.71        7.97
dyn_spg_ts                0.3843727E+02    2.50             4.84       1.43        7.94
scripremap_read_sgl       0.3035481E+02    1.97            29.15       8.59        1.04
iom_put_p3d_dp            0.3033484E+02    1.97             3.32       0.98        9.13
tra_ldf_iso               0.2884987E+02    1.87             3.64       1.07        7.92
sbc_stokes                0.2616167E+02    1.70             3.31       0.97        7.91
tra_adv_fct               0.2463323E+02    1.60             3.12       0.92        7.89
nonosc                    0.2021955E+02    1.31             2.53       0.74        8.01
ldf_slp                   0.2018778E+02    1.31             2.53       0.75        7.98
dyn_ldf                   0.1857913E+02    1.21             2.32       0.68        8.01
dyn_nxt                   0.1572963E+02    1.02             1.97       0.58        8.00
dom_vvl_sf_swp            0.1559843E+02    1.01             2.00       0.59        7.82
zdf_phy                   0.1534195E+02    1.00             1.86       0.55        8.24
dyn_vor                   0.1489776E+02    0.97             1.89       0.56        7.89
ice_dyn_adv_pra           0.1474580E+02    0.96             1.91       0.56        7.70
stp_ctl                   0.1442741E+02    0.94             2.20       0.65        6.57
tra_nxt                   0.1416167E+02    0.92             1.77       0.52        8.01
icestp                    0.1267270E+02    0.82             1.73       0.51        7.33
dom_vvl_sf_nxt            0.9477330E+01    0.62             1.23       0.36        7.71
dia_wri                   0.9344070E+01    0.61             1.35       0.40        6.93
sbc                       0.7185149E+01    0.47             1.93       0.57        3.73
ice_dyn_adv_pra_adv_y     0.6812924E+01    0.44             0.73       0.22        9.31
dyn_zdf                   0.6762562E+01    0.44             0.87       0.26        7.75
zdf_tke_tke               0.6405742E+01    0.42             0.88       0.26        7.29
dyn_zad                   0.6368929E+01    0.41             0.79       0.23        8.10
icewri                    0.5655331E+01    0.37             0.75       0.22        7.52
tra_adv                   0.5267553E+01    0.34             0.67       0.20        7.82
tra_zdf_imp               0.5229304E+01    0.34             0.75       0.22        7.01
ice_dyn_adv_pra_adv_x     0.5195606E+01    0.34             0.53       0.16        9.85
wzv                       0.5127778E+01    0.33             0.62       0.18        8.30
dyn_keg                   0.4988512E+01    0.32             0.61       0.18        8.13
tra_qsr                   0.4923198E+01    0.32             3.55       1.05        1.39
iceupdate_tau             0.4693427E+01    0.30             0.59       0.18        7.90
div_hor                   0.4615321E+01    0.30             0.70       0.21        6.60
zps_hde                   0.4143443E+01    0.27             0.53       0.15        7.88
stp                       0.4060636E+01    0.26             1.37       0.40        2.97
zdf_ddm                   0.3908824E+01    0.25             0.50       0.15        7.76
bn2                       0.3899270E+01    0.25             0.46       0.14        8.46
zdf_sh2                   0.3884670E+01    0.25             0.52       0.15        7.52
dyn_hpg                   0.3843596E+01    0.25             0.47       0.14        8.19
sbc_hbp                   0.3815839E+01    0.25             1.05       0.31        3.63
dia_hth                   0.3582924E+01    0.23             0.47       0.14        7.56
parinter_init             0.3545573E+01    0.23             3.56       1.05        1.00
tmx_itf                   0.3544392E+01    0.23             0.45       0.13        7.84
icecor                    0.3456061E+01    0.22             0.45       0.13        7.76
stp_oceandyn              0.3363864E+01    0.22             0.36       0.11        9.44
eos2d                     0.3243297E+01    0.21             0.39       0.11        8.39
rab_3d                    0.3175942E+01    0.21             0.38       0.11        8.28
eos-pot                   0.2982595E+01    0.19             0.36       0.11        8.23
zdf_tmx                   0.2955428E+01    0.19             0.38       0.11        7.78
sbc_isf_div               0.2845372E+01    0.18             0.21       0.06       13.31
tra_bbl                   0.2723264E+01    0.18             0.41       0.12        6.61
zdf_tke_avn               0.2537377E+01    0.16             0.28       0.08        8.99
ice_thd_main              0.2466254E+01    0.16             0.30       0.09        8.16
dom_hgr                   0.1978279E+01    0.13             1.16       0.34        1.71
stp_tracers               0.1926113E+01    0.13             0.26       0.08        7.32
icedyn_rdgrft             0.1882230E+01    0.12             0.22       0.07        8.41
ice_thd_jllopp            0.1865759E+01    0.12             0.24       0.07        7.87
sbc_rnf                   0.1836246E+01    0.12             0.64       0.19        2.88
parinter_fld_mult         0.1588319E+01    0.10             0.20       0.06        8.06
ice_strengh               0.1510034E+01    0.10             0.17       0.05        8.72
tra_bbc                   0.1504192E+01    0.10             0.24       0.07        6.17
sbc_sglcpl_rcv            0.1471816E+01    0.10             0.18       0.05        8.24
day                       0.1413921E+01    0.09             0.25       0.07        5.73
zdf_evd                   0.1413560E+01    0.09             0.25       0.07        5.74
tra_sbc                   0.1381838E+01    0.09             0.37       0.11        3.70
tra_zdf                   0.1312708E+01    0.09             0.10       0.03       13.57
eos-insitu                0.1184824E+01    0.08             0.14       0.04        8.20
zdf_mxl                   0.1118844E+01    0.07             0.18       0.05        6.19
sbc_wstress               0.1111439E+01    0.07             0.13       0.04        8.70
ssh_nxt                   0.1070316E+01    0.07             0.13       0.04        8.37
rab_2d                    0.9317283E+00    0.06             0.14       0.04        6.89
nemogcmcoup_wam_get       0.7991510E+00    0.05             0.10       0.03        8.02
icedyn_adv                0.7767066E+00    0.05             0.07       0.02       10.40
iceupdate_flx             0.6650696E+00    0.04             0.28       0.08        2.41
ice_dyn                   0.6185496E+00    0.04             0.09       0.03        7.01
iceitd_reb                0.4706370E+00    0.03             0.01       0.00       45.96
iceitd_rem                0.4368232E+00    0.03             0.03       0.01       14.29
nemogcmcoup_lim2_update   0.3884835E+00    0.03             0.05       0.01        8.13
stp_nxt                   0.3787056E+00    0.02             0.03       0.01       12.09
sbc_ssm                   0.2994030E+00    0.02             0.07       0.02        4.17
zdf_drg                   0.2704551E+00    0.02             0.02       0.01       12.65
nemogcmcoup_lim2_get      0.2626738E+00    0.02             0.03       0.01        8.56
nemogcmcoup_wam_update    0.2332137E+00    0.02             0.03       0.01        8.68
sbc_sglcpl_ice_flx        0.2129784E+00    0.01             0.01       0.00       16.29
sbc_wave_sglexe           0.1882602E+00    0.01             0.02       0.00       11.14
ssh_swp                   0.1437980E+00    0.01             0.01       0.00       26.01
nemogcmcoup_coupinit      0.1435867E+00    0.01             0.15       0.04        0.99
icethd                    0.1372817E+00    0.01             0.03       0.01        3.95
stp_thermodyn             0.1169491E+00    0.01             0.02       0.01        5.22
icealb                    0.8831119E-01    0.01             0.01       0.00        7.67
stp_lateral               0.8577882E-01    0.01             0.01       0.00        5.95
nemogcmcoup_wam_coupinit  0.8014158E-01    0.01             0.06       0.02        1.39
nemogcmcoup_wam_update_s  0.6449149E-01    0.00             0.01       0.00        9.03
stp_diag                  0.5109729E-01    0.00             0.01       0.00        4.28
dia_ar5                   0.4645572E-01    0.00             0.01       0.00        4.07
ice_dyn_adv_pra_icemax4D  0.4589108E-01    0.00             0.01       0.00        5.59
parinter_write            0.4383205E-01    0.00             0.30       0.09        0.15
dyn_adv                   0.4273702E-01    0.00             0.01       0.00        7.02
scripremap_dealloc        0.3398656E-01    0.00             0.03       0.01        1.00
ice_dyn_adv_pra_Hbig      0.2691681E-01    0.00             0.01       0.00        4.01
parinter_read             0.1872981E-01    0.00             0.09       0.03        0.20
scripremap_alloc          0.3234645E-02    0.00             0.00       0.00        1.06
 
Averaged inclusive timing on all processors :
---------------------------------------------
Section                   Elap. Time(s)  Elap. Time(%)  CPU Time(s)  CPU Time(%)  CPU/Elap Max elap(%)  Min elap(%)  Freq      Max time task
nemo_init                 0.8957076E+02   26.39            49.65       3.22        0.55         26.29     25.99       1.00       1648
stp                       0.7769481E+02   22.89           564.37      36.65        7.26          0.54      0.13     240.00        659
scripremap_read_sgl       0.2915763E+02    8.59            30.36       1.97        1.04          8.63      8.56       8.00       1626
nemogcmcoup_coupinit      0.2458982E+02    7.24            24.25       1.57        0.99          0.13      0.00       1.00       1615
sbc                       0.2168435E+02    6.39           156.37      10.15        7.21          1.29      0.25     240.00        695
stp_tracers               0.1591920E+02    4.69            99.84       6.48        6.27          0.10      0.06     240.00        659
stp_oceandyn              0.1529954E+02    4.51           121.83       7.91        7.96          0.14      0.08     240.00        659
icestp                    0.1415766E+02    4.17           111.65       7.25        7.89          0.72      0.38     240.00        262
ice_dyn                   0.9826363E+01    2.90            78.17       5.08        7.95          0.04      0.02     240.00        196
nemogcmcoup_wam_coupinit  0.8757773E+01    2.58             9.97       0.65        1.14          0.04      0.00       1.00       1342
tra_adv                   0.6414475E+01    1.89            50.81       3.30        7.92          0.21      0.14     240.00        665
icedyn_rhg                0.5978486E+01    1.76            47.65       3.09        7.97          2.13      0.67     240.00       1523
stp_nxt                   0.5797306E+01    1.71            46.01       2.99        7.94          0.02      0.01     240.00        659
tra_adv_fct               0.5666278E+01    1.67            44.85       2.91        7.92          1.19      0.64     240.00        140
zdf_phy                   0.5464296E+01    1.61            43.23       2.81        7.91          1.53      0.24     240.00       1309
stp_diag                  0.5155577E+01    1.52            41.12       2.67        7.98          0.01      0.00     240.00        659
dyn_spg_ts                0.4827421E+01    1.42            38.49       2.50        7.97          1.69      0.52     240.00       1248
dia_wri                   0.4639024E+01    1.37            37.00       2.40        7.98          0.65      0.31     240.00       1646
tra_ldf_iso               0.3651122E+01    1.08            28.85       1.87        7.90          1.12      0.39     240.00       1498
stp_lateral               0.3641283E+01    1.07            28.85       1.87        7.92          0.01      0.00     240.00        659
tra_qsr                   0.3559391E+01    1.05             4.92       0.32        1.38          1.23      0.79     240.00        887
parinter_init             0.3557557E+01    1.05             3.55       0.23        1.00          1.07      1.02       8.00         60
iom_put_p3d_dp            0.3522531E+01    1.04            30.33       1.97        8.61          1.12      0.73    7440.00       1244
icedyn_adv                0.3466602E+01    1.02            27.63       1.79        7.97          0.03      0.02     240.00       1645
sbc_wave_sglexe           0.3406096E+01    1.00            27.15       1.76        7.97          0.01      0.00     240.00          0
ice_dyn_adv_pra           0.3385391E+01    1.00            26.85       1.74        7.93          0.69      0.26     240.00        659
sbc_stokes                0.3382690E+01    1.00            26.96       1.75        7.97          1.36      0.16     240.00        415
nonosc                    0.2538374E+01    0.75            20.22       1.31        7.97          1.02      0.48     480.00         22
ldf_slp                   0.2537231E+01    0.75            20.19       1.31        7.96          1.47      0.43     240.00       1162
dyn_ldf                   0.2325948E+01    0.69            18.58       1.21        7.99          1.07      0.62     240.00       1647
stp_ctl                   0.2202871E+01    0.65            14.43       0.94        6.55          8.90      0.44     240.00       1648
dom_vvl_sf_swp            0.2002261E+01    0.59            15.60       1.01        7.79          0.68      0.40     240.00       1480
dyn_nxt                   0.1971734E+01    0.58            15.73       1.02        7.98          0.70      0.30     240.00       1570
dyn_vor                   0.1894247E+01    0.56            14.90       0.97        7.86          0.63      0.32     240.00       1643
tra_nxt                   0.1773442E+01    0.52            14.16       0.92        7.99          1.44      0.33     240.00       1645
dyn_adv                   0.1425771E+01    0.42            11.40       0.74        8.00          0.00      0.00     240.00       1645
dom_vvl_sf_nxt            0.1241863E+01    0.37             9.48       0.62        7.63          0.65      0.22     480.00       1249
sbc_hbp                   0.1240710E+01    0.37             5.39       0.35        4.34          0.65      0.06     240.00       1648
dom_hgr                   0.1156488E+01    0.34             1.98       0.13        1.71          0.40      0.10       1.00       1459
icethd                    0.1061780E+01    0.31             8.50       0.55        8.00          0.02      0.01     240.00        659
zps_hde                   0.9322151E+00    0.27             7.39       0.48        7.92          0.84      0.02     240.00        887
div_hor                   0.9289803E+00    0.27             7.49       0.49        8.06          0.65      0.11     480.00       1365
stp_thermodyn             0.8995405E+00    0.27             7.19       0.47        8.00          0.01      0.00     240.00        659
zdf_tke_tke               0.8856212E+00    0.26             6.41       0.42        7.23          0.30      0.09     240.00        935
dyn_zdf                   0.8828021E+00    0.26             6.77       0.44        7.67          0.27      0.12     240.00       1598
zdf_tmx                   0.8726851E+00    0.26             6.90       0.45        7.90          0.22      0.04     240.00       1508
tra_zdf                   0.8551619E+00    0.25             6.54       0.42        7.65          0.05      0.01     240.00       1364
ice_dyn_adv_pra_adv_y     0.8160473E+00    0.24             6.81       0.44        8.35          0.26      0.12    3120.00        118
dyn_zad                   0.7931802E+00    0.23             6.37       0.41        8.03          0.33      0.19     240.00       1294
icewri                    0.7740986E+00    0.23             6.21       0.40        8.02          0.90      0.05     240.00        498
tra_zdf_imp               0.7519572E+00    0.22             5.23       0.34        6.95          0.28      0.09     240.00       1330
sbc_rnf                   0.6392889E+00    0.19             1.84       0.12        2.88          0.50      0.03     240.00        111
wzv                       0.6308097E+00    0.19             5.13       0.33        8.13          0.26      0.15     480.00       1330
dyn_keg                   0.6200012E+00    0.18             4.99       0.32        8.05          0.24      0.12     240.00       1496
ssh_nxt                   0.6173666E+00    0.18             4.96       0.32        8.04          0.06      0.03     240.00       1462
ice_dyn_adv_pra_adv_x     0.6121166E+00    0.18             5.20       0.34        8.49          0.20      0.06    3120.00        118
iceupdate_tau             0.6006110E+00    0.18             4.69       0.30        7.81          0.80     -0.00     240.00        615
tra_bbl                   0.5385535E+00    0.16             3.68       0.24        6.83          0.36      0.03     240.00       1051
zdf_sh2                   0.5228954E+00    0.15             3.88       0.25        7.43          0.17      0.05     240.00       1120
zdf_ddm                   0.5100477E+00    0.15             3.91       0.25        7.66          0.20      0.11     240.00       1308
dia_hth                   0.4969440E+00    0.15             4.01       0.26        8.06          0.16      0.12     240.00       1650
icecor                    0.4817505E+00    0.14             3.93       0.26        8.15          0.73      0.02     480.00         75
dyn_hpg                   0.4757645E+00    0.14             3.84       0.25        8.08          0.20      0.11     240.00       1645
bn2                       0.4741349E+00    0.14             3.90       0.25        8.22          0.16      0.03     480.00       1538
tmx_itf                   0.4583319E+00    0.14             3.54       0.23        7.73          0.16      0.07     240.00        630
eos2d                     0.3997505E+00    0.12             3.24       0.21        8.11          0.68     -0.01     480.00        935
rab_3d                    0.3964901E+00    0.12             3.18       0.21        8.01          0.13      0.09     480.00       1085
tra_sbc                   0.3798499E+00    0.11             1.38       0.09        3.64          0.18      0.02     240.00       1541
eos-pot                   0.3763230E+00    0.11             2.98       0.19        7.93          0.16      0.08     506.00        129
ice_thd_main              0.3085967E+00    0.09             2.47       0.16        7.99          0.56     -0.00     240.00          2
zdf_evd                   0.3034960E+00    0.09             2.47       0.16        8.12          0.09      0.03     240.00       1423
parinter_write            0.3012194E+00    0.09             0.04       0.00        0.15          0.15      0.03       8.00        317
zdf_tke_avn               0.2887925E+00    0.09             2.54       0.16        8.79          0.14      0.03     240.00       1211
day                       0.2531312E+00    0.07             1.41       0.09        5.59          0.09      0.01     240.00       1045
tra_bbc                   0.2457364E+00    0.07             1.52       0.10        6.17          0.33      0.01     240.00       1201
ice_thd_jllopp            0.2435639E+00    0.07             1.87       0.12        7.66          0.38     -0.01     240.00       1518
icedyn_rdgrft             0.2302726E+00    0.07             1.88       0.12        8.17          0.51      0.01     240.00         12
sbc_isf_div               0.2268122E+00    0.07             2.85       0.18       12.55          0.12     -0.01     480.00       1222
parinter_fld_mult         0.2029748E+00    0.06             1.59       0.10        7.83          0.11      0.01     219.00        150
zdf_mxl                   0.1848010E+00    0.05             1.51       0.10        8.19          0.07      0.03     240.00       1444
sbc_sglcpl_rcv            0.1798891E+00    0.05             1.48       0.10        8.22          0.77      0.00     240.00       1310
ice_strengh               0.1797472E+00    0.05             1.51       0.10        8.40          0.36      0.00     240.00        311
nemogcmcoup_wam_get       0.1724525E+00    0.05             1.37       0.09        7.97          0.08      0.00      24.00       1544
eos-insitu                0.1509089E+00    0.04             1.18       0.08        7.85          0.05      0.03     240.00       1101
rab_2d                    0.1416560E+00    0.04             0.93       0.06        6.58          0.30     -0.00     240.00        114
sbc_wstress               0.1343045E+00    0.04             1.11       0.07        8.28          0.37     -0.00     240.00        782
iceupdate_flx             0.1147320E+00    0.03             0.96       0.06        8.39          0.20      0.03     240.00        659
nemogcmcoup_lim2_update   0.1022833E+00    0.03             0.82       0.05        8.01          0.03      0.00      24.00       1271
parinter_read             0.9491736E-01    0.03             0.02       0.00        0.20          0.10      0.00       8.00       1160
nemogcmcoup_lim2_get      0.6106461E-01    0.02             0.48       0.03        7.88          0.02      0.00      25.00       1358
nemogcmcoup_wam_update    0.4203831E-01    0.01             0.34       0.02        8.11          0.02      0.00      24.00         10
sbc_ssm                   0.4136387E-01    0.01             0.38       0.02        9.16          0.04      0.01     240.00        659
iceitd_rem                0.3707853E-01    0.01             0.44       0.03       11.78          0.06     -0.01     240.00       1517
scripremap_dealloc        0.3364195E-01    0.01             0.03       0.00        1.00          0.05      0.01       8.00        406
zdf_drg                   0.2787857E-01    0.01             0.27       0.02        9.70          0.02     -0.00     240.00       1120
icealb                    0.2451468E-01    0.01             0.09       0.01        3.60          0.01     -0.01     480.00        118
iceitd_reb                0.2324502E-01    0.01             0.47       0.03       20.25          0.03     -0.01     480.00        231
ice_dyn_adv_pra_icemax4D  0.2121737E-01    0.01             0.05       0.00        2.16          0.01     -0.01     480.00        606
sbc_sglcpl_ice_flx        0.1876317E-01    0.01             0.22       0.01       11.52          0.01     -0.00     240.00        763
ice_dyn_adv_pra_Hbig      0.1321433E-01    0.00             0.03       0.00        2.04          0.01     -0.01     240.00        118
nemogcmcoup_wam_update_s  0.1258520E-01    0.00             0.11       0.01        8.44          0.01      0.00      24.00       1249
ssh_swp                   0.1203065E-01    0.00             0.14       0.01       11.95          0.01     -0.01     240.00        783
scripremap_alloc          0.3918936E-02    0.00             0.00       0.00        1.01          0.00      0.00       8.00         97
dia_ar5                   0.1175857E-02    0.00             0.06       0.00       48.90          0.01      0.00     240.00        659
 
Averaged inclusive CPU time on all processors :
-----------------------------------------------
Section                   CPU Time(s)  CPU Time(%)    Elap. Time(s) Elap. Time(%) CPU/Elap
stp                       0.4060636E+01    0.26             1.37       0.40        2.97
sbc                       0.7185149E+01    0.47             1.93       0.57        3.73
stp_oceandyn              0.3363864E+01    0.22             0.36       0.11        9.44
icestp                    0.1267270E+02    0.82             1.73       0.51        7.33
stp_tracers               0.1926113E+01    0.13             0.26       0.08        7.32
ice_dyn                   0.6185496E+00    0.04             0.09       0.03        7.01
tra_adv                   0.5267553E+01    0.34             0.67       0.20        7.82
nemo_init                 0.4766757E+02    3.10            88.41      26.05        0.54
icedyn_rhg                0.4613736E+02    3.00             5.79       1.71        7.97
stp_nxt                   0.3787056E+00    0.02             0.03       0.01       12.09
tra_adv_fct               0.2463323E+02    1.60             3.12       0.92        7.89
zdf_phy                   0.1534195E+02    1.00             1.86       0.55        8.24
stp_diag                  0.5109729E-01    0.00             0.01       0.00        4.28
dyn_spg_ts                0.3843727E+02    2.50             4.84       1.43        7.94
dia_wri                   0.9344070E+01    0.61             1.35       0.40        6.93
scripremap_read_sgl       0.3035481E+02    1.97            29.15       8.59        1.04
iom_put_p3d_dp            0.3033484E+02    1.97             3.32       0.98        9.13
tra_ldf_iso               0.2884987E+02    1.87             3.64       1.07        7.92
stp_lateral               0.8577882E-01    0.01             0.01       0.00        5.95
icedyn_adv                0.7767066E+00    0.05             0.07       0.02       10.40
sbc_wave_sglexe           0.1882602E+00    0.01             0.02       0.00       11.14
sbc_stokes                0.2616167E+02    1.70             3.31       0.97        7.91
ice_dyn_adv_pra           0.1474580E+02    0.96             1.91       0.56        7.70
nemogcmcoup_coupinit      0.1435867E+00    0.01             0.15       0.04        0.99
nonosc                    0.2021955E+02    1.31             2.53       0.74        8.01
ldf_slp                   0.2018778E+02    1.31             2.53       0.75        7.98
dyn_ldf                   0.1857913E+02    1.21             2.32       0.68        8.01
dyn_nxt                   0.1572963E+02    1.02             1.97       0.58        8.00
dom_vvl_sf_swp            0.1559843E+02    1.01             2.00       0.59        7.82
dyn_vor                   0.1489776E+02    0.97             1.89       0.56        7.89
stp_ctl                   0.1442741E+02    0.94             2.20       0.65        6.57
tra_nxt                   0.1416167E+02    0.92             1.77       0.52        8.01
dyn_adv                   0.4273702E-01    0.00             0.01       0.00        7.02
nemogcmcoup_wam_coupinit  0.8014158E-01    0.01             0.06       0.02        1.39
dom_vvl_sf_nxt            0.9477330E+01    0.62             1.23       0.36        7.71
icethd                    0.1372817E+00    0.01             0.03       0.01        3.95
div_hor                   0.4615321E+01    0.30             0.70       0.21        6.60
zps_hde                   0.4143443E+01    0.27             0.53       0.15        7.88
stp_thermodyn             0.1169491E+00    0.01             0.02       0.01        5.22
zdf_tmx                   0.2955428E+01    0.19             0.38       0.11        7.78
ice_dyn_adv_pra_adv_y     0.6812924E+01    0.44             0.73       0.22        9.31
dyn_zdf                   0.6762562E+01    0.44             0.87       0.26        7.75
tra_zdf                   0.1312708E+01    0.09             0.10       0.03       13.57
zdf_tke_tke               0.6405742E+01    0.42             0.88       0.26        7.29
dyn_zad                   0.6368929E+01    0.41             0.79       0.23        8.10
icewri                    0.5655331E+01    0.37             0.75       0.22        7.52
sbc_hbp                   0.3815839E+01    0.25             1.05       0.31        3.63
tra_zdf_imp               0.5229304E+01    0.34             0.75       0.22        7.01
ice_dyn_adv_pra_adv_x     0.5195606E+01    0.34             0.53       0.16        9.85
wzv                       0.5127778E+01    0.33             0.62       0.18        8.30
dyn_keg                   0.4988512E+01    0.32             0.61       0.18        8.13
ssh_nxt                   0.1070316E+01    0.07             0.13       0.04        8.37
tra_qsr                   0.4923198E+01    0.32             3.55       1.05        1.39
iceupdate_tau             0.4693427E+01    0.30             0.59       0.18        7.90
dia_hth                   0.3582924E+01    0.23             0.47       0.14        7.56
icecor                    0.3456061E+01    0.22             0.45       0.13        7.76
zdf_ddm                   0.3908824E+01    0.25             0.50       0.15        7.76
bn2                       0.3899270E+01    0.25             0.46       0.14        8.46
zdf_sh2                   0.3884670E+01    0.25             0.52       0.15        7.52
dyn_hpg                   0.3843596E+01    0.25             0.47       0.14        8.19
tra_bbl                   0.2723264E+01    0.18             0.41       0.12        6.61
parinter_init             0.3545573E+01    0.23             3.56       1.05        1.00
tmx_itf                   0.3544392E+01    0.23             0.45       0.13        7.84
eos2d                     0.3243297E+01    0.21             0.39       0.11        8.39
rab_3d                    0.3175942E+01    0.21             0.38       0.11        8.28
eos-pot                   0.2982595E+01    0.19             0.36       0.11        8.23
sbc_isf_div               0.2845372E+01    0.18             0.21       0.06       13.31
zdf_tke_avn               0.2537377E+01    0.16             0.28       0.08        8.99
ice_thd_main              0.2466254E+01    0.16             0.30       0.09        8.16
zdf_evd                   0.1413560E+01    0.09             0.25       0.07        5.74
dom_hgr                   0.1978279E+01    0.13             1.16       0.34        1.71
icedyn_rdgrft             0.1882230E+01    0.12             0.22       0.07        8.41
ice_thd_jllopp            0.1865759E+01    0.12             0.24       0.07        7.87
sbc_rnf                   0.1836246E+01    0.12             0.64       0.19        2.88
parinter_fld_mult         0.1588319E+01    0.10             0.20       0.06        8.06
tra_bbc                   0.1504192E+01    0.10             0.24       0.07        6.17
zdf_mxl                   0.1118844E+01    0.07             0.18       0.05        6.19
ice_strengh               0.1510034E+01    0.10             0.17       0.05        8.72
sbc_sglcpl_rcv            0.1471816E+01    0.10             0.18       0.05        8.24
day                       0.1413921E+01    0.09             0.25       0.07        5.73
tra_sbc                   0.1381838E+01    0.09             0.37       0.11        3.70
nemogcmcoup_wam_get       0.7991510E+00    0.05             0.10       0.03        8.02
eos-insitu                0.1184824E+01    0.08             0.14       0.04        8.20
sbc_wstress               0.1111439E+01    0.07             0.13       0.04        8.70
iceupdate_flx             0.6650696E+00    0.04             0.28       0.08        2.41
rab_2d                    0.9317283E+00    0.06             0.14       0.04        6.89
nemogcmcoup_lim2_update   0.3884835E+00    0.03             0.05       0.01        8.13
nemogcmcoup_lim2_get      0.2626738E+00    0.02             0.03       0.01        8.56
iceitd_reb                0.4706370E+00    0.03             0.01       0.00       45.96
iceitd_rem                0.4368232E+00    0.03             0.03       0.01       14.29
sbc_ssm                   0.2994030E+00    0.02             0.07       0.02        4.17
nemogcmcoup_wam_update    0.2332137E+00    0.02             0.03       0.01        8.68
zdf_drg                   0.2704551E+00    0.02             0.02       0.01       12.65
sbc_sglcpl_ice_flx        0.2129784E+00    0.01             0.01       0.00       16.29
ssh_swp                   0.1437980E+00    0.01             0.01       0.00       26.01
nemogcmcoup_wam_update_s  0.6449149E-01    0.00             0.01       0.00        9.03
icealb                    0.8831119E-01    0.01             0.01       0.00        7.67
dia_ar5                   0.4645572E-01    0.00             0.01       0.00        4.07
ice_dyn_adv_pra_icemax4D  0.4589108E-01    0.00             0.01       0.00        5.59
parinter_write            0.4383205E-01    0.00             0.30       0.09        0.15
scripremap_dealloc        0.3398656E-01    0.00             0.03       0.01        1.00
ice_dyn_adv_pra_Hbig      0.2691681E-01    0.00             0.01       0.00        4.01
parinter_read             0.1872981E-01    0.00             0.09       0.03        0.20
scripremap_alloc          0.3234645E-02    0.00             0.00       0.00        1.06
 
 MPI summary report :
 --------------------

 Process Rank | Elapsed Time (s) | CPU Time (s) | Ratio CPU/Elapsed
 -------------|------------------|--------------|------------------
         0    |     339.420      |    1531.820  |      4.513
         1    |     339.420      |    1560.681  |      4.598
         2    |     339.420      |    1561.442  |      4.600
         3    |     339.419      |    1561.661  |      4.601
         4    |     339.420      |    1571.684  |      4.630
         5    |     339.421      |    1571.425  |      4.630
         6    |     339.420      |    1571.221  |      4.629
         7    |     339.420      |    1576.702  |      4.645
         8    |     339.420      |    1577.671  |      4.648
         9    |     339.419      |    1571.682  |      4.631
        10    |     339.420      |    1572.785  |      4.634
        11    |     339.420      |    1571.343  |      4.629
        12    |     339.420      |    1574.370  |      4.638
        13    |     339.419      |    1574.135  |      4.638
        14    |     339.420      |    1553.864  |      4.578
        15    |     339.421      |    1555.234  |      4.582
        16    |     339.420      |    1555.326  |      4.582
        17    |     339.420      |    1555.830  |      4.584
        18    |     339.420      |    1566.596  |      4.616
        19    |     339.420      |    1567.029  |      4.617
        20    |     339.420      |    1567.638  |      4.619
        21    |     339.420      |    1567.733  |      4.619
        22    |     339.420      |    1566.951  |      4.617
        23    |     339.419      |    1565.978  |      4.614
        24    |     339.420      |    1561.448  |      4.600
        25    |     339.420      |    1561.287  |      4.600
        26    |     339.421      |    1559.668  |      4.595
        27    |     339.420      |    1561.703  |      4.601
        28    |     339.420      |    1557.497  |      4.589
        29    |     339.421      |    1555.615  |      4.583
        30    |     339.421      |    1559.228  |      4.594
        31    |     339.420      |    1558.988  |      4.593
        32    |     339.420      |    1561.860  |      4.602
        33    |     339.421      |    1562.579  |      4.604
        34    |     339.420      |    1577.638  |      4.648
        35    |     339.421      |    1580.194  |      4.656
        36    |     339.420      |    1580.394  |      4.656
        37    |     339.420      |    1580.482  |      4.656
        38    |     339.420      |    1580.667  |      4.657
        39    |     339.419      |    1579.921  |      4.655
        40    |     339.421      |    1579.360  |      4.653
        41    |     339.420      |    1579.191  |      4.653
        42    |     339.421      |    1577.809  |      4.649
        43    |     339.420      |    1569.109  |      4.623
        44    |     339.421      |    1570.391  |      4.627
        45    |     339.421      |    1555.337  |      4.582
        46    |     339.420      |    1553.385  |      4.577
        47    |     339.420      |    1551.288  |      4.570
        48    |     339.421      |    1553.816  |      4.578
        49    |     339.421      |    1554.882  |      4.581
        50    |     339.420      |    1554.726  |      4.581
        51    |     339.420      |    1557.904  |      4.590
        52    |     339.420      |    1569.066  |      4.623
        53    |     339.420      |    1568.714  |      4.622
        54    |     339.420      |    1568.004  |      4.620
        55    |     339.420      |    1570.369  |      4.627
        56    |     339.420      |    1542.530  |      4.545
        57    |     339.421      |    1542.811  |      4.545
        58    |     339.421      |    1541.145  |      4.541
        59    |     339.420      |    1542.405  |      4.544
        60    |     339.421      |    1543.999  |      4.549
        61    |     339.421      |    1542.443  |      4.544
        62    |     339.419      |    1542.739  |      4.545
        63    |     339.419      |    1542.365  |      4.544
        64    |     339.420      |    1543.990  |      4.549
        65    |     339.420      |    1542.911  |      4.546
        66    |     339.421      |    1555.194  |      4.582
        67    |     339.421      |    1554.621  |      4.580
        68    |     339.420      |    1553.794  |      4.578
        69    |     339.420      |    1548.903  |      4.563
        70    |     339.420      |    1557.586  |      4.589
        71    |     339.421      |    1555.169  |      4.582
        72    |     339.420      |    1554.787  |      4.581
        73    |     339.420      |    1555.364  |      4.582
        74    |     339.421      |    1554.112  |      4.579
        75    |     339.420      |    1532.437  |      4.515
        76    |     339.420      |    1536.417  |      4.527
        77    |     339.420      |    1538.374  |      4.532
        78    |     339.420      |    1537.324  |      4.529
        79    |     339.420      |    1537.106  |      4.529
        80    |     339.420      |    1537.944  |      4.531
        81    |     339.420      |    1543.222  |      4.547
        82    |     339.419      |    1543.449  |      4.547
        83    |     339.420      |    1549.105  |      4.564
        84    |     339.420      |    1542.173  |      4.544
        85    |     339.420      |    1541.793  |      4.542
        86    |     339.420      |    1545.293  |      4.553
        87    |     339.421      |    1547.296  |      4.559
        88    |     339.420      |    1548.144  |      4.561
        89    |     339.419      |    1546.862  |      4.557
        90    |     339.420      |    1548.222  |      4.561
        91    |     339.421      |    1549.330  |      4.565
        92    |     339.420      |    1548.262  |      4.561
        93    |     339.420      |    1548.155  |      4.561
        94    |     339.420      |    1549.384  |      4.565
        95    |     339.421      |    1551.990  |      4.572
        96    |     339.421      |    1552.725  |      4.575
        97    |     339.420      |    1559.395  |      4.594
        98    |     339.421      |    1545.509  |      4.553
        99    |     339.421      |    1546.180  |      4.555
       100    |     339.421      |    1545.495  |      4.553
       101    |     339.421      |    1545.944  |      4.555
       102    |     339.421      |    1543.750  |      4.548
       103    |     339.421      |    1543.933  |      4.549
       104    |     339.420      |    1544.613  |      4.551
       105    |     339.420      |    1544.408  |      4.550
       106    |     339.421      |    1544.212  |      4.550
       107    |     339.421      |    1544.053  |      4.549
       108    |     339.421      |    1544.643  |      4.551
       109    |     339.420      |    1545.760  |      4.554
       110    |     339.421      |    1544.081  |      4.549
       111    |     339.420      |    1541.534  |      4.542
       112    |     339.421      |    1567.703  |      4.619
       113    |     339.420      |    1556.942  |      4.587
       114    |     339.420      |    1561.482  |      4.600
       115    |     339.420      |    1561.579  |      4.601
       116    |     339.420      |    1559.959  |      4.596
       117    |     339.421      |    1563.024  |      4.605
       118    |     339.420      |    1563.934  |      4.608
       119    |     339.420      |    1565.152  |      4.611
       120    |     339.420      |    1564.865  |      4.610
       121    |     339.421      |    1564.653  |      4.610
       122    |     339.420      |    1564.911  |      4.611
       123    |     339.421      |    1570.969  |      4.628
       124    |     339.421      |    1571.777  |      4.631
       125    |     339.420      |    1571.497  |      4.630
       126    |     339.421      |    1544.074  |      4.549
       127    |     339.420      |    1548.235  |      4.561
       128    |     339.421      |    1549.863  |      4.566
       129    |     339.420      |    1549.743  |      4.566
       130    |     339.421      |    1549.685  |      4.566
       131    |     339.420      |    1550.407  |      4.568
       132    |     339.421      |    1552.882  |      4.575
       133    |     339.420      |    1552.060  |      4.573
       134    |     339.420      |    1552.747  |      4.575
       135    |     339.421      |    1553.897  |      4.578
       136    |     339.420      |    1553.471  |      4.577
       137    |     339.420      |    1564.746  |      4.610
       138    |     339.421      |    1564.947  |      4.611
       139    |     339.420      |    1563.973  |      4.608
       140    |     339.420      |    1550.686  |      4.569
       141    |     339.420      |    1550.045  |      4.567
       142    |     339.421      |    1549.485  |      4.565
       143    |     339.419      |    1549.465  |      4.565
       144    |     339.420      |    1549.123  |      4.564
       145    |     339.421      |    1548.900  |      4.563
       146    |     339.420      |    1550.293  |      4.567
       147    |     339.420      |    1549.471  |      4.565
       148    |     339.420      |    1550.712  |      4.569
       149    |     339.421      |    1552.164  |      4.573
       150    |     339.420      |    1551.361  |      4.571
       151    |     339.421      |    1553.291  |      4.576
       152    |     339.420      |    1552.901  |      4.575
       153    |     339.420      |    1539.633  |      4.536
       154    |     339.421      |    1574.580  |      4.639
       155    |     339.419      |    1565.600  |      4.613
       156    |     339.419      |    1563.058  |      4.605
       157    |     339.420      |    1562.508  |      4.603
       158    |     339.420      |    1565.856  |      4.613
       159    |     339.419      |    1565.891  |      4.613
       160    |     339.421      |    1573.220  |      4.635
       161    |     339.420      |    1559.763  |      4.595
       162    |     339.420      |    1557.302  |      4.588
       163    |     339.420      |    1560.868  |      4.599
       164    |     339.421      |    1559.569  |      4.595
       165    |     339.420      |    1554.854  |      4.581
       166    |     339.421      |    1555.329  |      4.582
       167    |     339.419      |    1555.636  |      4.583
       168    |     339.420      |    1532.521  |      4.515
       169    |     339.420      |    1537.538  |      4.530
       170    |     339.419      |    1539.537  |      4.536
       171    |     339.421      |    1539.792  |      4.537
       172    |     339.420      |    1542.500  |      4.545
       173    |     339.421      |    1543.215  |      4.547
       174    |     339.420      |    1545.554  |      4.554
       175    |     339.421      |    1545.522  |      4.553
       176    |     339.421      |    1546.878  |      4.557
       177    |     339.419      |    1557.079  |      4.587
       178    |     339.420      |    1557.529  |      4.589
       179    |     339.421      |    1557.224  |      4.588
       180    |     339.420      |    1558.876  |      4.593
       181    |     339.420      |    1559.000  |      4.593
       182    |     339.420      |    1533.935  |      4.519
       183    |     339.420      |    1535.169  |      4.523
       184    |     339.419      |    1535.023  |      4.522
       185    |     339.420      |    1534.535  |      4.521
       186    |     339.421      |    1538.559  |      4.533
       187    |     339.420      |    1538.809  |      4.534
       188    |     339.421      |    1538.471  |      4.533
       189    |     339.421      |    1539.317  |      4.535
       190    |     339.420      |    1541.345  |      4.541
       191    |     339.420      |    1552.204  |      4.573
       192    |     339.420      |    1552.561  |      4.574
       193    |     339.421      |    1551.769  |      4.572
       194    |     339.421      |    1550.779  |      4.569
       195    |     339.420      |    1551.844  |      4.572
       196    |     339.420      |    1533.943  |      4.519
       197    |     339.421      |    1535.181  |      4.523
       198    |     339.420      |    1532.788  |      4.516
       199    |     339.420      |    1532.884  |      4.516
       200    |     339.420      |    1530.962  |      4.511
       201    |     339.421      |    1531.622  |      4.512
       202    |     339.420      |    1531.493  |      4.512
       203    |     339.420      |    1530.591  |      4.509
       204    |     339.421      |    1530.657  |      4.510
       205    |     339.420      |    1530.190  |      4.508
       206    |     339.421      |    1532.511  |      4.515
       207    |     339.421      |    1527.415  |      4.500
       208    |     339.420      |    1525.597  |      4.495
       209    |     339.420      |    1526.858  |      4.498
       210    |     339.420      |    1570.128  |      4.626
       211    |     339.419      |    1568.632  |      4.622
       212    |     339.421      |    1567.052  |      4.617
       213    |     339.421      |    1557.004  |      4.587
       214    |     339.420      |    1556.309  |      4.585
       215    |     339.420      |    1558.265  |      4.591
       216    |     339.421      |    1563.056  |      4.605
       217    |     339.420      |    1551.246  |      4.570
       218    |     339.420      |    1552.392  |      4.574
       219    |     339.422      |    1549.332  |      4.565
       220    |     339.420      |    1561.931  |      4.602
       221    |     339.420      |    1544.179  |      4.549
       222    |     339.421      |    1537.123  |      4.529
       223    |     339.421      |    1542.302  |      4.544
       224    |     339.421      |    1536.051  |      4.526
       225    |     339.420      |    1532.852  |      4.516
       226    |     339.420      |    1536.129  |      4.526
       227    |     339.421      |    1536.006  |      4.525
       228    |     339.421      |    1541.621  |      4.542
       229    |     339.420      |    1542.232  |      4.544
       230    |     339.421      |    1542.983  |      4.546
       231    |     339.421      |    1541.398  |      4.541
       232    |     339.421      |    1544.074  |      4.549
       233    |     339.421      |    1552.088  |      4.573
       234    |     339.421      |    1551.068  |      4.570
       235    |     339.420      |    1551.574  |      4.571
       236    |     339.419      |    1551.791  |      4.572
       237    |     339.420      |    1555.601  |      4.583
       238    |     339.421      |    1517.949  |      4.472
       239    |     339.421      |    1519.155  |      4.476
       240    |     339.420      |    1518.421  |      4.474
       241    |     339.420      |    1521.264  |      4.482
       242    |     339.421      |    1520.845  |      4.481
       243    |     339.420      |    1521.792  |      4.484
       244    |     339.421      |    1522.482  |      4.486
       245    |     339.420      |    1521.569  |      4.483
       246    |     339.421      |    1523.605  |      4.489
       247    |     339.421      |    1529.945  |      4.508
       248    |     339.419      |    1528.750  |      4.504
       249    |     339.421      |    1529.099  |      4.505
       250    |     339.421      |    1531.199  |      4.511
       251    |     339.420      |    1535.162  |      4.523
       252    |     339.420      |    1525.598  |      4.495
       253    |     339.420      |    1525.254  |      4.494
       254    |     339.421      |    1523.678  |      4.489
       255    |     339.419      |    1526.967  |      4.499
       256    |     339.421      |    1527.234  |      4.500
       257    |     339.421      |    1525.949  |      4.496
       258    |     339.421      |    1523.776  |      4.489
       259    |     339.422      |    1522.819  |      4.487
       260    |     339.420      |    1521.962  |      4.484
       261    |     339.421      |    1522.290  |      4.485
       262    |     339.420      |    1521.541  |      4.483
       263    |     339.421      |    1521.634  |      4.483
       264    |     339.420      |    1521.479  |      4.483
       265    |     339.421      |    1521.116  |      4.482
       266    |     339.420      |    1554.191  |      4.579
       267    |     339.420      |    1552.567  |      4.574
       268    |     339.419      |    1552.049  |      4.573
       269    |     339.421      |    1556.487  |      4.586
       270    |     339.420      |    1555.420  |      4.583
       271    |     339.420      |    1550.251  |      4.567
       272    |     339.419      |    1549.412  |      4.565
       273    |     339.419      |    1544.770  |      4.551
       274    |     339.420      |    1539.659  |      4.536
       275    |     339.420      |    1542.376  |      4.544
       276    |     339.420      |    1544.488  |      4.550
       277    |     339.419      |    1533.713  |      4.519
       278    |     339.420      |    1535.872  |      4.525
       279    |     339.420      |    1530.897  |      4.510
       280    |     339.419      |    1560.946  |      4.599
       281    |     339.419      |    1549.768  |      4.566
       282    |     339.419      |    1545.618  |      4.554
       283    |     339.419      |    1546.517  |      4.556
       284    |     339.420      |    1547.572  |      4.559
       285    |     339.419      |    1546.334  |      4.556
       286    |     339.420      |    1546.103  |      4.555
       287    |     339.419      |    1545.479  |      4.553
       288    |     339.420      |    1547.472  |      4.559
       289    |     339.419      |    1554.731  |      4.581
       290    |     339.419      |    1555.647  |      4.583
       291    |     339.419      |    1554.500  |      4.580
       292    |     339.418      |    1554.631  |      4.580
       293    |     339.419      |    1557.248  |      4.588
       294    |     339.419      |    1533.182  |      4.517
       295    |     339.418      |    1535.478  |      4.524
       296    |     339.419      |    1537.155  |      4.529
       297    |     339.419      |    1540.392  |      4.538
       298    |     339.419      |    1541.610  |      4.542
       299    |     339.420      |    1541.892  |      4.543
       300    |     339.419      |    1544.554  |      4.551
       301    |     339.419      |    1544.507  |      4.550
       302    |     339.419      |    1544.668  |      4.551
       303    |     339.420      |    1547.424  |      4.559
       304    |     339.419      |    1546.919  |      4.558
       305    |     339.419      |    1545.584  |      4.554
       306    |     339.420      |    1547.284  |      4.559
       307    |     339.418      |    1547.188  |      4.558
       308    |     339.419      |    1541.139  |      4.541
       309    |     339.419      |    1540.847  |      4.540
       310    |     339.419      |    1542.097  |      4.543
       311    |     339.419      |    1548.008  |      4.561
       312    |     339.419      |    1549.722  |      4.566
       313    |     339.419      |    1547.874  |      4.560
       314    |     339.419      |    1547.327  |      4.559
       315    |     339.419      |    1547.444  |      4.559
       316    |     339.418      |    1547.620  |      4.560
       317    |     339.418      |    1547.874  |      4.560
       318    |     339.419      |    1547.218  |      4.558
       319    |     339.420      |    1545.015  |      4.552
       320    |     339.418      |    1543.349  |      4.547
       321    |     339.419      |    1543.106  |      4.546
       322    |     339.419      |    1543.233  |      4.547
       323    |     339.419      |    1544.209  |      4.550
       324    |     339.419      |    1544.841  |      4.551
       325    |     339.419      |    1544.889  |      4.552
       326    |     339.419      |    1546.594  |      4.557
       327    |     339.421      |    1542.234  |      4.544
       328    |     339.419      |    1543.500  |      4.547
       329    |     339.419      |    1545.222  |      4.553
       330    |     339.419      |    1545.956  |      4.555
       331    |     339.419      |    1544.415  |      4.550
       332    |     339.419      |    1544.362  |      4.550
       333    |     339.420      |    1535.588  |      4.524
       334    |     339.420      |    1533.302  |      4.517
       335    |     339.419      |    1534.472  |      4.521
       336    |     339.419      |    1560.468  |      4.597
       337    |     339.420      |    1553.829  |      4.578
       338    |     339.420      |    1554.302  |      4.579
       339    |     339.419      |    1554.054  |      4.579
       340    |     339.420      |    1556.420  |      4.586
       341    |     339.419      |    1544.241  |      4.550
       342    |     339.419      |    1540.916  |      4.540
       343    |     339.419      |    1541.041  |      4.540
       344    |     339.420      |    1539.646  |      4.536
       345    |     339.419      |    1542.127  |      4.543
       346    |     339.421      |    1542.713  |      4.545
       347    |     339.419      |    1540.053  |      4.537
       348    |     339.420      |    1541.156  |      4.541
       349    |     339.420      |    1546.613  |      4.557
       350    |     339.419      |    1521.237  |      4.482
       351    |     339.418      |    1522.160  |      4.485
       352    |     339.419      |    1523.102  |      4.487
       353    |     339.419      |    1529.126  |      4.505
       354    |     339.419      |    1530.753  |      4.510
       355    |     339.419      |    1532.074  |      4.514
       356    |     339.419      |    1532.426  |      4.515
       357    |     339.418      |    1534.965  |      4.522
       358    |     339.419      |    1537.567  |      4.530
       359    |     339.419      |    1541.370  |      4.541
       360    |     339.420      |    1541.232  |      4.541
       361    |     339.419      |    1540.985  |      4.540
       362    |     339.418      |    1540.836  |      4.540
       363    |     339.418      |    1542.782  |      4.545
       364    |     339.419      |    1521.204  |      4.482
       365    |     339.418      |    1521.685  |      4.483
       366    |     339.418      |    1523.380  |      4.488
       367    |     339.419      |    1526.301  |      4.497
       368    |     339.419      |    1526.749  |      4.498
       369    |     339.420      |    1528.349  |      4.503
       370    |     339.419      |    1526.870  |      4.498
       371    |     339.418      |    1529.204  |      4.505
       372    |     339.419      |    1529.742  |      4.507
       373    |     339.418      |    1531.571  |      4.512
       374    |     339.418      |    1530.235  |      4.508
       375    |     339.418      |    1528.554  |      4.503
       376    |     339.418      |    1528.577  |      4.504
       377    |     339.419      |    1529.791  |      4.507
       378    |     339.418      |    1526.019  |      4.496
       379    |     339.419      |    1525.521  |      4.495
       380    |     339.418      |    1524.319  |      4.491
       381    |     339.419      |    1524.870  |      4.493
       382    |     339.419      |    1525.190  |      4.494
       383    |     339.419      |    1523.253  |      4.488
       384    |     339.420      |    1526.481  |      4.497
       385    |     339.419      |    1525.752  |      4.495
       386    |     339.418      |    1526.786  |      4.498
       387    |     339.418      |    1525.190  |      4.494
       388    |     339.419      |    1525.991  |      4.496
       389    |     339.419      |    1525.297  |      4.494
       390    |     339.418      |    1525.088  |      4.493
       391    |     339.419      |    1521.510  |      4.483
       392    |     339.419      |    1561.822  |      4.601
       393    |     339.418      |    1556.696  |      4.586
       394    |     339.419      |    1557.149  |      4.588
       395    |     339.420      |    1558.391  |      4.591
       396    |     339.421      |    1559.883  |      4.596
       397    |     339.420      |    1553.064  |      4.576
       398    |     339.419      |    1553.711  |      4.578
       399    |     339.419      |    1551.639  |      4.571
       400    |     339.419      |    1552.787  |      4.575
       401    |     339.419      |    1555.007  |      4.581
       402    |     339.419      |    1552.480  |      4.574
       403    |     339.420      |    1549.086  |      4.564
       404    |     339.419      |    1548.636  |      4.563
       405    |     339.419      |    1545.787  |      4.554
       406    |     339.418      |    1536.586  |      4.527
       407    |     339.418      |    1536.931  |      4.528
       408    |     339.418      |    1538.473  |      4.533
       409    |     339.419      |    1541.307  |      4.541
       410    |     339.419      |    1539.643  |      4.536
       411    |     339.420      |    1541.961  |      4.543
       412    |     339.419      |    1542.592  |      4.545
       413    |     339.420      |    1546.152  |      4.555
       414    |     339.420      |    1546.486  |      4.556
       415    |     339.420      |    1551.743  |      4.572
       416    |     339.419      |    1551.897  |      4.572
       417    |     339.420      |    1548.717  |      4.563
       418    |     339.420      |    1548.786  |      4.563
       419    |     339.419      |    1551.407  |      4.571
       420    |     339.418      |    1537.183  |      4.529
       421    |     339.420      |    1539.026  |      4.534
       422    |     339.419      |    1539.336  |      4.535
       423    |     339.420      |    1542.427  |      4.544
       424    |     339.419      |    1543.860  |      4.549
       425    |     339.419      |    1542.460  |      4.544
       426    |     339.418      |    1544.318  |      4.550
       427    |     339.419      |    1545.326  |      4.553
       428    |     339.419      |    1545.001  |      4.552
       429    |     339.419      |    1546.719  |      4.557
       430    |     339.419      |    1546.597  |      4.557
       431    |     339.419      |    1546.144  |      4.555
       432    |     339.420      |    1545.750  |      4.554
       433    |     339.420      |    1545.802  |      4.554
       434    |     339.421      |    1541.918  |      4.543
       435    |     339.418      |    1539.531  |      4.536
       436    |     339.418      |    1541.591  |      4.542
       437    |     339.420      |    1545.022  |      4.552
       438    |     339.419      |    1540.104  |      4.537
       439    |     339.418      |    1543.579  |      4.548
       440    |     339.420      |    1543.066  |      4.546
       441    |     339.419      |    1543.849  |      4.549
       442    |     339.420      |    1543.954  |      4.549
       443    |     339.419      |    1548.313  |      4.562
       444    |     339.419      |    1549.076  |      4.564
       445    |     339.419      |    1544.613  |      4.551
       446    |     339.420      |    1545.068  |      4.552
       447    |     339.420      |    1544.853  |      4.551
       448    |     339.420      |    1551.233  |      4.570
       449    |     339.420      |    1553.402  |      4.577
       450    |     339.420      |    1554.272  |      4.579
       451    |     339.421      |    1552.416  |      4.574
       452    |     339.420      |    1553.615  |      4.577
       453    |     339.420      |    1548.571  |      4.562
       454    |     339.419      |    1547.968  |      4.561
       455    |     339.419      |    1548.431  |      4.562
       456    |     339.419      |    1548.298  |      4.562
       457    |     339.419      |    1544.220  |      4.550
       458    |     339.420      |    1548.026  |      4.561
       459    |     339.420      |    1541.699  |      4.542
       460    |     339.420      |    1537.548  |      4.530
       461    |     339.421      |    1534.317  |      4.520
       462    |     339.418      |    1533.392  |      4.518
       463    |     339.419      |    1529.115  |      4.505
       464    |     339.418      |    1527.941  |      4.502
       465    |     339.419      |    1527.773  |      4.501
       466    |     339.418      |    1523.109  |      4.487
       467    |     339.419      |    1527.101  |      4.499
       468    |     339.418      |    1527.746  |      4.501
       469    |     339.419      |    1528.569  |      4.503
       470    |     339.419      |    1529.712  |      4.507
       471    |     339.418      |    1533.930  |      4.519
       472    |     339.418      |    1535.713  |      4.525
       473    |     339.418      |    1534.768  |      4.522
       474    |     339.418      |    1534.951  |      4.522
       475    |     339.419      |    1536.873  |      4.528
       476    |     339.420      |    1516.632  |      4.468
       477    |     339.420      |    1516.600  |      4.468
       478    |     339.419      |    1518.289  |      4.473
       479    |     339.420      |    1521.919  |      4.484
       480    |     339.420      |    1521.664  |      4.483
       481    |     339.419      |    1522.229  |      4.485
       482    |     339.419      |    1522.423  |      4.485
       483    |     339.420      |    1522.359  |      4.485
       484    |     339.420      |    1524.318  |      4.491
       485    |     339.419      |    1528.286  |      4.503
       486    |     339.419      |    1528.105  |      4.502
       487    |     339.421      |    1528.102  |      4.502
       488    |     339.420      |    1527.716  |      4.501
       489    |     339.419      |    1531.827  |      4.513
       490    |     339.420      |    1525.674  |      4.495
       491    |     339.420      |    1525.752  |      4.495
       492    |     339.419      |    1523.697  |      4.489
       493    |     339.420      |    1526.760  |      4.498
       494    |     339.419      |    1524.856  |      4.493
       495    |     339.419      |    1525.092  |      4.493
       496    |     339.419      |    1524.465  |      4.491
       497    |     339.420      |    1527.069  |      4.499
       498    |     339.419      |    1527.145  |      4.499
       499    |     339.420      |    1528.700  |      4.504
       500    |     339.420      |    1528.692  |      4.504
       501    |     339.419      |    1527.792  |      4.501
       502    |     339.419      |    1527.057  |      4.499
       503    |     339.418      |    1529.345  |      4.506
       504    |     339.420      |    1538.593  |      4.533
       505    |     339.419      |    1536.744  |      4.528
       506    |     339.420      |    1536.732  |      4.528
       507    |     339.419      |    1537.962  |      4.531
       508    |     339.419      |    1538.142  |      4.532
       509    |     339.420      |    1537.908  |      4.531
       510    |     339.421      |    1537.007  |      4.528
       511    |     339.420      |    1535.148  |      4.523
       512    |     339.421      |    1537.453  |      4.530
       513    |     339.421      |    1536.203  |      4.526
       514    |     339.420      |    1534.599  |      4.521
       515    |     339.419      |    1529.474  |      4.506
       516    |     339.420      |    1531.066  |      4.511
       517    |     339.420      |    1523.473  |      4.488
       518    |     339.418      |    1537.269  |      4.529
       519    |     339.419      |    1531.733  |      4.513
       520    |     339.420      |    1533.379  |      4.518
       521    |     339.420      |    1530.188  |      4.508
       522    |     339.420      |    1526.757  |      4.498
       523    |     339.419      |    1524.930  |      4.493
       524    |     339.419      |    1524.046  |      4.490
       525    |     339.418      |    1521.719  |      4.483
       526    |     339.419      |    1522.928  |      4.487
       527    |     339.419      |    1523.721  |      4.489
       528    |     339.419      |    1522.466  |      4.486
       529    |     339.420      |    1524.692  |      4.492
       530    |     339.420      |    1526.125  |      4.496
       531    |     339.419      |    1530.519  |      4.509
       532    |     339.420      |    1518.488  |      4.474
       533    |     339.421      |    1521.181  |      4.482
       534    |     339.420      |    1518.918  |      4.475
       535    |     339.420      |    1524.931  |      4.493
       536    |     339.420      |    1524.596  |      4.492
       537    |     339.421      |    1522.607  |      4.486
       538    |     339.421      |    1523.121  |      4.487
       539    |     339.419      |    1525.069  |      4.493
       540    |     339.419      |    1523.531  |      4.489
       541    |     339.419      |    1524.693  |      4.492
       542    |     339.420      |    1522.188  |      4.485
       543    |     339.421      |    1523.193  |      4.488
       544    |     339.419      |    1524.139  |      4.490
       545    |     339.420      |    1526.536  |      4.497
       546    |     339.419      |    1517.322  |      4.470
       547    |     339.419      |    1517.943  |      4.472
       548    |     339.419      |    1517.427  |      4.471
       549    |     339.419      |    1522.405  |      4.485
       550    |     339.421      |    1523.112  |      4.487
       551    |     339.419      |    1523.460  |      4.488
       552    |     339.419      |    1523.521  |      4.489
       553    |     339.419      |    1522.542  |      4.486
       554    |     339.419      |    1523.383  |      4.488
       555    |     339.421      |    1522.522  |      4.486
       556    |     339.420      |    1520.689  |      4.480
       557    |     339.420      |    1523.529  |      4.489
       558    |     339.421      |    1523.614  |      4.489
       559    |     339.421      |    1526.683  |      4.498
       560    |     339.419      |    1524.155  |      4.490
       561    |     339.420      |    1523.135  |      4.487
       562    |     339.420      |    1524.299  |      4.491
       563    |     339.421      |    1525.825  |      4.495
       564    |     339.420      |    1525.238  |      4.494
       565    |     339.419      |    1521.699  |      4.483
       566    |     339.420      |    1522.368  |      4.485
       567    |     339.420      |    1520.730  |      4.480
       568    |     339.420      |    1520.176  |      4.479
       569    |     339.420      |    1519.808  |      4.478
       570    |     339.420      |    1520.925  |      4.481
       571    |     339.420      |    1519.933  |      4.478
       572    |     339.420      |    1519.411  |      4.476
       573    |     339.420      |    1519.364  |      4.476
       574    |     339.417      |    1553.975  |      4.578
       575    |     339.419      |    1550.523  |      4.568
       576    |     339.419      |    1552.115  |      4.573
       577    |     339.417      |    1543.280  |      4.547
       578    |     339.419      |    1546.169  |      4.555
       579    |     339.419      |    1538.920  |      4.534
       580    |     339.418      |    1548.008  |      4.561
       581    |     339.417      |    1547.303  |      4.559
       582    |     339.418      |    1546.110  |      4.555
       583    |     339.417      |    1545.384  |      4.553
       584    |     339.418      |    1545.992  |      4.555
       585    |     339.419      |    1545.430  |      4.553
       586    |     339.419      |    1542.217  |      4.544
       587    |     339.419      |    1539.077  |      4.534
       588    |     339.418      |    1533.043  |      4.517
       589    |     339.419      |    1535.400  |      4.524
       590    |     339.419      |    1539.807  |      4.537
       591    |     339.420      |    1542.459  |      4.544
       592    |     339.419      |    1544.782  |      4.551
       593    |     339.419      |    1543.665  |      4.548
       594    |     339.420      |    1544.210  |      4.550
       595    |     339.419      |    1544.590  |      4.551
       596    |     339.419      |    1544.662  |      4.551
       597    |     339.419      |    1543.654  |      4.548
       598    |     339.419      |    1543.809  |      4.548
       599    |     339.420      |    1545.593  |      4.554
       600    |     339.420      |    1544.977  |      4.552
       601    |     339.420      |    1547.039  |      4.558
       602    |     339.419      |    1533.081  |      4.517
       603    |     339.419      |    1535.351  |      4.523
       604    |     339.420      |    1535.237  |      4.523
       605    |     339.420      |    1539.364  |      4.535
       606    |     339.420      |    1539.482  |      4.536
       607    |     339.419      |    1539.397  |      4.535
       608    |     339.419      |    1539.247  |      4.535
       609    |     339.420      |    1541.179  |      4.541
       610    |     339.419      |    1541.418  |      4.541
       611    |     339.418      |    1541.823  |      4.543
       612    |     339.418      |    1543.092  |      4.546
       613    |     339.420      |    1542.018  |      4.543
       614    |     339.419      |    1542.039  |      4.543
       615    |     339.419      |    1541.355  |      4.541
       616    |     339.420      |    1534.280  |      4.520
       617    |     339.419      |    1536.656  |      4.527
       618    |     339.419      |    1538.667  |      4.533
       619    |     339.419      |    1537.726  |      4.530
       620    |     339.419      |    1536.799  |      4.528
       621    |     339.419      |    1536.847  |      4.528
       622    |     339.419      |    1536.738  |      4.528
       623    |     339.420      |    1533.628  |      4.518
       624    |     339.419      |    1532.545  |      4.515
       625    |     339.418      |    1533.715  |      4.519
       626    |     339.420      |    1532.952  |      4.516
       627    |     339.419      |    1532.277  |      4.514
       628    |     339.419      |    1533.747  |      4.519
       629    |     339.418      |    1533.466  |      4.518
       630    |     339.419      |    1544.518  |      4.550
       631    |     339.418      |    1545.297  |      4.553
       632    |     339.418      |    1545.567  |      4.554
       633    |     339.419      |    1544.666  |      4.551
       634    |     339.419      |    1541.011  |      4.540
       635    |     339.419      |    1541.445  |      4.541
       636    |     339.420      |    1537.332  |      4.529
       637    |     339.418      |    1540.480  |      4.539
       638    |     339.419      |    1538.013  |      4.531
       639    |     339.419      |    1532.620  |      4.515
       640    |     339.419      |    1529.097  |      4.505
       641    |     339.418      |    1527.331  |      4.500
       642    |     339.419      |    1527.354  |      4.500
       643    |     339.417      |    1526.368  |      4.497
       644    |     339.420      |    1537.432  |      4.530
       645    |     339.418      |    1535.788  |      4.525
       646    |     339.420      |    1530.774  |      4.510
       647    |     339.419      |    1528.186  |      4.502
       648    |     339.419      |    1530.265  |      4.508
       649    |     339.419      |    1532.492  |      4.515
       650    |     339.418      |    1541.979  |      4.543
       651    |     339.419      |    1539.521  |      4.536
       652    |     339.419      |    1539.976  |      4.537
       653    |     339.419      |    1540.251  |      4.538
       654    |     339.419      |    1540.735  |      4.539
       655    |     339.419      |    1540.103  |      4.537
       656    |     339.419      |    1541.702  |      4.542
       657    |     339.419      |    1545.645  |      4.554
       658    |     339.418      |    1523.141  |      4.488
       659    |     339.418      |    1528.401  |      4.503
       660    |     339.420      |    1537.676  |      4.530
       661    |     339.420      |    1538.653  |      4.533
       662    |     339.419      |    1538.026  |      4.531
       663    |     339.418      |    1539.150  |      4.535
       664    |     339.419      |    1539.304  |      4.535
       665    |     339.418      |    1539.373  |      4.535
       666    |     339.419      |    1538.300  |      4.532
       667    |     339.419      |    1539.240  |      4.535
       668    |     339.419      |    1539.236  |      4.535
       669    |     339.420      |    1539.726  |      4.536
       670    |     339.419      |    1539.337  |      4.535
       671    |     339.419      |    1539.280  |      4.535
       672    |     339.419      |    1539.561  |      4.536
       673    |     339.420      |    1540.087  |      4.537
       674    |     339.420      |    1531.188  |      4.511
       675    |     339.420      |    1538.219  |      4.532
       676    |     339.420      |    1537.703  |      4.530
       677    |     339.420      |    1536.872  |      4.528
       678    |     339.420      |    1535.853  |      4.525
       679    |     339.420      |    1535.055  |      4.523
       680    |     339.419      |    1534.640  |      4.521
       681    |     339.420      |    1534.728  |      4.522
       682    |     339.420      |    1534.447  |      4.521
       683    |     339.419      |    1533.393  |      4.518
       684    |     339.419      |    1532.797  |      4.516
       685    |     339.420      |    1533.945  |      4.519
       686    |     339.421      |    1550.825  |      4.569
       687    |     339.419      |    1547.900  |      4.560
       688    |     339.419      |    1548.152  |      4.561
       689    |     339.420      |    1551.344  |      4.571
       690    |     339.420      |    1548.620  |      4.563
       691    |     339.419      |    1548.804  |      4.563
       692    |     339.420      |    1540.120  |      4.537
       693    |     339.420      |    1532.024  |      4.514
       694    |     339.421      |    1534.765  |      4.522
       695    |     339.419      |    1535.246  |      4.523
       696    |     339.420      |    1535.126  |      4.523
       697    |     339.419      |    1533.017  |      4.517
       698    |     339.420      |    1529.951  |      4.508
       699    |     339.420      |    1530.531  |      4.509
       700    |     339.419      |    1522.843  |      4.487
       701    |     339.419      |    1520.250  |      4.479
       702    |     339.420      |    1517.190  |      4.470
       703    |     339.421      |    1522.059  |      4.484
       704    |     339.420      |    1521.663  |      4.483
       705    |     339.420      |    1521.841  |      4.484
       706    |     339.419      |    1522.147  |      4.485
       707    |     339.420      |    1521.026  |      4.481
       708    |     339.420      |    1521.816  |      4.484
       709    |     339.409      |    1522.388  |      4.485
       710    |     339.420      |    1529.812  |      4.507
       711    |     339.420      |    1530.194  |      4.508
       712    |     339.420      |    1532.832  |      4.516
       713    |     339.420      |    1538.764  |      4.534
       714    |     339.419      |    1515.604  |      4.465
       715    |     339.419      |    1516.513  |      4.468
       716    |     339.420      |    1515.044  |      4.464
       717    |     339.420      |    1514.785  |      4.463
       718    |     339.419      |    1514.206  |      4.461
       719    |     339.419      |    1515.007  |      4.464
       720    |     339.419      |    1514.660  |      4.463
       721    |     339.420      |    1515.267  |      4.464
       722    |     339.419      |    1514.436  |      4.462
       723    |     339.420      |    1515.527  |      4.465
       724    |     339.419      |    1516.022  |      4.467
       725    |     339.421      |    1516.676  |      4.468
       726    |     339.419      |    1515.979  |      4.466
       727    |     339.420      |    1515.584  |      4.465
       728    |     339.420      |    1519.460  |      4.477
       729    |     339.420      |    1523.302  |      4.488
       730    |     339.420      |    1522.425  |      4.485
       731    |     339.421      |    1521.480  |      4.483
       732    |     339.420      |    1521.013  |      4.481
       733    |     339.421      |    1520.060  |      4.478
       734    |     339.420      |    1520.419  |      4.479
       735    |     339.421      |    1518.585  |      4.474
       736    |     339.420      |    1520.353  |      4.479
       737    |     339.421      |    1519.640  |      4.477
       738    |     339.419      |    1520.640  |      4.480
       739    |     339.421      |    1520.549  |      4.480
       740    |     339.420      |    1517.003  |      4.469
       741    |     339.419      |    1515.363  |      4.465
       742    |     339.420      |    1560.830  |      4.599
       743    |     339.419      |    1551.602  |      4.571
       744    |     339.419      |    1544.926  |      4.552
       745    |     339.419      |    1546.608  |      4.557
       746    |     339.419      |    1547.603  |      4.560
       747    |     339.419      |    1557.094  |      4.588
       748    |     339.420      |    1554.410  |      4.580
       749    |     339.419      |    1553.425  |      4.577
       750    |     339.419      |    1554.090  |      4.579
       751    |     339.419      |    1555.878  |      4.584
       752    |     339.419      |    1553.385  |      4.577
       753    |     339.419      |    1552.021  |      4.573
       754    |     339.419      |    1540.104  |      4.537
       755    |     339.420      |    1535.732  |      4.525
       756    |     339.419      |    1538.219  |      4.532
       757    |     339.420      |    1539.043  |      4.534
       758    |     339.420      |    1546.504  |      4.556
       759    |     339.418      |    1547.845  |      4.560
       760    |     339.419      |    1547.545  |      4.559
       761    |     339.420      |    1548.910  |      4.563
       762    |     339.418      |    1549.249  |      4.564
       763    |     339.420      |    1547.878  |      4.560
       764    |     339.420      |    1548.294  |      4.562
       765    |     339.420      |    1555.158  |      4.582
       766    |     339.420      |    1555.085  |      4.582
       767    |     339.420      |    1557.276  |      4.588
       768    |     339.420      |    1560.299  |      4.597
       769    |     339.420      |    1560.905  |      4.599
       770    |     339.421      |    1523.430  |      4.488
       771    |     339.420      |    1524.394  |      4.491
       772    |     339.420      |    1524.829  |      4.492
       773    |     339.420      |    1524.466  |      4.491
       774    |     339.420      |    1523.579  |      4.489
       775    |     339.419      |    1524.801  |      4.492
       776    |     339.421      |    1524.427  |      4.491
       777    |     339.420      |    1525.107  |      4.493
       778    |     339.420      |    1525.137  |      4.493
       779    |     339.420      |    1525.710  |      4.495
       780    |     339.420      |    1525.610  |      4.495
       781    |     339.421      |    1525.163  |      4.493
       782    |     339.420      |    1525.408  |      4.494
       783    |     339.420      |    1519.424  |      4.477
       784    |     339.420      |    1546.760  |      4.557
       785    |     339.420      |    1546.761  |      4.557
       786    |     339.419      |    1547.641  |      4.560
       787    |     339.420      |    1547.318  |      4.559
       788    |     339.421      |    1544.972  |      4.552
       789    |     339.420      |    1545.595  |      4.554
       790    |     339.420      |    1545.699  |      4.554
       791    |     339.420      |    1544.179  |      4.549
       792    |     339.421      |    1545.446  |      4.553
       793    |     339.421      |    1546.235  |      4.556
       794    |     339.420      |    1542.115  |      4.543
       795    |     339.419      |    1542.139  |      4.543
       796    |     339.421      |    1543.857  |      4.548
       797    |     339.419      |    1532.586  |      4.515
       798    |     339.419      |    1543.307  |      4.547
       799    |     339.419      |    1545.650  |      4.554
       800    |     339.419      |    1546.688  |      4.557
       801    |     339.418      |    1543.679  |      4.548
       802    |     339.419      |    1541.003  |      4.540
       803    |     339.419      |    1538.079  |      4.532
       804    |     339.419      |    1538.406  |      4.532
       805    |     339.419      |    1539.424  |      4.535
       806    |     339.418      |    1535.628  |      4.524
       807    |     339.419      |    1536.122  |      4.526
       808    |     339.419      |    1530.032  |      4.508
       809    |     339.418      |    1528.512  |      4.503
       810    |     339.419      |    1530.682  |      4.510
       811    |     339.419      |    1536.305  |      4.526
       812    |     339.418      |    1509.578  |      4.448
       813    |     339.418      |    1516.816  |      4.469
       814    |     339.418      |    1518.558  |      4.474
       815    |     339.420      |    1518.429  |      4.474
       816    |     339.419      |    1519.653  |      4.477
       817    |     339.418      |    1518.552  |      4.474
       818    |     339.419      |    1520.049  |      4.478
       819    |     339.418      |    1521.151  |      4.482
       820    |     339.418      |    1522.610  |      4.486
       821    |     339.419      |    1522.463  |      4.486
       822    |     339.419      |    1525.924  |      4.496
       823    |     339.419      |    1539.383  |      4.535
       824    |     339.418      |    1541.230  |      4.541
       825    |     339.419      |    1541.786  |      4.542
       826    |     339.419      |    1527.592  |      4.501
       827    |     339.420      |    1529.635  |      4.507
       828    |     339.420      |    1528.685  |      4.504
       829    |     339.420      |    1529.527  |      4.506
       830    |     339.420      |    1527.746  |      4.501
       831    |     339.419      |    1528.549  |      4.503
       832    |     339.419      |    1527.840  |      4.501
       833    |     339.419      |    1528.651  |      4.504
       834    |     339.420      |    1529.588  |      4.506
       835    |     339.418      |    1529.483  |      4.506
       836    |     339.418      |    1527.906  |      4.502
       837    |     339.419      |    1525.402  |      4.494
       838    |     339.419      |    1522.633  |      4.486
       839    |     339.419      |    1523.205  |      4.488
       840    |     339.419      |    1545.334  |      4.553
       841    |     339.420      |    1544.282  |      4.550
       842    |     339.420      |    1545.234  |      4.553
       843    |     339.420      |    1543.928  |      4.549
       844    |     339.420      |    1543.482  |      4.547
       845    |     339.421      |    1544.041  |      4.549
       846    |     339.420      |    1542.383  |      4.544
       847    |     339.419      |    1538.701  |      4.533
       848    |     339.420      |    1540.971  |      4.540
       849    |     339.419      |    1532.330  |      4.515
       850    |     339.420      |    1526.380  |      4.497
       851    |     339.421      |    1528.967  |      4.505
       852    |     339.420      |    1531.725  |      4.513
       853    |     339.421      |    1532.467  |      4.515
       854    |     339.420      |    1528.594  |      4.504
       855    |     339.419      |    1528.741  |      4.504
       856    |     339.419      |    1533.160  |      4.517
       857    |     339.420      |    1532.549  |      4.515
       858    |     339.420      |    1530.617  |      4.510
       859    |     339.419      |    1529.510  |      4.506
       860    |     339.420      |    1529.403  |      4.506
       861    |     339.419      |    1527.928  |      4.502
       862    |     339.420      |    1528.594  |      4.504
       863    |     339.419      |    1533.134  |      4.517
       864    |     339.419      |    1531.871  |      4.513
       865    |     339.420      |    1531.870  |      4.513
       866    |     339.419      |    1533.408  |      4.518
       867    |     339.420      |    1531.648  |      4.513
       868    |     339.420      |    1526.399  |      4.497
       869    |     339.421      |    1528.543  |      4.503
       870    |     339.420      |    1535.913  |      4.525
       871    |     339.419      |    1535.131  |      4.523
       872    |     339.420      |    1533.662  |      4.518
       873    |     339.420      |    1534.229  |      4.520
       874    |     339.421      |    1539.045  |      4.534
       875    |     339.420      |    1538.587  |      4.533
       876    |     339.419      |    1546.140  |      4.555
       877    |     339.420      |    1550.104  |      4.567
       878    |     339.419      |    1549.333  |      4.565
       879    |     339.420      |    1549.030  |      4.564
       880    |     339.420      |    1549.042  |      4.564
       881    |     339.420      |    1548.357  |      4.562
       882    |     339.419      |    1536.359  |      4.526
       883    |     339.419      |    1540.233  |      4.538
       884    |     339.420      |    1540.963  |      4.540
       885    |     339.420      |    1541.693  |      4.542
       886    |     339.420      |    1540.864  |      4.540
       887    |     339.419      |    1540.624  |      4.539
       888    |     339.421      |    1531.875  |      4.513
       889    |     339.419      |    1538.735  |      4.533
       890    |     339.420      |    1538.545  |      4.533
       891    |     339.420      |    1538.851  |      4.534
       892    |     339.419      |    1539.248  |      4.535
       893    |     339.420      |    1534.535  |      4.521
       894    |     339.420      |    1533.831  |      4.519
       895    |     339.420      |    1533.257  |      4.517
       896    |     339.419      |    1558.106  |      4.591
       897    |     339.420      |    1560.683  |      4.598
       898    |     339.421      |    1549.009  |      4.564
       899    |     339.420      |    1541.499  |      4.542
       900    |     339.419      |    1551.332  |      4.571
       901    |     339.420      |    1550.552  |      4.568
       902    |     339.420      |    1550.685  |      4.569
       903    |     339.419      |    1545.209  |      4.553
       904    |     339.421      |    1544.729  |      4.551
       905    |     339.420      |    1544.759  |      4.551
       906    |     339.420      |    1542.676  |      4.545
       907    |     339.419      |    1538.816  |      4.534
       908    |     339.420      |    1535.937  |      4.525
       909    |     339.420      |    1541.041  |      4.540
       910    |     339.419      |    1514.355  |      4.462
       911    |     339.420      |    1511.897  |      4.454
       912    |     339.420      |    1515.497  |      4.465
       913    |     339.421      |    1515.736  |      4.466
       914    |     339.420      |    1513.920  |      4.460
       915    |     339.421      |    1514.721  |      4.463
       916    |     339.419      |    1516.235  |      4.467
       917    |     339.419      |    1517.073  |      4.470
       918    |     339.420      |    1517.424  |      4.471
       919    |     339.419      |    1518.016  |      4.472
       920    |     339.419      |    1519.215  |      4.476
       921    |     339.419      |    1519.273  |      4.476
       922    |     339.419      |    1519.617  |      4.477
       923    |     339.420      |    1523.503  |      4.489
       924    |     339.421      |    1514.810  |      4.463
       925    |     339.419      |    1518.296  |      4.473
       926    |     339.420      |    1524.909  |      4.493
       927    |     339.420      |    1525.473  |      4.494
       928    |     339.420      |    1526.475  |      4.497
       929    |     339.419      |    1526.702  |      4.498
       930    |     339.420      |    1531.983  |      4.514
       931    |     339.420      |    1530.985  |      4.511
       932    |     339.421      |    1530.397  |      4.509
       933    |     339.420      |    1530.266  |      4.508
       934    |     339.421      |    1530.115  |      4.508
       935    |     339.421      |    1531.116  |      4.511
       936    |     339.419      |    1529.996  |      4.508
       937    |     339.420      |    1533.499  |      4.518
       938    |     339.420      |    1524.558  |      4.492
       939    |     339.420      |    1525.874  |      4.496
       940    |     339.420      |    1529.220  |      4.505
       941    |     339.419      |    1525.091  |      4.493
       942    |     339.419      |    1529.352  |      4.506
       943    |     339.420      |    1525.627  |      4.495
       944    |     339.420      |    1529.044  |      4.505
       945    |     339.420      |    1528.301  |      4.503
       946    |     339.419      |    1527.979  |      4.502
       947    |     339.419      |    1527.563  |      4.501
       948    |     339.420      |    1527.260  |      4.500
       949    |     339.419      |    1526.059  |      4.496
       950    |     339.420      |    1523.918  |      4.490
       951    |     339.420      |    1513.787  |      4.460
       952    |     339.420      |    1521.046  |      4.481
       953    |     339.420      |    1528.941  |      4.505
       954    |     339.420      |    1527.137  |      4.499
       955    |     339.420      |    1526.271  |      4.497
       956    |     339.420      |    1518.813  |      4.475
       957    |     339.420      |    1519.595  |      4.477
       958    |     339.421      |    1522.913  |      4.487
       959    |     339.421      |    1526.645  |      4.498
       960    |     339.420      |    1523.754  |      4.489
       961    |     339.419      |    1523.870  |      4.490
       962    |     339.421      |    1530.273  |      4.508
       963    |     339.420      |    1529.736  |      4.507
       964    |     339.419      |    1526.236  |      4.497
       965    |     339.420      |    1528.374  |      4.503
       966    |     339.420      |    1500.993  |      4.422
       967    |     339.419      |    1503.314  |      4.429
       968    |     339.419      |    1502.633  |      4.427
       969    |     339.420      |    1501.589  |      4.424
       970    |     339.420      |    1500.827  |      4.422
       971    |     339.420      |    1503.871  |      4.431
       972    |     339.420      |    1505.485  |      4.435
       973    |     339.420      |    1505.645  |      4.436
       974    |     339.420      |    1504.667  |      4.433
       975    |     339.420      |    1506.544  |      4.439
       976    |     339.420      |    1510.858  |      4.451
       977    |     339.419      |    1511.134  |      4.452
       978    |     339.420      |    1510.384  |      4.450
       979    |     339.419      |    1512.525  |      4.456
       980    |     339.420      |    1511.893  |      4.454
       981    |     339.420      |    1513.147  |      4.458
       982    |     339.420      |    1512.230  |      4.455
       983    |     339.420      |    1511.142  |      4.452
       984    |     339.421      |    1510.287  |      4.450
       985    |     339.421      |    1511.410  |      4.453
       986    |     339.419      |    1511.651  |      4.454
       987    |     339.420      |    1510.254  |      4.450
       988    |     339.419      |    1511.380  |      4.453
       989    |     339.419      |    1510.917  |      4.451
       990    |     339.420      |    1514.901  |      4.463
       991    |     339.420      |    1516.368  |      4.468
       992    |     339.420      |    1516.639  |      4.468
       993    |     339.420      |    1523.134  |      4.487
       994    |     339.419      |    1518.091  |      4.473
       995    |     339.421      |    1518.283  |      4.473
       996    |     339.420      |    1511.556  |      4.453
       997    |     339.420      |    1514.191  |      4.461
       998    |     339.419      |    1517.380  |      4.471
       999    |     339.421      |    1516.866  |      4.469
      1000    |     339.420      |    1517.497  |      4.471
      1001    |     339.419      |    1517.600  |      4.471
      1002    |     339.421      |    1518.117  |      4.473
      1003    |     339.422      |    1516.700  |      4.468
      1004    |     339.420      |    1514.687  |      4.463
      1005    |     339.419      |    1513.781  |      4.460
      1006    |     339.420      |    1513.020  |      4.458
      1007    |     339.421      |    1508.982  |      4.446
      1008    |     339.420      |    1537.735  |      4.530
      1009    |     339.420      |    1540.169  |      4.538
      1010    |     339.421      |    1544.544  |      4.551
      1011    |     339.420      |    1538.945  |      4.534
      1012    |     339.420      |    1539.017  |      4.534
      1013    |     339.421      |    1532.187  |      4.514
      1014    |     339.421      |    1534.598  |      4.521
      1015    |     339.421      |    1535.250  |      4.523
      1016    |     339.421      |    1535.577  |      4.524
      1017    |     339.419      |    1539.945  |      4.537
      1018    |     339.421      |    1537.502  |      4.530
      1019    |     339.420      |    1536.428  |      4.527
      1020    |     339.419      |    1540.263  |      4.538
      1021    |     339.421      |    1539.549  |      4.536
      1022    |     339.418      |    1511.313  |      4.453
      1023    |     339.418      |    1510.023  |      4.449
      1024    |     339.420      |    1513.266  |      4.458
      1025    |     339.418      |    1513.002  |      4.458
      1026    |     339.419      |    1515.898  |      4.466
      1027    |     339.420      |    1523.585  |      4.489
      1028    |     339.418      |    1523.382  |      4.488
      1029    |     339.419      |    1521.911  |      4.484
      1030    |     339.419      |    1522.773  |      4.486
      1031    |     339.419      |    1525.960  |      4.496
      1032    |     339.419      |    1526.739  |      4.498
      1033    |     339.419      |    1526.161  |      4.496
      1034    |     339.419      |    1529.195  |      4.505
      1035    |     339.418      |    1530.713  |      4.510
      1036    |     339.420      |    1514.705  |      4.463
      1037    |     339.418      |    1515.306  |      4.464
      1038    |     339.419      |    1515.932  |      4.466
      1039    |     339.418      |    1515.499  |      4.465
      1040    |     339.420      |    1517.326  |      4.470
      1041    |     339.419      |    1525.735  |      4.495
      1042    |     339.420      |    1526.099  |      4.496
      1043    |     339.419      |    1526.368  |      4.497
      1044    |     339.419      |    1527.261  |      4.500
      1045    |     339.420      |    1526.121  |      4.496
      1046    |     339.419      |    1527.181  |      4.499
      1047    |     339.420      |    1527.595  |      4.501
      1048    |     339.418      |    1528.609  |      4.504
      1049    |     339.419      |    1529.539  |      4.506
      1050    |     339.419      |    1541.760  |      4.542
      1051    |     339.418      |    1542.451  |      4.544
      1052    |     339.419      |    1543.837  |      4.548
      1053    |     339.419      |    1545.606  |      4.554
      1054    |     339.419      |    1544.661  |      4.551
      1055    |     339.420      |    1544.938  |      4.552
      1056    |     339.420      |    1545.097  |      4.552
      1057    |     339.420      |    1543.591  |      4.548
      1058    |     339.418      |    1542.087  |      4.543
      1059    |     339.419      |    1541.774  |      4.542
      1060    |     339.418      |    1524.561  |      4.492
      1061    |     339.420      |    1523.335  |      4.488
      1062    |     339.420      |    1528.756  |      4.504
      1063    |     339.419      |    1525.491  |      4.494
      1064    |     339.419      |    1534.794  |      4.522
      1065    |     339.420      |    1531.594  |      4.512
      1066    |     339.420      |    1523.597  |      4.489
      1067    |     339.420      |    1522.897  |      4.487
      1068    |     339.420      |    1524.183  |      4.491
      1069    |     339.419      |    1523.068  |      4.487
      1070    |     339.420      |    1529.488  |      4.506
      1071    |     339.420      |    1529.592  |      4.506
      1072    |     339.419      |    1529.280  |      4.506
      1073    |     339.420      |    1529.756  |      4.507
      1074    |     339.420      |    1531.142  |      4.511
      1075    |     339.420      |    1530.364  |      4.509
      1076    |     339.421      |    1531.038  |      4.511
      1077    |     339.420      |    1532.358  |      4.515
      1078    |     339.419      |    1511.363  |      4.453
      1079    |     339.419      |    1516.473  |      4.468
      1080    |     339.418      |    1512.481  |      4.456
      1081    |     339.420      |    1516.358  |      4.468
      1082    |     339.419      |    1516.992  |      4.469
      1083    |     339.418      |    1517.442  |      4.471
      1084    |     339.419      |    1522.646  |      4.486
      1085    |     339.419      |    1524.051  |      4.490
      1086    |     339.420      |    1525.148  |      4.493
      1087    |     339.418      |    1524.050  |      4.490
      1088    |     339.418      |    1530.435  |      4.509
      1089    |     339.419      |    1531.196  |      4.511
      1090    |     339.419      |    1528.609  |      4.504
      1091    |     339.420      |    1533.232  |      4.517
      1092    |     339.419      |    1508.316  |      4.444
      1093    |     339.420      |    1510.444  |      4.450
      1094    |     339.418      |    1506.346  |      4.438
      1095    |     339.419      |    1508.866  |      4.445
      1096    |     339.419      |    1511.059  |      4.452
      1097    |     339.419      |    1512.319  |      4.456
      1098    |     339.419      |    1511.579  |      4.453
      1099    |     339.420      |    1513.393  |      4.459
      1100    |     339.419      |    1512.380  |      4.456
      1101    |     339.419      |    1507.928  |      4.443
      1102    |     339.419      |    1508.396  |      4.444
      1103    |     339.419      |    1510.058  |      4.449
      1104    |     339.420      |    1509.844  |      4.448
      1105    |     339.419      |    1508.706  |      4.445
      1106    |     339.420      |    1554.587  |      4.580
      1107    |     339.418      |    1554.762  |      4.581
      1108    |     339.420      |    1553.630  |      4.577
      1109    |     339.420      |    1552.913  |      4.575
      1110    |     339.418      |    1543.284  |      4.547
      1111    |     339.420      |    1546.132  |      4.555
      1112    |     339.419      |    1545.197  |      4.552
      1113    |     339.420      |    1542.694  |      4.545
      1114    |     339.420      |    1539.230  |      4.535
      1115    |     339.420      |    1531.169  |      4.511
      1116    |     339.419      |    1538.936  |      4.534
      1117    |     339.418      |    1537.149  |      4.529
      1118    |     339.419      |    1538.843  |      4.534
      1119    |     339.419      |    1539.173  |      4.535
      1120    |     339.420      |    1512.598  |      4.456
      1121    |     339.420      |    1514.526  |      4.462
      1122    |     339.421      |    1520.821  |      4.481
      1123    |     339.420      |    1519.790  |      4.478
      1124    |     339.419      |    1519.033  |      4.475
      1125    |     339.421      |    1518.877  |      4.475
      1126    |     339.419      |    1519.955  |      4.478
      1127    |     339.421      |    1526.038  |      4.496
      1128    |     339.420      |    1526.313  |      4.497
      1129    |     339.420      |    1527.014  |      4.499
      1130    |     339.419      |    1527.681  |      4.501
      1131    |     339.421      |    1527.415  |      4.500
      1132    |     339.421      |    1528.451  |      4.503
      1133    |     339.420      |    1531.143  |      4.511
      1134    |     339.419      |    1499.322  |      4.417
      1135    |     339.418      |    1504.087  |      4.431
      1136    |     339.418      |    1507.566  |      4.442
      1137    |     339.418      |    1505.560  |      4.436
      1138    |     339.418      |    1504.818  |      4.434
      1139    |     339.420      |    1503.444  |      4.429
      1140    |     339.419      |    1504.622  |      4.433
      1141    |     339.418      |    1506.095  |      4.437
      1142    |     339.418      |    1506.604  |      4.439
      1143    |     339.419      |    1508.393  |      4.444
      1144    |     339.419      |    1508.292  |      4.444
      1145    |     339.418      |    1506.196  |      4.438
      1146    |     339.419      |    1506.858  |      4.440
      1147    |     339.418      |    1507.863  |      4.442
      1148    |     339.419      |    1537.702  |      4.530
      1149    |     339.419      |    1538.677  |      4.533
      1150    |     339.420      |    1537.255  |      4.529
      1151    |     339.419      |    1537.777  |      4.531
      1152    |     339.420      |    1537.188  |      4.529
      1153    |     339.420      |    1536.550  |      4.527
      1154    |     339.419      |    1535.088  |      4.523
      1155    |     339.420      |    1532.895  |      4.516
      1156    |     339.420      |    1532.680  |      4.516
      1157    |     339.420      |    1530.309  |      4.509
      1158    |     339.420      |    1531.335  |      4.512
      1159    |     339.421      |    1523.339  |      4.488
      1160    |     339.419      |    1517.508  |      4.471
      1161    |     339.419      |    1523.028  |      4.487
      1162    |     339.419      |    1544.852  |      4.551
      1163    |     339.419      |    1541.271  |      4.541
      1164    |     339.419      |    1549.949  |      4.566
      1165    |     339.420      |    1548.297  |      4.562
      1166    |     339.420      |    1549.701  |      4.566
      1167    |     339.419      |    1552.381  |      4.574
      1168    |     339.419      |    1551.465  |      4.571
      1169    |     339.419      |    1550.554  |      4.568
      1170    |     339.419      |    1552.128  |      4.573
      1171    |     339.418      |    1552.089  |      4.573
      1172    |     339.420      |    1551.417  |      4.571
      1173    |     339.419      |    1551.755  |      4.572
      1174    |     339.420      |    1558.664  |      4.592
      1175    |     339.419      |    1558.568  |      4.592
      1176    |     339.420      |    1505.848  |      4.437
      1177    |     339.420      |    1506.430  |      4.438
      1178    |     339.421      |    1507.096  |      4.440
      1179    |     339.420      |    1506.590  |      4.439
      1180    |     339.420      |    1508.193  |      4.443
      1181    |     339.420      |    1513.592  |      4.459
      1182    |     339.420      |    1513.289  |      4.458
      1183    |     339.419      |    1515.467  |      4.465
      1184    |     339.420      |    1515.997  |      4.466
      1185    |     339.420      |    1512.224  |      4.455
      1186    |     339.419      |    1512.420  |      4.456
      1187    |     339.420      |    1514.683  |      4.463
      1188    |     339.420      |    1515.231  |      4.464
      1189    |     339.420      |    1519.545  |      4.477
      1190    |     339.419      |    1518.324  |      4.473
      1191    |     339.420      |    1521.441  |      4.482
      1192    |     339.420      |    1519.630  |      4.477
      1193    |     339.421      |    1519.662  |      4.477
      1194    |     339.419      |    1518.496  |      4.474
      1195    |     339.420      |    1518.177  |      4.473
      1196    |     339.419      |    1517.485  |      4.471
      1197    |     339.419      |    1518.550  |      4.474
      1198    |     339.420      |    1518.085  |      4.473
      1199    |     339.419      |    1517.716  |      4.472
      1200    |     339.421      |    1516.705  |      4.469
      1201    |     339.420      |    1514.376  |      4.462
      1202    |     339.420      |    1513.931  |      4.460
      1203    |     339.419      |    1515.871  |      4.466
      1204    |     339.419      |    1544.905  |      4.552
      1205    |     339.420      |    1548.662  |      4.563
      1206    |     339.420      |    1547.870  |      4.560
      1207    |     339.419      |    1521.947  |      4.484
      1208    |     339.420      |    1524.729  |      4.492
      1209    |     339.420      |    1531.231  |      4.511
      1210    |     339.419      |    1532.861  |      4.516
      1211    |     339.419      |    1531.964  |      4.513
      1212    |     339.420      |    1532.074  |      4.514
      1213    |     339.420      |    1533.394  |      4.518
      1214    |     339.421      |    1532.793  |      4.516
      1215    |     339.420      |    1532.420  |      4.515
      1216    |     339.421      |    1531.995  |      4.514
      1217    |     339.419      |    1538.445  |      4.533
      1218    |     339.420      |    1495.649  |      4.406
      1219    |     339.421      |    1496.897  |      4.410
      1220    |     339.419      |    1494.594  |      4.403
      1221    |     339.419      |    1494.021  |      4.402
      1222    |     339.420      |    1493.432  |      4.400
      1223    |     339.421      |    1495.336  |      4.406
      1224    |     339.420      |    1499.079  |      4.417
      1225    |     339.420      |    1499.913  |      4.419
      1226    |     339.421      |    1504.171  |      4.432
      1227    |     339.419      |    1504.026  |      4.431
      1228    |     339.420      |    1503.090  |      4.428
      1229    |     339.420      |    1506.301  |      4.438
      1230    |     339.420      |    1509.445  |      4.447
      1231    |     339.420      |    1512.792  |      4.457
      1232    |     339.421      |    1513.484  |      4.459
      1233    |     339.421      |    1514.739  |      4.463
      1234    |     339.420      |    1513.290  |      4.458
      1235    |     339.419      |    1513.229  |      4.458
      1236    |     339.421      |    1512.053  |      4.455
      1237    |     339.420      |    1513.281  |      4.458
      1238    |     339.420      |    1513.909  |      4.460
      1239    |     339.420      |    1511.494  |      4.453
      1240    |     339.420      |    1510.905  |      4.451
      1241    |     339.421      |    1510.156  |      4.449
      1242    |     339.421      |    1507.330  |      4.441
      1243    |     339.420      |    1507.897  |      4.443
      1244    |     339.421      |    1503.606  |      4.430
      1245    |     339.420      |    1507.275  |      4.441
      1246    |     339.419      |    1547.376  |      4.559
      1247    |     339.418      |    1545.923  |      4.555
      1248    |     339.419      |    1530.095  |      4.508
      1249    |     339.419      |    1528.294  |      4.503
      1250    |     339.417      |    1523.720  |      4.489
      1251    |     339.418      |    1523.802  |      4.489
      1252    |     339.418      |    1528.636  |      4.504
      1253    |     339.418      |    1528.480  |      4.503
      1254    |     339.418      |    1529.045  |      4.505
      1255    |     339.419      |    1527.847  |      4.501
      1256    |     339.420      |    1528.287  |      4.503
      1257    |     339.419      |    1529.332  |      4.506
      1258    |     339.419      |    1537.194  |      4.529
      1259    |     339.418      |    1538.813  |      4.534
      1260    |     339.421      |    1535.787  |      4.525
      1261    |     339.420      |    1536.417  |      4.527
      1262    |     339.421      |    1538.358  |      4.532
      1263    |     339.420      |    1535.761  |      4.525
      1264    |     339.420      |    1536.560  |      4.527
      1265    |     339.419      |    1536.516  |      4.527
      1266    |     339.419      |    1535.915  |      4.525
      1267    |     339.419      |    1536.141  |      4.526
      1268    |     339.419      |    1535.565  |      4.524
      1269    |     339.419      |    1527.213  |      4.499
      1270    |     339.420      |    1536.578  |      4.527
      1271    |     339.419      |    1538.759  |      4.534
      1272    |     339.420      |    1541.808  |      4.542
      1273    |     339.420      |    1544.125  |      4.549
      1274    |     339.419      |    1535.581  |      4.524
      1275    |     339.419      |    1537.330  |      4.529
      1276    |     339.420      |    1535.163  |      4.523
      1277    |     339.419      |    1535.848  |      4.525
      1278    |     339.419      |    1534.279  |      4.520
      1279    |     339.420      |    1529.990  |      4.508
      1280    |     339.420      |    1534.328  |      4.520
      1281    |     339.419      |    1533.648  |      4.518
      1282    |     339.420      |    1534.526  |      4.521
      1283    |     339.420      |    1534.106  |      4.520
      1284    |     339.420      |    1533.440  |      4.518
      1285    |     339.420      |    1516.544  |      4.468
      1286    |     339.419      |    1511.930  |      4.454
      1287    |     339.420      |    1514.163  |      4.461
      1288    |     339.420      |    1559.508  |      4.595
      1289    |     339.419      |    1561.634  |      4.601
      1290    |     339.419      |    1558.141  |      4.591
      1291    |     339.420      |    1560.065  |      4.596
      1292    |     339.420      |    1560.066  |      4.596
      1293    |     339.419      |    1525.500  |      4.494
      1294    |     339.420      |    1527.517  |      4.500
      1295    |     339.420      |    1526.558  |      4.498
      1296    |     339.420      |    1527.333  |      4.500
      1297    |     339.420      |    1549.603  |      4.565
      1298    |     339.421      |    1550.980  |      4.569
      1299    |     339.419      |    1558.890  |      4.593
      1300    |     339.419      |    1560.374  |      4.597
      1301    |     339.420      |    1560.525  |      4.598
      1302    |     339.418      |    1543.083  |      4.546
      1303    |     339.419      |    1546.140  |      4.555
      1304    |     339.419      |    1545.874  |      4.554
      1305    |     339.419      |    1547.153  |      4.558
      1306    |     339.420      |    1545.119  |      4.552
      1307    |     339.420      |    1545.132  |      4.552
      1308    |     339.421      |    1547.934  |      4.561
      1309    |     339.419      |    1546.919  |      4.558
      1310    |     339.421      |    1529.656  |      4.507
      1311    |     339.419      |    1540.741  |      4.539
      1312    |     339.419      |    1548.331  |      4.562
      1313    |     339.420      |    1549.275  |      4.564
      1314    |     339.421      |    1556.328  |      4.585
      1315    |     339.420      |    1560.533  |      4.598
      1316    |     339.420      |    1524.183  |      4.491
      1317    |     339.419      |    1524.447  |      4.491
      1318    |     339.420      |    1524.460  |      4.491
      1319    |     339.420      |    1525.624  |      4.495
      1320    |     339.420      |    1525.633  |      4.495
      1321    |     339.419      |    1525.992  |      4.496
      1322    |     339.419      |    1521.254  |      4.482
      1323    |     339.419      |    1525.098  |      4.493
      1324    |     339.420      |    1525.659  |      4.495
      1325    |     339.421      |    1523.492  |      4.489
      1326    |     339.420      |    1524.340  |      4.491
      1327    |     339.420      |    1521.304  |      4.482
      1328    |     339.419      |    1518.970  |      4.475
      1329    |     339.420      |    1519.498  |      4.477
      1330    |     339.420      |    1572.321  |      4.632
      1331    |     339.421      |    1539.066  |      4.534
      1332    |     339.420      |    1560.195  |      4.597
      1333    |     339.419      |    1561.374  |      4.600
      1334    |     339.420      |    1560.595  |      4.598
      1335    |     339.421      |    1560.737  |      4.598
      1336    |     339.420      |    1561.802  |      4.601
      1337    |     339.421      |    1562.825  |      4.604
      1338    |     339.420      |    1561.829  |      4.601
      1339    |     339.420      |    1562.031  |      4.602
      1340    |     339.421      |    1567.445  |      4.618
      1341    |     339.420      |    1566.018  |      4.614
      1342    |     339.419      |    1563.992  |      4.608
      1343    |     339.421      |    1570.804  |      4.628
      1344    |     339.420      |    1538.286  |      4.532
      1345    |     339.421      |    1538.362  |      4.532
      1346    |     339.420      |    1537.865  |      4.531
      1347    |     339.420      |    1539.187  |      4.535
      1348    |     339.420      |    1536.004  |      4.525
      1349    |     339.421      |    1540.930  |      4.540
      1350    |     339.421      |    1538.377  |      4.532
      1351    |     339.420      |    1566.382  |      4.615
      1352    |     339.420      |    1567.104  |      4.617
      1353    |     339.420      |    1565.541  |      4.612
      1354    |     339.419      |    1564.283  |      4.609
      1355    |     339.420      |    1563.556  |      4.607
      1356    |     339.419      |    1563.898  |      4.608
      1357    |     339.420      |    1563.393  |      4.606
      1358    |     339.418      |    1571.516  |      4.630
      1359    |     339.419      |    1572.980  |      4.634
      1360    |     339.419      |    1572.794  |      4.634
      1361    |     339.418      |    1571.566  |      4.630
      1362    |     339.418      |    1567.142  |      4.617
      1363    |     339.419      |    1571.023  |      4.629
      1364    |     339.419      |    1574.417  |      4.639
      1365    |     339.420      |    1572.337  |      4.632
      1366    |     339.420      |    1544.205  |      4.550
      1367    |     339.418      |    1558.569  |      4.592
      1368    |     339.420      |    1560.276  |      4.597
      1369    |     339.419      |    1561.437  |      4.600
      1370    |     339.420      |    1565.505  |      4.612
      1371    |     339.420      |    1565.418  |      4.612
      1372    |     339.419      |    1555.846  |      4.584
      1373    |     339.421      |    1554.754  |      4.581
      1374    |     339.420      |    1557.149  |      4.588
      1375    |     339.420      |    1558.827  |      4.593
      1376    |     339.421      |    1557.649  |      4.589
      1377    |     339.421      |    1557.432  |      4.589
      1378    |     339.420      |    1567.879  |      4.619
      1379    |     339.420      |    1568.445  |      4.621
      1380    |     339.421      |    1566.589  |      4.615
      1381    |     339.420      |    1567.041  |      4.617
      1382    |     339.421      |    1567.618  |      4.619
      1383    |     339.420      |    1571.271  |      4.629
      1384    |     339.421      |    1573.510  |      4.636
      1385    |     339.421      |    1572.887  |      4.634
      1386    |     339.419      |    1536.554  |      4.527
      1387    |     339.421      |    1552.844  |      4.575
      1388    |     339.420      |    1550.152  |      4.567
      1389    |     339.419      |    1553.115  |      4.576
      1390    |     339.420      |    1553.664  |      4.577
      1391    |     339.419      |    1553.324  |      4.576
      1392    |     339.420      |    1552.812  |      4.575
      1393    |     339.420      |    1555.603  |      4.583
      1394    |     339.420      |    1555.683  |      4.583
      1395    |     339.419      |    1555.731  |      4.584
      1396    |     339.419      |    1556.575  |      4.586
      1397    |     339.420      |    1555.218  |      4.582
      1398    |     339.419      |    1541.838  |      4.543
      1399    |     339.418      |    1530.749  |      4.510
      1400    |     339.420      |    1539.549  |      4.536
      1401    |     339.420      |    1551.509  |      4.571
      1402    |     339.420      |    1552.136  |      4.573
      1403    |     339.420      |    1548.940  |      4.563
      1404    |     339.420      |    1549.285  |      4.565
      1405    |     339.420      |    1549.753  |      4.566
      1406    |     339.419      |    1549.008  |      4.564
      1407    |     339.420      |    1546.078  |      4.555
      1408    |     339.421      |    1557.969  |      4.590
      1409    |     339.421      |    1557.410  |      4.588
      1410    |     339.421      |    1557.265  |      4.588
      1411    |     339.420      |    1557.021  |      4.587
      1412    |     339.421      |    1550.240  |      4.567
      1413    |     339.419      |    1566.195  |      4.614
      1414    |     339.421      |    1525.442  |      4.494
      1415    |     339.421      |    1531.522  |      4.512
      1416    |     339.419      |    1533.125  |      4.517
      1417    |     339.419      |    1536.046  |      4.526
      1418    |     339.420      |    1537.318  |      4.529
      1419    |     339.421      |    1537.824  |      4.531
      1420    |     339.420      |    1537.916  |      4.531
      1421    |     339.420      |    1537.280  |      4.529
      1422    |     339.420      |    1538.071  |      4.531
      1423    |     339.420      |    1540.101  |      4.537
      1424    |     339.420      |    1540.588  |      4.539
      1425    |     339.420      |    1537.561  |      4.530
      1426    |     339.420      |    1536.892  |      4.528
      1427    |     339.419      |    1536.404  |      4.527
      1428    |     339.420      |    1565.259  |      4.612
      1429    |     339.420      |    1563.019  |      4.605
      1430    |     339.420      |    1559.913  |      4.596
      1431    |     339.421      |    1546.641  |      4.557
      1432    |     339.421      |    1547.213  |      4.558
      1433    |     339.420      |    1546.754  |      4.557
      1434    |     339.420      |    1546.203  |      4.555
      1435    |     339.420      |    1545.250  |      4.553
      1436    |     339.420      |    1540.749  |      4.539
      1437    |     339.420      |    1550.689  |      4.569
      1438    |     339.420      |    1564.354  |      4.609
      1439    |     339.420      |    1563.156  |      4.605
      1440    |     339.420      |    1564.619  |      4.610
      1441    |     339.420      |    1567.634  |      4.619
      1442    |     339.420      |    1545.423  |      4.553
      1443    |     339.420      |    1545.100  |      4.552
      1444    |     339.420      |    1546.121  |      4.555
      1445    |     339.420      |    1545.440  |      4.553
      1446    |     339.420      |    1545.764  |      4.554
      1447    |     339.420      |    1545.175  |      4.552
      1448    |     339.419      |    1545.396  |      4.553
      1449    |     339.420      |    1546.079  |      4.555
      1450    |     339.420      |    1545.127  |      4.552
      1451    |     339.420      |    1545.717  |      4.554
      1452    |     339.419      |    1546.782  |      4.557
      1453    |     339.419      |    1545.047  |      4.552
      1454    |     339.419      |    1543.079  |      4.546
      1455    |     339.419      |    1536.636  |      4.527
      1456    |     339.420      |    1561.747  |      4.601
      1457    |     339.420      |    1558.477  |      4.592
      1458    |     339.420      |    1556.883  |      4.587
      1459    |     339.420      |    1562.668  |      4.604
      1460    |     339.420      |    1561.929  |      4.602
      1461    |     339.420      |    1561.663  |      4.601
      1462    |     339.421      |    1562.225  |      4.603
      1463    |     339.421      |    1565.140  |      4.611
      1464    |     339.421      |    1563.512  |      4.606
      1465    |     339.421      |    1572.619  |      4.633
      1466    |     339.421      |    1571.822  |      4.631
      1467    |     339.420      |    1571.563  |      4.630
      1468    |     339.420      |    1574.273  |      4.638
      1469    |     339.420      |    1575.553  |      4.642
      1470    |     339.420      |    1567.091  |      4.617
      1471    |     339.421      |    1563.506  |      4.606
      1472    |     339.419      |    1566.709  |      4.616
      1473    |     339.420      |    1566.224  |      4.614
      1474    |     339.420      |    1565.855  |      4.613
      1475    |     339.419      |    1566.691  |      4.616
      1476    |     339.419      |    1565.576  |      4.613
      1477    |     339.420      |    1565.603  |      4.613
      1478    |     339.419      |    1566.133  |      4.614
      1479    |     339.419      |    1565.252  |      4.612
      1480    |     339.419      |    1559.288  |      4.594
      1481    |     339.420      |    1536.892  |      4.528
      1482    |     339.420      |    1540.115  |      4.537
      1483    |     339.419      |    1542.042  |      4.543
      1484    |     339.420      |    1543.948  |      4.549
      1485    |     339.419      |    1547.972  |      4.561
      1486    |     339.419      |    1547.692  |      4.560
      1487    |     339.419      |    1546.356  |      4.556
      1488    |     339.419      |    1548.424  |      4.562
      1489    |     339.419      |    1548.264  |      4.562
      1490    |     339.419      |    1540.612  |      4.539
      1491    |     339.419      |    1541.221  |      4.541
      1492    |     339.419      |    1540.231  |      4.538
      1493    |     339.420      |    1551.202  |      4.570
      1494    |     339.419      |    1550.899  |      4.569
      1495    |     339.419      |    1552.948  |      4.575
      1496    |     339.418      |    1559.265  |      4.594
      1497    |     339.420      |    1559.678  |      4.595
      1498    |     339.418      |    1550.501  |      4.568
      1499    |     339.419      |    1547.544  |      4.559
      1500    |     339.418      |    1548.669  |      4.563
      1501    |     339.419      |    1548.941  |      4.564
      1502    |     339.418      |    1548.701  |      4.563
      1503    |     339.418      |    1548.347  |      4.562
      1504    |     339.419      |    1548.812  |      4.563
      1505    |     339.419      |    1549.157  |      4.564
      1506    |     339.419      |    1549.137  |      4.564
      1507    |     339.420      |    1550.104  |      4.567
      1508    |     339.418      |    1538.292  |      4.532
      1509    |     339.419      |    1547.708  |      4.560
      1510    |     339.419      |    1544.504  |      4.550
      1511    |     339.419      |    1543.246  |      4.547
      1512    |     339.419      |    1536.507  |      4.527
      1513    |     339.419      |    1540.717  |      4.539
      1514    |     339.419      |    1539.231  |      4.535
      1515    |     339.420      |    1538.203  |      4.532
      1516    |     339.419      |    1538.376  |      4.532
      1517    |     339.419      |    1538.870  |      4.534
      1518    |     339.419      |    1539.292  |      4.535
      1519    |     339.420      |    1538.780  |      4.534
      1520    |     339.420      |    1537.199  |      4.529
      1521    |     339.420      |    1537.922  |      4.531
      1522    |     339.418      |    1536.432  |      4.527
      1523    |     339.419      |    1536.039  |      4.525
      1524    |     339.420      |    1542.509  |      4.545
      1525    |     339.420      |    1542.842  |      4.546
      1526    |     339.419      |    1552.550  |      4.574
      1527    |     339.420      |    1553.705  |      4.578
      1528    |     339.419      |    1550.114  |      4.567
      1529    |     339.420      |    1551.780  |      4.572
      1530    |     339.420      |    1552.761  |      4.575
      1531    |     339.419      |    1551.494  |      4.571
      1532    |     339.420      |    1550.616  |      4.568
      1533    |     339.420      |    1553.319  |      4.576
      1534    |     339.419      |    1553.420  |      4.577
      1535    |     339.421      |    1552.893  |      4.575
      1536    |     339.419      |    1552.309  |      4.573
      1537    |     339.420      |    1550.444  |      4.568
      1538    |     339.420      |    1549.047  |      4.564
      1539    |     339.421      |    1548.246  |      4.561
      1540    |     339.420      |    1534.116  |      4.520
      1541    |     339.419      |    1535.523  |      4.524
      1542    |     339.420      |    1537.063  |      4.529
      1543    |     339.420      |    1536.310  |      4.526
      1544    |     339.420      |    1535.847  |      4.525
      1545    |     339.419      |    1536.635  |      4.527
      1546    |     339.419      |    1535.841  |      4.525
      1547    |     339.419      |    1537.405  |      4.530
      1548    |     339.421      |    1537.657  |      4.530
      1549    |     339.420      |    1536.899  |      4.528
      1550    |     339.419      |    1538.297  |      4.532
      1551    |     339.419      |    1536.522  |      4.527
      1552    |     339.421      |    1536.399  |      4.527
      1553    |     339.421      |    1533.752  |      4.519
      1554    |     339.417      |    1568.078  |      4.620
      1555    |     339.416      |    1561.758  |      4.601
      1556    |     339.416      |    1576.539  |      4.645
      1557    |     339.418      |    1576.959  |      4.646
      1558    |     339.418      |    1576.375  |      4.644
      1559    |     339.417      |    1576.909  |      4.646
      1560    |     339.417      |    1573.207  |      4.635
      1561    |     339.418      |    1572.177  |      4.632
      1562    |     339.417      |    1563.308  |      4.606
      1563    |     339.418      |    1563.093  |      4.605
      1564    |     339.418      |    1573.639  |      4.636
      1565    |     339.416      |    1572.183  |      4.632
      1566    |     339.417      |    1571.244  |      4.629
      1567    |     339.417      |    1571.409  |      4.630
      1568    |     339.419      |    1570.427  |      4.627
      1569    |     339.418      |    1572.196  |      4.632
      1570    |     339.417      |    1573.385  |      4.636
      1571    |     339.418      |    1574.065  |      4.638
      1572    |     339.417      |    1573.593  |      4.636
      1573    |     339.417      |    1556.773  |      4.587
      1574    |     339.417      |    1569.216  |      4.623
      1575    |     339.418      |    1579.152  |      4.653
      1576    |     339.418      |    1577.825  |      4.649
      1577    |     339.418      |    1578.818  |      4.652
      1578    |     339.417      |    1578.636  |      4.651
      1579    |     339.417      |    1577.513  |      4.648
      1580    |     339.418      |    1577.775  |      4.648
      1581    |     339.418      |    1577.814  |      4.649
      1582    |     339.417      |    1575.215  |      4.641
      1583    |     339.417      |    1576.926  |      4.646
      1584    |     339.417      |    1577.159  |      4.647
      1585    |     339.417      |    1576.439  |      4.645
      1586    |     339.417      |    1577.455  |      4.648
      1587    |     339.418      |    1577.984  |      4.649
      1588    |     339.417      |    1579.080  |      4.652
      1589    |     339.418      |    1577.060  |      4.646
      1590    |     339.417      |    1574.364  |      4.638
      1591    |     339.417      |    1565.797  |      4.613
      1592    |     339.417      |    1574.135  |      4.638
      1593    |     339.416      |    1576.113  |      4.644
      1594    |     339.417      |    1576.533  |      4.645
      1595    |     339.416      |    1574.306  |      4.638
      1596    |     339.417      |    1576.680  |      4.645
      1597    |     339.417      |    1577.874  |      4.649
      1598    |     339.417      |    1574.971  |      4.640
      1599    |     339.418      |    1572.735  |      4.634
      1600    |     339.418      |    1577.325  |      4.647
      1601    |     339.417      |    1578.251  |      4.650
      1602    |     339.417      |    1576.225  |      4.644
      1603    |     339.418      |    1577.624  |      4.648
      1604    |     339.418      |    1578.592  |      4.651
      1605    |     339.418      |    1578.986  |      4.652
      1606    |     339.418      |    1579.054  |      4.652
      1607    |     339.417      |    1578.562  |      4.651
      1608    |     339.417      |    1574.098  |      4.638
      1609    |     339.418      |    1562.791  |      4.604
      1610    |     339.416      |    1560.034  |      4.596
      1611    |     339.418      |    1571.427  |      4.630
      1612    |     339.417      |    1577.819  |      4.649
      1613    |     339.417      |    1577.550  |      4.648
      1614    |     339.418      |    1577.328  |      4.647
      1615    |     339.417      |    1576.890  |      4.646
      1616    |     339.418      |    1576.792  |      4.646
      1617    |     339.418      |    1576.863  |      4.646
      1618    |     339.418      |    1578.181  |      4.650
      1619    |     339.418      |    1577.970  |      4.649
      1620    |     339.416      |    1577.505  |      4.648
      1621    |     339.417      |    1578.876  |      4.652
      1622    |     339.418      |    1578.207  |      4.650
      1623    |     339.417      |    1578.696  |      4.651
      1624    |     339.418      |    1568.563  |      4.621
      1625    |     339.417      |    1569.565  |      4.624
      1626    |     339.417      |    1568.863  |      4.622
      1627    |     339.417      |    1567.036  |      4.617
      1628    |     339.417      |    1558.535  |      4.592
      1629    |     339.417      |    1557.129  |      4.588
      1630    |     339.416      |    1557.526  |      4.589
      1631    |     339.418      |    1557.539  |      4.589
      1632    |     339.417      |    1558.440  |      4.592
      1633    |     339.417      |    1557.854  |      4.590
      1634    |     339.417      |    1557.981  |      4.590
      1635    |     339.417      |    1558.595  |      4.592
      1636    |     339.417      |    1557.693  |      4.589
      1637    |     339.417      |    1560.012  |      4.596
      1638    |     339.416      |    1579.499  |      4.654
      1639    |     339.418      |    1575.659  |      4.642
      1640    |     339.417      |    1577.404  |      4.647
      1641    |     339.416      |    1577.346  |      4.647
      1642    |     339.418      |    1575.371  |      4.641
      1643    |     339.418      |    1575.794  |      4.643
      1644    |     339.417      |    1578.046  |      4.649
      1645    |     339.418      |    1576.775  |      4.646
      1646    |     339.417      |    1572.365  |      4.633
      1647    |     339.417      |    1565.981  |      4.614
      1648    |     339.417      |    1538.024  |      4.531
      1649    |     339.417      |    1538.379  |      4.532
      1650    |     339.418      |    1538.220  |      4.532
      1651    |     339.417      |    1538.770  |      4.534
 -------------|------------------|--------------|------------------
 Total        |  560721.028      | 2543881.026  |      4.537
 -------------|------------------|--------------|------------------
 Minimum      |     339.409      |    1493.432  |      4.400
 -------------|------------------|--------------|------------------
 Maximum      |     339.422      |    1580.667  |      4.657
 -------------|------------------|--------------|------------------
 Average      |     339.420      |    1539.880  |      4.537
 
 Detailed timing for proc :           0
 --------------------------
 Section                     Elapsed Time (s)  Elapsed Time (%)  CPU Time(s)  
 CPU Time (%)  CPU/Elapsed  Frequency
 nemo_init                         88.712            26.136       49.059         3.203        0.553          1
 scripremap_read_sgl               29.164             8.592       27.748         1.811        0.951          8
 icedyn_rhg                         6.940             2.045       55.237         3.606        7.959        240
 dyn_spg_ts                         5.044             1.486       40.075         2.616        7.945        240
 parinter_init                      3.603             1.062        3.591         0.234        0.997          8
 tra_ldf_iso                        3.550             1.046       28.133         1.837        7.925        240
 iom_put_p3d_dp                     3.410             1.005       30.172         1.970        8.848       7440
 stp_ctl                            3.321             0.979       18.596         1.214        5.599        240
 nonosc                             3.184             0.938       21.021         1.372        6.602        480
 tra_adv_fct                        3.038             0.895       24.038         1.569        7.912        240
 tra_qsr                            2.996             0.883        4.839         0.316        1.615        240
 sbc_stokes                         2.741             0.808       21.688         1.416        7.911        240
 dyn_ldf                            2.548             0.751       20.359         1.329        7.990        240
 ldf_slp                            2.280             0.672       18.199         1.188        7.981        240
 dyn_nxt                            2.105             0.620       16.808         1.097        7.983        240
 dom_vvl_sf_swp                     2.031             0.598       16.036         1.047        7.897        240
 sbc_hbp                            1.811             0.534        4.607         0.301        2.543        240
 dyn_vor                            1.670             0.492       13.261         0.866        7.941        240
 tra_nxt                            1.650             0.486       13.200         0.862        7.998        240
 icestp                             1.596             0.470       12.405         0.810        7.773        240
 ice_dyn_adv_pra                    1.541             0.454       12.210         0.797        7.923        240
 dia_wri                            1.255             0.370        8.989         0.587        7.162        240
 ice_thd_main                       1.210             0.357        9.670         0.631        7.989        240
 dom_vvl_sf_nxt                     1.102             0.325        8.490         0.554        7.703        480
 icecor                             1.095             0.323        8.643         0.564        7.893        480
 zdf_phy                            1.025             0.302        9.010         0.588        8.790        240
 sbc                                1.016             0.299        3.987         0.260        3.926        240
 zdf_tke_tke                        0.891             0.263        6.438         0.420        7.225        240
 dyn_zdf                            0.878             0.259        6.875         0.449        7.835        240
 dom_hgr                            0.853             0.251        2.053         0.134        2.407          1
 tra_zdf_imp                        0.848             0.250        6.057         0.395        7.144        240
 ice_dyn_adv_pra_adv_y              0.793             0.234        6.992         0.456        8.821       3120
 icewri                             0.787             0.232        6.021         0.393        7.650        240
 dyn_zad                            0.781             0.230        6.288         0.411        8.054        240
 div_hor                            0.695             0.205        5.036         0.329        7.249        480
 tra_adv                            0.695             0.205        5.517         0.360        7.942        240
 wzv                                0.688             0.203        5.625         0.367        8.180        480
 stp                                0.674             0.199        3.306         0.216        4.903        240
 ice_dyn_adv_pra_adv_x              0.587             0.173        5.201         0.340        8.858       3120
 dyn_keg                            0.575             0.170        4.653         0.304        8.086        240
 zdf_sh2                            0.563             0.166        4.234         0.276        7.520        240
 zdf_ddm                            0.545             0.161        4.206         0.275        7.721        240
 dyn_hpg                            0.521             0.153        4.222         0.276        8.110        240
 tmx_itf                            0.519             0.153        4.150         0.271        8.000        240
 bn2                                0.515             0.152        4.288         0.280        8.318        480
 iceupdate_tau                      0.510             0.150        3.277         0.214        6.422        240
 dia_hth                            0.483             0.142        3.705         0.242        7.667        240
 sbc_rnf                            0.469             0.138        2.266         0.148        4.833        240
 tra_bbl                            0.441             0.130        3.408         0.222        7.722        240
 zdf_tmx                            0.410             0.121        3.142         0.205        7.657        240
 rab_3d                             0.404             0.119        3.249         0.212        8.049        480
 icedyn_rdgrft                      0.400             0.118        3.254         0.212        8.132        240
 eos-pot                            0.396             0.117        3.199         0.209        8.080        506
 stp_oceandyn                       0.382             0.113        3.360         0.219        8.792        240
 parinter_write                     0.368             0.109        0.043         0.003        0.118          8
 zdf_tke_avn                        0.319             0.094        2.750         0.180        8.613        240
 nemogcmcoup_coupinit               0.299             0.088        0.297         0.019        0.995          1
 tra_bbc                            0.262             0.077        2.115         0.138        8.080        240
 zdf_evd                            0.258             0.076        1.451         0.095        5.627        240
 stp_tracers                        0.257             0.076        1.944         0.127        7.556        240
 ice_thd_jllopp                     0.245             0.072        1.667         0.109        6.794        240
 zps_hde                            0.231             0.068        1.851         0.121        8.019        240
 eos2d                              0.217             0.064        1.866         0.122        8.595        480
 iceupdate_flx                      0.210             0.062        0.525         0.034        2.502        240
 zdf_mxl                            0.181             0.053        1.201         0.078        6.655        240
 eos-insitu                         0.153             0.045        1.239         0.081        8.096        240
 parinter_fld_mult                  0.137             0.040        1.071         0.070        7.840        219
 ssh_nxt                            0.131             0.039        1.080         0.071        8.245        240
 tra_zdf                            0.117             0.035        1.421         0.093       12.101        240
 day                                0.114             0.034        0.859         0.056        7.527        240
 ice_dyn                            0.095             0.028        0.686         0.045        7.198        240
 icedyn_adv                         0.078             0.023        0.842         0.055       10.777        240
 parinter_read                      0.078             0.023        0.041         0.003        0.526          8
 rab_2d                             0.075             0.022        0.668         0.044        8.904        240
 tra_sbc                            0.075             0.022        0.607         0.040        8.139        240
 ice_strengh                        0.071             0.021        0.668         0.044        9.407        240
 nemogcmcoup_lim2_update            0.069             0.020        0.547         0.036        7.956         24
 scripremap_dealloc                 0.068             0.020        0.068         0.004        0.998          8
 sbc_ssm                            0.056             0.016        0.268         0.017        4.824        240
 sbc_sglcpl_rcv                     0.049             0.014        0.424         0.028        8.659        240
 iceitd_rem                         0.039             0.012        0.623         0.041       15.825        240
 iceitd_reb                         0.033             0.010        0.641         0.042       19.362        480
 nemogcmcoup_lim2_get               0.030             0.009        0.255         0.017        8.544         25
 icethd                             0.030             0.009        0.157         0.010        5.269        240
 stp_nxt                            0.029             0.009        0.275         0.018        9.331        240
 sbc_wave_sglexe                    0.027             0.008        0.256         0.017        9.346        240
 icealb                             0.023             0.007        0.272         0.018       11.774        480
 zdf_drg                            0.021             0.006        0.241         0.016       11.321        240
 sbc_sglcpl_ice_flx                 0.020             0.006        0.266         0.017       13.328        240
 ice_dyn_adv_pra_Hbig               0.019             0.006        0.043         0.003        2.231        240
 stp_thermodyn                      0.018             0.005        0.123         0.008        6.720        240
 sbc_wstress                        0.018             0.005        0.205         0.013       11.385        240
 ice_dyn_adv_pra_icemax4D           0.017             0.005        0.053         0.003        3.146        480
 stp_lateral                        0.013             0.004        0.095         0.006        7.135        240
 stp_diag                           0.010             0.003        0.047         0.003        4.695        240
 ssh_swp                            0.010             0.003        0.149         0.010       15.222        240
 nemogcmcoup_wam_update             0.009             0.003        0.084         0.005        8.953         24
 dia_ar5                            0.009             0.003        0.041         0.003        4.391        240
 nemogcmcoup_wam_coupinit           0.007             0.002        0.010         0.001        1.488          1
 dyn_adv                            0.007             0.002        0.044         0.003        6.767        240
 nemogcmcoup_wam_update_s           0.006             0.002        0.057         0.004        8.924         24
 nemogcmcoup_wam_get                0.004             0.001        0.036         0.002        8.877         24
 icesbc                             0.002             0.001        0.095         0.006       42.357        480
 scripremap_alloc                   0.002             0.000        0.003         0.000        1.943          8
 tra_ldf                            0.001             0.000        0.169         0.011      160.800        240
 
 Detailed CPU timing for proc :           0
 ------------------------------
 Section                     CPU Time (s)      CPU Time (%)      Elapsed (s)  
 ELapsed (%)   CPU/Elapsed  Frequency
 icedyn_rhg                        55.237             3.606        6.940         2.045        7.959        240
 nemo_init                         49.059             3.203       88.712        26.136        0.553          1
 dyn_spg_ts                        40.075             2.616        5.044         1.486        7.945        240
 iom_put_p3d_dp                    30.172             1.970        3.410         1.005        8.848       7440
 tra_ldf_iso                       28.133             1.837        3.550         1.046        7.925        240
 scripremap_read_sgl               27.748             1.811       29.164         8.592        0.951          8
 tra_adv_fct                       24.038             1.569        3.038         0.895        7.912        240
 sbc_stokes                        21.688             1.416        2.741         0.808        7.911        240
 nonosc                            21.021             1.372        3.184         0.938        6.602        480
 dyn_ldf                           20.359             1.329        2.548         0.751        7.990        240
 stp_ctl                           18.596             1.214        3.321         0.979        5.599        240
 ldf_slp                           18.199             1.188        2.280         0.672        7.981        240
 dyn_nxt                           16.808             1.097        2.105         0.620        7.983        240
 dom_vvl_sf_swp                    16.036             1.047        2.031         0.598        7.897        240
 dyn_vor                           13.261             0.866        1.670         0.492        7.941        240
 tra_nxt                           13.200             0.862        1.650         0.486        7.998        240
 icestp                            12.405             0.810        1.596         0.470        7.773        240
 ice_dyn_adv_pra                   12.210             0.797        1.541         0.454        7.923        240
 ice_thd_main                       9.670             0.631        1.210         0.357        7.989        240
 zdf_phy                            9.010             0.588        1.025         0.302        8.790        240
 dia_wri                            8.989             0.587        1.255         0.370        7.162        240
 icecor                             8.643             0.564        1.095         0.323        7.893        480
 dom_vvl_sf_nxt                     8.490             0.554        1.102         0.325        7.703        480
 ice_dyn_adv_pra_adv_y              6.992             0.456        0.793         0.234        8.821       3120
 dyn_zdf                            6.875             0.449        0.878         0.259        7.835        240
 zdf_tke_tke                        6.438             0.420        0.891         0.263        7.225        240
 dyn_zad                            6.288             0.411        0.781         0.230        8.054        240
 tra_zdf_imp                        6.057             0.395        0.848         0.250        7.144        240
 icewri                             6.021             0.393        0.787         0.232        7.650        240
 wzv                                5.625             0.367        0.688         0.203        8.180        480
 tra_adv                            5.517             0.360        0.695         0.205        7.942        240
 ice_dyn_adv_pra_adv_x              5.201             0.340        0.587         0.173        8.858       3120
 div_hor                            5.036             0.329        0.695         0.205        7.249        480
 tra_qsr                            4.839             0.316        2.996         0.883        1.615        240
 dyn_keg                            4.653             0.304        0.575         0.170        8.086        240
 sbc_hbp                            4.607             0.301        1.811         0.534        2.543        240
 bn2                                4.288             0.280        0.515         0.152        8.318        480
 zdf_sh2                            4.234             0.276        0.563         0.166        7.520        240
 dyn_hpg                            4.222             0.276        0.521         0.153        8.110        240
 zdf_ddm                            4.206             0.275        0.545         0.161        7.721        240
 tmx_itf                            4.150             0.271        0.519         0.153        8.000        240
 sbc                                3.987             0.260        1.016         0.299        3.926        240
 dia_hth                            3.705             0.242        0.483         0.142        7.667        240
 parinter_init                      3.591             0.234        3.603         1.062        0.997          8
 tra_bbl                            3.408             0.222        0.441         0.130        7.722        240
 stp_oceandyn                       3.360             0.219        0.382         0.113        8.792        240
 stp                                3.306             0.216        0.674         0.199        4.903        240
 iceupdate_tau                      3.277             0.214        0.510         0.150        6.422        240
 icedyn_rdgrft                      3.254             0.212        0.400         0.118        8.132        240
 rab_3d                             3.249             0.212        0.404         0.119        8.049        480
 eos-pot                            3.199             0.209        0.396         0.117        8.080        506
 zdf_tmx                            3.142             0.205        0.410         0.121        7.657        240
 zdf_tke_avn                        2.750             0.180        0.319         0.094        8.613        240
 sbc_rnf                            2.266             0.148        0.469         0.138        4.833        240
 tra_bbc                            2.115             0.138        0.262         0.077        8.080        240
 dom_hgr                            2.053             0.134        0.853         0.251        2.407          1
 stp_tracers                        1.944             0.127        0.257         0.076        7.556        240
 eos2d                              1.866             0.122        0.217         0.064        8.595        480
 zps_hde                            1.851             0.121        0.231         0.068        8.019        240
 ice_thd_jllopp                     1.667             0.109        0.245         0.072        6.794        240
 zdf_evd                            1.451             0.095        0.258         0.076        5.627        240
 tra_zdf                            1.421             0.093        0.117         0.035       12.101        240
 eos-insitu                         1.239             0.081        0.153         0.045        8.096        240
 zdf_mxl                            1.201             0.078        0.181         0.053        6.655        240
 ssh_nxt                            1.080             0.071        0.131         0.039        8.245        240
 parinter_fld_mult                  1.071             0.070        0.137         0.040        7.840        219
 day                                0.859             0.056        0.114         0.034        7.527        240
 icedyn_adv                         0.842             0.055        0.078         0.023       10.777        240
 ice_dyn                            0.686             0.045        0.095         0.028        7.198        240
 rab_2d                             0.668             0.044        0.075         0.022        8.904        240
 ice_strengh                        0.668             0.044        0.071         0.021        9.407        240
 iceitd_reb                         0.641             0.042        0.033         0.010       19.362        480
 iceitd_rem                         0.623             0.041        0.039         0.012       15.825        240
 tra_sbc                            0.607             0.040        0.075         0.022        8.139        240
 nemogcmcoup_lim2_update            0.547             0.036        0.069         0.020        7.956         24
 iceupdate_flx                      0.525             0.034        0.210         0.062        2.502        240
 sbc_sglcpl_rcv                     0.424             0.028        0.049         0.014        8.659        240
 nemogcmcoup_coupinit               0.297             0.019        0.299         0.088        0.995          1
 stp_nxt                            0.275             0.018        0.029         0.009        9.331        240
 icealb                             0.272             0.018        0.023         0.007       11.774        480
 sbc_ssm                            0.268             0.017        0.056         0.016        4.824        240
 sbc_sglcpl_ice_flx                 0.266             0.017        0.020         0.006       13.328        240
 sbc_wave_sglexe                    0.256             0.017        0.027         0.008        9.346        240
 nemogcmcoup_lim2_get               0.255             0.017        0.030         0.009        8.544         25
 zdf_drg                            0.241             0.016        0.021         0.006       11.321        240
 sbc_wstress                        0.205             0.013        0.018         0.005       11.385        240
 tra_ldf                            0.169             0.011        0.001         0.000      160.800        240
 icethd                             0.157             0.010        0.030         0.009        5.269        240
 ssh_swp                            0.149             0.010        0.010         0.003       15.222        240
 stp_thermodyn                      0.123             0.008        0.018         0.005        6.720        240
 icesbc                             0.095             0.006        0.002         0.001       42.357        480
 stp_lateral                        0.095             0.006        0.013         0.004        7.135        240
 nemogcmcoup_wam_update             0.084             0.005        0.009         0.003        8.953         24
 scripremap_dealloc                 0.068             0.004        0.068         0.020        0.998          8
 nemogcmcoup_wam_update_s           0.057             0.004        0.006         0.002        8.924         24
 ice_dyn_adv_pra_icemax4D           0.053             0.003        0.017         0.005        3.146        480
 stp_diag                           0.047             0.003        0.010         0.003        4.695        240
 dyn_adv                            0.044             0.003        0.007         0.002        6.767        240
 parinter_write                     0.043             0.003        0.368         0.109        0.118          8
 ice_dyn_adv_pra_Hbig               0.043             0.003        0.019         0.006        2.231        240
 parinter_read                      0.041             0.003        0.078         0.023        0.526          8
 dia_ar5                            0.041             0.003        0.009         0.003        4.391        240
 nemogcmcoup_wam_get                0.036             0.002        0.004         0.001        8.877         24
 nemogcmcoup_wam_coupinit           0.010             0.001        0.007         0.002        1.488          1
 scripremap_alloc                   0.003             0.000        0.002         0.000        1.943          8
 
 Inclusive timing for proc :           0
 ---------------------------
 Section                     Elapsed Time (s)      % of total        
 CPU Time (s)      CPU/Elapsed      Frequency
 nemo_init                         89.565           100.000            51.112             0.571              1
 stp                               77.708            86.761           568.530             7.316            240
 scripremap_read_sgl               29.165            32.563            27.751             0.952              8
 nemogcmcoup_coupinit              24.815            27.706            23.200             0.935              1
 stp_sbc                           22.974            25.650           166.990             7.269            240
 sbc                               22.972            25.649           166.979             7.269            240
 icestp                            16.514            18.438           130.419             7.897            240
 stp_tracers                       15.660            17.485           100.674             6.429            240
 stp_oceandyn                      15.248            17.024           121.352             7.959            240
 ice_dyn                           10.782            12.038            85.778             7.956            240
 nemogcmcoup_wam_coupinit           8.774             9.796             8.602             0.980              1
 icedyn_rhg                         7.020             7.838            55.905             7.964            240
 tra_adv                            7.009             7.826            51.271             7.315            240
 tra_adv_fct                        6.236             6.962            45.059             7.226            240
 stp_nxt                            5.848             6.530            46.468             7.946            240
 stp_diag                           5.112             5.707            40.734             7.969            240
 dyn_spg                            5.040             5.627            40.154             7.967            240
 dyn_spg_ts                         5.038             5.625            40.134             7.967            240
 stp_vertical                       4.861             5.427            38.642             7.950            240
 zdf_phy                            4.859             5.425            38.626             7.949            240
 dia_wri                            4.575             5.108            36.463             7.970            240
 parinter_init                      3.603             4.023             3.591             0.997              8
 tra_ldf                            3.560             3.975            28.303             7.950            240
 tra_ldf_iso                        3.554             3.968            28.133             7.915            240
 iom_put_p3d_dp                     3.551             3.964            30.172             8.498           7440
 stp_ctl                            3.326             3.713            18.596             5.591            240
 nonosc                             3.193             3.565            21.021             6.583            480
 icedyn_adv                         3.186             3.557            25.375             7.965            240
 ice_dyn_adv_pra                    3.103             3.465            24.533             7.906            240
 tra_qsr                            3.001             3.350             4.839             1.613            240
 stp_lateral                        2.922             3.262            23.250             7.958            240
 sbc_wave_sglexe                    2.854             3.186            22.725             7.963            240
 sbc_stokes                         2.822             3.151            22.469             7.962            240
 icethd                             2.621             2.926            20.894             7.973            240
 dyn_ldf                            2.552             2.850            20.359             7.976            240
 ldf_slp                            2.285             2.551            18.199             7.966            240
 dyn_nxt                            2.110             2.356            16.808             7.966            240
 dom_vvl_sf_swp                     2.035             2.272            16.036             7.880            240
 sbc_hbp                            2.031             2.267             6.397             3.150            240
 dyn_vor                            1.674             1.870            13.261             7.919            240
 tra_nxt                            1.655             1.848            13.200             7.976            240
 dyn_adv                            1.376             1.537            10.986             7.981            240
 ice_thd_main                       1.215             1.357             9.670             7.959            240
 icecor                             1.146             1.280             9.284             8.100            480
 dom_vvl_sf_nxt                     1.111             1.241             8.490             7.640            480
 tra_zdf                            0.974             1.088             7.478             7.675            240
 zdf_tmx                            0.966             1.079             7.695             7.962            240
 stp_thermodyn                      0.960             1.072             7.659             7.978            240
 zdf_tke_tke                        0.896             1.000             6.438             7.188            240
 dyn_zdf                            0.881             0.983             6.875             7.808            240
 dom_hgr                            0.853             0.952             2.053             2.407              1
 tra_zdf_imp                        0.852             0.952             6.057             7.106            240
 ice_dyn_adv_pra_adv_y              0.852             0.951             6.992             8.210           3120
 icewri                             0.829             0.925             6.623             7.991            240
 dyn_zad                            0.785             0.877             6.288             8.007            240
 div_hor                            0.702             0.784             5.653             8.055            480
 wzv                                0.697             0.778             5.625             8.073            480
 ice_dyn_adv_pra_adv_x              0.646             0.721             5.201             8.049           3120
 dyn_keg                            0.580             0.648             4.653             8.023            240
 zdf_sh2                            0.568             0.634             4.234             7.459            240
 zdf_ddm                            0.549             0.613             4.206             7.657            240
 dyn_hpg                            0.525             0.586             4.222             8.040            240
 bn2                                0.525             0.586             4.288             8.174            480
 tmx_itf                            0.523             0.584             4.150             7.930            240
 dia_hth                            0.519             0.579             4.166             8.026            240
 iceupdate_tau                      0.515             0.575             3.277             6.365            240
 tra_bbl                            0.512             0.571             4.106             8.024            240
 ssh_nxt                            0.492             0.549             3.948             8.030            240
 sbc_rnf                            0.470             0.525             2.274             4.839            240
 zps_hde                            0.462             0.515             3.717             8.053            240
 rab_3d                             0.413             0.461             3.249             7.872            480
 eos-pot                            0.406             0.453             3.199             7.890            506
 icedyn_rdgrft                      0.405             0.452             3.254             8.041            240
 parinter_write                     0.369             0.411             0.043             0.118              8
 zdf_tke_avn                        0.324             0.362             2.750             8.492            240
 zdf_evd                            0.315             0.352             2.547             8.073            240
 tra_bbc                            0.263             0.294             2.128             8.075            240
 ice_thd_jllopp                     0.250             0.279             1.667             6.670            240
 eos2d                              0.226             0.253             1.866             8.250            480
 zdf_mxl                            0.185             0.207             1.505             8.123            240
 eos-insitu                         0.158             0.176             1.239             7.863            240
 parinter_fld_mult                  0.141             0.157             1.071             7.610            219
 day                                0.119             0.132             0.859             7.239            240
 iceupdate_flx                      0.115             0.128             0.949             8.277            240
 nemogcmcoup_lim2_update            0.106             0.118             0.845             7.995             24
 rab_2d                             0.080             0.089             0.668             8.397            240
 tra_sbc                            0.079             0.088             0.607             7.672            240
 parinter_read                      0.078             0.087             0.041             0.525              8
 ice_strengh                        0.076             0.084             0.668             8.841            240
 scripremap_dealloc                 0.067             0.075             0.067             0.997              8
 nemogcmcoup_lim2_get               0.062             0.069             0.458             7.444             25
 icesbc                             0.053             0.059             0.493             9.338            480
 sbc_sglcpl_rcv                     0.050             0.056             0.433             8.608            240
 iceitd_rem                         0.044             0.049             0.623            14.189            240
 iceitd_reb                         0.042             0.047             0.641            15.199            480
 sbc_ssm                            0.039             0.043             0.342             8.835            240
 icealb                             0.032             0.036             0.272             8.451            480
 nemogcmcoup_wam_get                0.028             0.032             0.224             7.872             24
 ice_dyn_adv_pra_icemax4D           0.026             0.029             0.053             2.043            480
 zdf_drg                            0.026             0.029             0.241             9.334            240
 nemogcmcoup_wam_update             0.025             0.028             0.207             8.147             24
 sbc_sglcpl_ice_flx                 0.024             0.027             0.270            11.206            240
 ice_dyn_adv_pra_Hbig               0.024             0.027             0.043             1.808            240
 sbc_wstress                        0.023             0.025             0.205             9.097            240
 ssh_swp                            0.014             0.016             0.149            10.405            240
 ice_dyn_adv_pra_icemax3D           0.010             0.011             0.032             3.313            960
 nemogcmcoup_wam_update_s           0.010             0.011             0.080             8.437             24
 nemogcmcoup_update                 0.005             0.006             0.044             8.631             24
 sbc_isf_div                        0.003             0.004             0.598           188.982            480
 dia_ar5                            0.003             0.003             0.058            19.325            240
 ice_thd_do                         0.003             0.003             0.051            17.697            240
 scripremap_alloc                   0.002             0.002             0.003             2.016              8
 eos_pt_from_ct                     0.002             0.002             0.011             7.124            266
 sbc_sglcpl_ice_tau                 0.001             0.001             0.043            42.154            240
 
 Inclusive timing for proc :           0
 ---------------------------
 Section                     Elapsed Time (s)      % of total        
 CPU Time (s)      CPU/Elapsed      Frequency
 nemo_init                         89.565           100.000            51.112             0.571              1
 stp                               77.708            86.761           568.530             7.316            240
 scripremap_read_sgl               29.165            32.563            27.751             0.952              8
 nemogcmcoup_coupinit              24.815            27.706            23.200             0.935              1
 stp_sbc                           22.974            25.650           166.990             7.269            240
 sbc                               22.972            25.649           166.979             7.269            240
 icestp                            16.514            18.438           130.419             7.897            240
 stp_tracers                       15.660            17.485           100.674             6.429            240
 stp_oceandyn                      15.248            17.024           121.352             7.959            240
 ice_dyn                           10.782            12.038            85.778             7.956            240
 nemogcmcoup_wam_coupinit           8.774             9.796             8.602             0.980              1
 icedyn_rhg                         7.020             7.838            55.905             7.964            240
 tra_adv                            7.009             7.826            51.271             7.315            240
 tra_adv_fct                        6.236             6.962            45.059             7.226            240
 stp_nxt                            5.848             6.530            46.468             7.946            240
 stp_diag                           5.112             5.707            40.734             7.969            240
 dyn_spg                            5.040             5.627            40.154             7.967            240
 dyn_spg_ts                         5.038             5.625            40.134             7.967            240
 stp_vertical                       4.861             5.427            38.642             7.950            240
 zdf_phy                            4.859             5.425            38.626             7.949            240
 dia_wri                            4.575             5.108            36.463             7.970            240
 parinter_init                      3.603             4.023             3.591             0.997              8
 tra_ldf                            3.560             3.975            28.303             7.950            240
 tra_ldf_iso                        3.554             3.968            28.133             7.915            240
 iom_put_p3d_dp                     3.551             3.964            30.172             8.498           7440
 stp_ctl                            3.326             3.713            18.596             5.591            240
 nonosc                             3.193             3.565            21.021             6.583            480
 icedyn_adv                         3.186             3.557            25.375             7.965            240
 ice_dyn_adv_pra                    3.103             3.465            24.533             7.906            240
 tra_qsr                            3.001             3.350             4.839             1.613            240
 stp_lateral                        2.922             3.262            23.250             7.958            240
 sbc_wave_sglexe                    2.854             3.186            22.725             7.963            240
 sbc_stokes                         2.822             3.151            22.469             7.962            240
 icethd                             2.621             2.926            20.894             7.973            240
 dyn_ldf                            2.552             2.850            20.359             7.976            240
 ldf_slp                            2.285             2.551            18.199             7.966            240
 dyn_nxt                            2.110             2.356            16.808             7.966            240
 dom_vvl_sf_swp                     2.035             2.272            16.036             7.880            240
 sbc_hbp                            2.031             2.267             6.397             3.150            240
 dyn_vor                            1.674             1.870            13.261             7.919            240
 tra_nxt                            1.655             1.848            13.200             7.976            240
 dyn_adv                            1.376             1.537            10.986             7.981            240
 ice_thd_main                       1.215             1.357             9.670             7.959            240
 icecor                             1.146             1.280             9.284             8.100            480
 dom_vvl_sf_nxt                     1.111             1.241             8.490             7.640            480
 tra_zdf                            0.974             1.088             7.478             7.675            240
 zdf_tmx                            0.966             1.079             7.695             7.962            240
 stp_thermodyn                      0.960             1.072             7.659             7.978            240
 zdf_tke_tke                        0.896             1.000             6.438             7.188            240
 dyn_zdf                            0.881             0.983             6.875             7.808            240
 dom_hgr                            0.853             0.952             2.053             2.407              1
 tra_zdf_imp                        0.852             0.952             6.057             7.106            240
 ice_dyn_adv_pra_adv_y              0.852             0.951             6.992             8.210           3120
 icewri                             0.829             0.925             6.623             7.991            240
 dyn_zad                            0.785             0.877             6.288             8.007            240
 div_hor                            0.702             0.784             5.653             8.055            480
 wzv                                0.697             0.778             5.625             8.073            480
 ice_dyn_adv_pra_adv_x              0.646             0.721             5.201             8.049           3120
 dyn_keg                            0.580             0.648             4.653             8.023            240
 zdf_sh2                            0.568             0.634             4.234             7.459            240
 zdf_ddm                            0.549             0.613             4.206             7.657            240
 dyn_hpg                            0.525             0.586             4.222             8.040            240
 bn2                                0.525             0.586             4.288             8.174            480
 tmx_itf                            0.523             0.584             4.150             7.930            240
 dia_hth                            0.519             0.579             4.166             8.026            240
 iceupdate_tau                      0.515             0.575             3.277             6.365            240
 tra_bbl                            0.512             0.571             4.106             8.024            240
 ssh_nxt                            0.492             0.549             3.948             8.030            240
 sbc_rnf                            0.470             0.525             2.274             4.839            240
 zps_hde                            0.462             0.515             3.717             8.053            240
 rab_3d                             0.413             0.461             3.249             7.872            480
 eos-pot                            0.406             0.453             3.199             7.890            506
 icedyn_rdgrft                      0.405             0.452             3.254             8.041            240
 parinter_write                     0.369             0.411             0.043             0.118              8
 zdf_tke_avn                        0.324             0.362             2.750             8.492            240
 zdf_evd                            0.315             0.352             2.547             8.073            240
 tra_bbc                            0.263             0.294             2.128             8.075            240
 ice_thd_jllopp                     0.250             0.279             1.667             6.670            240
 eos2d                              0.226             0.253             1.866             8.250            480
 zdf_mxl                            0.185             0.207             1.505             8.123            240
 eos-insitu                         0.158             0.176             1.239             7.863            240
 parinter_fld_mult                  0.141             0.157             1.071             7.610            219
 day                                0.119             0.132             0.859             7.239            240
 iceupdate_flx                      0.115             0.128             0.949             8.277            240
 nemogcmcoup_lim2_update            0.106             0.118             0.845             7.995             24
 rab_2d                             0.080             0.089             0.668             8.397            240
 tra_sbc                            0.079             0.088             0.607             7.672            240
 parinter_read                      0.078             0.087             0.041             0.525              8
 ice_strengh                        0.076             0.084             0.668             8.841            240
 scripremap_dealloc                 0.067             0.075             0.067             0.997              8
 nemogcmcoup_lim2_get               0.062             0.069             0.458             7.444             25
 icesbc                             0.053             0.059             0.493             9.338            480
 sbc_sglcpl_rcv                     0.050             0.056             0.433             8.608            240
 iceitd_rem                         0.044             0.049             0.623            14.189            240
 iceitd_reb                         0.042             0.047             0.641            15.199            480
 sbc_ssm                            0.039             0.043             0.342             8.835            240
 icealb                             0.032             0.036             0.272             8.451            480
 nemogcmcoup_wam_get                0.028             0.032             0.224             7.872             24
 ice_dyn_adv_pra_icemax4D           0.026             0.029             0.053             2.043            480
 zdf_drg                            0.026             0.029             0.241             9.334            240
 nemogcmcoup_wam_update             0.025             0.028             0.207             8.147             24
 sbc_sglcpl_ice_flx                 0.024             0.027             0.270            11.206            240
 ice_dyn_adv_pra_Hbig               0.024             0.027             0.043             1.808            240
 sbc_wstress                        0.023             0.025             0.205             9.097            240
 ssh_swp                            0.014             0.016             0.149            10.405            240
 ice_dyn_adv_pra_icemax3D           0.010             0.011             0.032             3.313            960
 nemogcmcoup_wam_update_s           0.010             0.011             0.080             8.437             24
 nemogcmcoup_update                 0.005             0.006             0.044             8.631             24
 sbc_isf_div                        0.003             0.004             0.598           188.982            480
 dia_ar5                            0.003             0.003             0.058            19.325            240
 ice_thd_do                         0.003             0.003             0.051            17.697            240
 scripremap_alloc                   0.002             0.002             0.003             2.016              8
 eos_pt_from_ct                     0.002             0.002             0.011             7.124            266
 sbc_sglcpl_ice_tau                 0.001             0.001             0.043            42.154            240
 
 Inclusive CPU time for proc :           0
 -----------------------------
 Section                     CPU time (s)          % of total        
 Elapsed Time (s)  CPU/Elapsed      Frequency
 stp                              568.530           100.000            77.708             7.316            240
 stp_sbc                          166.990            29.372            22.974             7.269            240
 sbc                              166.979            29.370            22.972             7.269            240
 icestp                           130.419            22.940            16.514             7.897            240
 stp_oceandyn                     121.352            21.345            15.248             7.959            240
 stp_tracers                      100.674            17.708            15.660             6.429            240
 ice_dyn                           85.778            15.088            10.782             7.956            240
 icedyn_rhg                        55.905             9.833             7.020             7.964            240
 tra_adv                           51.271             9.018             7.009             7.315            240
 nemo_init                         51.112             8.990            89.565             0.571              1
 stp_nxt                           46.468             8.173             5.848             7.946            240
 tra_adv_fct                       45.059             7.925             6.236             7.226            240
 stp_diag                          40.734             7.165             5.112             7.969            240
 dyn_spg                           40.154             7.063             5.040             7.967            240
 dyn_spg_ts                        40.134             7.059             5.038             7.967            240
 stp_vertical                      38.642             6.797             4.861             7.950            240
 zdf_phy                           38.626             6.794             4.859             7.949            240
 dia_wri                           36.463             6.413             4.575             7.970            240
 iom_put_p3d_dp                    30.172             5.307             3.551             8.498           7440
 tra_ldf                           28.303             4.978             3.560             7.950            240
 tra_ldf_iso                       28.133             4.948             3.554             7.915            240
 scripremap_read_sgl               27.751             4.881            29.165             0.952              8
 icedyn_adv                        25.375             4.463             3.186             7.965            240
 ice_dyn_adv_pra                   24.533             4.315             3.103             7.906            240
 stp_lateral                       23.250             4.089             2.922             7.958            240
 nemogcmcoup_coupinit              23.200             4.081            24.815             0.935              1
 sbc_wave_sglexe                   22.725             3.997             2.854             7.963            240
 sbc_stokes                        22.469             3.952             2.822             7.962            240
 nonosc                            21.021             3.697             3.193             6.583            480
 icethd                            20.894             3.675             2.621             7.973            240
 dyn_ldf                           20.359             3.581             2.552             7.976            240
 stp_ctl                           18.596             3.271             3.326             5.591            240
 ldf_slp                           18.199             3.201             2.285             7.966            240
 dyn_nxt                           16.808             2.956             2.110             7.966            240
 dom_vvl_sf_swp                    16.036             2.821             2.035             7.880            240
 dyn_vor                           13.261             2.333             1.674             7.919            240
 tra_nxt                           13.200             2.322             1.655             7.976            240
 dyn_adv                           10.986             1.932             1.376             7.981            240
 ice_thd_main                       9.670             1.701             1.215             7.959            240
 icecor                             9.284             1.633             1.146             8.100            480
 nemogcmcoup_wam_coupinit           8.602             1.513             8.774             0.980              1
 dom_vvl_sf_nxt                     8.490             1.493             1.111             7.640            480
 zdf_tmx                            7.695             1.353             0.966             7.962            240
 stp_thermodyn                      7.659             1.347             0.960             7.978            240
 tra_zdf                            7.478             1.315             0.974             7.675            240
 ice_dyn_adv_pra_adv_y              6.992             1.230             0.852             8.210           3120
 dyn_zdf                            6.875             1.209             0.881             7.808            240
 icewri                             6.623             1.165             0.829             7.991            240
 zdf_tke_tke                        6.438             1.132             0.896             7.188            240
 sbc_hbp                            6.397             1.125             2.031             3.150            240
 dyn_zad                            6.288             1.106             0.785             8.007            240
 tra_zdf_imp                        6.057             1.065             0.852             7.106            240
 div_hor                            5.653             0.994             0.702             8.055            480
 wzv                                5.625             0.989             0.697             8.073            480
 ice_dyn_adv_pra_adv_x              5.201             0.915             0.646             8.049           3120
 tra_qsr                            4.839             0.851             3.001             1.613            240
 dyn_keg                            4.653             0.818             0.580             8.023            240
 bn2                                4.288             0.754             0.525             8.174            480
 zdf_sh2                            4.234             0.745             0.568             7.459            240
 dyn_hpg                            4.222             0.743             0.525             8.040            240
 zdf_ddm                            4.206             0.740             0.549             7.657            240
 dia_hth                            4.166             0.733             0.519             8.026            240
 tmx_itf                            4.150             0.730             0.523             7.930            240
 tra_bbl                            4.106             0.722             0.512             8.024            240
 ssh_nxt                            3.948             0.694             0.492             8.030            240
 zps_hde                            3.717             0.654             0.462             8.053            240
 parinter_init                      3.591             0.632             3.603             0.997              8
 iceupdate_tau                      3.277             0.576             0.515             6.365            240
 icedyn_rdgrft                      3.254             0.572             0.405             8.041            240
 rab_3d                             3.249             0.572             0.413             7.872            480
 eos-pot                            3.199             0.563             0.406             7.890            506
 zdf_tke_avn                        2.750             0.484             0.324             8.492            240
 zdf_evd                            2.547             0.448             0.315             8.073            240
 sbc_rnf                            2.274             0.400             0.470             4.839            240
 tra_bbc                            2.128             0.374             0.263             8.075            240
 dom_hgr                            2.053             0.361             0.853             2.407              1
 eos2d                              1.866             0.328             0.226             8.250            480
 ice_thd_jllopp                     1.667             0.293             0.250             6.670            240
 zdf_mxl                            1.505             0.265             0.185             8.123            240
 eos-insitu                         1.239             0.218             0.158             7.863            240
 parinter_fld_mult                  1.071             0.188             0.141             7.610            219
 iceupdate_flx                      0.949             0.167             0.115             8.277            240
 day                                0.859             0.151             0.119             7.239            240
 nemogcmcoup_lim2_update            0.845             0.149             0.106             7.995             24
 rab_2d                             0.668             0.118             0.080             8.397            240
 ice_strengh                        0.668             0.117             0.076             8.841            240
 iceitd_reb                         0.641             0.113             0.042            15.199            480
 iceitd_rem                         0.623             0.110             0.044            14.189            240
 tra_sbc                            0.607             0.107             0.079             7.672            240
 sbc_isf_div                        0.598             0.105             0.003           188.982            480
 icesbc                             0.493             0.087             0.053             9.338            480
 nemogcmcoup_lim2_get               0.458             0.081             0.062             7.444             25
 sbc_sglcpl_rcv                     0.433             0.076             0.050             8.608            240
 sbc_ssm                            0.342             0.060             0.039             8.835            240
 icealb                             0.272             0.048             0.032             8.451            480
 sbc_sglcpl_ice_flx                 0.270             0.047             0.024            11.206            240
 zdf_drg                            0.241             0.042             0.026             9.334            240
 nemogcmcoup_wam_get                0.224             0.039             0.028             7.872             24
 nemogcmcoup_wam_update             0.207             0.036             0.025             8.147             24
 sbc_wstress                        0.205             0.036             0.023             9.097            240
 ssh_swp                            0.149             0.026             0.014            10.405            240
 nemogcmcoup_wam_update_s           0.080             0.014             0.010             8.437             24
 scripremap_dealloc                 0.067             0.012             0.067             0.997              8
 dia_ar5                            0.058             0.010             0.003            19.325            240
 ice_dyn_adv_pra_icemax4D           0.053             0.009             0.026             2.043            480
 ice_thd_do                         0.051             0.009             0.003            17.697            240
 nemogcmcoup_update                 0.044             0.008             0.005             8.631             24
 sbc_sglcpl_ice_tau                 0.043             0.008             0.001            42.154            240
 parinter_write                     0.043             0.008             0.369             0.118              8
 ice_dyn_adv_pra_Hbig               0.043             0.008             0.024             1.808            240
 parinter_read                      0.041             0.007             0.078             0.525              8
 ice_dyn_adv_pra_icemax3D           0.032             0.006             0.010             3.313            960
 eos_pt_from_ct                     0.011             0.002             0.002             7.124            266
 scripremap_alloc                   0.003             0.001             0.002             2.016              8
 
 Timing started on 19/01/2026 at 16:17:32 MET +01:00 from GMT
 Timing   ended on 19/01/2026 at 16:23:12 MET +01:00 from GMT
  
  Report on time spent on waiting MPI messages 
     total timing measured between nit000+1 and nitend-1 
     warning: includes restarts writing time if output before nitend... 
  
     Computing       time :    0.000000                    on MPI rank :        1
     Waiting lbc_lnk time :    0.000000 ( 0.0 %)           on MPI rank :        1
     Waiting  global time :    0.000000 ( 0.0 %)           on MPI rank :        1
     Total           time :  179.220566 (SYPD:     1.310 ) on MPI rank :        1
     Computing       time :    0.000000                    on MPI rank :        2
     Waiting lbc_lnk time :    0.000000 ( 0.0 %)           on MPI rank :        2
     Waiting  global time :    0.000000 ( 0.0 %)           on MPI rank :        2
     Total           time :  179.217451 (SYPD:     1.310 ) on MPI rank :        2
     Computing       time :    0.000000                    on MPI rank :        3
     Waiting lbc_lnk time :    0.000000 ( 0.0 %)           on MPI rank :        3
     Waiting  global time :    0.000000 ( 0.0 %)           on MPI rank :        3
     Total           time :  179.218036 (SYPD:     1.310 ) on MPI rank :        3
     Computing       time :    0.000000                    on MPI rank :        4
     Waiting lbc_lnk time :    0.000000 ( 0.0 %)           on MPI rank :        4
     Waiting  global time :    0.000000 ( 0.0 %)           on MPI rank :        4
     Total           time :  179.217325 (SYPD:     1.310 ) on MPI rank :        4
     Computing       time :    0.000000                    on MPI rank :        5
     Waiting lbc_lnk time :    0.000000 ( 0.0 %)           on MPI rank :        5
     Waiting  global time :    0.000000 ( 0.0 %)           on MPI rank :        5
     Total           time :  179.217870 (SYPD:     1.310 ) on MPI rank :        5
     Computing       time :    0.000000                    on MPI rank :        6
     Waiting lbc_lnk time :    0.000000 ( 0.0 %)           on MPI rank :        6
     Waiting  global time :    0.000000 ( 0.0 %)           on MPI rank :        6
     Total           time :  179.217490 (SYPD:     1.310 ) on MPI rank :        6
     Computing       time :    0.000000                    on MPI rank :        7
     Waiting lbc_lnk time :    0.000000 ( 0.0 %)           on MPI rank :        7
     Waiting  global time :    0.000000 ( 0.0 %)           on MPI rank :        7
     Total           time :  179.217796 (SYPD:     1.310 ) on MPI rank :        7
     Computing       time :    0.000000                    on MPI rank :        8
     Waiting lbc_lnk time :    0.000000 ( 0.0 %)           on MPI rank :        8
     Waiting  global time :    0.000000 ( 0.0 %)           on MPI rank :        8
     Total           time :  179.217634 (SYPD:     1.310 ) on MPI rank :        8
     Computing       time :    0.000000                    on MPI rank :        9
     Waiting lbc_lnk time :    0.000000 ( 0.0 %)           on MPI rank :        9
     Waiting  global time :    0.000000 ( 0.0 %)           on MPI rank :        9
     Total           time :  179.217427 (SYPD:     1.310 ) on MPI rank :        9
     Computing       time :    0.000000                    on MPI rank :       10
     Waiting lbc_lnk time :    0.000000 ( 0.0 %)           on MPI rank :       10
     Waiting  global time :    0.000000 ( 0.0 %)           on MPI rank :       10
     Total           time :  179.217031 (SYPD:     1.310 ) on MPI rank :       10
     Computing       time :    0.000000                    on MPI rank :       11
     Waiting lbc_lnk time :    0.000000 ( 0.0 %)           on MPI rank :       11
     Waiting  global time :    0.000000 ( 0.0 %)           on MPI rank :       11
     Total           time :  179.218338 (SYPD:     1.310 ) on MPI rank :       11
     Computing       time :    0.000000                    on MPI rank :       12
     Waiting lbc_lnk time :    0.000000 ( 0.0 %)           on MPI rank :       12
     Waiting  global time :    0.000000 ( 0.0 %)           on MPI rank :       12
     Total           time :  179.218412 (SYPD:     1.310 ) on MPI rank :       12
     Computing       time :    0.000000                    on MPI rank :       13
     Waiting lbc_lnk time :    0.000000 ( 0.0 %)           on MPI rank :       13
     Waiting  global time :    0.000000 ( 0.0 %)           on MPI rank :       13
     Total           time :  179.218362 (SYPD:     1.310 ) on MPI rank :       13
     Computing       time :    0.000000                    on MPI rank :       14
     Waiting lbc_lnk time :    0.000000 ( 0.0 %)           on MPI rank :       14
     Waiting  global time :    0.000000 ( 0.0 %)           on MPI rank :       14
     Total           time :  179.217765 (SYPD:     1.310 ) on MPI rank :       14
     Computing       time :    0.000000                    on MPI rank :       15
     Waiting lbc_lnk time :    0.000000 ( 0.0 %)           on MPI rank :       15
     Waiting  global time :    0.000000 ( 0.0 %)           on MPI rank :       15
     Total           time :  179.218194 (SYPD:     1.310 ) on MPI rank :       15
     Computing       time :    0.000000                    on MPI rank :       16
     Waiting lbc_lnk time :    0.000000 ( 0.0 %)           on MPI rank :       16
     Waiting  global time :    0.000000 ( 0.0 %)           on MPI rank :       16
     Total           time :  179.217957 (SYPD:     1.310 ) on MPI rank :       16
     Computing       time :    0.000000                    on MPI rank :       17
     Waiting lbc_lnk time :    0.000000 ( 0.0 %)           on MPI rank :       17
     Waiting  global time :    0.000000 ( 0.0 %)           on MPI rank :       17
     Total           time :  179.218001 (SYPD:     1.310 ) on MPI rank :       17
     Computing       time :    0.000000                    on MPI rank :       18
     Waiting lbc_lnk time :    0.000000 ( 0.0 %)           on MPI rank :       18
     Waiting  global time :    0.000000 ( 0.0 %)           on MPI rank :       18
     Total           time :  179.217580 (SYPD:     1.310 ) on MPI rank :       18
     Computing       time :    0.000000                    on MPI rank :       19
     Waiting lbc_lnk time :    0.000000 ( 0.0 %)           on MPI rank :       19
     Waiting  global time :    0.000000 ( 0.0 %)           on MPI rank :       19
     Total           time :  179.217730 (SYPD:     1.310 ) on MPI rank :       19
     Computing       time :    0.000000                    on MPI rank :       20
     Waiting lbc_lnk time :    0.000000 ( 0.0 %)           on MPI rank :       20
     Waiting  global time :    0.000000 ( 0.0 %)           on MPI rank :       20
     Total           time :  179.218241 (SYPD:     1.310 ) on MPI rank :       20
     Computing       time :    0.000000                    on MPI rank :       21
     Waiting lbc_lnk time :    0.000000 ( 0.0 %)           on MPI rank :       21
     Waiting  global time :    0.000000 ( 0.0 %)           on MPI rank :       21
     Total           time :  179.218285 (SYPD:     1.310 ) on MPI rank :       21
     Computing       time :    0.000000                    on MPI rank :       22
     Waiting lbc_lnk time :    0.000000 ( 0.0 %)           on MPI rank :       22
     Waiting  global time :    0.000000 ( 0.0 %)           on MPI rank :       22
     Total           time :  179.216918 (SYPD:     1.310 ) on MPI rank :       22
     Computing       time :    0.000000                    on MPI rank :       23
     Waiting lbc_lnk time :    0.000000 ( 0.0 %)           on MPI rank :       23
     Waiting  global time :    0.000000 ( 0.0 %)           on MPI rank :       23
     Total           time :  179.218250 (SYPD:     1.310 ) on MPI rank :       23
     Computing       time :    0.000000                    on MPI rank :       24
     Waiting lbc_lnk time :    0.000000 ( 0.0 %)           on MPI rank :       24
     Waiting  global time :    0.000000 ( 0.0 %)           on MPI rank :       24
     Total           time :  179.217103 (SYPD:     1.310 ) on MPI rank :       24
     Computing       time :    0.000000                    on MPI rank :       25
     Waiting lbc_lnk time :    0.000000 ( 0.0 %)           on MPI rank :       25
     Waiting  global time :    0.000000 ( 0.0 %)           on MPI rank :       25
     Total           time :  179.217413 (SYPD:     1.310 ) on MPI rank :       25
     Computing       time :    0.000000                    on MPI rank :       26
     Waiting lbc_lnk time :    0.000000 ( 0.0 %)           on MPI rank :       26
     Waiting  global time :    0.000000 ( 0.0 %)           on MPI rank :       26
     Total           time :  179.197723 (SYPD:     1.310 ) on MPI rank :       26
     Computing       time :    0.000000                    on MPI rank :       27
     Waiting lbc_lnk time :    0.000000 ( 0.0 %)           on MPI rank :       27
     Waiting  global time :    0.000000 ( 0.0 %)           on MPI rank :       27
     Total           time :  179.217906 (SYPD:     1.310 ) on MPI rank :       27
     Computing       time :    0.000000                    on MPI rank :       28
     Waiting lbc_lnk time :    0.000000 ( 0.0 %)           on MPI rank :       28
     Waiting  global time :    0.000000 ( 0.0 %)           on MPI rank :       28
     Total           time :  179.217733 (SYPD:     1.310 ) on MPI rank :       28
     Computing       time :    0.000000                    on MPI rank :       29
     Waiting lbc_lnk time :    0.000000 ( 0.0 %)           on MPI rank :       29
     Waiting  global time :    0.000000 ( 0.0 %)           on MPI rank :       29
     Total           time :  179.209132 (SYPD:     1.310 ) on MPI rank :       29
     Computing       time :    0.000000                    on MPI rank :       30
     Waiting lbc_lnk time :    0.000000 ( 0.0 %)           on MPI rank :       30
     Waiting  global time :    0.000000 ( 0.0 %)           on MPI rank :       30
     Total           time :  179.218122 (SYPD:     1.310 ) on MPI rank :       30
     Computing       time :    0.000000                    on MPI rank :       31
     Waiting lbc_lnk time :    0.000000 ( 0.0 %)           on MPI rank :       31
     Waiting  global time :    0.000000 ( 0.0 %)           on MPI rank :       31
     Total           time :  179.209263 (SYPD:     1.310 ) on MPI rank :       31
     Computing       time :    0.000000                    on MPI rank :       32
     Waiting lbc_lnk time :    0.000000 ( 0.0 %)           on MPI rank :       32
     Waiting  global time :    0.000000 ( 0.0 %)           on MPI rank :       32
     Total           time :  179.209000 (SYPD:     1.310 ) on MPI rank :       32
     Computing       time :    0.000000                    on MPI rank :       33
     Waiting lbc_lnk time :    0.000000 ( 0.0 %)           on MPI rank :       33
     Waiting  global time :    0.000000 ( 0.0 %)           on MPI rank :       33
     Total           time :  179.209216 (SYPD:     1.310 ) on MPI rank :       33
     Computing       time :    0.000000                    on MPI rank :       34
     Waiting lbc_lnk time :    0.000000 ( 0.0 %)           on MPI rank :       34
     Waiting  global time :    0.000000 ( 0.0 %)           on MPI rank :       34
     Total           time :  179.218621 (SYPD:     1.310 ) on MPI rank :       34
     Computing       time :    0.000000                    on MPI rank :       35
     Waiting lbc_lnk time :    0.000000 ( 0.0 %)           on MPI rank :       35
     Waiting  global time :    0.000000 ( 0.0 %)           on MPI rank :       35
     Total           time :  179.217782 (SYPD:     1.310 ) on MPI rank :       35
     Computing       time :    0.000000                    on MPI rank :       36
     Waiting lbc_lnk time :    0.000000 ( 0.0 %)           on MPI rank :       36
     Waiting  global time :    0.000000 ( 0.0 %)           on MPI rank :       36
     Total           time :  179.218506 (SYPD:     1.310 ) on MPI rank :       36
     Computing       time :    0.000000                    on MPI rank :       37
     Waiting lbc_lnk time :    0.000000 ( 0.0 %)           on MPI rank :       37
     Waiting  global time :    0.000000 ( 0.0 %)           on MPI rank :       37
     Total           time :  179.218397 (SYPD:     1.310 ) on MPI rank :       37
     Computing       time :    0.000000                    on MPI rank :       38
     Waiting lbc_lnk time :    0.000000 ( 0.0 %)           on MPI rank :       38
     Waiting  global time :    0.000000 ( 0.0 %)           on MPI rank :       38
     Total           time :  179.218285 (SYPD:     1.310 ) on MPI rank :       38
     Computing       time :    0.000000                    on MPI rank :       39
     Waiting lbc_lnk time :    0.000000 ( 0.0 %)           on MPI rank :       39
     Waiting  global time :    0.000000 ( 0.0 %)           on MPI rank :       39
     Total           time :  179.217718 (SYPD:     1.310 ) on MPI rank :       39
     Computing       time :    0.000000                    on MPI rank :       40
     Waiting lbc_lnk time :    0.000000 ( 0.0 %)           on MPI rank :       40
     Waiting  global time :    0.000000 ( 0.0 %)           on MPI rank :       40
     Total           time :  179.217884 (SYPD:     1.310 ) on MPI rank :       40
     Computing       time :    0.000000                    on MPI rank :       41
     Waiting lbc_lnk time :    0.000000 ( 0.0 %)           on MPI rank :       41
     Waiting  global time :    0.000000 ( 0.0 %)           on MPI rank :       41
     Total           time :  179.218427 (SYPD:     1.310 ) on MPI rank :       41
     Computing       time :    0.000000                    on MPI rank :       42
     Waiting lbc_lnk time :    0.000000 ( 0.0 %)           on MPI rank :       42
     Waiting  global time :    0.000000 ( 0.0 %)           on MPI rank :       42
     Total           time :  179.208805 (SYPD:     1.310 ) on MPI rank :       42
     Computing       time :    0.000000                    on MPI rank :       43
     Waiting lbc_lnk time :    0.000000 ( 0.0 %)           on MPI rank :       43
     Waiting  global time :    0.000000 ( 0.0 %)           on MPI rank :       43
     Total           time :  179.218333 (SYPD:     1.310 ) on MPI rank :       43
     Computing       time :    0.000000                    on MPI rank :       44
     Waiting lbc_lnk time :    0.000000 ( 0.0 %)           on MPI rank :       44
     Waiting  global time :    0.000000 ( 0.0 %)           on MPI rank :       44
     Total           time :  179.218094 (SYPD:     1.310 ) on MPI rank :       44
     Computing       time :    0.000000                    on MPI rank :       45
     Waiting lbc_lnk time :    0.000000 ( 0.0 %)           on MPI rank :       45
     Waiting  global time :    0.000000 ( 0.0 %)           on MPI rank :       45
     Total           time :  179.218371 (SYPD:     1.310 ) on MPI rank :       45
     Computing       time :    0.000000                    on MPI rank :       46
     Waiting lbc_lnk time :    0.000000 ( 0.0 %)           on MPI rank :       46
     Waiting  global time :    0.000000 ( 0.0 %)           on MPI rank :       46
     Total           time :  179.218466 (SYPD:     1.310 ) on MPI rank :       46
     Computing       time :    0.000000                    on MPI rank :       47
     Waiting lbc_lnk time :    0.000000 ( 0.0 %)           on MPI rank :       47
     Waiting  global time :    0.000000 ( 0.0 %)           on MPI rank :       47
     Total           time :  179.217992 (SYPD:     1.310 ) on MPI rank :       47
     Computing       time :    0.000000                    on MPI rank :       48
     Waiting lbc_lnk time :    0.000000 ( 0.0 %)           on MPI rank :       48
     Waiting  global time :    0.000000 ( 0.0 %)           on MPI rank :       48
     Total           time :  179.218179 (SYPD:     1.310 ) on MPI rank :       48
     Computing       time :    0.000000                    on MPI rank :       49
     Waiting lbc_lnk time :    0.000000 ( 0.0 %)           on MPI rank :       49
     Waiting  global time :    0.000000 ( 0.0 %)           on MPI rank :       49
     Total           time :  179.218416 (SYPD:     1.310 ) on MPI rank :       49
     Computing       time :    0.000000                    on MPI rank :       50
     Waiting lbc_lnk time :    0.000000 ( 0.0 %)           on MPI rank :       50
     Waiting  global time :    0.000000 ( 0.0 %)           on MPI rank :       50
     Total           time :  179.219034 (SYPD:     1.310 ) on MPI rank :       50
     Computing       time :    0.000000                    on MPI rank :       51
     Waiting lbc_lnk time :    0.000000 ( 0.0 %)           on MPI rank :       51
     Waiting  global time :    0.000000 ( 0.0 %)           on MPI rank :       51
     Total           time :  179.218132 (SYPD:     1.310 ) on MPI rank :       51
     Computing       time :    0.000000                    on MPI rank :       52
     Waiting lbc_lnk time :    0.000000 ( 0.0 %)           on MPI rank :       52
     Waiting  global time :    0.000000 ( 0.0 %)           on MPI rank :       52
     Total           time :  179.218121 (SYPD:     1.310 ) on MPI rank :       52
     Computing       time :    0.000000                    on MPI rank :       53
     Waiting lbc_lnk time :    0.000000 ( 0.0 %)           on MPI rank :       53
     Waiting  global time :    0.000000 ( 0.0 %)           on MPI rank :       53
     Total           time :  179.217846 (SYPD:     1.310 ) on MPI rank :       53
     Computing       time :    0.000000                    on MPI rank :       54
     Waiting lbc_lnk time :    0.000000 ( 0.0 %)           on MPI rank :       54
     Waiting  global time :    0.000000 ( 0.0 %)           on MPI rank :       54
     Total           time :  179.218401 (SYPD:     1.310 ) on MPI rank :       54
     Computing       time :    0.000000                    on MPI rank :       55
     Waiting lbc_lnk time :    0.000000 ( 0.0 %)           on MPI rank :       55
     Waiting  global time :    0.000000 ( 0.0 %)           on MPI rank :       55
     Total           time :  179.217786 (SYPD:     1.310 ) on MPI rank :       55
     Computing       time :    0.000000                    on MPI rank :       56
     Waiting lbc_lnk time :    0.000000 ( 0.0 %)           on MPI rank :       56
     Waiting  global time :    0.000000 ( 0.0 %)           on MPI rank :       56
     Total           time :  179.218195 (SYPD:     1.310 ) on MPI rank :       56
     Computing       time :    0.000000                    on MPI rank :       57
     Waiting lbc_lnk time :    0.000000 ( 0.0 %)           on MPI rank :       57
     Waiting  global time :    0.000000 ( 0.0 %)           on MPI rank :       57
     Total           time :  179.208005 (SYPD:     1.310 ) on MPI rank :       57
     Computing       time :    0.000000                    on MPI rank :       58
     Waiting lbc_lnk time :    0.000000 ( 0.0 %)           on MPI rank :       58
     Waiting  global time :    0.000000 ( 0.0 %)           on MPI rank :       58
     Total           time :  179.218724 (SYPD:     1.310 ) on MPI rank :       58
     Computing       time :    0.000000                    on MPI rank :       59
     Waiting lbc_lnk time :    0.000000 ( 0.0 %)           on MPI rank :       59
     Waiting  global time :    0.000000 ( 0.0 %)           on MPI rank :       59
     Total           time :  179.218645 (SYPD:     1.310 ) on MPI rank :       59
     Computing       time :    0.000000                    on MPI rank :       60
     Waiting lbc_lnk time :    0.000000 ( 0.0 %)           on MPI rank :       60
     Waiting  global time :    0.000000 ( 0.0 %)           on MPI rank :       60
     Total           time :  179.218287 (SYPD:     1.310 ) on MPI rank :       60
     Computing       time :    0.000000                    on MPI rank :       61
     Waiting lbc_lnk time :    0.000000 ( 0.0 %)           on MPI rank :       61
     Waiting  global time :    0.000000 ( 0.0 %)           on MPI rank :       61
     Total           time :  179.218562 (SYPD:     1.310 ) on MPI rank :       61
     Computing       time :    0.000000                    on MPI rank :       62
     Waiting lbc_lnk time :    0.000000 ( 0.0 %)           on MPI rank :       62
     Waiting  global time :    0.000000 ( 0.0 %)           on MPI rank :       62
     Total           time :  179.218533 (SYPD:     1.310 ) on MPI rank :       62
     Computing       time :    0.000000                    on MPI rank :       63
     Waiting lbc_lnk time :    0.000000 ( 0.0 %)           on MPI rank :       63
     Waiting  global time :    0.000000 ( 0.0 %)           on MPI rank :       63
     Total           time :  179.217322 (SYPD:     1.310 ) on MPI rank :       63
     Computing       time :    0.000000                    on MPI rank :       64
     Waiting lbc_lnk time :    0.000000 ( 0.0 %)           on MPI rank :       64
     Waiting  global time :    0.000000 ( 0.0 %)           on MPI rank :       64
     Total           time :  179.217732 (SYPD:     1.310 ) on MPI rank :       64
     Computing       time :    0.000000                    on MPI rank :       65
     Waiting lbc_lnk time :    0.000000 ( 0.0 %)           on MPI rank :       65
     Waiting  global time :    0.000000 ( 0.0 %)           on MPI rank :       65
     Total           time :  179.218025 (SYPD:     1.310 ) on MPI rank :       65
     Computing       time :    0.000000                    on MPI rank :       66
     Waiting lbc_lnk time :    0.000000 ( 0.0 %)           on MPI rank :       66
     Waiting  global time :    0.000000 ( 0.0 %)           on MPI rank :       66
     Total           time :  179.210041 (SYPD:     1.310 ) on MPI rank :       66
     Computing       time :    0.000000                    on MPI rank :       67
     Waiting lbc_lnk time :    0.000000 ( 0.0 %)           on MPI rank :       67
     Waiting  global time :    0.000000 ( 0.0 %)           on MPI rank :       67
     Total           time :  179.218780 (SYPD:     1.310 ) on MPI rank :       67
     Computing       time :    0.000000                    on MPI rank :       68
     Waiting lbc_lnk time :    0.000000 ( 0.0 %)           on MPI rank :       68
     Waiting  global time :    0.000000 ( 0.0 %)           on MPI rank :       68
     Total           time :  179.218597 (SYPD:     1.310 ) on MPI rank :       68
     Computing       time :    0.000000                    on MPI rank :       69
     Waiting lbc_lnk time :    0.000000 ( 0.0 %)           on MPI rank :       69
     Waiting  global time :    0.000000 ( 0.0 %)           on MPI rank :       69
     Total           time :  179.217936 (SYPD:     1.310 ) on MPI rank :       69
     Computing       time :    0.000000                    on MPI rank :       70
     Waiting lbc_lnk time :    0.000000 ( 0.0 %)           on MPI rank :       70
     Waiting  global time :    0.000000 ( 0.0 %)           on MPI rank :       70
     Total           time :  179.217905 (SYPD:     1.310 ) on MPI rank :       70
     Computing       time :    0.000000                    on MPI rank :       71
     Waiting lbc_lnk time :    0.000000 ( 0.0 %)           on MPI rank :       71
     Waiting  global time :    0.000000 ( 0.0 %)           on MPI rank :       71
     Total           time :  179.218194 (SYPD:     1.310 ) on MPI rank :       71
     Computing       time :    0.000000                    on MPI rank :       72
     Waiting lbc_lnk time :    0.000000 ( 0.0 %)           on MPI rank :       72
     Waiting  global time :    0.000000 ( 0.0 %)           on MPI rank :       72
     Total           time :  179.218864 (SYPD:     1.310 ) on MPI rank :       72
     Computing       time :    0.000000                    on MPI rank :       73
     Waiting lbc_lnk time :    0.000000 ( 0.0 %)           on MPI rank :       73
     Waiting  global time :    0.000000 ( 0.0 %)           on MPI rank :       73
     Total           time :  179.209402 (SYPD:     1.310 ) on MPI rank :       73
     Computing       time :    0.000000                    on MPI rank :       74
     Waiting lbc_lnk time :    0.000000 ( 0.0 %)           on MPI rank :       74
     Waiting  global time :    0.000000 ( 0.0 %)           on MPI rank :       74
     Total           time :  179.219006 (SYPD:     1.310 ) on MPI rank :       74
     Computing       time :    0.000000                    on MPI rank :       75
     Waiting lbc_lnk time :    0.000000 ( 0.0 %)           on MPI rank :       75
     Waiting  global time :    0.000000 ( 0.0 %)           on MPI rank :       75
     Total           time :  179.218772 (SYPD:     1.310 ) on MPI rank :       75
     Computing       time :    0.000000                    on MPI rank :       76
     Waiting lbc_lnk time :    0.000000 ( 0.0 %)           on MPI rank :       76
     Waiting  global time :    0.000000 ( 0.0 %)           on MPI rank :       76
     Total           time :  179.218260 (SYPD:     1.310 ) on MPI rank :       76
     Computing       time :    0.000000                    on MPI rank :       77
     Waiting lbc_lnk time :    0.000000 ( 0.0 %)           on MPI rank :       77
     Waiting  global time :    0.000000 ( 0.0 %)           on MPI rank :       77
     Total           time :  179.209604 (SYPD:     1.310 ) on MPI rank :       77
     Computing       time :    0.000000                    on MPI rank :       78
     Waiting lbc_lnk time :    0.000000 ( 0.0 %)           on MPI rank :       78
     Waiting  global time :    0.000000 ( 0.0 %)           on MPI rank :       78
     Total           time :  179.218227 (SYPD:     1.310 ) on MPI rank :       78
     Computing       time :    0.000000                    on MPI rank :       79
     Waiting lbc_lnk time :    0.000000 ( 0.0 %)           on MPI rank :       79
     Waiting  global time :    0.000000 ( 0.0 %)           on MPI rank :       79
     Total           time :  179.218219 (SYPD:     1.310 ) on MPI rank :       79
     Computing       time :    0.000000                    on MPI rank :       80
     Waiting lbc_lnk time :    0.000000 ( 0.0 %)           on MPI rank :       80
     Waiting  global time :    0.000000 ( 0.0 %)           on MPI rank :       80
     Total           time :  179.218153 (SYPD:     1.310 ) on MPI rank :       80
     Computing       time :    0.000000                    on MPI rank :       81
     Waiting lbc_lnk time :    0.000000 ( 0.0 %)           on MPI rank :       81
     Waiting  global time :    0.000000 ( 0.0 %)           on MPI rank :       81
     Total           time :  179.218170 (SYPD:     1.310 ) on MPI rank :       81
     Computing       time :    0.000000                    on MPI rank :       82
     Waiting lbc_lnk time :    0.000000 ( 0.0 %)           on MPI rank :       82
     Waiting  global time :    0.000000 ( 0.0 %)           on MPI rank :       82
     Total           time :  179.218067 (SYPD:     1.310 ) on MPI rank :       82
     Computing       time :    0.000000                    on MPI rank :       83
     Waiting lbc_lnk time :    0.000000 ( 0.0 %)           on MPI rank :       83
     Waiting  global time :    0.000000 ( 0.0 %)           on MPI rank :       83
     Total           time :  179.217447 (SYPD:     1.310 ) on MPI rank :       83
     Computing       time :    0.000000                    on MPI rank :       84
     Waiting lbc_lnk time :    0.000000 ( 0.0 %)           on MPI rank :       84
     Waiting  global time :    0.000000 ( 0.0 %)           on MPI rank :       84
     Total           time :  179.218113 (SYPD:     1.310 ) on MPI rank :       84
     Computing       time :    0.000000                    on MPI rank :       85
     Waiting lbc_lnk time :    0.000000 ( 0.0 %)           on MPI rank :       85
     Waiting  global time :    0.000000 ( 0.0 %)           on MPI rank :       85
     Total           time :  179.218296 (SYPD:     1.310 ) on MPI rank :       85
     Computing       time :    0.000000                    on MPI rank :       86
     Waiting lbc_lnk time :    0.000000 ( 0.0 %)           on MPI rank :       86
     Waiting  global time :    0.000000 ( 0.0 %)           on MPI rank :       86
     Total           time :  179.201397 (SYPD:     1.310 ) on MPI rank :       86
     Computing       time :    0.000000                    on MPI rank :       87
     Waiting lbc_lnk time :    0.000000 ( 0.0 %)           on MPI rank :       87
     Waiting  global time :    0.000000 ( 0.0 %)           on MPI rank :       87
     Total           time :  179.218218 (SYPD:     1.310 ) on MPI rank :       87
     Computing       time :    0.000000                    on MPI rank :       88
     Waiting lbc_lnk time :    0.000000 ( 0.0 %)           on MPI rank :       88
     Waiting  global time :    0.000000 ( 0.0 %)           on MPI rank :       88
     Total           time :  179.218266 (SYPD:     1.310 ) on MPI rank :       88
     Computing       time :    0.000000                    on MPI rank :       89
     Waiting lbc_lnk time :    0.000000 ( 0.0 %)           on MPI rank :       89
     Waiting  global time :    0.000000 ( 0.0 %)           on MPI rank :       89
     Total           time :  179.218068 (SYPD:     1.310 ) on MPI rank :       89
     Computing       time :    0.000000                    on MPI rank :       90
     Waiting lbc_lnk time :    0.000000 ( 0.0 %)           on MPI rank :       90
     Waiting  global time :    0.000000 ( 0.0 %)           on MPI rank :       90
     Total           time :  179.217926 (SYPD:     1.310 ) on MPI rank :       90
     Computing       time :    0.000000                    on MPI rank :       91
     Waiting lbc_lnk time :    0.000000 ( 0.0 %)           on MPI rank :       91
     Waiting  global time :    0.000000 ( 0.0 %)           on MPI rank :       91
     Total           time :  179.218118 (SYPD:     1.310 ) on MPI rank :       91
     Computing       time :    0.000000                    on MPI rank :       92
     Waiting lbc_lnk time :    0.000000 ( 0.0 %)           on MPI rank :       92
     Waiting  global time :    0.000000 ( 0.0 %)           on MPI rank :       92
     Total           time :  179.218377 (SYPD:     1.310 ) on MPI rank :       92
     Computing       time :    0.000000                    on MPI rank :       93
     Waiting lbc_lnk time :    0.000000 ( 0.0 %)           on MPI rank :       93
     Waiting  global time :    0.000000 ( 0.0 %)           on MPI rank :       93
     Total           time :  179.218357 (SYPD:     1.310 ) on MPI rank :       93
     Computing       time :    0.000000                    on MPI rank :       94
     Waiting lbc_lnk time :    0.000000 ( 0.0 %)           on MPI rank :       94
     Waiting  global time :    0.000000 ( 0.0 %)           on MPI rank :       94
     Total           time :  179.217814 (SYPD:     1.310 ) on MPI rank :       94
     Computing       time :    0.000000                    on MPI rank :       95
     Waiting lbc_lnk time :    0.000000 ( 0.0 %)           on MPI rank :       95
     Waiting  global time :    0.000000 ( 0.0 %)           on MPI rank :       95
     Total           time :  179.218431 (SYPD:     1.310 ) on MPI rank :       95
     Computing       time :    0.000000                    on MPI rank :       96
     Waiting lbc_lnk time :    0.000000 ( 0.0 %)           on MPI rank :       96
     Waiting  global time :    0.000000 ( 0.0 %)           on MPI rank :       96
     Total           time :  179.218774 (SYPD:     1.310 ) on MPI rank :       96
     Computing       time :    0.000000                    on MPI rank :       97
     Waiting lbc_lnk time :    0.000000 ( 0.0 %)           on MPI rank :       97
     Waiting  global time :    0.000000 ( 0.0 %)           on MPI rank :       97
     Total           time :  179.218536 (SYPD:     1.310 ) on MPI rank :       97
     Computing       time :    0.000000                    on MPI rank :       98
     Waiting lbc_lnk time :    0.000000 ( 0.0 %)           on MPI rank :       98
     Waiting  global time :    0.000000 ( 0.0 %)           on MPI rank :       98
     Total           time :  179.217682 (SYPD:     1.310 ) on MPI rank :       98
     Computing       time :    0.000000                    on MPI rank :       99
     Waiting lbc_lnk time :    0.000000 ( 0.0 %)           on MPI rank :       99
     Waiting  global time :    0.000000 ( 0.0 %)           on MPI rank :       99
     Total           time :  179.218284 (SYPD:     1.310 ) on MPI rank :       99
     Computing       time :    0.000000                    on MPI rank :      100
     Waiting lbc_lnk time :    0.000000 ( 0.0 %)           on MPI rank :      100
     Waiting  global time :    0.000000 ( 0.0 %)           on MPI rank :      100
     Total           time :  179.217863 (SYPD:     1.310 ) on MPI rank :      100
     Computing       time :    0.000000                    on MPI rank :      101
     Waiting lbc_lnk time :    0.000000 ( 0.0 %)           on MPI rank :      101
     Waiting  global time :    0.000000 ( 0.0 %)           on MPI rank :      101
     Total           time :  179.218376 (SYPD:     1.310 ) on MPI rank :      101
     Computing       time :    0.000000                    on MPI rank :      102
     Waiting lbc_lnk time :    0.000000 ( 0.0 %)           on MPI rank :      102
     Waiting  global time :    0.000000 ( 0.0 %)           on MPI rank :      102
     Total           time :  179.218311 (SYPD:     1.310 ) on MPI rank :      102
     Computing       time :    0.000000                    on MPI rank :      103
     Waiting lbc_lnk time :    0.000000 ( 0.0 %)           on MPI rank :      103
     Waiting  global time :    0.000000 ( 0.0 %)           on MPI rank :      103
     Total           time :  179.218515 (SYPD:     1.310 ) on MPI rank :      103
     Computing       time :    0.000000                    on MPI rank :      104
     Waiting lbc_lnk time :    0.000000 ( 0.0 %)           on MPI rank :      104
     Waiting  global time :    0.000000 ( 0.0 %)           on MPI rank :      104
     Total           time :  179.218396 (SYPD:     1.310 ) on MPI rank :      104
     Computing       time :    0.000000                    on MPI rank :      105
     Waiting lbc_lnk time :    0.000000 ( 0.0 %)           on MPI rank :      105
     Waiting  global time :    0.000000 ( 0.0 %)           on MPI rank :      105
     Total           time :  179.218138 (SYPD:     1.310 ) on MPI rank :      105
     Computing       time :    0.000000                    on MPI rank :      106
     Waiting lbc_lnk time :    0.000000 ( 0.0 %)           on MPI rank :      106
     Waiting  global time :    0.000000 ( 0.0 %)           on MPI rank :      106
     Total           time :  179.218046 (SYPD:     1.310 ) on MPI rank :      106
     Computing       time :    0.000000                    on MPI rank :      107
     Waiting lbc_lnk time :    0.000000 ( 0.0 %)           on MPI rank :      107
     Waiting  global time :    0.000000 ( 0.0 %)           on MPI rank :      107
     Total           time :  179.218789 (SYPD:     1.310 ) on MPI rank :      107
     Computing       time :    0.000000                    on MPI rank :      108
     Waiting lbc_lnk time :    0.000000 ( 0.0 %)           on MPI rank :      108
     Waiting  global time :    0.000000 ( 0.0 %)           on MPI rank :      108
     Total           time :  179.218622 (SYPD:     1.310 ) on MPI rank :      108
     Computing       time :    0.000000                    on MPI rank :      109
     Waiting lbc_lnk time :    0.000000 ( 0.0 %)           on MPI rank :      109
     Waiting  global time :    0.000000 ( 0.0 %)           on MPI rank :      109
     Total           time :  179.218522 (SYPD:     1.310 ) on MPI rank :      109
     Computing       time :    0.000000                    on MPI rank :      110
     Waiting lbc_lnk time :    0.000000 ( 0.0 %)           on MPI rank :      110
     Waiting  global time :    0.000000 ( 0.0 %)           on MPI rank :      110
     Total           time :  179.217980 (SYPD:     1.310 ) on MPI rank :      110
     Computing       time :    0.000000                    on MPI rank :      111
     Waiting lbc_lnk time :    0.000000 ( 0.0 %)           on MPI rank :      111
     Waiting  global time :    0.000000 ( 0.0 %)           on MPI rank :      111
     Total           time :  179.218646 (SYPD:     1.310 ) on MPI rank :      111
     Computing       time :    0.000000                    on MPI rank :      112
     Waiting lbc_lnk time :    0.000000 ( 0.0 %)           on MPI rank :      112
     Waiting  global time :    0.000000 ( 0.0 %)           on MPI rank :      112
     Total           time :  179.217857 (SYPD:     1.310 ) on MPI rank :      112
     Computing       time :    0.000000                    on MPI rank :      113
     Waiting lbc_lnk time :    0.000000 ( 0.0 %)           on MPI rank :      113
     Waiting  global time :    0.000000 ( 0.0 %)           on MPI rank :      113
     Total           time :  179.218386 (SYPD:     1.310 ) on MPI rank :      113
     Computing       time :    0.000000                    on MPI rank :      114
     Waiting lbc_lnk time :    0.000000 ( 0.0 %)           on MPI rank :      114
     Waiting  global time :    0.000000 ( 0.0 %)           on MPI rank :      114
     Total           time :  179.218130 (SYPD:     1.310 ) on MPI rank :      114
     Computing       time :    0.000000                    on MPI rank :      115
     Waiting lbc_lnk time :    0.000000 ( 0.0 %)           on MPI rank :      115
     Waiting  global time :    0.000000 ( 0.0 %)           on MPI rank :      115
     Total           time :  179.217932 (SYPD:     1.310 ) on MPI rank :      115
     Computing       time :    0.000000                    on MPI rank :      116
     Waiting lbc_lnk time :    0.000000 ( 0.0 %)           on MPI rank :      116
     Waiting  global time :    0.000000 ( 0.0 %)           on MPI rank :      116
     Total           time :  179.206442 (SYPD:     1.310 ) on MPI rank :      116
     Computing       time :    0.000000                    on MPI rank :      117
     Waiting lbc_lnk time :    0.000000 ( 0.0 %)           on MPI rank :      117
     Waiting  global time :    0.000000 ( 0.0 %)           on MPI rank :      117
     Total           time :  179.206203 (SYPD:     1.310 ) on MPI rank :      117
     Computing       time :    0.000000                    on MPI rank :      118
     Waiting lbc_lnk time :    0.000000 ( 0.0 %)           on MPI rank :      118
     Waiting  global time :    0.000000 ( 0.0 %)           on MPI rank :      118
     Total           time :  179.207068 (SYPD:     1.310 ) on MPI rank :      118
     Computing       time :    0.000000                    on MPI rank :      119
     Waiting lbc_lnk time :    0.000000 ( 0.0 %)           on MPI rank :      119
     Waiting  global time :    0.000000 ( 0.0 %)           on MPI rank :      119
     Total           time :  179.218433 (SYPD:     1.310 ) on MPI rank :      119
     Computing       time :    0.000000                    on MPI rank :      120
     Waiting lbc_lnk time :    0.000000 ( 0.0 %)           on MPI rank :      120
     Waiting  global time :    0.000000 ( 0.0 %)           on MPI rank :      120
     Total           time :  179.218024 (SYPD:     1.310 ) on MPI rank :      120
     Computing       time :    0.000000                    on MPI rank :      121
     Waiting lbc_lnk time :    0.000000 ( 0.0 %)           on MPI rank :      121
     Waiting  global time :    0.000000 ( 0.0 %)           on MPI rank :      121
     Total           time :  179.217993 (SYPD:     1.310 ) on MPI rank :      121
     Computing       time :    0.000000                    on MPI rank :      122
     Waiting lbc_lnk time :    0.000000 ( 0.0 %)           on MPI rank :      122
     Waiting  global time :    0.000000 ( 0.0 %)           on MPI rank :      122
     Total           time :  179.218312 (SYPD:     1.310 ) on MPI rank :      122
     Computing       time :    0.000000                    on MPI rank :      123
     Waiting lbc_lnk time :    0.000000 ( 0.0 %)           on MPI rank :      123
     Waiting  global time :    0.000000 ( 0.0 %)           on MPI rank :      123
     Total           time :  179.206229 (SYPD:     1.310 ) on MPI rank :      123
     Computing       time :    0.000000                    on MPI rank :      124
     Waiting lbc_lnk time :    0.000000 ( 0.0 %)           on MPI rank :      124
     Waiting  global time :    0.000000 ( 0.0 %)           on MPI rank :      124
     Total           time :  179.218810 (SYPD:     1.310 ) on MPI rank :      124
     Computing       time :    0.000000                    on MPI rank :      125
     Waiting lbc_lnk time :    0.000000 ( 0.0 %)           on MPI rank :      125
     Waiting  global time :    0.000000 ( 0.0 %)           on MPI rank :      125
     Total           time :  179.190573 (SYPD:     1.310 ) on MPI rank :      125
     Computing       time :    0.000000                    on MPI rank :      126
     Waiting lbc_lnk time :    0.000000 ( 0.0 %)           on MPI rank :      126
     Waiting  global time :    0.000000 ( 0.0 %)           on MPI rank :      126
     Total           time :  179.218327 (SYPD:     1.310 ) on MPI rank :      126
     Computing       time :    0.000000                    on MPI rank :      127
     Waiting lbc_lnk time :    0.000000 ( 0.0 %)           on MPI rank :      127
     Waiting  global time :    0.000000 ( 0.0 %)           on MPI rank :      127
     Total           time :  179.218710 (SYPD:     1.310 ) on MPI rank :      127
     Computing       time :    0.000000                    on MPI rank :      128
     Waiting lbc_lnk time :    0.000000 ( 0.0 %)           on MPI rank :      128
     Waiting  global time :    0.000000 ( 0.0 %)           on MPI rank :      128
     Total           time :  179.217893 (SYPD:     1.310 ) on MPI rank :      128
     Computing       time :    0.000000                    on MPI rank :      129
     Waiting lbc_lnk time :    0.000000 ( 0.0 %)           on MPI rank :      129
     Waiting  global time :    0.000000 ( 0.0 %)           on MPI rank :      129
     Total           time :  179.218311 (SYPD:     1.310 ) on MPI rank :      129
     Computing       time :    0.000000                    on MPI rank :      130
     Waiting lbc_lnk time :    0.000000 ( 0.0 %)           on MPI rank :      130
     Waiting  global time :    0.000000 ( 0.0 %)           on MPI rank :      130
     Total           time :  179.218196 (SYPD:     1.310 ) on MPI rank :      130
     Computing       time :    0.000000                    on MPI rank :      131
     Waiting lbc_lnk time :    0.000000 ( 0.0 %)           on MPI rank :      131
     Waiting  global time :    0.000000 ( 0.0 %)           on MPI rank :      131
     Total           time :  179.218138 (SYPD:     1.310 ) on MPI rank :      131
     Computing       time :    0.000000                    on MPI rank :      132
     Waiting lbc_lnk time :    0.000000 ( 0.0 %)           on MPI rank :      132
     Waiting  global time :    0.000000 ( 0.0 %)           on MPI rank :      132
     Total           time :  179.218108 (SYPD:     1.310 ) on MPI rank :      132
     Computing       time :    0.000000                    on MPI rank :      133
     Waiting lbc_lnk time :    0.000000 ( 0.0 %)           on MPI rank :      133
     Waiting  global time :    0.000000 ( 0.0 %)           on MPI rank :      133
     Total           time :  179.218232 (SYPD:     1.310 ) on MPI rank :      133
     Computing       time :    0.000000                    on MPI rank :      134
     Waiting lbc_lnk time :    0.000000 ( 0.0 %)           on MPI rank :      134
     Waiting  global time :    0.000000 ( 0.0 %)           on MPI rank :      134
     Total           time :  179.218348 (SYPD:     1.310 ) on MPI rank :      134
     Computing       time :    0.000000                    on MPI rank :      135
     Waiting lbc_lnk time :    0.000000 ( 0.0 %)           on MPI rank :      135
     Waiting  global time :    0.000000 ( 0.0 %)           on MPI rank :      135
     Total           time :  179.218366 (SYPD:     1.310 ) on MPI rank :      135
     Computing       time :    0.000000                    on MPI rank :      136
     Waiting lbc_lnk time :    0.000000 ( 0.0 %)           on MPI rank :      136
     Waiting  global time :    0.000000 ( 0.0 %)           on MPI rank :      136
     Total           time :  179.218785 (SYPD:     1.310 ) on MPI rank :      136
     Computing       time :    0.000000                    on MPI rank :      137
     Waiting lbc_lnk time :    0.000000 ( 0.0 %)           on MPI rank :      137
     Waiting  global time :    0.000000 ( 0.0 %)           on MPI rank :      137
     Total           time :  179.218146 (SYPD:     1.310 ) on MPI rank :      137
     Computing       time :    0.000000                    on MPI rank :      138
     Waiting lbc_lnk time :    0.000000 ( 0.0 %)           on MPI rank :      138
     Waiting  global time :    0.000000 ( 0.0 %)           on MPI rank :      138
     Total           time :  179.218066 (SYPD:     1.310 ) on MPI rank :      138
     Computing       time :    0.000000                    on MPI rank :      139
     Waiting lbc_lnk time :    0.000000 ( 0.0 %)           on MPI rank :      139
     Waiting  global time :    0.000000 ( 0.0 %)           on MPI rank :      139
     Total           time :  179.218152 (SYPD:     1.310 ) on MPI rank :      139
     Computing       time :    0.000000                    on MPI rank :      140
     Waiting lbc_lnk time :    0.000000 ( 0.0 %)           on MPI rank :      140
     Waiting  global time :    0.000000 ( 0.0 %)           on MPI rank :      140
     Total           time :  179.218362 (SYPD:     1.310 ) on MPI rank :      140
     Computing       time :    0.000000                    on MPI rank :      141
     Waiting lbc_lnk time :    0.000000 ( 0.0 %)           on MPI rank :      141
     Waiting  global time :    0.000000 ( 0.0 %)           on MPI rank :      141
     Total           time :  179.217973 (SYPD:     1.310 ) on MPI rank :      141
     Computing       time :    0.000000                    on MPI rank :      142
     Waiting lbc_lnk time :    0.000000 ( 0.0 %)           on MPI rank :      142
     Waiting  global time :    0.000000 ( 0.0 %)           on MPI rank :      142
     Total           time :  179.218167 (SYPD:     1.310 ) on MPI rank :      142
     Computing       time :    0.000000                    on MPI rank :      143
     Waiting lbc_lnk time :    0.000000 ( 0.0 %)           on MPI rank :      143
     Waiting  global time :    0.000000 ( 0.0 %)           on MPI rank :      143
     Total           time :  179.218446 (SYPD:     1.310 ) on MPI rank :      143
     Computing       time :    0.000000                    on MPI rank :      144
     Waiting lbc_lnk time :    0.000000 ( 0.0 %)           on MPI rank :      144
     Waiting  global time :    0.000000 ( 0.0 %)           on MPI rank :      144
     Total           time :  179.217304 (SYPD:     1.310 ) on MPI rank :      144
     Computing       time :    0.000000                    on MPI rank :      145
     Waiting lbc_lnk time :    0.000000 ( 0.0 %)           on MPI rank :      145
     Waiting  global time :    0.000000 ( 0.0 %)           on MPI rank :      145
     Total           time :  179.217576 (SYPD:     1.310 ) on MPI rank :      145
     Computing       time :    0.000000                    on MPI rank :      146
     Waiting lbc_lnk time :    0.000000 ( 0.0 %)           on MPI rank :      146
     Waiting  global time :    0.000000 ( 0.0 %)           on MPI rank :      146
     Total           time :  179.218247 (SYPD:     1.310 ) on MPI rank :      146
     Computing       time :    0.000000                    on MPI rank :      147
     Waiting lbc_lnk time :    0.000000 ( 0.0 %)           on MPI rank :      147
     Waiting  global time :    0.000000 ( 0.0 %)           on MPI rank :      147
     Total           time :  179.218243 (SYPD:     1.310 ) on MPI rank :      147
     Computing       time :    0.000000                    on MPI rank :      148
     Waiting lbc_lnk time :    0.000000 ( 0.0 %)           on MPI rank :      148
     Waiting  global time :    0.000000 ( 0.0 %)           on MPI rank :      148
     Total           time :  179.218307 (SYPD:     1.310 ) on MPI rank :      148
     Computing       time :    0.000000                    on MPI rank :      149
     Waiting lbc_lnk time :    0.000000 ( 0.0 %)           on MPI rank :      149
     Waiting  global time :    0.000000 ( 0.0 %)           on MPI rank :      149
     Total           time :  179.218125 (SYPD:     1.310 ) on MPI rank :      149
     Computing       time :    0.000000                    on MPI rank :      150
     Waiting lbc_lnk time :    0.000000 ( 0.0 %)           on MPI rank :      150
     Waiting  global time :    0.000000 ( 0.0 %)           on MPI rank :      150
     Total           time :  179.218257 (SYPD:     1.310 ) on MPI rank :      150
     Computing       time :    0.000000                    on MPI rank :      151
     Waiting lbc_lnk time :    0.000000 ( 0.0 %)           on MPI rank :      151
     Waiting  global time :    0.000000 ( 0.0 %)           on MPI rank :      151
     Total           time :  179.218218 (SYPD:     1.310 ) on MPI rank :      151
     Computing       time :    0.000000                    on MPI rank :      152
     Waiting lbc_lnk time :    0.000000 ( 0.0 %)           on MPI rank :      152
     Waiting  global time :    0.000000 ( 0.0 %)           on MPI rank :      152
     Total           time :  179.219055 (SYPD:     1.310 ) on MPI rank :      152
     Computing       time :    0.000000                    on MPI rank :      153
     Waiting lbc_lnk time :    0.000000 ( 0.0 %)           on MPI rank :      153
     Waiting  global time :    0.000000 ( 0.0 %)           on MPI rank :      153
     Total           time :  179.218243 (SYPD:     1.310 ) on MPI rank :      153
     Computing       time :    0.000000                    on MPI rank :      154
     Waiting lbc_lnk time :    0.000000 ( 0.0 %)           on MPI rank :      154
     Waiting  global time :    0.000000 ( 0.0 %)           on MPI rank :      154
     Total           time :  179.217962 (SYPD:     1.310 ) on MPI rank :      154
     Computing       time :    0.000000                    on MPI rank :      155
     Waiting lbc_lnk time :    0.000000 ( 0.0 %)           on MPI rank :      155
     Waiting  global time :    0.000000 ( 0.0 %)           on MPI rank :      155
     Total           time :  179.218893 (SYPD:     1.310 ) on MPI rank :      155
     Computing       time :    0.000000                    on MPI rank :      156
     Waiting lbc_lnk time :    0.000000 ( 0.0 %)           on MPI rank :      156
     Waiting  global time :    0.000000 ( 0.0 %)           on MPI rank :      156
     Total           time :  179.217779 (SYPD:     1.310 ) on MPI rank :      156
     Computing       time :    0.000000                    on MPI rank :      157
     Waiting lbc_lnk time :    0.000000 ( 0.0 %)           on MPI rank :      157
     Waiting  global time :    0.000000 ( 0.0 %)           on MPI rank :      157
     Total           time :  179.218146 (SYPD:     1.310 ) on MPI rank :      157
     Computing       time :    0.000000                    on MPI rank :      158
     Waiting lbc_lnk time :    0.000000 ( 0.0 %)           on MPI rank :      158
     Waiting  global time :    0.000000 ( 0.0 %)           on MPI rank :      158
     Total           time :  179.218863 (SYPD:     1.310 ) on MPI rank :      158
     Computing       time :    0.000000                    on MPI rank :      159
     Waiting lbc_lnk time :    0.000000 ( 0.0 %)           on MPI rank :      159
     Waiting  global time :    0.000000 ( 0.0 %)           on MPI rank :      159
     Total           time :  179.218444 (SYPD:     1.310 ) on MPI rank :      159
     Computing       time :    0.000000                    on MPI rank :      160
     Waiting lbc_lnk time :    0.000000 ( 0.0 %)           on MPI rank :      160
     Waiting  global time :    0.000000 ( 0.0 %)           on MPI rank :      160
     Total           time :  179.217898 (SYPD:     1.310 ) on MPI rank :      160
     Computing       time :    0.000000                    on MPI rank :      161
     Waiting lbc_lnk time :    0.000000 ( 0.0 %)           on MPI rank :      161
     Waiting  global time :    0.000000 ( 0.0 %)           on MPI rank :      161
     Total           time :  179.218878 (SYPD:     1.310 ) on MPI rank :      161
     Computing       time :    0.000000                    on MPI rank :      162
     Waiting lbc_lnk time :    0.000000 ( 0.0 %)           on MPI rank :      162
     Waiting  global time :    0.000000 ( 0.0 %)           on MPI rank :      162
     Total           time :  179.218396 (SYPD:     1.310 ) on MPI rank :      162
     Computing       time :    0.000000                    on MPI rank :      163
     Waiting lbc_lnk time :    0.000000 ( 0.0 %)           on MPI rank :      163
     Waiting  global time :    0.000000 ( 0.0 %)           on MPI rank :      163
     Total           time :  179.218732 (SYPD:     1.310 ) on MPI rank :      163
     Computing       time :    0.000000                    on MPI rank :      164
     Waiting lbc_lnk time :    0.000000 ( 0.0 %)           on MPI rank :      164
     Waiting  global time :    0.000000 ( 0.0 %)           on MPI rank :      164
     Total           time :  179.218546 (SYPD:     1.310 ) on MPI rank :      164
     Computing       time :    0.000000                    on MPI rank :      165
     Waiting lbc_lnk time :    0.000000 ( 0.0 %)           on MPI rank :      165
     Waiting  global time :    0.000000 ( 0.0 %)           on MPI rank :      165
     Total           time :  179.218391 (SYPD:     1.310 ) on MPI rank :      165
     Computing       time :    0.000000                    on MPI rank :      166
     Waiting lbc_lnk time :    0.000000 ( 0.0 %)           on MPI rank :      166
     Waiting  global time :    0.000000 ( 0.0 %)           on MPI rank :      166
     Total           time :  179.217990 (SYPD:     1.310 ) on MPI rank :      166
     Computing       time :    0.000000                    on MPI rank :      167
     Waiting lbc_lnk time :    0.000000 ( 0.0 %)           on MPI rank :      167
     Waiting  global time :    0.000000 ( 0.0 %)           on MPI rank :      167
     Total           time :  179.218654 (SYPD:     1.310 ) on MPI rank :      167
     Computing       time :    0.000000                    on MPI rank :      168
     Waiting lbc_lnk time :    0.000000 ( 0.0 %)           on MPI rank :      168
     Waiting  global time :    0.000000 ( 0.0 %)           on MPI rank :      168
     Total           time :  179.218143 (SYPD:     1.310 ) on MPI rank :      168
     Computing       time :    0.000000                    on MPI rank :      169
     Waiting lbc_lnk time :    0.000000 ( 0.0 %)           on MPI rank :      169
     Waiting  global time :    0.000000 ( 0.0 %)           on MPI rank :      169
     Total           time :  179.218110 (SYPD:     1.310 ) on MPI rank :      169
     Computing       time :    0.000000                    on MPI rank :      170
     Waiting lbc_lnk time :    0.000000 ( 0.0 %)           on MPI rank :      170
     Waiting  global time :    0.000000 ( 0.0 %)           on MPI rank :      170
     Total           time :  179.218164 (SYPD:     1.310 ) on MPI rank :      170
     Computing       time :    0.000000                    on MPI rank :      171
     Waiting lbc_lnk time :    0.000000 ( 0.0 %)           on MPI rank :      171
     Waiting  global time :    0.000000 ( 0.0 %)           on MPI rank :      171
     Total           time :  179.217982 (SYPD:     1.310 ) on MPI rank :      171
     Computing       time :    0.000000                    on MPI rank :      172
     Waiting lbc_lnk time :    0.000000 ( 0.0 %)           on MPI rank :      172
     Waiting  global time :    0.000000 ( 0.0 %)           on MPI rank :      172
     Total           time :  179.218508 (SYPD:     1.310 ) on MPI rank :      172
     Computing       time :    0.000000                    on MPI rank :      173
     Waiting lbc_lnk time :    0.000000 ( 0.0 %)           on MPI rank :      173
     Waiting  global time :    0.000000 ( 0.0 %)           on MPI rank :      173
     Total           time :  179.214472 (SYPD:     1.310 ) on MPI rank :      173
     Computing       time :    0.000000                    on MPI rank :      174
     Waiting lbc_lnk time :    0.000000 ( 0.0 %)           on MPI rank :      174
     Waiting  global time :    0.000000 ( 0.0 %)           on MPI rank :      174
     Total           time :  179.218180 (SYPD:     1.310 ) on MPI rank :      174
     Computing       time :    0.000000                    on MPI rank :      175
     Waiting lbc_lnk time :    0.000000 ( 0.0 %)           on MPI rank :      175
     Waiting  global time :    0.000000 ( 0.0 %)           on MPI rank :      175
     Total           time :  179.218396 (SYPD:     1.310 ) on MPI rank :      175
     Computing       time :    0.000000                    on MPI rank :      176
     Waiting lbc_lnk time :    0.000000 ( 0.0 %)           on MPI rank :      176
     Waiting  global time :    0.000000 ( 0.0 %)           on MPI rank :      176
     Total           time :  179.219019 (SYPD:     1.310 ) on MPI rank :      176
     Computing       time :    0.000000                    on MPI rank :      177
     Waiting lbc_lnk time :    0.000000 ( 0.0 %)           on MPI rank :      177
     Waiting  global time :    0.000000 ( 0.0 %)           on MPI rank :      177
     Total           time :  179.218442 (SYPD:     1.310 ) on MPI rank :      177
     Computing       time :    0.000000                    on MPI rank :      178
     Waiting lbc_lnk time :    0.000000 ( 0.0 %)           on MPI rank :      178
     Waiting  global time :    0.000000 ( 0.0 %)           on MPI rank :      178
     Total           time :  179.217744 (SYPD:     1.310 ) on MPI rank :      178
     Computing       time :    0.000000                    on MPI rank :      179
     Waiting lbc_lnk time :    0.000000 ( 0.0 %)           on MPI rank :      179
     Waiting  global time :    0.000000 ( 0.0 %)           on MPI rank :      179
     Total           time :  179.217924 (SYPD:     1.310 ) on MPI rank :      179
     Computing       time :    0.000000                    on MPI rank :      180
     Waiting lbc_lnk time :    0.000000 ( 0.0 %)           on MPI rank :      180
     Waiting  global time :    0.000000 ( 0.0 %)           on MPI rank :      180
     Total           time :  179.218510 (SYPD:     1.310 ) on MPI rank :      180
     Computing       time :    0.000000                    on MPI rank :      181
     Waiting lbc_lnk time :    0.000000 ( 0.0 %)           on MPI rank :      181
     Waiting  global time :    0.000000 ( 0.0 %)           on MPI rank :      181
     Total           time :  179.217925 (SYPD:     1.310 ) on MPI rank :      181
     Computing       time :    0.000000                    on MPI rank :      182
     Waiting lbc_lnk time :    0.000000 ( 0.0 %)           on MPI rank :      182
     Waiting  global time :    0.000000 ( 0.0 %)           on MPI rank :      182
     Total           time :  179.217877 (SYPD:     1.310 ) on MPI rank :      182
     Computing       time :    0.000000                    on MPI rank :      183
     Waiting lbc_lnk time :    0.000000 ( 0.0 %)           on MPI rank :      183
     Waiting  global time :    0.000000 ( 0.0 %)           on MPI rank :      183
     Total           time :  179.218099 (SYPD:     1.310 ) on MPI rank :      183
     Computing       time :    0.000000                    on MPI rank :      184
     Waiting lbc_lnk time :    0.000000 ( 0.0 %)           on MPI rank :      184
     Waiting  global time :    0.000000 ( 0.0 %)           on MPI rank :      184
     Total           time :  179.218261 (SYPD:     1.310 ) on MPI rank :      184
     Computing       time :    0.000000                    on MPI rank :      185
     Waiting lbc_lnk time :    0.000000 ( 0.0 %)           on MPI rank :      185
     Waiting  global time :    0.000000 ( 0.0 %)           on MPI rank :      185
     Total           time :  179.217793 (SYPD:     1.310 ) on MPI rank :      185
     Computing       time :    0.000000                    on MPI rank :      186
     Waiting lbc_lnk time :    0.000000 ( 0.0 %)           on MPI rank :      186
     Waiting  global time :    0.000000 ( 0.0 %)           on MPI rank :      186
     Total           time :  179.217846 (SYPD:     1.310 ) on MPI rank :      186
     Computing       time :    0.000000                    on MPI rank :      187
     Waiting lbc_lnk time :    0.000000 ( 0.0 %)           on MPI rank :      187
     Waiting  global time :    0.000000 ( 0.0 %)           on MPI rank :      187
     Total           time :  179.218304 (SYPD:     1.310 ) on MPI rank :      187
     Computing       time :    0.000000                    on MPI rank :      188
     Waiting lbc_lnk time :    0.000000 ( 0.0 %)           on MPI rank :      188
     Waiting  global time :    0.000000 ( 0.0 %)           on MPI rank :      188
     Total           time :  179.218482 (SYPD:     1.310 ) on MPI rank :      188
     Computing       time :    0.000000                    on MPI rank :      189
     Waiting lbc_lnk time :    0.000000 ( 0.0 %)           on MPI rank :      189
     Waiting  global time :    0.000000 ( 0.0 %)           on MPI rank :      189
     Total           time :  179.218410 (SYPD:     1.310 ) on MPI rank :      189
     Computing       time :    0.000000                    on MPI rank :      190
     Waiting lbc_lnk time :    0.000000 ( 0.0 %)           on MPI rank :      190
     Waiting  global time :    0.000000 ( 0.0 %)           on MPI rank :      190
     Total           time :  179.218907 (SYPD:     1.310 ) on MPI rank :      190
     Computing       time :    0.000000                    on MPI rank :      191
     Waiting lbc_lnk time :    0.000000 ( 0.0 %)           on MPI rank :      191
     Waiting  global time :    0.000000 ( 0.0 %)           on MPI rank :      191
     Total           time :  179.218760 (SYPD:     1.310 ) on MPI rank :      191
     Computing       time :    0.000000                    on MPI rank :      192
     Waiting lbc_lnk time :    0.000000 ( 0.0 %)           on MPI rank :      192
     Waiting  global time :    0.000000 ( 0.0 %)           on MPI rank :      192
     Total           time :  179.218072 (SYPD:     1.310 ) on MPI rank :      192
     Computing       time :    0.000000                    on MPI rank :      193
     Waiting lbc_lnk time :    0.000000 ( 0.0 %)           on MPI rank :      193
     Waiting  global time :    0.000000 ( 0.0 %)           on MPI rank :      193
     Total           time :  179.218803 (SYPD:     1.310 ) on MPI rank :      193
     Computing       time :    0.000000                    on MPI rank :      194
     Waiting lbc_lnk time :    0.000000 ( 0.0 %)           on MPI rank :      194
     Waiting  global time :    0.000000 ( 0.0 %)           on MPI rank :      194
     Total           time :  179.218706 (SYPD:     1.310 ) on MPI rank :      194
     Computing       time :    0.000000                    on MPI rank :      195
     Waiting lbc_lnk time :    0.000000 ( 0.0 %)           on MPI rank :      195
     Waiting  global time :    0.000000 ( 0.0 %)           on MPI rank :      195
     Total           time :  179.218854 (SYPD:     1.310 ) on MPI rank :      195
     Computing       time :    0.000000                    on MPI rank :      196
     Waiting lbc_lnk time :    0.000000 ( 0.0 %)           on MPI rank :      196
     Waiting  global time :    0.000000 ( 0.0 %)           on MPI rank :      196
     Total           time :  179.218376 (SYPD:     1.310 ) on MPI rank :      196
     Computing       time :    0.000000                    on MPI rank :      197
     Waiting lbc_lnk time :    0.000000 ( 0.0 %)           on MPI rank :      197
     Waiting  global time :    0.000000 ( 0.0 %)           on MPI rank :      197
     Total           time :  179.217723 (SYPD:     1.310 ) on MPI rank :      197
     Computing       time :    0.000000                    on MPI rank :      198
     Waiting lbc_lnk time :    0.000000 ( 0.0 %)           on MPI rank :      198
     Waiting  global time :    0.000000 ( 0.0 %)           on MPI rank :      198
     Total           time :  179.218995 (SYPD:     1.310 ) on MPI rank :      198
     Computing       time :    0.000000                    on MPI rank :      199
     Waiting lbc_lnk time :    0.000000 ( 0.0 %)           on MPI rank :      199
     Waiting  global time :    0.000000 ( 0.0 %)           on MPI rank :      199
     Total           time :  179.218156 (SYPD:     1.310 ) on MPI rank :      199
     Computing       time :    0.000000                    on MPI rank :      200
     Waiting lbc_lnk time :    0.000000 ( 0.0 %)           on MPI rank :      200
     Waiting  global time :    0.000000 ( 0.0 %)           on MPI rank :      200
     Total           time :  179.217751 (SYPD:     1.310 ) on MPI rank :      200
     Computing       time :    0.000000                    on MPI rank :      201
     Waiting lbc_lnk time :    0.000000 ( 0.0 %)           on MPI rank :      201
     Waiting  global time :    0.000000 ( 0.0 %)           on MPI rank :      201
     Total           time :  179.217719 (SYPD:     1.310 ) on MPI rank :      201
     Computing       time :    0.000000                    on MPI rank :      202
     Waiting lbc_lnk time :    0.000000 ( 0.0 %)           on MPI rank :      202
     Waiting  global time :    0.000000 ( 0.0 %)           on MPI rank :      202
     Total           time :  179.218538 (SYPD:     1.310 ) on MPI rank :      202
     Computing       time :    0.000000                    on MPI rank :      203
     Waiting lbc_lnk time :    0.000000 ( 0.0 %)           on MPI rank :      203
     Waiting  global time :    0.000000 ( 0.0 %)           on MPI rank :      203
     Total           time :  179.217491 (SYPD:     1.310 ) on MPI rank :      203
     Computing       time :    0.000000                    on MPI rank :      204
     Waiting lbc_lnk time :    0.000000 ( 0.0 %)           on MPI rank :      204
     Waiting  global time :    0.000000 ( 0.0 %)           on MPI rank :      204
     Total           time :  179.218392 (SYPD:     1.310 ) on MPI rank :      204
     Computing       time :    0.000000                    on MPI rank :      205
     Waiting lbc_lnk time :    0.000000 ( 0.0 %)           on MPI rank :      205
     Waiting  global time :    0.000000 ( 0.0 %)           on MPI rank :      205
     Total           time :  179.218930 (SYPD:     1.310 ) on MPI rank :      205
     Computing       time :    0.000000                    on MPI rank :      206
     Waiting lbc_lnk time :    0.000000 ( 0.0 %)           on MPI rank :      206
     Waiting  global time :    0.000000 ( 0.0 %)           on MPI rank :      206
     Total           time :  179.218136 (SYPD:     1.310 ) on MPI rank :      206
     Computing       time :    0.000000                    on MPI rank :      207
     Waiting lbc_lnk time :    0.000000 ( 0.0 %)           on MPI rank :      207
     Waiting  global time :    0.000000 ( 0.0 %)           on MPI rank :      207
     Total           time :  179.218647 (SYPD:     1.310 ) on MPI rank :      207
     Computing       time :    0.000000                    on MPI rank :      208
     Waiting lbc_lnk time :    0.000000 ( 0.0 %)           on MPI rank :      208
     Waiting  global time :    0.000000 ( 0.0 %)           on MPI rank :      208
     Total           time :  179.218657 (SYPD:     1.310 ) on MPI rank :      208
     Computing       time :    0.000000                    on MPI rank :      209
     Waiting lbc_lnk time :    0.000000 ( 0.0 %)           on MPI rank :      209
     Waiting  global time :    0.000000 ( 0.0 %)           on MPI rank :      209
     Total           time :  179.218333 (SYPD:     1.310 ) on MPI rank :      209
     Computing       time :    0.000000                    on MPI rank :      210
     Waiting lbc_lnk time :    0.000000 ( 0.0 %)           on MPI rank :      210
     Waiting  global time :    0.000000 ( 0.0 %)           on MPI rank :      210
     Total           time :  179.218983 (SYPD:     1.310 ) on MPI rank :      210
     Computing       time :    0.000000                    on MPI rank :      211
     Waiting lbc_lnk time :    0.000000 ( 0.0 %)           on MPI rank :      211
     Waiting  global time :    0.000000 ( 0.0 %)           on MPI rank :      211
     Total           time :  179.218021 (SYPD:     1.310 ) on MPI rank :      211
     Computing       time :    0.000000                    on MPI rank :      212
     Waiting lbc_lnk time :    0.000000 ( 0.0 %)           on MPI rank :      212
     Waiting  global time :    0.000000 ( 0.0 %)           on MPI rank :      212
     Total           time :  179.217606 (SYPD:     1.310 ) on MPI rank :      212
     Computing       time :    0.000000                    on MPI rank :      213
     Waiting lbc_lnk time :    0.000000 ( 0.0 %)           on MPI rank :      213
     Waiting  global time :    0.000000 ( 0.0 %)           on MPI rank :      213
     Total           time :  179.218586 (SYPD:     1.310 ) on MPI rank :      213
     Computing       time :    0.000000                    on MPI rank :      214
     Waiting lbc_lnk time :    0.000000 ( 0.0 %)           on MPI rank :      214
     Waiting  global time :    0.000000 ( 0.0 %)           on MPI rank :      214
     Total           time :  179.218566 (SYPD:     1.310 ) on MPI rank :      214
     Computing       time :    0.000000                    on MPI rank :      215
     Waiting lbc_lnk time :    0.000000 ( 0.0 %)           on MPI rank :      215
     Waiting  global time :    0.000000 ( 0.0 %)           on MPI rank :      215
     Total           time :  179.218145 (SYPD:     1.310 ) on MPI rank :      215
     Computing       time :    0.000000                    on MPI rank :      216
     Waiting lbc_lnk time :    0.000000 ( 0.0 %)           on MPI rank :      216
     Waiting  global time :    0.000000 ( 0.0 %)           on MPI rank :      216
     Total           time :  179.218449 (SYPD:     1.310 ) on MPI rank :      216
     Computing       time :    0.000000                    on MPI rank :      217
     Waiting lbc_lnk time :    0.000000 ( 0.0 %)           on MPI rank :      217
     Waiting  global time :    0.000000 ( 0.0 %)           on MPI rank :      217
     Total           time :  179.219046 (SYPD:     1.310 ) on MPI rank :      217
     Computing       time :    0.000000                    on MPI rank :      218
     Waiting lbc_lnk time :    0.000000 ( 0.0 %)           on MPI rank :      218
     Waiting  global time :    0.000000 ( 0.0 %)           on MPI rank :      218
     Total           time :  179.217910 (SYPD:     1.310 ) on MPI rank :      218
     Computing       time :    0.000000                    on MPI rank :      219
     Waiting lbc_lnk time :    0.000000 ( 0.0 %)           on MPI rank :      219
     Waiting  global time :    0.000000 ( 0.0 %)           on MPI rank :      219
     Total           time :  179.217787 (SYPD:     1.310 ) on MPI rank :      219
     Computing       time :    0.000000                    on MPI rank :      220
     Waiting lbc_lnk time :    0.000000 ( 0.0 %)           on MPI rank :      220
     Waiting  global time :    0.000000 ( 0.0 %)           on MPI rank :      220
     Total           time :  179.218999 (SYPD:     1.310 ) on MPI rank :      220
     Computing       time :    0.000000                    on MPI rank :      221
     Waiting lbc_lnk time :    0.000000 ( 0.0 %)           on MPI rank :      221
     Waiting  global time :    0.000000 ( 0.0 %)           on MPI rank :      221
     Total           time :  179.218266 (SYPD:     1.310 ) on MPI rank :      221
     Computing       time :    0.000000                    on MPI rank :      222
     Waiting lbc_lnk time :    0.000000 ( 0.0 %)           on MPI rank :      222
     Waiting  global time :    0.000000 ( 0.0 %)           on MPI rank :      222
     Total           time :  179.218259 (SYPD:     1.310 ) on MPI rank :      222
     Computing       time :    0.000000                    on MPI rank :      223
     Waiting lbc_lnk time :    0.000000 ( 0.0 %)           on MPI rank :      223
     Waiting  global time :    0.000000 ( 0.0 %)           on MPI rank :      223
     Total           time :  179.218483 (SYPD:     1.310 ) on MPI rank :      223
     Computing       time :    0.000000                    on MPI rank :      224
     Waiting lbc_lnk time :    0.000000 ( 0.0 %)           on MPI rank :      224
     Waiting  global time :    0.000000 ( 0.0 %)           on MPI rank :      224
     Total           time :  179.218612 (SYPD:     1.310 ) on MPI rank :      224
     Computing       time :    0.000000                    on MPI rank :      225
     Waiting lbc_lnk time :    0.000000 ( 0.0 %)           on MPI rank :      225
     Waiting  global time :    0.000000 ( 0.0 %)           on MPI rank :      225
     Total           time :  179.217909 (SYPD:     1.310 ) on MPI rank :      225
     Computing       time :    0.000000                    on MPI rank :      226
     Waiting lbc_lnk time :    0.000000 ( 0.0 %)           on MPI rank :      226
     Waiting  global time :    0.000000 ( 0.0 %)           on MPI rank :      226
     Total           time :  179.217851 (SYPD:     1.310 ) on MPI rank :      226
     Computing       time :    0.000000                    on MPI rank :      227
     Waiting lbc_lnk time :    0.000000 ( 0.0 %)           on MPI rank :      227
     Waiting  global time :    0.000000 ( 0.0 %)           on MPI rank :      227
     Total           time :  179.218240 (SYPD:     1.310 ) on MPI rank :      227
     Computing       time :    0.000000                    on MPI rank :      228
     Waiting lbc_lnk time :    0.000000 ( 0.0 %)           on MPI rank :      228
     Waiting  global time :    0.000000 ( 0.0 %)           on MPI rank :      228
     Total           time :  179.218160 (SYPD:     1.310 ) on MPI rank :      228
     Computing       time :    0.000000                    on MPI rank :      229
     Waiting lbc_lnk time :    0.000000 ( 0.0 %)           on MPI rank :      229
     Waiting  global time :    0.000000 ( 0.0 %)           on MPI rank :      229
     Total           time :  179.218483 (SYPD:     1.310 ) on MPI rank :      229
     Computing       time :    0.000000                    on MPI rank :      230
     Waiting lbc_lnk time :    0.000000 ( 0.0 %)           on MPI rank :      230
     Waiting  global time :    0.000000 ( 0.0 %)           on MPI rank :      230
     Total           time :  179.217956 (SYPD:     1.310 ) on MPI rank :      230
     Computing       time :    0.000000                    on MPI rank :      231
     Waiting lbc_lnk time :    0.000000 ( 0.0 %)           on MPI rank :      231
     Waiting  global time :    0.000000 ( 0.0 %)           on MPI rank :      231
     Total           time :  179.218271 (SYPD:     1.310 ) on MPI rank :      231
     Computing       time :    0.000000                    on MPI rank :      232
     Waiting lbc_lnk time :    0.000000 ( 0.0 %)           on MPI rank :      232
     Waiting  global time :    0.000000 ( 0.0 %)           on MPI rank :      232
     Total           time :  179.218306 (SYPD:     1.310 ) on MPI rank :      232
     Computing       time :    0.000000                    on MPI rank :      233
     Waiting lbc_lnk time :    0.000000 ( 0.0 %)           on MPI rank :      233
     Waiting  global time :    0.000000 ( 0.0 %)           on MPI rank :      233
     Total           time :  179.218539 (SYPD:     1.310 ) on MPI rank :      233
     Computing       time :    0.000000                    on MPI rank :      234
     Waiting lbc_lnk time :    0.000000 ( 0.0 %)           on MPI rank :      234
     Waiting  global time :    0.000000 ( 0.0 %)           on MPI rank :      234
     Total           time :  179.218298 (SYPD:     1.310 ) on MPI rank :      234
     Computing       time :    0.000000                    on MPI rank :      235
     Waiting lbc_lnk time :    0.000000 ( 0.0 %)           on MPI rank :      235
     Waiting  global time :    0.000000 ( 0.0 %)           on MPI rank :      235
     Total           time :  179.218128 (SYPD:     1.310 ) on MPI rank :      235
     Computing       time :    0.000000                    on MPI rank :      236
     Waiting lbc_lnk time :    0.000000 ( 0.0 %)           on MPI rank :      236
     Waiting  global time :    0.000000 ( 0.0 %)           on MPI rank :      236
     Total           time :  179.218122 (SYPD:     1.310 ) on MPI rank :      236
     Computing       time :    0.000000                    on MPI rank :      237
     Waiting lbc_lnk time :    0.000000 ( 0.0 %)           on MPI rank :      237
     Waiting  global time :    0.000000 ( 0.0 %)           on MPI rank :      237
     Total           time :  179.217987 (SYPD:     1.310 ) on MPI rank :      237
     Computing       time :    0.000000                    on MPI rank :      238
     Waiting lbc_lnk time :    0.000000 ( 0.0 %)           on MPI rank :      238
     Waiting  global time :    0.000000 ( 0.0 %)           on MPI rank :      238
     Total           time :  179.217748 (SYPD:     1.310 ) on MPI rank :      238
     Computing       time :    0.000000                    on MPI rank :      239
     Waiting lbc_lnk time :    0.000000 ( 0.0 %)           on MPI rank :      239
     Waiting  global time :    0.000000 ( 0.0 %)           on MPI rank :      239
     Total           time :  179.209346 (SYPD:     1.310 ) on MPI rank :      239
     Computing       time :    0.000000                    on MPI rank :      240
     Waiting lbc_lnk time :    0.000000 ( 0.0 %)           on MPI rank :      240
     Waiting  global time :    0.000000 ( 0.0 %)           on MPI rank :      240
     Total           time :  179.199029 (SYPD:     1.310 ) on MPI rank :      240
     Computing       time :    0.000000                    on MPI rank :      241
     Waiting lbc_lnk time :    0.000000 ( 0.0 %)           on MPI rank :      241
     Waiting  global time :    0.000000 ( 0.0 %)           on MPI rank :      241
     Total           time :  179.217750 (SYPD:     1.310 ) on MPI rank :      241
     Computing       time :    0.000000                    on MPI rank :      242
     Waiting lbc_lnk time :    0.000000 ( 0.0 %)           on MPI rank :      242
     Waiting  global time :    0.000000 ( 0.0 %)           on MPI rank :      242
     Total           time :  179.182266 (SYPD:     1.310 ) on MPI rank :      242
     Computing       time :    0.000000                    on MPI rank :      243
     Waiting lbc_lnk time :    0.000000 ( 0.0 %)           on MPI rank :      243
     Waiting  global time :    0.000000 ( 0.0 %)           on MPI rank :      243
     Total           time :  179.218479 (SYPD:     1.310 ) on MPI rank :      243
     Computing       time :    0.000000                    on MPI rank :      244
     Waiting lbc_lnk time :    0.000000 ( 0.0 %)           on MPI rank :      244
     Waiting  global time :    0.000000 ( 0.0 %)           on MPI rank :      244
     Total           time :  179.208887 (SYPD:     1.310 ) on MPI rank :      244
     Computing       time :    0.000000                    on MPI rank :      245
     Waiting lbc_lnk time :    0.000000 ( 0.0 %)           on MPI rank :      245
     Waiting  global time :    0.000000 ( 0.0 %)           on MPI rank :      245
     Total           time :  179.218391 (SYPD:     1.310 ) on MPI rank :      245
     Computing       time :    0.000000                    on MPI rank :      246
     Waiting lbc_lnk time :    0.000000 ( 0.0 %)           on MPI rank :      246
     Waiting  global time :    0.000000 ( 0.0 %)           on MPI rank :      246
     Total           time :  179.217572 (SYPD:     1.310 ) on MPI rank :      246
     Computing       time :    0.000000                    on MPI rank :      247
     Waiting lbc_lnk time :    0.000000 ( 0.0 %)           on MPI rank :      247
     Waiting  global time :    0.000000 ( 0.0 %)           on MPI rank :      247
     Total           time :  179.218776 (SYPD:     1.310 ) on MPI rank :      247
     Computing       time :    0.000000                    on MPI rank :      248
     Waiting lbc_lnk time :    0.000000 ( 0.0 %)           on MPI rank :      248
     Waiting  global time :    0.000000 ( 0.0 %)           on MPI rank :      248
     Total           time :  179.218737 (SYPD:     1.310 ) on MPI rank :      248
     Computing       time :    0.000000                    on MPI rank :      249
     Waiting lbc_lnk time :    0.000000 ( 0.0 %)           on MPI rank :      249
     Waiting  global time :    0.000000 ( 0.0 %)           on MPI rank :      249
     Total           time :  179.218163 (SYPD:     1.310 ) on MPI rank :      249
     Computing       time :    0.000000                    on MPI rank :      250
     Waiting lbc_lnk time :    0.000000 ( 0.0 %)           on MPI rank :      250
     Waiting  global time :    0.000000 ( 0.0 %)           on MPI rank :      250
     Total           time :  179.209334 (SYPD:     1.310 ) on MPI rank :      250
     Computing       time :    0.000000                    on MPI rank :      251
     Waiting lbc_lnk time :    0.000000 ( 0.0 %)           on MPI rank :      251
     Waiting  global time :    0.000000 ( 0.0 %)           on MPI rank :      251
     Total           time :  179.218758 (SYPD:     1.310 ) on MPI rank :      251
     Computing       time :    0.000000                    on MPI rank :      252
     Waiting lbc_lnk time :    0.000000 ( 0.0 %)           on MPI rank :      252
     Waiting  global time :    0.000000 ( 0.0 %)           on MPI rank :      252
     Total           time :  179.218446 (SYPD:     1.310 ) on MPI rank :      252
     Computing       time :    0.000000                    on MPI rank :      253
     Waiting lbc_lnk time :    0.000000 ( 0.0 %)           on MPI rank :      253
     Waiting  global time :    0.000000 ( 0.0 %)           on MPI rank :      253
     Total           time :  179.218002 (SYPD:     1.310 ) on MPI rank :      253
     Computing       time :    0.000000                    on MPI rank :      254
     Waiting lbc_lnk time :    0.000000 ( 0.0 %)           on MPI rank :      254
     Waiting  global time :    0.000000 ( 0.0 %)           on MPI rank :      254
     Total           time :  179.218446 (SYPD:     1.310 ) on MPI rank :      254
     Computing       time :    0.000000                    on MPI rank :      255
     Waiting lbc_lnk time :    0.000000 ( 0.0 %)           on MPI rank :      255
     Waiting  global time :    0.000000 ( 0.0 %)           on MPI rank :      255
     Total           time :  179.218709 (SYPD:     1.310 ) on MPI rank :      255
     Computing       time :    0.000000                    on MPI rank :      256
     Waiting lbc_lnk time :    0.000000 ( 0.0 %)           on MPI rank :      256
     Waiting  global time :    0.000000 ( 0.0 %)           on MPI rank :      256
     Total           time :  179.218036 (SYPD:     1.310 ) on MPI rank :      256
     Computing       time :    0.000000                    on MPI rank :      257
     Waiting lbc_lnk time :    0.000000 ( 0.0 %)           on MPI rank :      257
     Waiting  global time :    0.000000 ( 0.0 %)           on MPI rank :      257
     Total           time :  179.218378 (SYPD:     1.310 ) on MPI rank :      257
     Computing       time :    0.000000                    on MPI rank :      258
     Waiting lbc_lnk time :    0.000000 ( 0.0 %)           on MPI rank :      258
     Waiting  global time :    0.000000 ( 0.0 %)           on MPI rank :      258
     Total           time :  179.219232 (SYPD:     1.310 ) on MPI rank :      258
     Computing       time :    0.000000                    on MPI rank :      259
     Waiting lbc_lnk time :    0.000000 ( 0.0 %)           on MPI rank :      259
     Waiting  global time :    0.000000 ( 0.0 %)           on MPI rank :      259
     Total           time :  179.219015 (SYPD:     1.310 ) on MPI rank :      259
     Computing       time :    0.000000                    on MPI rank :      260
     Waiting lbc_lnk time :    0.000000 ( 0.0 %)           on MPI rank :      260
     Waiting  global time :    0.000000 ( 0.0 %)           on MPI rank :      260
     Total           time :  179.219099 (SYPD:     1.310 ) on MPI rank :      260
     Computing       time :    0.000000                    on MPI rank :      261
     Waiting lbc_lnk time :    0.000000 ( 0.0 %)           on MPI rank :      261
     Waiting  global time :    0.000000 ( 0.0 %)           on MPI rank :      261
     Total           time :  179.217755 (SYPD:     1.310 ) on MPI rank :      261
     Computing       time :    0.000000                    on MPI rank :      262
     Waiting lbc_lnk time :    0.000000 ( 0.0 %)           on MPI rank :      262
     Waiting  global time :    0.000000 ( 0.0 %)           on MPI rank :      262
     Total           time :  179.218576 (SYPD:     1.310 ) on MPI rank :      262
     Computing       time :    0.000000                    on MPI rank :      263
     Waiting lbc_lnk time :    0.000000 ( 0.0 %)           on MPI rank :      263
     Waiting  global time :    0.000000 ( 0.0 %)           on MPI rank :      263
     Total           time :  179.218192 (SYPD:     1.310 ) on MPI rank :      263
     Computing       time :    0.000000                    on MPI rank :      264
     Waiting lbc_lnk time :    0.000000 ( 0.0 %)           on MPI rank :      264
     Waiting  global time :    0.000000 ( 0.0 %)           on MPI rank :      264
     Total           time :  179.218695 (SYPD:     1.310 ) on MPI rank :      264
     Computing       time :    0.000000                    on MPI rank :      265
     Waiting lbc_lnk time :    0.000000 ( 0.0 %)           on MPI rank :      265
     Waiting  global time :    0.000000 ( 0.0 %)           on MPI rank :      265
     Total           time :  179.218101 (SYPD:     1.310 ) on MPI rank :      265
     Computing       time :    0.000000                    on MPI rank :      266
     Waiting lbc_lnk time :    0.000000 ( 0.0 %)           on MPI rank :      266
     Waiting  global time :    0.000000 ( 0.0 %)           on MPI rank :      266
     Total           time :  179.218564 (SYPD:     1.310 ) on MPI rank :      266
     Computing       time :    0.000000                    on MPI rank :      267
     Waiting lbc_lnk time :    0.000000 ( 0.0 %)           on MPI rank :      267
     Waiting  global time :    0.000000 ( 0.0 %)           on MPI rank :      267
     Total           time :  179.218735 (SYPD:     1.310 ) on MPI rank :      267
     Computing       time :    0.000000                    on MPI rank :      268
     Waiting lbc_lnk time :    0.000000 ( 0.0 %)           on MPI rank :      268
     Waiting  global time :    0.000000 ( 0.0 %)           on MPI rank :      268
     Total           time :  179.218542 (SYPD:     1.310 ) on MPI rank :      268
     Computing       time :    0.000000                    on MPI rank :      269
     Waiting lbc_lnk time :    0.000000 ( 0.0 %)           on MPI rank :      269
     Waiting  global time :    0.000000 ( 0.0 %)           on MPI rank :      269
     Total           time :  179.217863 (SYPD:     1.310 ) on MPI rank :      269
     Computing       time :    0.000000                    on MPI rank :      270
     Waiting lbc_lnk time :    0.000000 ( 0.0 %)           on MPI rank :      270
     Waiting  global time :    0.000000 ( 0.0 %)           on MPI rank :      270
     Total           time :  179.218771 (SYPD:     1.310 ) on MPI rank :      270
     Computing       time :    0.000000                    on MPI rank :      271
     Waiting lbc_lnk time :    0.000000 ( 0.0 %)           on MPI rank :      271
     Waiting  global time :    0.000000 ( 0.0 %)           on MPI rank :      271
     Total           time :  179.218316 (SYPD:     1.310 ) on MPI rank :      271
     Computing       time :    0.000000                    on MPI rank :      272
     Waiting lbc_lnk time :    0.000000 ( 0.0 %)           on MPI rank :      272
     Waiting  global time :    0.000000 ( 0.0 %)           on MPI rank :      272
     Total           time :  179.218158 (SYPD:     1.310 ) on MPI rank :      272
     Computing       time :    0.000000                    on MPI rank :      273
     Waiting lbc_lnk time :    0.000000 ( 0.0 %)           on MPI rank :      273
     Waiting  global time :    0.000000 ( 0.0 %)           on MPI rank :      273
     Total           time :  179.217515 (SYPD:     1.310 ) on MPI rank :      273
     Computing       time :    0.000000                    on MPI rank :      274
     Waiting lbc_lnk time :    0.000000 ( 0.0 %)           on MPI rank :      274
     Waiting  global time :    0.000000 ( 0.0 %)           on MPI rank :      274
     Total           time :  179.217581 (SYPD:     1.310 ) on MPI rank :      274
     Computing       time :    0.000000                    on MPI rank :      275
     Waiting lbc_lnk time :    0.000000 ( 0.0 %)           on MPI rank :      275
     Waiting  global time :    0.000000 ( 0.0 %)           on MPI rank :      275
     Total           time :  179.218203 (SYPD:     1.310 ) on MPI rank :      275
     Computing       time :    0.000000                    on MPI rank :      276
     Waiting lbc_lnk time :    0.000000 ( 0.0 %)           on MPI rank :      276
     Waiting  global time :    0.000000 ( 0.0 %)           on MPI rank :      276
     Total           time :  179.218545 (SYPD:     1.310 ) on MPI rank :      276
     Computing       time :    0.000000                    on MPI rank :      277
     Waiting lbc_lnk time :    0.000000 ( 0.0 %)           on MPI rank :      277
     Waiting  global time :    0.000000 ( 0.0 %)           on MPI rank :      277
     Total           time :  179.218731 (SYPD:     1.310 ) on MPI rank :      277
     Computing       time :    0.000000                    on MPI rank :      278
     Waiting lbc_lnk time :    0.000000 ( 0.0 %)           on MPI rank :      278
     Waiting  global time :    0.000000 ( 0.0 %)           on MPI rank :      278
     Total           time :  179.218266 (SYPD:     1.310 ) on MPI rank :      278
     Computing       time :    0.000000                    on MPI rank :      279
     Waiting lbc_lnk time :    0.000000 ( 0.0 %)           on MPI rank :      279
     Waiting  global time :    0.000000 ( 0.0 %)           on MPI rank :      279
     Total           time :  179.218439 (SYPD:     1.310 ) on MPI rank :      279
     Computing       time :    0.000000                    on MPI rank :      280
     Waiting lbc_lnk time :    0.000000 ( 0.0 %)           on MPI rank :      280
     Waiting  global time :    0.000000 ( 0.0 %)           on MPI rank :      280
     Total           time :  179.218120 (SYPD:     1.310 ) on MPI rank :      280
     Computing       time :    0.000000                    on MPI rank :      281
     Waiting lbc_lnk time :    0.000000 ( 0.0 %)           on MPI rank :      281
     Waiting  global time :    0.000000 ( 0.0 %)           on MPI rank :      281
     Total           time :  179.218671 (SYPD:     1.310 ) on MPI rank :      281
     Computing       time :    0.000000                    on MPI rank :      282
     Waiting lbc_lnk time :    0.000000 ( 0.0 %)           on MPI rank :      282
     Waiting  global time :    0.000000 ( 0.0 %)           on MPI rank :      282
     Total           time :  179.217958 (SYPD:     1.310 ) on MPI rank :      282
     Computing       time :    0.000000                    on MPI rank :      283
     Waiting lbc_lnk time :    0.000000 ( 0.0 %)           on MPI rank :      283
     Waiting  global time :    0.000000 ( 0.0 %)           on MPI rank :      283
     Total           time :  179.218164 (SYPD:     1.310 ) on MPI rank :      283
     Computing       time :    0.000000                    on MPI rank :      284
     Waiting lbc_lnk time :    0.000000 ( 0.0 %)           on MPI rank :      284
     Waiting  global time :    0.000000 ( 0.0 %)           on MPI rank :      284
     Total           time :  179.218190 (SYPD:     1.310 ) on MPI rank :      284
     Computing       time :    0.000000                    on MPI rank :      285
     Waiting lbc_lnk time :    0.000000 ( 0.0 %)           on MPI rank :      285
     Waiting  global time :    0.000000 ( 0.0 %)           on MPI rank :      285
     Total           time :  179.218775 (SYPD:     1.310 ) on MPI rank :      285
     Computing       time :    0.000000                    on MPI rank :      286
     Waiting lbc_lnk time :    0.000000 ( 0.0 %)           on MPI rank :      286
     Waiting  global time :    0.000000 ( 0.0 %)           on MPI rank :      286
     Total           time :  179.218444 (SYPD:     1.310 ) on MPI rank :      286
     Computing       time :    0.000000                    on MPI rank :      287
     Waiting lbc_lnk time :    0.000000 ( 0.0 %)           on MPI rank :      287
     Waiting  global time :    0.000000 ( 0.0 %)           on MPI rank :      287
     Total           time :  179.218299 (SYPD:     1.310 ) on MPI rank :      287
     Computing       time :    0.000000                    on MPI rank :      288
     Waiting lbc_lnk time :    0.000000 ( 0.0 %)           on MPI rank :      288
     Waiting  global time :    0.000000 ( 0.0 %)           on MPI rank :      288
     Total           time :  179.218222 (SYPD:     1.310 ) on MPI rank :      288
     Computing       time :    0.000000                    on MPI rank :      289
     Waiting lbc_lnk time :    0.000000 ( 0.0 %)           on MPI rank :      289
     Waiting  global time :    0.000000 ( 0.0 %)           on MPI rank :      289
     Total           time :  179.218488 (SYPD:     1.310 ) on MPI rank :      289
     Computing       time :    0.000000                    on MPI rank :      290
     Waiting lbc_lnk time :    0.000000 ( 0.0 %)           on MPI rank :      290
     Waiting  global time :    0.000000 ( 0.0 %)           on MPI rank :      290
     Total           time :  179.218241 (SYPD:     1.310 ) on MPI rank :      290
     Computing       time :    0.000000                    on MPI rank :      291
     Waiting lbc_lnk time :    0.000000 ( 0.0 %)           on MPI rank :      291
     Waiting  global time :    0.000000 ( 0.0 %)           on MPI rank :      291
     Total           time :  179.218399 (SYPD:     1.310 ) on MPI rank :      291
     Computing       time :    0.000000                    on MPI rank :      292
     Waiting lbc_lnk time :    0.000000 ( 0.0 %)           on MPI rank :      292
     Waiting  global time :    0.000000 ( 0.0 %)           on MPI rank :      292
     Total           time :  179.218716 (SYPD:     1.310 ) on MPI rank :      292
     Computing       time :    0.000000                    on MPI rank :      293
     Waiting lbc_lnk time :    0.000000 ( 0.0 %)           on MPI rank :      293
     Waiting  global time :    0.000000 ( 0.0 %)           on MPI rank :      293
     Total           time :  179.217763 (SYPD:     1.310 ) on MPI rank :      293
     Computing       time :    0.000000                    on MPI rank :      294
     Waiting lbc_lnk time :    0.000000 ( 0.0 %)           on MPI rank :      294
     Waiting  global time :    0.000000 ( 0.0 %)           on MPI rank :      294
     Total           time :  179.218531 (SYPD:     1.310 ) on MPI rank :      294
     Computing       time :    0.000000                    on MPI rank :      295
     Waiting lbc_lnk time :    0.000000 ( 0.0 %)           on MPI rank :      295
     Waiting  global time :    0.000000 ( 0.0 %)           on MPI rank :      295
     Total           time :  179.218597 (SYPD:     1.310 ) on MPI rank :      295
     Computing       time :    0.000000                    on MPI rank :      296
     Waiting lbc_lnk time :    0.000000 ( 0.0 %)           on MPI rank :      296
     Waiting  global time :    0.000000 ( 0.0 %)           on MPI rank :      296
     Total           time :  179.218014 (SYPD:     1.310 ) on MPI rank :      296
     Computing       time :    0.000000                    on MPI rank :      297
     Waiting lbc_lnk time :    0.000000 ( 0.0 %)           on MPI rank :      297
     Waiting  global time :    0.000000 ( 0.0 %)           on MPI rank :      297
     Total           time :  179.202494 (SYPD:     1.310 ) on MPI rank :      297
     Computing       time :    0.000000                    on MPI rank :      298
     Waiting lbc_lnk time :    0.000000 ( 0.0 %)           on MPI rank :      298
     Waiting  global time :    0.000000 ( 0.0 %)           on MPI rank :      298
     Total           time :  179.218266 (SYPD:     1.310 ) on MPI rank :      298
     Computing       time :    0.000000                    on MPI rank :      299
     Waiting lbc_lnk time :    0.000000 ( 0.0 %)           on MPI rank :      299
     Waiting  global time :    0.000000 ( 0.0 %)           on MPI rank :      299
     Total           time :  179.218380 (SYPD:     1.310 ) on MPI rank :      299
     Computing       time :    0.000000                    on MPI rank :      300
     Waiting lbc_lnk time :    0.000000 ( 0.0 %)           on MPI rank :      300
     Waiting  global time :    0.000000 ( 0.0 %)           on MPI rank :      300
     Total           time :  179.218889 (SYPD:     1.310 ) on MPI rank :      300
     Computing       time :    0.000000                    on MPI rank :      301
     Waiting lbc_lnk time :    0.000000 ( 0.0 %)           on MPI rank :      301
     Waiting  global time :    0.000000 ( 0.0 %)           on MPI rank :      301
     Total           time :  179.218537 (SYPD:     1.310 ) on MPI rank :      301
     Computing       time :    0.000000                    on MPI rank :      302
     Waiting lbc_lnk time :    0.000000 ( 0.0 %)           on MPI rank :      302
     Waiting  global time :    0.000000 ( 0.0 %)           on MPI rank :      302
     Total           time :  179.202493 (SYPD:     1.310 ) on MPI rank :      302
     Computing       time :    0.000000                    on MPI rank :      303
     Waiting lbc_lnk time :    0.000000 ( 0.0 %)           on MPI rank :      303
     Waiting  global time :    0.000000 ( 0.0 %)           on MPI rank :      303
     Total           time :  179.218175 (SYPD:     1.310 ) on MPI rank :      303
     Computing       time :    0.000000                    on MPI rank :      304
     Waiting lbc_lnk time :    0.000000 ( 0.0 %)           on MPI rank :      304
     Waiting  global time :    0.000000 ( 0.0 %)           on MPI rank :      304
     Total           time :  179.218954 (SYPD:     1.310 ) on MPI rank :      304
     Computing       time :    0.000000                    on MPI rank :      305
     Waiting lbc_lnk time :    0.000000 ( 0.0 %)           on MPI rank :      305
     Waiting  global time :    0.000000 ( 0.0 %)           on MPI rank :      305
     Total           time :  179.218177 (SYPD:     1.310 ) on MPI rank :      305
     Computing       time :    0.000000                    on MPI rank :      306
     Waiting lbc_lnk time :    0.000000 ( 0.0 %)           on MPI rank :      306
     Waiting  global time :    0.000000 ( 0.0 %)           on MPI rank :      306
     Total           time :  179.218207 (SYPD:     1.310 ) on MPI rank :      306
     Computing       time :    0.000000                    on MPI rank :      307
     Waiting lbc_lnk time :    0.000000 ( 0.0 %)           on MPI rank :      307
     Waiting  global time :    0.000000 ( 0.0 %)           on MPI rank :      307
     Total           time :  179.218828 (SYPD:     1.310 ) on MPI rank :      307
     Computing       time :    0.000000                    on MPI rank :      308
     Waiting lbc_lnk time :    0.000000 ( 0.0 %)           on MPI rank :      308
     Waiting  global time :    0.000000 ( 0.0 %)           on MPI rank :      308
     Total           time :  179.218377 (SYPD:     1.310 ) on MPI rank :      308
     Computing       time :    0.000000                    on MPI rank :      309
     Waiting lbc_lnk time :    0.000000 ( 0.0 %)           on MPI rank :      309
     Waiting  global time :    0.000000 ( 0.0 %)           on MPI rank :      309
     Total           time :  179.218051 (SYPD:     1.310 ) on MPI rank :      309
     Computing       time :    0.000000                    on MPI rank :      310
     Waiting lbc_lnk time :    0.000000 ( 0.0 %)           on MPI rank :      310
     Waiting  global time :    0.000000 ( 0.0 %)           on MPI rank :      310
     Total           time :  179.217854 (SYPD:     1.310 ) on MPI rank :      310
     Computing       time :    0.000000                    on MPI rank :      311
     Waiting lbc_lnk time :    0.000000 ( 0.0 %)           on MPI rank :      311
     Waiting  global time :    0.000000 ( 0.0 %)           on MPI rank :      311
     Total           time :  179.217828 (SYPD:     1.310 ) on MPI rank :      311
     Computing       time :    0.000000                    on MPI rank :      312
     Waiting lbc_lnk time :    0.000000 ( 0.0 %)           on MPI rank :      312
     Waiting  global time :    0.000000 ( 0.0 %)           on MPI rank :      312
     Total           time :  179.217937 (SYPD:     1.310 ) on MPI rank :      312
     Computing       time :    0.000000                    on MPI rank :      313
     Waiting lbc_lnk time :    0.000000 ( 0.0 %)           on MPI rank :      313
     Waiting  global time :    0.000000 ( 0.0 %)           on MPI rank :      313
     Total           time :  179.209112 (SYPD:     1.310 ) on MPI rank :      313
     Computing       time :    0.000000                    on MPI rank :      314
     Waiting lbc_lnk time :    0.000000 ( 0.0 %)           on MPI rank :      314
     Waiting  global time :    0.000000 ( 0.0 %)           on MPI rank :      314
     Total           time :  179.217947 (SYPD:     1.310 ) on MPI rank :      314
     Computing       time :    0.000000                    on MPI rank :      315
     Waiting lbc_lnk time :    0.000000 ( 0.0 %)           on MPI rank :      315
     Waiting  global time :    0.000000 ( 0.0 %)           on MPI rank :      315
     Total           time :  179.217736 (SYPD:     1.310 ) on MPI rank :      315
     Computing       time :    0.000000                    on MPI rank :      316
     Waiting lbc_lnk time :    0.000000 ( 0.0 %)           on MPI rank :      316
     Waiting  global time :    0.000000 ( 0.0 %)           on MPI rank :      316
     Total           time :  179.218282 (SYPD:     1.310 ) on MPI rank :      316
     Computing       time :    0.000000                    on MPI rank :      317
     Waiting lbc_lnk time :    0.000000 ( 0.0 %)           on MPI rank :      317
     Waiting  global time :    0.000000 ( 0.0 %)           on MPI rank :      317
     Total           time :  179.217662 (SYPD:     1.310 ) on MPI rank :      317
     Computing       time :    0.000000                    on MPI rank :      318
     Waiting lbc_lnk time :    0.000000 ( 0.0 %)           on MPI rank :      318
     Waiting  global time :    0.000000 ( 0.0 %)           on MPI rank :      318
     Total           time :  179.217725 (SYPD:     1.310 ) on MPI rank :      318
     Computing       time :    0.000000                    on MPI rank :      319
     Waiting lbc_lnk time :    0.000000 ( 0.0 %)           on MPI rank :      319
     Waiting  global time :    0.000000 ( 0.0 %)           on MPI rank :      319
     Total           time :  179.218045 (SYPD:     1.310 ) on MPI rank :      319
     Computing       time :    0.000000                    on MPI rank :      320
     Waiting lbc_lnk time :    0.000000 ( 0.0 %)           on MPI rank :      320
     Waiting  global time :    0.000000 ( 0.0 %)           on MPI rank :      320
     Total           time :  179.218492 (SYPD:     1.310 ) on MPI rank :      320
     Computing       time :    0.000000                    on MPI rank :      321
     Waiting lbc_lnk time :    0.000000 ( 0.0 %)           on MPI rank :      321
     Waiting  global time :    0.000000 ( 0.0 %)           on MPI rank :      321
     Total           time :  179.217575 (SYPD:     1.310 ) on MPI rank :      321
     Computing       time :    0.000000                    on MPI rank :      322
     Waiting lbc_lnk time :    0.000000 ( 0.0 %)           on MPI rank :      322
     Waiting  global time :    0.000000 ( 0.0 %)           on MPI rank :      322
     Total           time :  179.218150 (SYPD:     1.310 ) on MPI rank :      322
     Computing       time :    0.000000                    on MPI rank :      323
     Waiting lbc_lnk time :    0.000000 ( 0.0 %)           on MPI rank :      323
     Waiting  global time :    0.000000 ( 0.0 %)           on MPI rank :      323
     Total           time :  179.218206 (SYPD:     1.310 ) on MPI rank :      323
     Computing       time :    0.000000                    on MPI rank :      324
     Waiting lbc_lnk time :    0.000000 ( 0.0 %)           on MPI rank :      324
     Waiting  global time :    0.000000 ( 0.0 %)           on MPI rank :      324
     Total           time :  179.218304 (SYPD:     1.310 ) on MPI rank :      324
     Computing       time :    0.000000                    on MPI rank :      325
     Waiting lbc_lnk time :    0.000000 ( 0.0 %)           on MPI rank :      325
     Waiting  global time :    0.000000 ( 0.0 %)           on MPI rank :      325
     Total           time :  179.217855 (SYPD:     1.310 ) on MPI rank :      325
     Computing       time :    0.000000                    on MPI rank :      326
     Waiting lbc_lnk time :    0.000000 ( 0.0 %)           on MPI rank :      326
     Waiting  global time :    0.000000 ( 0.0 %)           on MPI rank :      326
     Total           time :  179.218495 (SYPD:     1.310 ) on MPI rank :      326
     Computing       time :    0.000000                    on MPI rank :      327
     Waiting lbc_lnk time :    0.000000 ( 0.0 %)           on MPI rank :      327
     Waiting  global time :    0.000000 ( 0.0 %)           on MPI rank :      327
     Total           time :  179.218165 (SYPD:     1.310 ) on MPI rank :      327
     Computing       time :    0.000000                    on MPI rank :      328
     Waiting lbc_lnk time :    0.000000 ( 0.0 %)           on MPI rank :      328
     Waiting  global time :    0.000000 ( 0.0 %)           on MPI rank :      328
     Total           time :  179.220116 (SYPD:     1.310 ) on MPI rank :      328
     Computing       time :    0.000000                    on MPI rank :      329
     Waiting lbc_lnk time :    0.000000 ( 0.0 %)           on MPI rank :      329
     Waiting  global time :    0.000000 ( 0.0 %)           on MPI rank :      329
     Total           time :  179.218227 (SYPD:     1.310 ) on MPI rank :      329
     Computing       time :    0.000000                    on MPI rank :      330
     Waiting lbc_lnk time :    0.000000 ( 0.0 %)           on MPI rank :      330
     Waiting  global time :    0.000000 ( 0.0 %)           on MPI rank :      330
     Total           time :  179.217455 (SYPD:     1.310 ) on MPI rank :      330
     Computing       time :    0.000000                    on MPI rank :      331
     Waiting lbc_lnk time :    0.000000 ( 0.0 %)           on MPI rank :      331
     Waiting  global time :    0.000000 ( 0.0 %)           on MPI rank :      331
     Total           time :  179.217520 (SYPD:     1.310 ) on MPI rank :      331
     Computing       time :    0.000000                    on MPI rank :      332
     Waiting lbc_lnk time :    0.000000 ( 0.0 %)           on MPI rank :      332
     Waiting  global time :    0.000000 ( 0.0 %)           on MPI rank :      332
     Total           time :  179.218276 (SYPD:     1.310 ) on MPI rank :      332
     Computing       time :    0.000000                    on MPI rank :      333
     Waiting lbc_lnk time :    0.000000 ( 0.0 %)           on MPI rank :      333
     Waiting  global time :    0.000000 ( 0.0 %)           on MPI rank :      333
     Total           time :  179.218301 (SYPD:     1.310 ) on MPI rank :      333
     Computing       time :    0.000000                    on MPI rank :      334
     Waiting lbc_lnk time :    0.000000 ( 0.0 %)           on MPI rank :      334
     Waiting  global time :    0.000000 ( 0.0 %)           on MPI rank :      334
     Total           time :  179.218683 (SYPD:     1.310 ) on MPI rank :      334
     Computing       time :    0.000000                    on MPI rank :      335
     Waiting lbc_lnk time :    0.000000 ( 0.0 %)           on MPI rank :      335
     Waiting  global time :    0.000000 ( 0.0 %)           on MPI rank :      335
     Total           time :  179.218561 (SYPD:     1.310 ) on MPI rank :      335
     Computing       time :    0.000000                    on MPI rank :      336
     Waiting lbc_lnk time :    0.000000 ( 0.0 %)           on MPI rank :      336
     Waiting  global time :    0.000000 ( 0.0 %)           on MPI rank :      336
     Total           time :  179.218008 (SYPD:     1.310 ) on MPI rank :      336
     Computing       time :    0.000000                    on MPI rank :      337
     Waiting lbc_lnk time :    0.000000 ( 0.0 %)           on MPI rank :      337
     Waiting  global time :    0.000000 ( 0.0 %)           on MPI rank :      337
     Total           time :  179.208459 (SYPD:     1.310 ) on MPI rank :      337
     Computing       time :    0.000000                    on MPI rank :      338
     Waiting lbc_lnk time :    0.000000 ( 0.0 %)           on MPI rank :      338
     Waiting  global time :    0.000000 ( 0.0 %)           on MPI rank :      338
     Total           time :  179.217830 (SYPD:     1.310 ) on MPI rank :      338
     Computing       time :    0.000000                    on MPI rank :      339
     Waiting lbc_lnk time :    0.000000 ( 0.0 %)           on MPI rank :      339
     Waiting  global time :    0.000000 ( 0.0 %)           on MPI rank :      339
     Total           time :  179.218429 (SYPD:     1.310 ) on MPI rank :      339
     Computing       time :    0.000000                    on MPI rank :      340
     Waiting lbc_lnk time :    0.000000 ( 0.0 %)           on MPI rank :      340
     Waiting  global time :    0.000000 ( 0.0 %)           on MPI rank :      340
     Total           time :  179.217827 (SYPD:     1.310 ) on MPI rank :      340
     Computing       time :    0.000000                    on MPI rank :      341
     Waiting lbc_lnk time :    0.000000 ( 0.0 %)           on MPI rank :      341
     Waiting  global time :    0.000000 ( 0.0 %)           on MPI rank :      341
     Total           time :  179.218878 (SYPD:     1.310 ) on MPI rank :      341
     Computing       time :    0.000000                    on MPI rank :      342
     Waiting lbc_lnk time :    0.000000 ( 0.0 %)           on MPI rank :      342
     Waiting  global time :    0.000000 ( 0.0 %)           on MPI rank :      342
     Total           time :  179.218315 (SYPD:     1.310 ) on MPI rank :      342
     Computing       time :    0.000000                    on MPI rank :      343
     Waiting lbc_lnk time :    0.000000 ( 0.0 %)           on MPI rank :      343
     Waiting  global time :    0.000000 ( 0.0 %)           on MPI rank :      343
     Total           time :  179.218417 (SYPD:     1.310 ) on MPI rank :      343
     Computing       time :    0.000000                    on MPI rank :      344
     Waiting lbc_lnk time :    0.000000 ( 0.0 %)           on MPI rank :      344
     Waiting  global time :    0.000000 ( 0.0 %)           on MPI rank :      344
     Total           time :  179.218623 (SYPD:     1.310 ) on MPI rank :      344
     Computing       time :    0.000000                    on MPI rank :      345
     Waiting lbc_lnk time :    0.000000 ( 0.0 %)           on MPI rank :      345
     Waiting  global time :    0.000000 ( 0.0 %)           on MPI rank :      345
     Total           time :  179.208927 (SYPD:     1.310 ) on MPI rank :      345
     Computing       time :    0.000000                    on MPI rank :      346
     Waiting lbc_lnk time :    0.000000 ( 0.0 %)           on MPI rank :      346
     Waiting  global time :    0.000000 ( 0.0 %)           on MPI rank :      346
     Total           time :  179.218744 (SYPD:     1.310 ) on MPI rank :      346
     Computing       time :    0.000000                    on MPI rank :      347
     Waiting lbc_lnk time :    0.000000 ( 0.0 %)           on MPI rank :      347
     Waiting  global time :    0.000000 ( 0.0 %)           on MPI rank :      347
     Total           time :  179.219223 (SYPD:     1.310 ) on MPI rank :      347
     Computing       time :    0.000000                    on MPI rank :      348
     Waiting lbc_lnk time :    0.000000 ( 0.0 %)           on MPI rank :      348
     Waiting  global time :    0.000000 ( 0.0 %)           on MPI rank :      348
     Total           time :  179.208743 (SYPD:     1.310 ) on MPI rank :      348
     Computing       time :    0.000000                    on MPI rank :      349
     Waiting lbc_lnk time :    0.000000 ( 0.0 %)           on MPI rank :      349
     Waiting  global time :    0.000000 ( 0.0 %)           on MPI rank :      349
     Total           time :  179.218950 (SYPD:     1.310 ) on MPI rank :      349
     Computing       time :    0.000000                    on MPI rank :      350
     Waiting lbc_lnk time :    0.000000 ( 0.0 %)           on MPI rank :      350
     Waiting  global time :    0.000000 ( 0.0 %)           on MPI rank :      350
     Total           time :  179.209171 (SYPD:     1.310 ) on MPI rank :      350
     Computing       time :    0.000000                    on MPI rank :      351
     Waiting lbc_lnk time :    0.000000 ( 0.0 %)           on MPI rank :      351
     Waiting  global time :    0.000000 ( 0.0 %)           on MPI rank :      351
     Total           time :  179.218401 (SYPD:     1.310 ) on MPI rank :      351
     Computing       time :    0.000000                    on MPI rank :      352
     Waiting lbc_lnk time :    0.000000 ( 0.0 %)           on MPI rank :      352
     Waiting  global time :    0.000000 ( 0.0 %)           on MPI rank :      352
     Total           time :  179.218263 (SYPD:     1.310 ) on MPI rank :      352
     Computing       time :    0.000000                    on MPI rank :      353
     Waiting lbc_lnk time :    0.000000 ( 0.0 %)           on MPI rank :      353
     Waiting  global time :    0.000000 ( 0.0 %)           on MPI rank :      353
     Total           time :  179.218951 (SYPD:     1.310 ) on MPI rank :      353
     Computing       time :    0.000000                    on MPI rank :      354
     Waiting lbc_lnk time :    0.000000 ( 0.0 %)           on MPI rank :      354
     Waiting  global time :    0.000000 ( 0.0 %)           on MPI rank :      354
     Total           time :  179.218720 (SYPD:     1.310 ) on MPI rank :      354
     Computing       time :    0.000000                    on MPI rank :      355
     Waiting lbc_lnk time :    0.000000 ( 0.0 %)           on MPI rank :      355
     Waiting  global time :    0.000000 ( 0.0 %)           on MPI rank :      355
     Total           time :  179.218410 (SYPD:     1.310 ) on MPI rank :      355
     Computing       time :    0.000000                    on MPI rank :      356
     Waiting lbc_lnk time :    0.000000 ( 0.0 %)           on MPI rank :      356
     Waiting  global time :    0.000000 ( 0.0 %)           on MPI rank :      356
     Total           time :  179.218345 (SYPD:     1.310 ) on MPI rank :      356
     Computing       time :    0.000000                    on MPI rank :      357
     Waiting lbc_lnk time :    0.000000 ( 0.0 %)           on MPI rank :      357
     Waiting  global time :    0.000000 ( 0.0 %)           on MPI rank :      357
     Total           time :  179.218829 (SYPD:     1.310 ) on MPI rank :      357
     Computing       time :    0.000000                    on MPI rank :      358
     Waiting lbc_lnk time :    0.000000 ( 0.0 %)           on MPI rank :      358
     Waiting  global time :    0.000000 ( 0.0 %)           on MPI rank :      358
     Total           time :  179.218111 (SYPD:     1.310 ) on MPI rank :      358
     Computing       time :    0.000000                    on MPI rank :      359
     Waiting lbc_lnk time :    0.000000 ( 0.0 %)           on MPI rank :      359
     Waiting  global time :    0.000000 ( 0.0 %)           on MPI rank :      359
     Total           time :  179.218355 (SYPD:     1.310 ) on MPI rank :      359
     Computing       time :    0.000000                    on MPI rank :      360
     Waiting lbc_lnk time :    0.000000 ( 0.0 %)           on MPI rank :      360
     Waiting  global time :    0.000000 ( 0.0 %)           on MPI rank :      360
     Total           time :  179.217935 (SYPD:     1.310 ) on MPI rank :      360
     Computing       time :    0.000000                    on MPI rank :      361
     Waiting lbc_lnk time :    0.000000 ( 0.0 %)           on MPI rank :      361
     Waiting  global time :    0.000000 ( 0.0 %)           on MPI rank :      361
     Total           time :  179.218504 (SYPD:     1.310 ) on MPI rank :      361
     Computing       time :    0.000000                    on MPI rank :      362
     Waiting lbc_lnk time :    0.000000 ( 0.0 %)           on MPI rank :      362
     Waiting  global time :    0.000000 ( 0.0 %)           on MPI rank :      362
     Total           time :  179.218213 (SYPD:     1.310 ) on MPI rank :      362
     Computing       time :    0.000000                    on MPI rank :      363
     Waiting lbc_lnk time :    0.000000 ( 0.0 %)           on MPI rank :      363
     Waiting  global time :    0.000000 ( 0.0 %)           on MPI rank :      363
     Total           time :  179.217506 (SYPD:     1.310 ) on MPI rank :      363
     Computing       time :    0.000000                    on MPI rank :      364
     Waiting lbc_lnk time :    0.000000 ( 0.0 %)           on MPI rank :      364
     Waiting  global time :    0.000000 ( 0.0 %)           on MPI rank :      364
     Total           time :  179.218202 (SYPD:     1.310 ) on MPI rank :      364
     Computing       time :    0.000000                    on MPI rank :      365
     Waiting lbc_lnk time :    0.000000 ( 0.0 %)           on MPI rank :      365
     Waiting  global time :    0.000000 ( 0.0 %)           on MPI rank :      365
     Total           time :  179.218975 (SYPD:     1.310 ) on MPI rank :      365
     Computing       time :    0.000000                    on MPI rank :      366
     Waiting lbc_lnk time :    0.000000 ( 0.0 %)           on MPI rank :      366
     Waiting  global time :    0.000000 ( 0.0 %)           on MPI rank :      366
     Total           time :  179.217965 (SYPD:     1.310 ) on MPI rank :      366
     Computing       time :    0.000000                    on MPI rank :      367
     Waiting lbc_lnk time :    0.000000 ( 0.0 %)           on MPI rank :      367
     Waiting  global time :    0.000000 ( 0.0 %)           on MPI rank :      367
     Total           time :  179.218653 (SYPD:     1.310 ) on MPI rank :      367
     Computing       time :    0.000000                    on MPI rank :      368
     Waiting lbc_lnk time :    0.000000 ( 0.0 %)           on MPI rank :      368
     Waiting  global time :    0.000000 ( 0.0 %)           on MPI rank :      368
     Total           time :  179.218324 (SYPD:     1.310 ) on MPI rank :      368
     Computing       time :    0.000000                    on MPI rank :      369
     Waiting lbc_lnk time :    0.000000 ( 0.0 %)           on MPI rank :      369
     Waiting  global time :    0.000000 ( 0.0 %)           on MPI rank :      369
     Total           time :  179.218067 (SYPD:     1.310 ) on MPI rank :      369
     Computing       time :    0.000000                    on MPI rank :      370
     Waiting lbc_lnk time :    0.000000 ( 0.0 %)           on MPI rank :      370
     Waiting  global time :    0.000000 ( 0.0 %)           on MPI rank :      370
     Total           time :  179.218488 (SYPD:     1.310 ) on MPI rank :      370
     Computing       time :    0.000000                    on MPI rank :      371
     Waiting lbc_lnk time :    0.000000 ( 0.0 %)           on MPI rank :      371
     Waiting  global time :    0.000000 ( 0.0 %)           on MPI rank :      371
     Total           time :  179.217975 (SYPD:     1.310 ) on MPI rank :      371
     Computing       time :    0.000000                    on MPI rank :      372
     Waiting lbc_lnk time :    0.000000 ( 0.0 %)           on MPI rank :      372
     Waiting  global time :    0.000000 ( 0.0 %)           on MPI rank :      372
     Total           time :  179.218471 (SYPD:     1.310 ) on MPI rank :      372
     Computing       time :    0.000000                    on MPI rank :      373
     Waiting lbc_lnk time :    0.000000 ( 0.0 %)           on MPI rank :      373
     Waiting  global time :    0.000000 ( 0.0 %)           on MPI rank :      373
     Total           time :  179.218189 (SYPD:     1.310 ) on MPI rank :      373
     Computing       time :    0.000000                    on MPI rank :      374
     Waiting lbc_lnk time :    0.000000 ( 0.0 %)           on MPI rank :      374
     Waiting  global time :    0.000000 ( 0.0 %)           on MPI rank :      374
     Total           time :  179.218329 (SYPD:     1.310 ) on MPI rank :      374
     Computing       time :    0.000000                    on MPI rank :      375
     Waiting lbc_lnk time :    0.000000 ( 0.0 %)           on MPI rank :      375
     Waiting  global time :    0.000000 ( 0.0 %)           on MPI rank :      375
     Total           time :  179.217583 (SYPD:     1.310 ) on MPI rank :      375
     Computing       time :    0.000000                    on MPI rank :      376
     Waiting lbc_lnk time :    0.000000 ( 0.0 %)           on MPI rank :      376
     Waiting  global time :    0.000000 ( 0.0 %)           on MPI rank :      376
     Total           time :  179.218047 (SYPD:     1.310 ) on MPI rank :      376
     Computing       time :    0.000000                    on MPI rank :      377
     Waiting lbc_lnk time :    0.000000 ( 0.0 %)           on MPI rank :      377
     Waiting  global time :    0.000000 ( 0.0 %)           on MPI rank :      377
     Total           time :  179.217874 (SYPD:     1.310 ) on MPI rank :      377
     Computing       time :    0.000000                    on MPI rank :      378
     Waiting lbc_lnk time :    0.000000 ( 0.0 %)           on MPI rank :      378
     Waiting  global time :    0.000000 ( 0.0 %)           on MPI rank :      378
     Total           time :  179.218627 (SYPD:     1.310 ) on MPI rank :      378
     Computing       time :    0.000000                    on MPI rank :      379
     Waiting lbc_lnk time :    0.000000 ( 0.0 %)           on MPI rank :      379
     Waiting  global time :    0.000000 ( 0.0 %)           on MPI rank :      379
     Total           time :  179.218326 (SYPD:     1.310 ) on MPI rank :      379
     Computing       time :    0.000000                    on MPI rank :      380
     Waiting lbc_lnk time :    0.000000 ( 0.0 %)           on MPI rank :      380
     Waiting  global time :    0.000000 ( 0.0 %)           on MPI rank :      380
     Total           time :  179.217961 (SYPD:     1.310 ) on MPI rank :      380
     Computing       time :    0.000000                    on MPI rank :      381
     Waiting lbc_lnk time :    0.000000 ( 0.0 %)           on MPI rank :      381
     Waiting  global time :    0.000000 ( 0.0 %)           on MPI rank :      381
     Total           time :  179.217578 (SYPD:     1.310 ) on MPI rank :      381
     Computing       time :    0.000000                    on MPI rank :      382
     Waiting lbc_lnk time :    0.000000 ( 0.0 %)           on MPI rank :      382
     Waiting  global time :    0.000000 ( 0.0 %)           on MPI rank :      382
     Total           time :  179.218594 (SYPD:     1.310 ) on MPI rank :      382
     Computing       time :    0.000000                    on MPI rank :      383
     Waiting lbc_lnk time :    0.000000 ( 0.0 %)           on MPI rank :      383
     Waiting  global time :    0.000000 ( 0.0 %)           on MPI rank :      383
     Total           time :  179.218580 (SYPD:     1.310 ) on MPI rank :      383
     Computing       time :    0.000000                    on MPI rank :      384
     Waiting lbc_lnk time :    0.000000 ( 0.0 %)           on MPI rank :      384
     Waiting  global time :    0.000000 ( 0.0 %)           on MPI rank :      384
     Total           time :  179.218560 (SYPD:     1.310 ) on MPI rank :      384
     Computing       time :    0.000000                    on MPI rank :      385
     Waiting lbc_lnk time :    0.000000 ( 0.0 %)           on MPI rank :      385
     Waiting  global time :    0.000000 ( 0.0 %)           on MPI rank :      385
     Total           time :  179.218636 (SYPD:     1.310 ) on MPI rank :      385
     Computing       time :    0.000000                    on MPI rank :      386
     Waiting lbc_lnk time :    0.000000 ( 0.0 %)           on MPI rank :      386
     Waiting  global time :    0.000000 ( 0.0 %)           on MPI rank :      386
     Total           time :  179.218545 (SYPD:     1.310 ) on MPI rank :      386
     Computing       time :    0.000000                    on MPI rank :      387
     Waiting lbc_lnk time :    0.000000 ( 0.0 %)           on MPI rank :      387
     Waiting  global time :    0.000000 ( 0.0 %)           on MPI rank :      387
     Total           time :  179.217469 (SYPD:     1.310 ) on MPI rank :      387
     Computing       time :    0.000000                    on MPI rank :      388
     Waiting lbc_lnk time :    0.000000 ( 0.0 %)           on MPI rank :      388
     Waiting  global time :    0.000000 ( 0.0 %)           on MPI rank :      388
     Total           time :  179.217543 (SYPD:     1.310 ) on MPI rank :      388
     Computing       time :    0.000000                    on MPI rank :      389
     Waiting lbc_lnk time :    0.000000 ( 0.0 %)           on MPI rank :      389
     Waiting  global time :    0.000000 ( 0.0 %)           on MPI rank :      389
     Total           time :  179.217842 (SYPD:     1.310 ) on MPI rank :      389
     Computing       time :    0.000000                    on MPI rank :      390
     Waiting lbc_lnk time :    0.000000 ( 0.0 %)           on MPI rank :      390
     Waiting  global time :    0.000000 ( 0.0 %)           on MPI rank :      390
     Total           time :  179.217775 (SYPD:     1.310 ) on MPI rank :      390
     Computing       time :    0.000000                    on MPI rank :      391
     Waiting lbc_lnk time :    0.000000 ( 0.0 %)           on MPI rank :      391
     Waiting  global time :    0.000000 ( 0.0 %)           on MPI rank :      391
     Total           time :  179.218167 (SYPD:     1.310 ) on MPI rank :      391
     Computing       time :    0.000000                    on MPI rank :      392
     Waiting lbc_lnk time :    0.000000 ( 0.0 %)           on MPI rank :      392
     Waiting  global time :    0.000000 ( 0.0 %)           on MPI rank :      392
     Total           time :  179.218223 (SYPD:     1.310 ) on MPI rank :      392
     Computing       time :    0.000000                    on MPI rank :      393
     Waiting lbc_lnk time :    0.000000 ( 0.0 %)           on MPI rank :      393
     Waiting  global time :    0.000000 ( 0.0 %)           on MPI rank :      393
     Total           time :  179.217778 (SYPD:     1.310 ) on MPI rank :      393
     Computing       time :    0.000000                    on MPI rank :      394
     Waiting lbc_lnk time :    0.000000 ( 0.0 %)           on MPI rank :      394
     Waiting  global time :    0.000000 ( 0.0 %)           on MPI rank :      394
     Total           time :  179.217765 (SYPD:     1.310 ) on MPI rank :      394
     Computing       time :    0.000000                    on MPI rank :      395
     Waiting lbc_lnk time :    0.000000 ( 0.0 %)           on MPI rank :      395
     Waiting  global time :    0.000000 ( 0.0 %)           on MPI rank :      395
     Total           time :  179.217080 (SYPD:     1.310 ) on MPI rank :      395
     Computing       time :    0.000000                    on MPI rank :      396
     Waiting lbc_lnk time :    0.000000 ( 0.0 %)           on MPI rank :      396
     Waiting  global time :    0.000000 ( 0.0 %)           on MPI rank :      396
     Total           time :  179.218147 (SYPD:     1.310 ) on MPI rank :      396
     Computing       time :    0.000000                    on MPI rank :      397
     Waiting lbc_lnk time :    0.000000 ( 0.0 %)           on MPI rank :      397
     Waiting  global time :    0.000000 ( 0.0 %)           on MPI rank :      397
     Total           time :  179.218289 (SYPD:     1.310 ) on MPI rank :      397
     Computing       time :    0.000000                    on MPI rank :      398
     Waiting lbc_lnk time :    0.000000 ( 0.0 %)           on MPI rank :      398
     Waiting  global time :    0.000000 ( 0.0 %)           on MPI rank :      398
     Total           time :  179.218245 (SYPD:     1.310 ) on MPI rank :      398
     Computing       time :    0.000000                    on MPI rank :      399
     Waiting lbc_lnk time :    0.000000 ( 0.0 %)           on MPI rank :      399
     Waiting  global time :    0.000000 ( 0.0 %)           on MPI rank :      399
     Total           time :  179.218277 (SYPD:     1.310 ) on MPI rank :      399
     Computing       time :    0.000000                    on MPI rank :      400
     Waiting lbc_lnk time :    0.000000 ( 0.0 %)           on MPI rank :      400
     Waiting  global time :    0.000000 ( 0.0 %)           on MPI rank :      400
     Total           time :  179.217983 (SYPD:     1.310 ) on MPI rank :      400
     Computing       time :    0.000000                    on MPI rank :      401
     Waiting lbc_lnk time :    0.000000 ( 0.0 %)           on MPI rank :      401
     Waiting  global time :    0.000000 ( 0.0 %)           on MPI rank :      401
     Total           time :  179.218335 (SYPD:     1.310 ) on MPI rank :      401
     Computing       time :    0.000000                    on MPI rank :      402
     Waiting lbc_lnk time :    0.000000 ( 0.0 %)           on MPI rank :      402
     Waiting  global time :    0.000000 ( 0.0 %)           on MPI rank :      402
     Total           time :  179.218191 (SYPD:     1.310 ) on MPI rank :      402
     Computing       time :    0.000000                    on MPI rank :      403
     Waiting lbc_lnk time :    0.000000 ( 0.0 %)           on MPI rank :      403
     Waiting  global time :    0.000000 ( 0.0 %)           on MPI rank :      403
     Total           time :  179.217840 (SYPD:     1.310 ) on MPI rank :      403
     Computing       time :    0.000000                    on MPI rank :      404
     Waiting lbc_lnk time :    0.000000 ( 0.0 %)           on MPI rank :      404
     Waiting  global time :    0.000000 ( 0.0 %)           on MPI rank :      404
     Total           time :  179.218050 (SYPD:     1.310 ) on MPI rank :      404
     Computing       time :    0.000000                    on MPI rank :      405
     Waiting lbc_lnk time :    0.000000 ( 0.0 %)           on MPI rank :      405
     Waiting  global time :    0.000000 ( 0.0 %)           on MPI rank :      405
     Total           time :  179.218172 (SYPD:     1.310 ) on MPI rank :      405
     Computing       time :    0.000000                    on MPI rank :      406
     Waiting lbc_lnk time :    0.000000 ( 0.0 %)           on MPI rank :      406
     Waiting  global time :    0.000000 ( 0.0 %)           on MPI rank :      406
     Total           time :  179.218334 (SYPD:     1.310 ) on MPI rank :      406
     Computing       time :    0.000000                    on MPI rank :      407
     Waiting lbc_lnk time :    0.000000 ( 0.0 %)           on MPI rank :      407
     Waiting  global time :    0.000000 ( 0.0 %)           on MPI rank :      407
     Total           time :  179.217517 (SYPD:     1.310 ) on MPI rank :      407
     Computing       time :    0.000000                    on MPI rank :      408
     Waiting lbc_lnk time :    0.000000 ( 0.0 %)           on MPI rank :      408
     Waiting  global time :    0.000000 ( 0.0 %)           on MPI rank :      408
     Total           time :  179.217230 (SYPD:     1.310 ) on MPI rank :      408
     Computing       time :    0.000000                    on MPI rank :      409
     Waiting lbc_lnk time :    0.000000 ( 0.0 %)           on MPI rank :      409
     Waiting  global time :    0.000000 ( 0.0 %)           on MPI rank :      409
     Total           time :  179.217760 (SYPD:     1.310 ) on MPI rank :      409
     Computing       time :    0.000000                    on MPI rank :      410
     Waiting lbc_lnk time :    0.000000 ( 0.0 %)           on MPI rank :      410
     Waiting  global time :    0.000000 ( 0.0 %)           on MPI rank :      410
     Total           time :  179.217566 (SYPD:     1.310 ) on MPI rank :      410
     Computing       time :    0.000000                    on MPI rank :      411
     Waiting lbc_lnk time :    0.000000 ( 0.0 %)           on MPI rank :      411
     Waiting  global time :    0.000000 ( 0.0 %)           on MPI rank :      411
     Total           time :  179.217464 (SYPD:     1.310 ) on MPI rank :      411
     Computing       time :    0.000000                    on MPI rank :      412
     Waiting lbc_lnk time :    0.000000 ( 0.0 %)           on MPI rank :      412
     Waiting  global time :    0.000000 ( 0.0 %)           on MPI rank :      412
     Total           time :  179.218526 (SYPD:     1.310 ) on MPI rank :      412
     Computing       time :    0.000000                    on MPI rank :      413
     Waiting lbc_lnk time :    0.000000 ( 0.0 %)           on MPI rank :      413
     Waiting  global time :    0.000000 ( 0.0 %)           on MPI rank :      413
     Total           time :  179.217624 (SYPD:     1.310 ) on MPI rank :      413
     Computing       time :    0.000000                    on MPI rank :      414
     Waiting lbc_lnk time :    0.000000 ( 0.0 %)           on MPI rank :      414
     Waiting  global time :    0.000000 ( 0.0 %)           on MPI rank :      414
     Total           time :  179.218152 (SYPD:     1.310 ) on MPI rank :      414
     Computing       time :    0.000000                    on MPI rank :      415
     Waiting lbc_lnk time :    0.000000 ( 0.0 %)           on MPI rank :      415
     Waiting  global time :    0.000000 ( 0.0 %)           on MPI rank :      415
     Total           time :  179.218459 (SYPD:     1.310 ) on MPI rank :      415
     Computing       time :    0.000000                    on MPI rank :      416
     Waiting lbc_lnk time :    0.000000 ( 0.0 %)           on MPI rank :      416
     Waiting  global time :    0.000000 ( 0.0 %)           on MPI rank :      416
     Total           time :  179.218294 (SYPD:     1.310 ) on MPI rank :      416
     Computing       time :    0.000000                    on MPI rank :      417
     Waiting lbc_lnk time :    0.000000 ( 0.0 %)           on MPI rank :      417
     Waiting  global time :    0.000000 ( 0.0 %)           on MPI rank :      417
     Total           time :  179.218190 (SYPD:     1.310 ) on MPI rank :      417
     Computing       time :    0.000000                    on MPI rank :      418
     Waiting lbc_lnk time :    0.000000 ( 0.0 %)           on MPI rank :      418
     Waiting  global time :    0.000000 ( 0.0 %)           on MPI rank :      418
     Total           time :  179.218806 (SYPD:     1.310 ) on MPI rank :      418
     Computing       time :    0.000000                    on MPI rank :      419
     Waiting lbc_lnk time :    0.000000 ( 0.0 %)           on MPI rank :      419
     Waiting  global time :    0.000000 ( 0.0 %)           on MPI rank :      419
     Total           time :  179.218589 (SYPD:     1.310 ) on MPI rank :      419
     Computing       time :    0.000000                    on MPI rank :      420
     Waiting lbc_lnk time :    0.000000 ( 0.0 %)           on MPI rank :      420
     Waiting  global time :    0.000000 ( 0.0 %)           on MPI rank :      420
     Total           time :  179.217905 (SYPD:     1.310 ) on MPI rank :      420
     Computing       time :    0.000000                    on MPI rank :      421
     Waiting lbc_lnk time :    0.000000 ( 0.0 %)           on MPI rank :      421
     Waiting  global time :    0.000000 ( 0.0 %)           on MPI rank :      421
     Total           time :  179.217782 (SYPD:     1.310 ) on MPI rank :      421
     Computing       time :    0.000000                    on MPI rank :      422
     Waiting lbc_lnk time :    0.000000 ( 0.0 %)           on MPI rank :      422
     Waiting  global time :    0.000000 ( 0.0 %)           on MPI rank :      422
     Total           time :  179.217562 (SYPD:     1.310 ) on MPI rank :      422
     Computing       time :    0.000000                    on MPI rank :      423
     Waiting lbc_lnk time :    0.000000 ( 0.0 %)           on MPI rank :      423
     Waiting  global time :    0.000000 ( 0.0 %)           on MPI rank :      423
     Total           time :  179.217849 (SYPD:     1.310 ) on MPI rank :      423
     Computing       time :    0.000000                    on MPI rank :      424
     Waiting lbc_lnk time :    0.000000 ( 0.0 %)           on MPI rank :      424
     Waiting  global time :    0.000000 ( 0.0 %)           on MPI rank :      424
     Total           time :  179.217648 (SYPD:     1.310 ) on MPI rank :      424
     Computing       time :    0.000000                    on MPI rank :      425
     Waiting lbc_lnk time :    0.000000 ( 0.0 %)           on MPI rank :      425
     Waiting  global time :    0.000000 ( 0.0 %)           on MPI rank :      425
     Total           time :  179.217547 (SYPD:     1.310 ) on MPI rank :      425
     Computing       time :    0.000000                    on MPI rank :      426
     Waiting lbc_lnk time :    0.000000 ( 0.0 %)           on MPI rank :      426
     Waiting  global time :    0.000000 ( 0.0 %)           on MPI rank :      426
     Total           time :  179.217764 (SYPD:     1.310 ) on MPI rank :      426
     Computing       time :    0.000000                    on MPI rank :      427
     Waiting lbc_lnk time :    0.000000 ( 0.0 %)           on MPI rank :      427
     Waiting  global time :    0.000000 ( 0.0 %)           on MPI rank :      427
     Total           time :  179.217549 (SYPD:     1.310 ) on MPI rank :      427
     Computing       time :    0.000000                    on MPI rank :      428
     Waiting lbc_lnk time :    0.000000 ( 0.0 %)           on MPI rank :      428
     Waiting  global time :    0.000000 ( 0.0 %)           on MPI rank :      428
     Total           time :  179.218080 (SYPD:     1.310 ) on MPI rank :      428
     Computing       time :    0.000000                    on MPI rank :      429
     Waiting lbc_lnk time :    0.000000 ( 0.0 %)           on MPI rank :      429
     Waiting  global time :    0.000000 ( 0.0 %)           on MPI rank :      429
     Total           time :  179.218131 (SYPD:     1.310 ) on MPI rank :      429
     Computing       time :    0.000000                    on MPI rank :      430
     Waiting lbc_lnk time :    0.000000 ( 0.0 %)           on MPI rank :      430
     Waiting  global time :    0.000000 ( 0.0 %)           on MPI rank :      430
     Total           time :  179.218490 (SYPD:     1.310 ) on MPI rank :      430
     Computing       time :    0.000000                    on MPI rank :      431
     Waiting lbc_lnk time :    0.000000 ( 0.0 %)           on MPI rank :      431
     Waiting  global time :    0.000000 ( 0.0 %)           on MPI rank :      431
     Total           time :  179.218327 (SYPD:     1.310 ) on MPI rank :      431
     Computing       time :    0.000000                    on MPI rank :      432
     Waiting lbc_lnk time :    0.000000 ( 0.0 %)           on MPI rank :      432
     Waiting  global time :    0.000000 ( 0.0 %)           on MPI rank :      432
     Total           time :  179.217765 (SYPD:     1.310 ) on MPI rank :      432
     Computing       time :    0.000000                    on MPI rank :      433
     Waiting lbc_lnk time :    0.000000 ( 0.0 %)           on MPI rank :      433
     Waiting  global time :    0.000000 ( 0.0 %)           on MPI rank :      433
     Total           time :  179.219081 (SYPD:     1.310 ) on MPI rank :      433
     Computing       time :    0.000000                    on MPI rank :      434
     Waiting lbc_lnk time :    0.000000 ( 0.0 %)           on MPI rank :      434
     Waiting  global time :    0.000000 ( 0.0 %)           on MPI rank :      434
     Total           time :  179.218724 (SYPD:     1.310 ) on MPI rank :      434
     Computing       time :    0.000000                    on MPI rank :      435
     Waiting lbc_lnk time :    0.000000 ( 0.0 %)           on MPI rank :      435
     Waiting  global time :    0.000000 ( 0.0 %)           on MPI rank :      435
     Total           time :  179.218571 (SYPD:     1.310 ) on MPI rank :      435
     Computing       time :    0.000000                    on MPI rank :      436
     Waiting lbc_lnk time :    0.000000 ( 0.0 %)           on MPI rank :      436
     Waiting  global time :    0.000000 ( 0.0 %)           on MPI rank :      436
     Total           time :  179.197137 (SYPD:     1.310 ) on MPI rank :      436
     Computing       time :    0.000000                    on MPI rank :      437
     Waiting lbc_lnk time :    0.000000 ( 0.0 %)           on MPI rank :      437
     Waiting  global time :    0.000000 ( 0.0 %)           on MPI rank :      437
     Total           time :  179.217630 (SYPD:     1.310 ) on MPI rank :      437
     Computing       time :    0.000000                    on MPI rank :      438
     Waiting lbc_lnk time :    0.000000 ( 0.0 %)           on MPI rank :      438
     Waiting  global time :    0.000000 ( 0.0 %)           on MPI rank :      438
     Total           time :  179.218711 (SYPD:     1.310 ) on MPI rank :      438
     Computing       time :    0.000000                    on MPI rank :      439
     Waiting lbc_lnk time :    0.000000 ( 0.0 %)           on MPI rank :      439
     Waiting  global time :    0.000000 ( 0.0 %)           on MPI rank :      439
     Total           time :  179.217991 (SYPD:     1.310 ) on MPI rank :      439
     Computing       time :    0.000000                    on MPI rank :      440
     Waiting lbc_lnk time :    0.000000 ( 0.0 %)           on MPI rank :      440
     Waiting  global time :    0.000000 ( 0.0 %)           on MPI rank :      440
     Total           time :  179.217784 (SYPD:     1.310 ) on MPI rank :      440
     Computing       time :    0.000000                    on MPI rank :      441
     Waiting lbc_lnk time :    0.000000 ( 0.0 %)           on MPI rank :      441
     Waiting  global time :    0.000000 ( 0.0 %)           on MPI rank :      441
     Total           time :  179.218313 (SYPD:     1.310 ) on MPI rank :      441
     Computing       time :    0.000000                    on MPI rank :      442
     Waiting lbc_lnk time :    0.000000 ( 0.0 %)           on MPI rank :      442
     Waiting  global time :    0.000000 ( 0.0 %)           on MPI rank :      442
     Total           time :  179.217700 (SYPD:     1.310 ) on MPI rank :      442
     Computing       time :    0.000000                    on MPI rank :      443
     Waiting lbc_lnk time :    0.000000 ( 0.0 %)           on MPI rank :      443
     Waiting  global time :    0.000000 ( 0.0 %)           on MPI rank :      443
     Total           time :  179.218266 (SYPD:     1.310 ) on MPI rank :      443
     Computing       time :    0.000000                    on MPI rank :      444
     Waiting lbc_lnk time :    0.000000 ( 0.0 %)           on MPI rank :      444
     Waiting  global time :    0.000000 ( 0.0 %)           on MPI rank :      444
     Total           time :  179.218153 (SYPD:     1.310 ) on MPI rank :      444
     Computing       time :    0.000000                    on MPI rank :      445
     Waiting lbc_lnk time :    0.000000 ( 0.0 %)           on MPI rank :      445
     Waiting  global time :    0.000000 ( 0.0 %)           on MPI rank :      445
     Total           time :  179.218295 (SYPD:     1.310 ) on MPI rank :      445
     Computing       time :    0.000000                    on MPI rank :      446
     Waiting lbc_lnk time :    0.000000 ( 0.0 %)           on MPI rank :      446
     Waiting  global time :    0.000000 ( 0.0 %)           on MPI rank :      446
     Total           time :  179.218425 (SYPD:     1.310 ) on MPI rank :      446
     Computing       time :    0.000000                    on MPI rank :      447
     Waiting lbc_lnk time :    0.000000 ( 0.0 %)           on MPI rank :      447
     Waiting  global time :    0.000000 ( 0.0 %)           on MPI rank :      447
     Total           time :  179.218270 (SYPD:     1.310 ) on MPI rank :      447
     Computing       time :    0.000000                    on MPI rank :      448
     Waiting lbc_lnk time :    0.000000 ( 0.0 %)           on MPI rank :      448
     Waiting  global time :    0.000000 ( 0.0 %)           on MPI rank :      448
     Total           time :  179.218616 (SYPD:     1.310 ) on MPI rank :      448
     Computing       time :    0.000000                    on MPI rank :      449
     Waiting lbc_lnk time :    0.000000 ( 0.0 %)           on MPI rank :      449
     Waiting  global time :    0.000000 ( 0.0 %)           on MPI rank :      449
     Total           time :  179.218323 (SYPD:     1.310 ) on MPI rank :      449
     Computing       time :    0.000000                    on MPI rank :      450
     Waiting lbc_lnk time :    0.000000 ( 0.0 %)           on MPI rank :      450
     Waiting  global time :    0.000000 ( 0.0 %)           on MPI rank :      450
     Total           time :  179.217743 (SYPD:     1.310 ) on MPI rank :      450
     Computing       time :    0.000000                    on MPI rank :      451
     Waiting lbc_lnk time :    0.000000 ( 0.0 %)           on MPI rank :      451
     Waiting  global time :    0.000000 ( 0.0 %)           on MPI rank :      451
     Total           time :  179.218254 (SYPD:     1.310 ) on MPI rank :      451
     Computing       time :    0.000000                    on MPI rank :      452
     Waiting lbc_lnk time :    0.000000 ( 0.0 %)           on MPI rank :      452
     Waiting  global time :    0.000000 ( 0.0 %)           on MPI rank :      452
     Total           time :  179.217853 (SYPD:     1.310 ) on MPI rank :      452
     Computing       time :    0.000000                    on MPI rank :      453
     Waiting lbc_lnk time :    0.000000 ( 0.0 %)           on MPI rank :      453
     Waiting  global time :    0.000000 ( 0.0 %)           on MPI rank :      453
     Total           time :  179.218295 (SYPD:     1.310 ) on MPI rank :      453
     Computing       time :    0.000000                    on MPI rank :      454
     Waiting lbc_lnk time :    0.000000 ( 0.0 %)           on MPI rank :      454
     Waiting  global time :    0.000000 ( 0.0 %)           on MPI rank :      454
     Total           time :  179.217636 (SYPD:     1.310 ) on MPI rank :      454
     Computing       time :    0.000000                    on MPI rank :      455
     Waiting lbc_lnk time :    0.000000 ( 0.0 %)           on MPI rank :      455
     Waiting  global time :    0.000000 ( 0.0 %)           on MPI rank :      455
     Total           time :  179.218017 (SYPD:     1.310 ) on MPI rank :      455
     Computing       time :    0.000000                    on MPI rank :      456
     Waiting lbc_lnk time :    0.000000 ( 0.0 %)           on MPI rank :      456
     Waiting  global time :    0.000000 ( 0.0 %)           on MPI rank :      456
     Total           time :  179.218018 (SYPD:     1.310 ) on MPI rank :      456
     Computing       time :    0.000000                    on MPI rank :      457
     Waiting lbc_lnk time :    0.000000 ( 0.0 %)           on MPI rank :      457
     Waiting  global time :    0.000000 ( 0.0 %)           on MPI rank :      457
     Total           time :  179.218594 (SYPD:     1.310 ) on MPI rank :      457
     Computing       time :    0.000000                    on MPI rank :      458
     Waiting lbc_lnk time :    0.000000 ( 0.0 %)           on MPI rank :      458
     Waiting  global time :    0.000000 ( 0.0 %)           on MPI rank :      458
     Total           time :  179.218305 (SYPD:     1.310 ) on MPI rank :      458
     Computing       time :    0.000000                    on MPI rank :      459
     Waiting lbc_lnk time :    0.000000 ( 0.0 %)           on MPI rank :      459
     Waiting  global time :    0.000000 ( 0.0 %)           on MPI rank :      459
     Total           time :  179.218515 (SYPD:     1.310 ) on MPI rank :      459
     Computing       time :    0.000000                    on MPI rank :      460
     Waiting lbc_lnk time :    0.000000 ( 0.0 %)           on MPI rank :      460
     Waiting  global time :    0.000000 ( 0.0 %)           on MPI rank :      460
     Total           time :  179.218469 (SYPD:     1.310 ) on MPI rank :      460
     Computing       time :    0.000000                    on MPI rank :      461
     Waiting lbc_lnk time :    0.000000 ( 0.0 %)           on MPI rank :      461
     Waiting  global time :    0.000000 ( 0.0 %)           on MPI rank :      461
     Total           time :  179.218882 (SYPD:     1.310 ) on MPI rank :      461
     Computing       time :    0.000000                    on MPI rank :      462
     Waiting lbc_lnk time :    0.000000 ( 0.0 %)           on MPI rank :      462
     Waiting  global time :    0.000000 ( 0.0 %)           on MPI rank :      462
     Total           time :  179.219389 (SYPD:     1.310 ) on MPI rank :      462
     Computing       time :    0.000000                    on MPI rank :      463
     Waiting lbc_lnk time :    0.000000 ( 0.0 %)           on MPI rank :      463
     Waiting  global time :    0.000000 ( 0.0 %)           on MPI rank :      463
     Total           time :  179.218074 (SYPD:     1.310 ) on MPI rank :      463
     Computing       time :    0.000000                    on MPI rank :      464
     Waiting lbc_lnk time :    0.000000 ( 0.0 %)           on MPI rank :      464
     Waiting  global time :    0.000000 ( 0.0 %)           on MPI rank :      464
     Total           time :  179.218980 (SYPD:     1.310 ) on MPI rank :      464
     Computing       time :    0.000000                    on MPI rank :      465
     Waiting lbc_lnk time :    0.000000 ( 0.0 %)           on MPI rank :      465
     Waiting  global time :    0.000000 ( 0.0 %)           on MPI rank :      465
     Total           time :  179.218380 (SYPD:     1.310 ) on MPI rank :      465
     Computing       time :    0.000000                    on MPI rank :      466
     Waiting lbc_lnk time :    0.000000 ( 0.0 %)           on MPI rank :      466
     Waiting  global time :    0.000000 ( 0.0 %)           on MPI rank :      466
     Total           time :  179.217935 (SYPD:     1.310 ) on MPI rank :      466
     Computing       time :    0.000000                    on MPI rank :      467
     Waiting lbc_lnk time :    0.000000 ( 0.0 %)           on MPI rank :      467
     Waiting  global time :    0.000000 ( 0.0 %)           on MPI rank :      467
     Total           time :  179.218179 (SYPD:     1.310 ) on MPI rank :      467
     Computing       time :    0.000000                    on MPI rank :      468
     Waiting lbc_lnk time :    0.000000 ( 0.0 %)           on MPI rank :      468
     Waiting  global time :    0.000000 ( 0.0 %)           on MPI rank :      468
     Total           time :  179.218841 (SYPD:     1.310 ) on MPI rank :      468
     Computing       time :    0.000000                    on MPI rank :      469
     Waiting lbc_lnk time :    0.000000 ( 0.0 %)           on MPI rank :      469
     Waiting  global time :    0.000000 ( 0.0 %)           on MPI rank :      469
     Total           time :  179.218420 (SYPD:     1.310 ) on MPI rank :      469
     Computing       time :    0.000000                    on MPI rank :      470
     Waiting lbc_lnk time :    0.000000 ( 0.0 %)           on MPI rank :      470
     Waiting  global time :    0.000000 ( 0.0 %)           on MPI rank :      470
     Total           time :  179.218752 (SYPD:     1.310 ) on MPI rank :      470
     Computing       time :    0.000000                    on MPI rank :      471
     Waiting lbc_lnk time :    0.000000 ( 0.0 %)           on MPI rank :      471
     Waiting  global time :    0.000000 ( 0.0 %)           on MPI rank :      471
     Total           time :  179.218440 (SYPD:     1.310 ) on MPI rank :      471
     Computing       time :    0.000000                    on MPI rank :      472
     Waiting lbc_lnk time :    0.000000 ( 0.0 %)           on MPI rank :      472
     Waiting  global time :    0.000000 ( 0.0 %)           on MPI rank :      472
     Total           time :  179.217618 (SYPD:     1.310 ) on MPI rank :      472
     Computing       time :    0.000000                    on MPI rank :      473
     Waiting lbc_lnk time :    0.000000 ( 0.0 %)           on MPI rank :      473
     Waiting  global time :    0.000000 ( 0.0 %)           on MPI rank :      473
     Total           time :  179.218167 (SYPD:     1.310 ) on MPI rank :      473
     Computing       time :    0.000000                    on MPI rank :      474
     Waiting lbc_lnk time :    0.000000 ( 0.0 %)           on MPI rank :      474
     Waiting  global time :    0.000000 ( 0.0 %)           on MPI rank :      474
     Total           time :  179.217708 (SYPD:     1.310 ) on MPI rank :      474
     Computing       time :    0.000000                    on MPI rank :      475
     Waiting lbc_lnk time :    0.000000 ( 0.0 %)           on MPI rank :      475
     Waiting  global time :    0.000000 ( 0.0 %)           on MPI rank :      475
     Total           time :  179.218239 (SYPD:     1.310 ) on MPI rank :      475
     Computing       time :    0.000000                    on MPI rank :      476
     Waiting lbc_lnk time :    0.000000 ( 0.0 %)           on MPI rank :      476
     Waiting  global time :    0.000000 ( 0.0 %)           on MPI rank :      476
     Total           time :  179.218309 (SYPD:     1.310 ) on MPI rank :      476
     Computing       time :    0.000000                    on MPI rank :      477
     Waiting lbc_lnk time :    0.000000 ( 0.0 %)           on MPI rank :      477
     Waiting  global time :    0.000000 ( 0.0 %)           on MPI rank :      477
     Total           time :  179.218098 (SYPD:     1.310 ) on MPI rank :      477
     Computing       time :    0.000000                    on MPI rank :      478
     Waiting lbc_lnk time :    0.000000 ( 0.0 %)           on MPI rank :      478
     Waiting  global time :    0.000000 ( 0.0 %)           on MPI rank :      478
     Total           time :  179.218416 (SYPD:     1.310 ) on MPI rank :      478
     Computing       time :    0.000000                    on MPI rank :      479
     Waiting lbc_lnk time :    0.000000 ( 0.0 %)           on MPI rank :      479
     Waiting  global time :    0.000000 ( 0.0 %)           on MPI rank :      479
     Total           time :  179.218378 (SYPD:     1.310 ) on MPI rank :      479
     Computing       time :    0.000000                    on MPI rank :      480
     Waiting lbc_lnk time :    0.000000 ( 0.0 %)           on MPI rank :      480
     Waiting  global time :    0.000000 ( 0.0 %)           on MPI rank :      480
     Total           time :  179.218427 (SYPD:     1.310 ) on MPI rank :      480
     Computing       time :    0.000000                    on MPI rank :      481
     Waiting lbc_lnk time :    0.000000 ( 0.0 %)           on MPI rank :      481
     Waiting  global time :    0.000000 ( 0.0 %)           on MPI rank :      481
     Total           time :  179.218153 (SYPD:     1.310 ) on MPI rank :      481
     Computing       time :    0.000000                    on MPI rank :      482
     Waiting lbc_lnk time :    0.000000 ( 0.0 %)           on MPI rank :      482
     Waiting  global time :    0.000000 ( 0.0 %)           on MPI rank :      482
     Total           time :  179.217714 (SYPD:     1.310 ) on MPI rank :      482
     Computing       time :    0.000000                    on MPI rank :      483
     Waiting lbc_lnk time :    0.000000 ( 0.0 %)           on MPI rank :      483
     Waiting  global time :    0.000000 ( 0.0 %)           on MPI rank :      483
     Total           time :  179.218517 (SYPD:     1.310 ) on MPI rank :      483
     Computing       time :    0.000000                    on MPI rank :      484
     Waiting lbc_lnk time :    0.000000 ( 0.0 %)           on MPI rank :      484
     Waiting  global time :    0.000000 ( 0.0 %)           on MPI rank :      484
     Total           time :  179.218021 (SYPD:     1.310 ) on MPI rank :      484
     Computing       time :    0.000000                    on MPI rank :      485
     Waiting lbc_lnk time :    0.000000 ( 0.0 %)           on MPI rank :      485
     Waiting  global time :    0.000000 ( 0.0 %)           on MPI rank :      485
     Total           time :  179.218240 (SYPD:     1.310 ) on MPI rank :      485
     Computing       time :    0.000000                    on MPI rank :      486
     Waiting lbc_lnk time :    0.000000 ( 0.0 %)           on MPI rank :      486
     Waiting  global time :    0.000000 ( 0.0 %)           on MPI rank :      486
     Total           time :  179.218463 (SYPD:     1.310 ) on MPI rank :      486
     Computing       time :    0.000000                    on MPI rank :      487
     Waiting lbc_lnk time :    0.000000 ( 0.0 %)           on MPI rank :      487
     Waiting  global time :    0.000000 ( 0.0 %)           on MPI rank :      487
     Total           time :  179.217962 (SYPD:     1.310 ) on MPI rank :      487
     Computing       time :    0.000000                    on MPI rank :      488
     Waiting lbc_lnk time :    0.000000 ( 0.0 %)           on MPI rank :      488
     Waiting  global time :    0.000000 ( 0.0 %)           on MPI rank :      488
     Total           time :  179.219207 (SYPD:     1.310 ) on MPI rank :      488
     Computing       time :    0.000000                    on MPI rank :      489
     Waiting lbc_lnk time :    0.000000 ( 0.0 %)           on MPI rank :      489
     Waiting  global time :    0.000000 ( 0.0 %)           on MPI rank :      489
     Total           time :  179.217956 (SYPD:     1.310 ) on MPI rank :      489
     Computing       time :    0.000000                    on MPI rank :      490
     Waiting lbc_lnk time :    0.000000 ( 0.0 %)           on MPI rank :      490
     Waiting  global time :    0.000000 ( 0.0 %)           on MPI rank :      490
     Total           time :  179.218559 (SYPD:     1.310 ) on MPI rank :      490
     Computing       time :    0.000000                    on MPI rank :      491
     Waiting lbc_lnk time :    0.000000 ( 0.0 %)           on MPI rank :      491
     Waiting  global time :    0.000000 ( 0.0 %)           on MPI rank :      491
     Total           time :  179.218059 (SYPD:     1.310 ) on MPI rank :      491
     Computing       time :    0.000000                    on MPI rank :      492
     Waiting lbc_lnk time :    0.000000 ( 0.0 %)           on MPI rank :      492
     Waiting  global time :    0.000000 ( 0.0 %)           on MPI rank :      492
     Total           time :  179.218183 (SYPD:     1.310 ) on MPI rank :      492
     Computing       time :    0.000000                    on MPI rank :      493
     Waiting lbc_lnk time :    0.000000 ( 0.0 %)           on MPI rank :      493
     Waiting  global time :    0.000000 ( 0.0 %)           on MPI rank :      493
     Total           time :  179.218699 (SYPD:     1.310 ) on MPI rank :      493
     Computing       time :    0.000000                    on MPI rank :      494
     Waiting lbc_lnk time :    0.000000 ( 0.0 %)           on MPI rank :      494
     Waiting  global time :    0.000000 ( 0.0 %)           on MPI rank :      494
     Total           time :  179.218647 (SYPD:     1.310 ) on MPI rank :      494
     Computing       time :    0.000000                    on MPI rank :      495
     Waiting lbc_lnk time :    0.000000 ( 0.0 %)           on MPI rank :      495
     Waiting  global time :    0.000000 ( 0.0 %)           on MPI rank :      495
     Total           time :  179.217681 (SYPD:     1.310 ) on MPI rank :      495
     Computing       time :    0.000000                    on MPI rank :      496
     Waiting lbc_lnk time :    0.000000 ( 0.0 %)           on MPI rank :      496
     Waiting  global time :    0.000000 ( 0.0 %)           on MPI rank :      496
     Total           time :  179.218406 (SYPD:     1.310 ) on MPI rank :      496
     Computing       time :    0.000000                    on MPI rank :      497
     Waiting lbc_lnk time :    0.000000 ( 0.0 %)           on MPI rank :      497
     Waiting  global time :    0.000000 ( 0.0 %)           on MPI rank :      497
     Total           time :  179.217996 (SYPD:     1.310 ) on MPI rank :      497
     Computing       time :    0.000000                    on MPI rank :      498
     Waiting lbc_lnk time :    0.000000 ( 0.0 %)           on MPI rank :      498
     Waiting  global time :    0.000000 ( 0.0 %)           on MPI rank :      498
     Total           time :  179.218937 (SYPD:     1.310 ) on MPI rank :      498
     Computing       time :    0.000000                    on MPI rank :      499
     Waiting lbc_lnk time :    0.000000 ( 0.0 %)           on MPI rank :      499
     Waiting  global time :    0.000000 ( 0.0 %)           on MPI rank :      499
     Total           time :  179.218271 (SYPD:     1.310 ) on MPI rank :      499
     Computing       time :    0.000000                    on MPI rank :      500
     Waiting lbc_lnk time :    0.000000 ( 0.0 %)           on MPI rank :      500
     Waiting  global time :    0.000000 ( 0.0 %)           on MPI rank :      500
     Total           time :  179.219536 (SYPD:     1.310 ) on MPI rank :      500
     Computing       time :    0.000000                    on MPI rank :      501
     Waiting lbc_lnk time :    0.000000 ( 0.0 %)           on MPI rank :      501
     Waiting  global time :    0.000000 ( 0.0 %)           on MPI rank :      501
     Total           time :  179.218311 (SYPD:     1.310 ) on MPI rank :      501
     Computing       time :    0.000000                    on MPI rank :      502
     Waiting lbc_lnk time :    0.000000 ( 0.0 %)           on MPI rank :      502
     Waiting  global time :    0.000000 ( 0.0 %)           on MPI rank :      502
     Total           time :  179.218582 (SYPD:     1.310 ) on MPI rank :      502
     Computing       time :    0.000000                    on MPI rank :      503
     Waiting lbc_lnk time :    0.000000 ( 0.0 %)           on MPI rank :      503
     Waiting  global time :    0.000000 ( 0.0 %)           on MPI rank :      503
     Total           time :  179.218389 (SYPD:     1.310 ) on MPI rank :      503
     Computing       time :    0.000000                    on MPI rank :      504
     Waiting lbc_lnk time :    0.000000 ( 0.0 %)           on MPI rank :      504
     Waiting  global time :    0.000000 ( 0.0 %)           on MPI rank :      504
     Total           time :  179.217901 (SYPD:     1.310 ) on MPI rank :      504
     Computing       time :    0.000000                    on MPI rank :      505
     Waiting lbc_lnk time :    0.000000 ( 0.0 %)           on MPI rank :      505
     Waiting  global time :    0.000000 ( 0.0 %)           on MPI rank :      505
     Total           time :  179.217895 (SYPD:     1.310 ) on MPI rank :      505
     Computing       time :    0.000000                    on MPI rank :      506
     Waiting lbc_lnk time :    0.000000 ( 0.0 %)           on MPI rank :      506
     Waiting  global time :    0.000000 ( 0.0 %)           on MPI rank :      506
     Total           time :  179.218107 (SYPD:     1.310 ) on MPI rank :      506
     Computing       time :    0.000000                    on MPI rank :      507
     Waiting lbc_lnk time :    0.000000 ( 0.0 %)           on MPI rank :      507
     Waiting  global time :    0.000000 ( 0.0 %)           on MPI rank :      507
     Total           time :  179.218250 (SYPD:     1.310 ) on MPI rank :      507
     Computing       time :    0.000000                    on MPI rank :      508
     Waiting lbc_lnk time :    0.000000 ( 0.0 %)           on MPI rank :      508
     Waiting  global time :    0.000000 ( 0.0 %)           on MPI rank :      508
     Total           time :  179.217540 (SYPD:     1.310 ) on MPI rank :      508
     Computing       time :    0.000000                    on MPI rank :      509
     Waiting lbc_lnk time :    0.000000 ( 0.0 %)           on MPI rank :      509
     Waiting  global time :    0.000000 ( 0.0 %)           on MPI rank :      509
     Total           time :  179.217806 (SYPD:     1.310 ) on MPI rank :      509
     Computing       time :    0.000000                    on MPI rank :      510
     Waiting lbc_lnk time :    0.000000 ( 0.0 %)           on MPI rank :      510
     Waiting  global time :    0.000000 ( 0.0 %)           on MPI rank :      510
     Total           time :  179.218513 (SYPD:     1.310 ) on MPI rank :      510
     Computing       time :    0.000000                    on MPI rank :      511
     Waiting lbc_lnk time :    0.000000 ( 0.0 %)           on MPI rank :      511
     Waiting  global time :    0.000000 ( 0.0 %)           on MPI rank :      511
     Total           time :  179.218774 (SYPD:     1.310 ) on MPI rank :      511
     Computing       time :    0.000000                    on MPI rank :      512
     Waiting lbc_lnk time :    0.000000 ( 0.0 %)           on MPI rank :      512
     Waiting  global time :    0.000000 ( 0.0 %)           on MPI rank :      512
     Total           time :  179.218593 (SYPD:     1.310 ) on MPI rank :      512
     Computing       time :    0.000000                    on MPI rank :      513
     Waiting lbc_lnk time :    0.000000 ( 0.0 %)           on MPI rank :      513
     Waiting  global time :    0.000000 ( 0.0 %)           on MPI rank :      513
     Total           time :  179.219185 (SYPD:     1.310 ) on MPI rank :      513
     Computing       time :    0.000000                    on MPI rank :      514
     Waiting lbc_lnk time :    0.000000 ( 0.0 %)           on MPI rank :      514
     Waiting  global time :    0.000000 ( 0.0 %)           on MPI rank :      514
     Total           time :  179.218958 (SYPD:     1.310 ) on MPI rank :      514
     Computing       time :    0.000000                    on MPI rank :      515
     Waiting lbc_lnk time :    0.000000 ( 0.0 %)           on MPI rank :      515
     Waiting  global time :    0.000000 ( 0.0 %)           on MPI rank :      515
     Total           time :  179.219016 (SYPD:     1.310 ) on MPI rank :      515
     Computing       time :    0.000000                    on MPI rank :      516
     Waiting lbc_lnk time :    0.000000 ( 0.0 %)           on MPI rank :      516
     Waiting  global time :    0.000000 ( 0.0 %)           on MPI rank :      516
     Total           time :  179.218110 (SYPD:     1.310 ) on MPI rank :      516
     Computing       time :    0.000000                    on MPI rank :      517
     Waiting lbc_lnk time :    0.000000 ( 0.0 %)           on MPI rank :      517
     Waiting  global time :    0.000000 ( 0.0 %)           on MPI rank :      517
     Total           time :  179.218443 (SYPD:     1.310 ) on MPI rank :      517
     Computing       time :    0.000000                    on MPI rank :      518
     Waiting lbc_lnk time :    0.000000 ( 0.0 %)           on MPI rank :      518
     Waiting  global time :    0.000000 ( 0.0 %)           on MPI rank :      518
     Total           time :  179.218308 (SYPD:     1.310 ) on MPI rank :      518
     Computing       time :    0.000000                    on MPI rank :      519
     Waiting lbc_lnk time :    0.000000 ( 0.0 %)           on MPI rank :      519
     Waiting  global time :    0.000000 ( 0.0 %)           on MPI rank :      519
     Total           time :  179.217999 (SYPD:     1.310 ) on MPI rank :      519
     Computing       time :    0.000000                    on MPI rank :      520
     Waiting lbc_lnk time :    0.000000 ( 0.0 %)           on MPI rank :      520
     Waiting  global time :    0.000000 ( 0.0 %)           on MPI rank :      520
     Total           time :  179.218314 (SYPD:     1.310 ) on MPI rank :      520
     Computing       time :    0.000000                    on MPI rank :      521
     Waiting lbc_lnk time :    0.000000 ( 0.0 %)           on MPI rank :      521
     Waiting  global time :    0.000000 ( 0.0 %)           on MPI rank :      521
     Total           time :  179.218534 (SYPD:     1.310 ) on MPI rank :      521
     Computing       time :    0.000000                    on MPI rank :      522
     Waiting lbc_lnk time :    0.000000 ( 0.0 %)           on MPI rank :      522
     Waiting  global time :    0.000000 ( 0.0 %)           on MPI rank :      522
     Total           time :  179.218118 (SYPD:     1.310 ) on MPI rank :      522
     Computing       time :    0.000000                    on MPI rank :      523
     Waiting lbc_lnk time :    0.000000 ( 0.0 %)           on MPI rank :      523
     Waiting  global time :    0.000000 ( 0.0 %)           on MPI rank :      523
     Total           time :  179.218855 (SYPD:     1.310 ) on MPI rank :      523
     Computing       time :    0.000000                    on MPI rank :      524
     Waiting lbc_lnk time :    0.000000 ( 0.0 %)           on MPI rank :      524
     Waiting  global time :    0.000000 ( 0.0 %)           on MPI rank :      524
     Total           time :  179.218112 (SYPD:     1.310 ) on MPI rank :      524
     Computing       time :    0.000000                    on MPI rank :      525
     Waiting lbc_lnk time :    0.000000 ( 0.0 %)           on MPI rank :      525
     Waiting  global time :    0.000000 ( 0.0 %)           on MPI rank :      525
     Total           time :  179.218446 (SYPD:     1.310 ) on MPI rank :      525
     Computing       time :    0.000000                    on MPI rank :      526
     Waiting lbc_lnk time :    0.000000 ( 0.0 %)           on MPI rank :      526
     Waiting  global time :    0.000000 ( 0.0 %)           on MPI rank :      526
     Total           time :  179.217840 (SYPD:     1.310 ) on MPI rank :      526
     Computing       time :    0.000000                    on MPI rank :      527
     Waiting lbc_lnk time :    0.000000 ( 0.0 %)           on MPI rank :      527
     Waiting  global time :    0.000000 ( 0.0 %)           on MPI rank :      527
     Total           time :  179.217831 (SYPD:     1.310 ) on MPI rank :      527
     Computing       time :    0.000000                    on MPI rank :      528
     Waiting lbc_lnk time :    0.000000 ( 0.0 %)           on MPI rank :      528
     Waiting  global time :    0.000000 ( 0.0 %)           on MPI rank :      528
     Total           time :  179.218548 (SYPD:     1.310 ) on MPI rank :      528
     Computing       time :    0.000000                    on MPI rank :      529
     Waiting lbc_lnk time :    0.000000 ( 0.0 %)           on MPI rank :      529
     Waiting  global time :    0.000000 ( 0.0 %)           on MPI rank :      529
     Total           time :  179.218190 (SYPD:     1.310 ) on MPI rank :      529
     Computing       time :    0.000000                    on MPI rank :      530
     Waiting lbc_lnk time :    0.000000 ( 0.0 %)           on MPI rank :      530
     Waiting  global time :    0.000000 ( 0.0 %)           on MPI rank :      530
     Total           time :  179.218230 (SYPD:     1.310 ) on MPI rank :      530
     Computing       time :    0.000000                    on MPI rank :      531
     Waiting lbc_lnk time :    0.000000 ( 0.0 %)           on MPI rank :      531
     Waiting  global time :    0.000000 ( 0.0 %)           on MPI rank :      531
     Total           time :  179.218477 (SYPD:     1.310 ) on MPI rank :      531
     Computing       time :    0.000000                    on MPI rank :      532
     Waiting lbc_lnk time :    0.000000 ( 0.0 %)           on MPI rank :      532
     Waiting  global time :    0.000000 ( 0.0 %)           on MPI rank :      532
     Total           time :  179.218304 (SYPD:     1.310 ) on MPI rank :      532
     Computing       time :    0.000000                    on MPI rank :      533
     Waiting lbc_lnk time :    0.000000 ( 0.0 %)           on MPI rank :      533
     Waiting  global time :    0.000000 ( 0.0 %)           on MPI rank :      533
     Total           time :  179.217644 (SYPD:     1.310 ) on MPI rank :      533
     Computing       time :    0.000000                    on MPI rank :      534
     Waiting lbc_lnk time :    0.000000 ( 0.0 %)           on MPI rank :      534
     Waiting  global time :    0.000000 ( 0.0 %)           on MPI rank :      534
     Total           time :  179.218510 (SYPD:     1.310 ) on MPI rank :      534
     Computing       time :    0.000000                    on MPI rank :      535
     Waiting lbc_lnk time :    0.000000 ( 0.0 %)           on MPI rank :      535
     Waiting  global time :    0.000000 ( 0.0 %)           on MPI rank :      535
     Total           time :  179.217769 (SYPD:     1.310 ) on MPI rank :      535
     Computing       time :    0.000000                    on MPI rank :      536
     Waiting lbc_lnk time :    0.000000 ( 0.0 %)           on MPI rank :      536
     Waiting  global time :    0.000000 ( 0.0 %)           on MPI rank :      536
     Total           time :  179.217903 (SYPD:     1.310 ) on MPI rank :      536
     Computing       time :    0.000000                    on MPI rank :      537
     Waiting lbc_lnk time :    0.000000 ( 0.0 %)           on MPI rank :      537
     Waiting  global time :    0.000000 ( 0.0 %)           on MPI rank :      537
     Total           time :  179.217642 (SYPD:     1.310 ) on MPI rank :      537
     Computing       time :    0.000000                    on MPI rank :      538
     Waiting lbc_lnk time :    0.000000 ( 0.0 %)           on MPI rank :      538
     Waiting  global time :    0.000000 ( 0.0 %)           on MPI rank :      538
     Total           time :  179.218337 (SYPD:     1.310 ) on MPI rank :      538
     Computing       time :    0.000000                    on MPI rank :      539
     Waiting lbc_lnk time :    0.000000 ( 0.0 %)           on MPI rank :      539
     Waiting  global time :    0.000000 ( 0.0 %)           on MPI rank :      539
     Total           time :  179.218992 (SYPD:     1.310 ) on MPI rank :      539
     Computing       time :    0.000000                    on MPI rank :      540
     Waiting lbc_lnk time :    0.000000 ( 0.0 %)           on MPI rank :      540
     Waiting  global time :    0.000000 ( 0.0 %)           on MPI rank :      540
     Total           time :  179.217977 (SYPD:     1.310 ) on MPI rank :      540
     Computing       time :    0.000000                    on MPI rank :      541
     Waiting lbc_lnk time :    0.000000 ( 0.0 %)           on MPI rank :      541
     Waiting  global time :    0.000000 ( 0.0 %)           on MPI rank :      541
     Total           time :  179.218096 (SYPD:     1.310 ) on MPI rank :      541
     Computing       time :    0.000000                    on MPI rank :      542
     Waiting lbc_lnk time :    0.000000 ( 0.0 %)           on MPI rank :      542
     Waiting  global time :    0.000000 ( 0.0 %)           on MPI rank :      542
     Total           time :  179.218111 (SYPD:     1.310 ) on MPI rank :      542
     Computing       time :    0.000000                    on MPI rank :      543
     Waiting lbc_lnk time :    0.000000 ( 0.0 %)           on MPI rank :      543
     Waiting  global time :    0.000000 ( 0.0 %)           on MPI rank :      543
     Total           time :  179.218638 (SYPD:     1.310 ) on MPI rank :      543
     Computing       time :    0.000000                    on MPI rank :      544
     Waiting lbc_lnk time :    0.000000 ( 0.0 %)           on MPI rank :      544
     Waiting  global time :    0.000000 ( 0.0 %)           on MPI rank :      544
     Total           time :  179.218663 (SYPD:     1.310 ) on MPI rank :      544
     Computing       time :    0.000000                    on MPI rank :      545
     Waiting lbc_lnk time :    0.000000 ( 0.0 %)           on MPI rank :      545
     Waiting  global time :    0.000000 ( 0.0 %)           on MPI rank :      545
     Total           time :  179.218172 (SYPD:     1.310 ) on MPI rank :      545
     Computing       time :    0.000000                    on MPI rank :      546
     Waiting lbc_lnk time :    0.000000 ( 0.0 %)           on MPI rank :      546
     Waiting  global time :    0.000000 ( 0.0 %)           on MPI rank :      546
     Total           time :  179.218293 (SYPD:     1.310 ) on MPI rank :      546
     Computing       time :    0.000000                    on MPI rank :      547
     Waiting lbc_lnk time :    0.000000 ( 0.0 %)           on MPI rank :      547
     Waiting  global time :    0.000000 ( 0.0 %)           on MPI rank :      547
     Total           time :  179.218479 (SYPD:     1.310 ) on MPI rank :      547
     Computing       time :    0.000000                    on MPI rank :      548
     Waiting lbc_lnk time :    0.000000 ( 0.0 %)           on MPI rank :      548
     Waiting  global time :    0.000000 ( 0.0 %)           on MPI rank :      548
     Total           time :  179.218364 (SYPD:     1.310 ) on MPI rank :      548
     Computing       time :    0.000000                    on MPI rank :      549
     Waiting lbc_lnk time :    0.000000 ( 0.0 %)           on MPI rank :      549
     Waiting  global time :    0.000000 ( 0.0 %)           on MPI rank :      549
     Total           time :  179.218403 (SYPD:     1.310 ) on MPI rank :      549
     Computing       time :    0.000000                    on MPI rank :      550
     Waiting lbc_lnk time :    0.000000 ( 0.0 %)           on MPI rank :      550
     Waiting  global time :    0.000000 ( 0.0 %)           on MPI rank :      550
     Total           time :  179.218306 (SYPD:     1.310 ) on MPI rank :      550
     Computing       time :    0.000000                    on MPI rank :      551
     Waiting lbc_lnk time :    0.000000 ( 0.0 %)           on MPI rank :      551
     Waiting  global time :    0.000000 ( 0.0 %)           on MPI rank :      551
     Total           time :  179.219241 (SYPD:     1.310 ) on MPI rank :      551
     Computing       time :    0.000000                    on MPI rank :      552
     Waiting lbc_lnk time :    0.000000 ( 0.0 %)           on MPI rank :      552
     Waiting  global time :    0.000000 ( 0.0 %)           on MPI rank :      552
     Total           time :  179.217853 (SYPD:     1.310 ) on MPI rank :      552
     Computing       time :    0.000000                    on MPI rank :      553
     Waiting lbc_lnk time :    0.000000 ( 0.0 %)           on MPI rank :      553
     Waiting  global time :    0.000000 ( 0.0 %)           on MPI rank :      553
     Total           time :  179.218580 (SYPD:     1.310 ) on MPI rank :      553
     Computing       time :    0.000000                    on MPI rank :      554
     Waiting lbc_lnk time :    0.000000 ( 0.0 %)           on MPI rank :      554
     Waiting  global time :    0.000000 ( 0.0 %)           on MPI rank :      554
     Total           time :  179.217648 (SYPD:     1.310 ) on MPI rank :      554
     Computing       time :    0.000000                    on MPI rank :      555
     Waiting lbc_lnk time :    0.000000 ( 0.0 %)           on MPI rank :      555
     Waiting  global time :    0.000000 ( 0.0 %)           on MPI rank :      555
     Total           time :  179.218085 (SYPD:     1.310 ) on MPI rank :      555
     Computing       time :    0.000000                    on MPI rank :      556
     Waiting lbc_lnk time :    0.000000 ( 0.0 %)           on MPI rank :      556
     Waiting  global time :    0.000000 ( 0.0 %)           on MPI rank :      556
     Total           time :  179.219128 (SYPD:     1.310 ) on MPI rank :      556
     Computing       time :    0.000000                    on MPI rank :      557
     Waiting lbc_lnk time :    0.000000 ( 0.0 %)           on MPI rank :      557
     Waiting  global time :    0.000000 ( 0.0 %)           on MPI rank :      557
     Total           time :  179.218854 (SYPD:     1.310 ) on MPI rank :      557
     Computing       time :    0.000000                    on MPI rank :      558
     Waiting lbc_lnk time :    0.000000 ( 0.0 %)           on MPI rank :      558
     Waiting  global time :    0.000000 ( 0.0 %)           on MPI rank :      558
     Total           time :  179.218291 (SYPD:     1.310 ) on MPI rank :      558
     Computing       time :    0.000000                    on MPI rank :      559
     Waiting lbc_lnk time :    0.000000 ( 0.0 %)           on MPI rank :      559
     Waiting  global time :    0.000000 ( 0.0 %)           on MPI rank :      559
     Total           time :  179.218554 (SYPD:     1.310 ) on MPI rank :      559
     Computing       time :    0.000000                    on MPI rank :      560
     Waiting lbc_lnk time :    0.000000 ( 0.0 %)           on MPI rank :      560
     Waiting  global time :    0.000000 ( 0.0 %)           on MPI rank :      560
     Total           time :  179.218561 (SYPD:     1.310 ) on MPI rank :      560
     Computing       time :    0.000000                    on MPI rank :      561
     Waiting lbc_lnk time :    0.000000 ( 0.0 %)           on MPI rank :      561
     Waiting  global time :    0.000000 ( 0.0 %)           on MPI rank :      561
     Total           time :  179.217711 (SYPD:     1.310 ) on MPI rank :      561
     Computing       time :    0.000000                    on MPI rank :      562
     Waiting lbc_lnk time :    0.000000 ( 0.0 %)           on MPI rank :      562
     Waiting  global time :    0.000000 ( 0.0 %)           on MPI rank :      562
     Total           time :  179.218213 (SYPD:     1.310 ) on MPI rank :      562
     Computing       time :    0.000000                    on MPI rank :      563
     Waiting lbc_lnk time :    0.000000 ( 0.0 %)           on MPI rank :      563
     Waiting  global time :    0.000000 ( 0.0 %)           on MPI rank :      563
     Total           time :  179.217434 (SYPD:     1.310 ) on MPI rank :      563
     Computing       time :    0.000000                    on MPI rank :      564
     Waiting lbc_lnk time :    0.000000 ( 0.0 %)           on MPI rank :      564
     Waiting  global time :    0.000000 ( 0.0 %)           on MPI rank :      564
     Total           time :  179.218104 (SYPD:     1.310 ) on MPI rank :      564
     Computing       time :    0.000000                    on MPI rank :      565
     Waiting lbc_lnk time :    0.000000 ( 0.0 %)           on MPI rank :      565
     Waiting  global time :    0.000000 ( 0.0 %)           on MPI rank :      565
     Total           time :  179.217550 (SYPD:     1.310 ) on MPI rank :      565
     Computing       time :    0.000000                    on MPI rank :      566
     Waiting lbc_lnk time :    0.000000 ( 0.0 %)           on MPI rank :      566
     Waiting  global time :    0.000000 ( 0.0 %)           on MPI rank :      566
     Total           time :  179.217819 (SYPD:     1.310 ) on MPI rank :      566
     Computing       time :    0.000000                    on MPI rank :      567
     Waiting lbc_lnk time :    0.000000 ( 0.0 %)           on MPI rank :      567
     Waiting  global time :    0.000000 ( 0.0 %)           on MPI rank :      567
     Total           time :  179.218696 (SYPD:     1.310 ) on MPI rank :      567
     Computing       time :    0.000000                    on MPI rank :      568
     Waiting lbc_lnk time :    0.000000 ( 0.0 %)           on MPI rank :      568
     Waiting  global time :    0.000000 ( 0.0 %)           on MPI rank :      568
     Total           time :  179.218368 (SYPD:     1.310 ) on MPI rank :      568
     Computing       time :    0.000000                    on MPI rank :      569
     Waiting lbc_lnk time :    0.000000 ( 0.0 %)           on MPI rank :      569
     Waiting  global time :    0.000000 ( 0.0 %)           on MPI rank :      569
     Total           time :  179.218601 (SYPD:     1.310 ) on MPI rank :      569
     Computing       time :    0.000000                    on MPI rank :      570
     Waiting lbc_lnk time :    0.000000 ( 0.0 %)           on MPI rank :      570
     Waiting  global time :    0.000000 ( 0.0 %)           on MPI rank :      570
     Total           time :  179.218208 (SYPD:     1.310 ) on MPI rank :      570
     Computing       time :    0.000000                    on MPI rank :      571
     Waiting lbc_lnk time :    0.000000 ( 0.0 %)           on MPI rank :      571
     Waiting  global time :    0.000000 ( 0.0 %)           on MPI rank :      571
     Total           time :  179.218303 (SYPD:     1.310 ) on MPI rank :      571
     Computing       time :    0.000000                    on MPI rank :      572
     Waiting lbc_lnk time :    0.000000 ( 0.0 %)           on MPI rank :      572
     Waiting  global time :    0.000000 ( 0.0 %)           on MPI rank :      572
     Total           time :  179.218403 (SYPD:     1.310 ) on MPI rank :      572
     Computing       time :    0.000000                    on MPI rank :      573
     Waiting lbc_lnk time :    0.000000 ( 0.0 %)           on MPI rank :      573
     Waiting  global time :    0.000000 ( 0.0 %)           on MPI rank :      573
     Total           time :  179.218124 (SYPD:     1.310 ) on MPI rank :      573
     Computing       time :    0.000000                    on MPI rank :      574
     Waiting lbc_lnk time :    0.000000 ( 0.0 %)           on MPI rank :      574
     Waiting  global time :    0.000000 ( 0.0 %)           on MPI rank :      574
     Total           time :  179.218025 (SYPD:     1.310 ) on MPI rank :      574
     Computing       time :    0.000000                    on MPI rank :      575
     Waiting lbc_lnk time :    0.000000 ( 0.0 %)           on MPI rank :      575
     Waiting  global time :    0.000000 ( 0.0 %)           on MPI rank :      575
     Total           time :  179.217990 (SYPD:     1.310 ) on MPI rank :      575
     Computing       time :    0.000000                    on MPI rank :      576
     Waiting lbc_lnk time :    0.000000 ( 0.0 %)           on MPI rank :      576
     Waiting  global time :    0.000000 ( 0.0 %)           on MPI rank :      576
     Total           time :  179.218840 (SYPD:     1.310 ) on MPI rank :      576
     Computing       time :    0.000000                    on MPI rank :      577
     Waiting lbc_lnk time :    0.000000 ( 0.0 %)           on MPI rank :      577
     Waiting  global time :    0.000000 ( 0.0 %)           on MPI rank :      577
     Total           time :  179.218615 (SYPD:     1.310 ) on MPI rank :      577
     Computing       time :    0.000000                    on MPI rank :      578
     Waiting lbc_lnk time :    0.000000 ( 0.0 %)           on MPI rank :      578
     Waiting  global time :    0.000000 ( 0.0 %)           on MPI rank :      578
     Total           time :  179.218412 (SYPD:     1.310 ) on MPI rank :      578
     Computing       time :    0.000000                    on MPI rank :      579
     Waiting lbc_lnk time :    0.000000 ( 0.0 %)           on MPI rank :      579
     Waiting  global time :    0.000000 ( 0.0 %)           on MPI rank :      579
     Total           time :  179.219194 (SYPD:     1.310 ) on MPI rank :      579
     Computing       time :    0.000000                    on MPI rank :      580
     Waiting lbc_lnk time :    0.000000 ( 0.0 %)           on MPI rank :      580
     Waiting  global time :    0.000000 ( 0.0 %)           on MPI rank :      580
     Total           time :  179.218755 (SYPD:     1.310 ) on MPI rank :      580
     Computing       time :    0.000000                    on MPI rank :      581
     Waiting lbc_lnk time :    0.000000 ( 0.0 %)           on MPI rank :      581
     Waiting  global time :    0.000000 ( 0.0 %)           on MPI rank :      581
     Total           time :  179.217679 (SYPD:     1.310 ) on MPI rank :      581
     Computing       time :    0.000000                    on MPI rank :      582
     Waiting lbc_lnk time :    0.000000 ( 0.0 %)           on MPI rank :      582
     Waiting  global time :    0.000000 ( 0.0 %)           on MPI rank :      582
     Total           time :  179.218144 (SYPD:     1.310 ) on MPI rank :      582
     Computing       time :    0.000000                    on MPI rank :      583
     Waiting lbc_lnk time :    0.000000 ( 0.0 %)           on MPI rank :      583
     Waiting  global time :    0.000000 ( 0.0 %)           on MPI rank :      583
     Total           time :  179.218468 (SYPD:     1.310 ) on MPI rank :      583
     Computing       time :    0.000000                    on MPI rank :      584
     Waiting lbc_lnk time :    0.000000 ( 0.0 %)           on MPI rank :      584
     Waiting  global time :    0.000000 ( 0.0 %)           on MPI rank :      584
     Total           time :  179.218130 (SYPD:     1.310 ) on MPI rank :      584
     Computing       time :    0.000000                    on MPI rank :      585
     Waiting lbc_lnk time :    0.000000 ( 0.0 %)           on MPI rank :      585
     Waiting  global time :    0.000000 ( 0.0 %)           on MPI rank :      585
     Total           time :  179.218590 (SYPD:     1.310 ) on MPI rank :      585
     Computing       time :    0.000000                    on MPI rank :      586
     Waiting lbc_lnk time :    0.000000 ( 0.0 %)           on MPI rank :      586
     Waiting  global time :    0.000000 ( 0.0 %)           on MPI rank :      586
     Total           time :  179.218765 (SYPD:     1.310 ) on MPI rank :      586
     Computing       time :    0.000000                    on MPI rank :      587
     Waiting lbc_lnk time :    0.000000 ( 0.0 %)           on MPI rank :      587
     Waiting  global time :    0.000000 ( 0.0 %)           on MPI rank :      587
     Total           time :  179.218750 (SYPD:     1.310 ) on MPI rank :      587
     Computing       time :    0.000000                    on MPI rank :      588
     Waiting lbc_lnk time :    0.000000 ( 0.0 %)           on MPI rank :      588
     Waiting  global time :    0.000000 ( 0.0 %)           on MPI rank :      588
     Total           time :  179.218824 (SYPD:     1.310 ) on MPI rank :      588
     Computing       time :    0.000000                    on MPI rank :      589
     Waiting lbc_lnk time :    0.000000 ( 0.0 %)           on MPI rank :      589
     Waiting  global time :    0.000000 ( 0.0 %)           on MPI rank :      589
     Total           time :  179.217706 (SYPD:     1.310 ) on MPI rank :      589
     Computing       time :    0.000000                    on MPI rank :      590
     Waiting lbc_lnk time :    0.000000 ( 0.0 %)           on MPI rank :      590
     Waiting  global time :    0.000000 ( 0.0 %)           on MPI rank :      590
     Total           time :  179.218648 (SYPD:     1.310 ) on MPI rank :      590
     Computing       time :    0.000000                    on MPI rank :      591
     Waiting lbc_lnk time :    0.000000 ( 0.0 %)           on MPI rank :      591
     Waiting  global time :    0.000000 ( 0.0 %)           on MPI rank :      591
     Total           time :  179.217941 (SYPD:     1.310 ) on MPI rank :      591
     Computing       time :    0.000000                    on MPI rank :      592
     Waiting lbc_lnk time :    0.000000 ( 0.0 %)           on MPI rank :      592
     Waiting  global time :    0.000000 ( 0.0 %)           on MPI rank :      592
     Total           time :  179.218900 (SYPD:     1.310 ) on MPI rank :      592
     Computing       time :    0.000000                    on MPI rank :      593
     Waiting lbc_lnk time :    0.000000 ( 0.0 %)           on MPI rank :      593
     Waiting  global time :    0.000000 ( 0.0 %)           on MPI rank :      593
     Total           time :  179.217932 (SYPD:     1.310 ) on MPI rank :      593
     Computing       time :    0.000000                    on MPI rank :      594
     Waiting lbc_lnk time :    0.000000 ( 0.0 %)           on MPI rank :      594
     Waiting  global time :    0.000000 ( 0.0 %)           on MPI rank :      594
     Total           time :  179.218658 (SYPD:     1.310 ) on MPI rank :      594
     Computing       time :    0.000000                    on MPI rank :      595
     Waiting lbc_lnk time :    0.000000 ( 0.0 %)           on MPI rank :      595
     Waiting  global time :    0.000000 ( 0.0 %)           on MPI rank :      595
     Total           time :  179.218662 (SYPD:     1.310 ) on MPI rank :      595
     Computing       time :    0.000000                    on MPI rank :      596
     Waiting lbc_lnk time :    0.000000 ( 0.0 %)           on MPI rank :      596
     Waiting  global time :    0.000000 ( 0.0 %)           on MPI rank :      596
     Total           time :  179.218638 (SYPD:     1.310 ) on MPI rank :      596
     Computing       time :    0.000000                    on MPI rank :      597
     Waiting lbc_lnk time :    0.000000 ( 0.0 %)           on MPI rank :      597
     Waiting  global time :    0.000000 ( 0.0 %)           on MPI rank :      597
     Total           time :  179.218336 (SYPD:     1.310 ) on MPI rank :      597
     Computing       time :    0.000000                    on MPI rank :      598
     Waiting lbc_lnk time :    0.000000 ( 0.0 %)           on MPI rank :      598
     Waiting  global time :    0.000000 ( 0.0 %)           on MPI rank :      598
     Total           time :  179.218162 (SYPD:     1.310 ) on MPI rank :      598
     Computing       time :    0.000000                    on MPI rank :      599
     Waiting lbc_lnk time :    0.000000 ( 0.0 %)           on MPI rank :      599
     Waiting  global time :    0.000000 ( 0.0 %)           on MPI rank :      599
     Total           time :  179.218275 (SYPD:     1.310 ) on MPI rank :      599
     Computing       time :    0.000000                    on MPI rank :      600
     Waiting lbc_lnk time :    0.000000 ( 0.0 %)           on MPI rank :      600
     Waiting  global time :    0.000000 ( 0.0 %)           on MPI rank :      600
     Total           time :  179.218734 (SYPD:     1.310 ) on MPI rank :      600
     Computing       time :    0.000000                    on MPI rank :      601
     Waiting lbc_lnk time :    0.000000 ( 0.0 %)           on MPI rank :      601
     Waiting  global time :    0.000000 ( 0.0 %)           on MPI rank :      601
     Total           time :  179.218238 (SYPD:     1.310 ) on MPI rank :      601
     Computing       time :    0.000000                    on MPI rank :      602
     Waiting lbc_lnk time :    0.000000 ( 0.0 %)           on MPI rank :      602
     Waiting  global time :    0.000000 ( 0.0 %)           on MPI rank :      602
     Total           time :  179.218865 (SYPD:     1.310 ) on MPI rank :      602
     Computing       time :    0.000000                    on MPI rank :      603
     Waiting lbc_lnk time :    0.000000 ( 0.0 %)           on MPI rank :      603
     Waiting  global time :    0.000000 ( 0.0 %)           on MPI rank :      603
     Total           time :  179.218298 (SYPD:     1.310 ) on MPI rank :      603
     Computing       time :    0.000000                    on MPI rank :      604
     Waiting lbc_lnk time :    0.000000 ( 0.0 %)           on MPI rank :      604
     Waiting  global time :    0.000000 ( 0.0 %)           on MPI rank :      604
     Total           time :  179.219033 (SYPD:     1.310 ) on MPI rank :      604
     Computing       time :    0.000000                    on MPI rank :      605
     Waiting lbc_lnk time :    0.000000 ( 0.0 %)           on MPI rank :      605
     Waiting  global time :    0.000000 ( 0.0 %)           on MPI rank :      605
     Total           time :  179.218616 (SYPD:     1.310 ) on MPI rank :      605
     Computing       time :    0.000000                    on MPI rank :      606
     Waiting lbc_lnk time :    0.000000 ( 0.0 %)           on MPI rank :      606
     Waiting  global time :    0.000000 ( 0.0 %)           on MPI rank :      606
     Total           time :  179.218123 (SYPD:     1.310 ) on MPI rank :      606
     Computing       time :    0.000000                    on MPI rank :      607
     Waiting lbc_lnk time :    0.000000 ( 0.0 %)           on MPI rank :      607
     Waiting  global time :    0.000000 ( 0.0 %)           on MPI rank :      607
     Total           time :  179.218252 (SYPD:     1.310 ) on MPI rank :      607
     Computing       time :    0.000000                    on MPI rank :      608
     Waiting lbc_lnk time :    0.000000 ( 0.0 %)           on MPI rank :      608
     Waiting  global time :    0.000000 ( 0.0 %)           on MPI rank :      608
     Total           time :  179.210284 (SYPD:     1.310 ) on MPI rank :      608
     Computing       time :    0.000000                    on MPI rank :      609
     Waiting lbc_lnk time :    0.000000 ( 0.0 %)           on MPI rank :      609
     Waiting  global time :    0.000000 ( 0.0 %)           on MPI rank :      609
     Total           time :  179.218444 (SYPD:     1.310 ) on MPI rank :      609
     Computing       time :    0.000000                    on MPI rank :      610
     Waiting lbc_lnk time :    0.000000 ( 0.0 %)           on MPI rank :      610
     Waiting  global time :    0.000000 ( 0.0 %)           on MPI rank :      610
     Total           time :  179.219130 (SYPD:     1.310 ) on MPI rank :      610
     Computing       time :    0.000000                    on MPI rank :      611
     Waiting lbc_lnk time :    0.000000 ( 0.0 %)           on MPI rank :      611
     Waiting  global time :    0.000000 ( 0.0 %)           on MPI rank :      611
     Total           time :  179.218741 (SYPD:     1.310 ) on MPI rank :      611
     Computing       time :    0.000000                    on MPI rank :      612
     Waiting lbc_lnk time :    0.000000 ( 0.0 %)           on MPI rank :      612
     Waiting  global time :    0.000000 ( 0.0 %)           on MPI rank :      612
     Total           time :  179.218304 (SYPD:     1.310 ) on MPI rank :      612
     Computing       time :    0.000000                    on MPI rank :      613
     Waiting lbc_lnk time :    0.000000 ( 0.0 %)           on MPI rank :      613
     Waiting  global time :    0.000000 ( 0.0 %)           on MPI rank :      613
     Total           time :  179.179040 (SYPD:     1.310 ) on MPI rank :      613
     Computing       time :    0.000000                    on MPI rank :      614
     Waiting lbc_lnk time :    0.000000 ( 0.0 %)           on MPI rank :      614
     Waiting  global time :    0.000000 ( 0.0 %)           on MPI rank :      614
     Total           time :  179.218674 (SYPD:     1.310 ) on MPI rank :      614
     Computing       time :    0.000000                    on MPI rank :      615
     Waiting lbc_lnk time :    0.000000 ( 0.0 %)           on MPI rank :      615
     Waiting  global time :    0.000000 ( 0.0 %)           on MPI rank :      615
     Total           time :  179.218012 (SYPD:     1.310 ) on MPI rank :      615
     Computing       time :    0.000000                    on MPI rank :      616
     Waiting lbc_lnk time :    0.000000 ( 0.0 %)           on MPI rank :      616
     Waiting  global time :    0.000000 ( 0.0 %)           on MPI rank :      616
     Total           time :  179.210292 (SYPD:     1.310 ) on MPI rank :      616
     Computing       time :    0.000000                    on MPI rank :      617
     Waiting lbc_lnk time :    0.000000 ( 0.0 %)           on MPI rank :      617
     Waiting  global time :    0.000000 ( 0.0 %)           on MPI rank :      617
     Total           time :  179.218534 (SYPD:     1.310 ) on MPI rank :      617
     Computing       time :    0.000000                    on MPI rank :      618
     Waiting lbc_lnk time :    0.000000 ( 0.0 %)           on MPI rank :      618
     Waiting  global time :    0.000000 ( 0.0 %)           on MPI rank :      618
     Total           time :  179.218108 (SYPD:     1.310 ) on MPI rank :      618
     Computing       time :    0.000000                    on MPI rank :      619
     Waiting lbc_lnk time :    0.000000 ( 0.0 %)           on MPI rank :      619
     Waiting  global time :    0.000000 ( 0.0 %)           on MPI rank :      619
     Total           time :  179.218350 (SYPD:     1.310 ) on MPI rank :      619
     Computing       time :    0.000000                    on MPI rank :      620
     Waiting lbc_lnk time :    0.000000 ( 0.0 %)           on MPI rank :      620
     Waiting  global time :    0.000000 ( 0.0 %)           on MPI rank :      620
     Total           time :  179.218366 (SYPD:     1.310 ) on MPI rank :      620
     Computing       time :    0.000000                    on MPI rank :      621
     Waiting lbc_lnk time :    0.000000 ( 0.0 %)           on MPI rank :      621
     Waiting  global time :    0.000000 ( 0.0 %)           on MPI rank :      621
     Total           time :  179.218050 (SYPD:     1.310 ) on MPI rank :      621
     Computing       time :    0.000000                    on MPI rank :      622
     Waiting lbc_lnk time :    0.000000 ( 0.0 %)           on MPI rank :      622
     Waiting  global time :    0.000000 ( 0.0 %)           on MPI rank :      622
     Total           time :  179.218397 (SYPD:     1.310 ) on MPI rank :      622
     Computing       time :    0.000000                    on MPI rank :      623
     Waiting lbc_lnk time :    0.000000 ( 0.0 %)           on MPI rank :      623
     Waiting  global time :    0.000000 ( 0.0 %)           on MPI rank :      623
     Total           time :  179.218446 (SYPD:     1.310 ) on MPI rank :      623
     Computing       time :    0.000000                    on MPI rank :      624
     Waiting lbc_lnk time :    0.000000 ( 0.0 %)           on MPI rank :      624
     Waiting  global time :    0.000000 ( 0.0 %)           on MPI rank :      624
     Total           time :  179.218621 (SYPD:     1.310 ) on MPI rank :      624
     Computing       time :    0.000000                    on MPI rank :      625
     Waiting lbc_lnk time :    0.000000 ( 0.0 %)           on MPI rank :      625
     Waiting  global time :    0.000000 ( 0.0 %)           on MPI rank :      625
     Total           time :  179.218443 (SYPD:     1.310 ) on MPI rank :      625
     Computing       time :    0.000000                    on MPI rank :      626
     Waiting lbc_lnk time :    0.000000 ( 0.0 %)           on MPI rank :      626
     Waiting  global time :    0.000000 ( 0.0 %)           on MPI rank :      626
     Total           time :  179.217977 (SYPD:     1.310 ) on MPI rank :      626
     Computing       time :    0.000000                    on MPI rank :      627
     Waiting lbc_lnk time :    0.000000 ( 0.0 %)           on MPI rank :      627
     Waiting  global time :    0.000000 ( 0.0 %)           on MPI rank :      627
     Total           time :  179.218848 (SYPD:     1.310 ) on MPI rank :      627
     Computing       time :    0.000000                    on MPI rank :      628
     Waiting lbc_lnk time :    0.000000 ( 0.0 %)           on MPI rank :      628
     Waiting  global time :    0.000000 ( 0.0 %)           on MPI rank :      628
     Total           time :  179.218519 (SYPD:     1.310 ) on MPI rank :      628
     Computing       time :    0.000000                    on MPI rank :      629
     Waiting lbc_lnk time :    0.000000 ( 0.0 %)           on MPI rank :      629
     Waiting  global time :    0.000000 ( 0.0 %)           on MPI rank :      629
     Total           time :  179.218509 (SYPD:     1.310 ) on MPI rank :      629
     Computing       time :    0.000000                    on MPI rank :      630
     Waiting lbc_lnk time :    0.000000 ( 0.0 %)           on MPI rank :      630
     Waiting  global time :    0.000000 ( 0.0 %)           on MPI rank :      630
     Total           time :  179.217867 (SYPD:     1.310 ) on MPI rank :      630
     Computing       time :    0.000000                    on MPI rank :      631
     Waiting lbc_lnk time :    0.000000 ( 0.0 %)           on MPI rank :      631
     Waiting  global time :    0.000000 ( 0.0 %)           on MPI rank :      631
     Total           time :  179.218519 (SYPD:     1.310 ) on MPI rank :      631
     Computing       time :    0.000000                    on MPI rank :      632
     Waiting lbc_lnk time :    0.000000 ( 0.0 %)           on MPI rank :      632
     Waiting  global time :    0.000000 ( 0.0 %)           on MPI rank :      632
     Total           time :  179.218203 (SYPD:     1.310 ) on MPI rank :      632
     Computing       time :    0.000000                    on MPI rank :      633
     Waiting lbc_lnk time :    0.000000 ( 0.0 %)           on MPI rank :      633
     Waiting  global time :    0.000000 ( 0.0 %)           on MPI rank :      633
     Total           time :  179.218152 (SYPD:     1.310 ) on MPI rank :      633
     Computing       time :    0.000000                    on MPI rank :      634
     Waiting lbc_lnk time :    0.000000 ( 0.0 %)           on MPI rank :      634
     Waiting  global time :    0.000000 ( 0.0 %)           on MPI rank :      634
     Total           time :  179.218262 (SYPD:     1.310 ) on MPI rank :      634
     Computing       time :    0.000000                    on MPI rank :      635
     Waiting lbc_lnk time :    0.000000 ( 0.0 %)           on MPI rank :      635
     Waiting  global time :    0.000000 ( 0.0 %)           on MPI rank :      635
     Total           time :  179.218085 (SYPD:     1.310 ) on MPI rank :      635
     Computing       time :    0.000000                    on MPI rank :      636
     Waiting lbc_lnk time :    0.000000 ( 0.0 %)           on MPI rank :      636
     Waiting  global time :    0.000000 ( 0.0 %)           on MPI rank :      636
     Total           time :  179.218369 (SYPD:     1.310 ) on MPI rank :      636
     Computing       time :    0.000000                    on MPI rank :      637
     Waiting lbc_lnk time :    0.000000 ( 0.0 %)           on MPI rank :      637
     Waiting  global time :    0.000000 ( 0.0 %)           on MPI rank :      637
     Total           time :  179.218680 (SYPD:     1.310 ) on MPI rank :      637
     Computing       time :    0.000000                    on MPI rank :      638
     Waiting lbc_lnk time :    0.000000 ( 0.0 %)           on MPI rank :      638
     Waiting  global time :    0.000000 ( 0.0 %)           on MPI rank :      638
     Total           time :  179.218002 (SYPD:     1.310 ) on MPI rank :      638
     Computing       time :    0.000000                    on MPI rank :      639
     Waiting lbc_lnk time :    0.000000 ( 0.0 %)           on MPI rank :      639
     Waiting  global time :    0.000000 ( 0.0 %)           on MPI rank :      639
     Total           time :  179.218405 (SYPD:     1.310 ) on MPI rank :      639
     Computing       time :    0.000000                    on MPI rank :      640
     Waiting lbc_lnk time :    0.000000 ( 0.0 %)           on MPI rank :      640
     Waiting  global time :    0.000000 ( 0.0 %)           on MPI rank :      640
     Total           time :  179.218611 (SYPD:     1.310 ) on MPI rank :      640
     Computing       time :    0.000000                    on MPI rank :      641
     Waiting lbc_lnk time :    0.000000 ( 0.0 %)           on MPI rank :      641
     Waiting  global time :    0.000000 ( 0.0 %)           on MPI rank :      641
     Total           time :  179.218266 (SYPD:     1.310 ) on MPI rank :      641
     Computing       time :    0.000000                    on MPI rank :      642
     Waiting lbc_lnk time :    0.000000 ( 0.0 %)           on MPI rank :      642
     Waiting  global time :    0.000000 ( 0.0 %)           on MPI rank :      642
     Total           time :  179.218065 (SYPD:     1.310 ) on MPI rank :      642
     Computing       time :    0.000000                    on MPI rank :      643
     Waiting lbc_lnk time :    0.000000 ( 0.0 %)           on MPI rank :      643
     Waiting  global time :    0.000000 ( 0.0 %)           on MPI rank :      643
     Total           time :  179.218345 (SYPD:     1.310 ) on MPI rank :      643
     Computing       time :    0.000000                    on MPI rank :      644
     Waiting lbc_lnk time :    0.000000 ( 0.0 %)           on MPI rank :      644
     Waiting  global time :    0.000000 ( 0.0 %)           on MPI rank :      644
     Total           time :  179.217602 (SYPD:     1.310 ) on MPI rank :      644
     Computing       time :    0.000000                    on MPI rank :      645
     Waiting lbc_lnk time :    0.000000 ( 0.0 %)           on MPI rank :      645
     Waiting  global time :    0.000000 ( 0.0 %)           on MPI rank :      645
     Total           time :  179.218939 (SYPD:     1.310 ) on MPI rank :      645
     Computing       time :    0.000000                    on MPI rank :      646
     Waiting lbc_lnk time :    0.000000 ( 0.0 %)           on MPI rank :      646
     Waiting  global time :    0.000000 ( 0.0 %)           on MPI rank :      646
     Total           time :  179.218083 (SYPD:     1.310 ) on MPI rank :      646
     Computing       time :    0.000000                    on MPI rank :      647
     Waiting lbc_lnk time :    0.000000 ( 0.0 %)           on MPI rank :      647
     Waiting  global time :    0.000000 ( 0.0 %)           on MPI rank :      647
     Total           time :  179.218756 (SYPD:     1.310 ) on MPI rank :      647
     Computing       time :    0.000000                    on MPI rank :      648
     Waiting lbc_lnk time :    0.000000 ( 0.0 %)           on MPI rank :      648
     Waiting  global time :    0.000000 ( 0.0 %)           on MPI rank :      648
     Total           time :  179.218799 (SYPD:     1.310 ) on MPI rank :      648
     Computing       time :    0.000000                    on MPI rank :      649
     Waiting lbc_lnk time :    0.000000 ( 0.0 %)           on MPI rank :      649
     Waiting  global time :    0.000000 ( 0.0 %)           on MPI rank :      649
     Total           time :  179.217820 (SYPD:     1.310 ) on MPI rank :      649
     Computing       time :    0.000000                    on MPI rank :      650
     Waiting lbc_lnk time :    0.000000 ( 0.0 %)           on MPI rank :      650
     Waiting  global time :    0.000000 ( 0.0 %)           on MPI rank :      650
     Total           time :  179.218487 (SYPD:     1.310 ) on MPI rank :      650
     Computing       time :    0.000000                    on MPI rank :      651
     Waiting lbc_lnk time :    0.000000 ( 0.0 %)           on MPI rank :      651
     Waiting  global time :    0.000000 ( 0.0 %)           on MPI rank :      651
     Total           time :  179.217773 (SYPD:     1.310 ) on MPI rank :      651
     Computing       time :    0.000000                    on MPI rank :      652
     Waiting lbc_lnk time :    0.000000 ( 0.0 %)           on MPI rank :      652
     Waiting  global time :    0.000000 ( 0.0 %)           on MPI rank :      652
     Total           time :  179.218311 (SYPD:     1.310 ) on MPI rank :      652
     Computing       time :    0.000000                    on MPI rank :      653
     Waiting lbc_lnk time :    0.000000 ( 0.0 %)           on MPI rank :      653
     Waiting  global time :    0.000000 ( 0.0 %)           on MPI rank :      653
     Total           time :  179.218272 (SYPD:     1.310 ) on MPI rank :      653
     Computing       time :    0.000000                    on MPI rank :      654
     Waiting lbc_lnk time :    0.000000 ( 0.0 %)           on MPI rank :      654
     Waiting  global time :    0.000000 ( 0.0 %)           on MPI rank :      654
     Total           time :  179.218755 (SYPD:     1.310 ) on MPI rank :      654
     Computing       time :    0.000000                    on MPI rank :      655
     Waiting lbc_lnk time :    0.000000 ( 0.0 %)           on MPI rank :      655
     Waiting  global time :    0.000000 ( 0.0 %)           on MPI rank :      655
     Total           time :  179.218708 (SYPD:     1.310 ) on MPI rank :      655
     Computing       time :    0.000000                    on MPI rank :      656
     Waiting lbc_lnk time :    0.000000 ( 0.0 %)           on MPI rank :      656
     Waiting  global time :    0.000000 ( 0.0 %)           on MPI rank :      656
     Total           time :  179.218552 (SYPD:     1.310 ) on MPI rank :      656
     Computing       time :    0.000000                    on MPI rank :      657
     Waiting lbc_lnk time :    0.000000 ( 0.0 %)           on MPI rank :      657
     Waiting  global time :    0.000000 ( 0.0 %)           on MPI rank :      657
     Total           time :  179.218576 (SYPD:     1.310 ) on MPI rank :      657
     Computing       time :    0.000000                    on MPI rank :      658
     Waiting lbc_lnk time :    0.000000 ( 0.0 %)           on MPI rank :      658
     Waiting  global time :    0.000000 ( 0.0 %)           on MPI rank :      658
     Total           time :  179.218125 (SYPD:     1.310 ) on MPI rank :      658
     Computing       time :    0.000000                    on MPI rank :      659
     Waiting lbc_lnk time :    0.000000 ( 0.0 %)           on MPI rank :      659
     Waiting  global time :    0.000000 ( 0.0 %)           on MPI rank :      659
     Total           time :  179.217851 (SYPD:     1.310 ) on MPI rank :      659
     Computing       time :    0.000000                    on MPI rank :      660
     Waiting lbc_lnk time :    0.000000 ( 0.0 %)           on MPI rank :      660
     Waiting  global time :    0.000000 ( 0.0 %)           on MPI rank :      660
     Total           time :  179.218005 (SYPD:     1.310 ) on MPI rank :      660
     Computing       time :    0.000000                    on MPI rank :      661
     Waiting lbc_lnk time :    0.000000 ( 0.0 %)           on MPI rank :      661
     Waiting  global time :    0.000000 ( 0.0 %)           on MPI rank :      661
     Total           time :  179.218705 (SYPD:     1.310 ) on MPI rank :      661
     Computing       time :    0.000000                    on MPI rank :      662
     Waiting lbc_lnk time :    0.000000 ( 0.0 %)           on MPI rank :      662
     Waiting  global time :    0.000000 ( 0.0 %)           on MPI rank :      662
     Total           time :  179.218617 (SYPD:     1.310 ) on MPI rank :      662
     Computing       time :    0.000000                    on MPI rank :      663
     Waiting lbc_lnk time :    0.000000 ( 0.0 %)           on MPI rank :      663
     Waiting  global time :    0.000000 ( 0.0 %)           on MPI rank :      663
     Total           time :  179.217991 (SYPD:     1.310 ) on MPI rank :      663
     Computing       time :    0.000000                    on MPI rank :      664
     Waiting lbc_lnk time :    0.000000 ( 0.0 %)           on MPI rank :      664
     Waiting  global time :    0.000000 ( 0.0 %)           on MPI rank :      664
     Total           time :  179.218485 (SYPD:     1.310 ) on MPI rank :      664
     Computing       time :    0.000000                    on MPI rank :      665
     Waiting lbc_lnk time :    0.000000 ( 0.0 %)           on MPI rank :      665
     Waiting  global time :    0.000000 ( 0.0 %)           on MPI rank :      665
     Total           time :  179.218295 (SYPD:     1.310 ) on MPI rank :      665
     Computing       time :    0.000000                    on MPI rank :      666
     Waiting lbc_lnk time :    0.000000 ( 0.0 %)           on MPI rank :      666
     Waiting  global time :    0.000000 ( 0.0 %)           on MPI rank :      666
     Total           time :  179.218324 (SYPD:     1.310 ) on MPI rank :      666
     Computing       time :    0.000000                    on MPI rank :      667
     Waiting lbc_lnk time :    0.000000 ( 0.0 %)           on MPI rank :      667
     Waiting  global time :    0.000000 ( 0.0 %)           on MPI rank :      667
     Total           time :  179.218879 (SYPD:     1.310 ) on MPI rank :      667
     Computing       time :    0.000000                    on MPI rank :      668
     Waiting lbc_lnk time :    0.000000 ( 0.0 %)           on MPI rank :      668
     Waiting  global time :    0.000000 ( 0.0 %)           on MPI rank :      668
     Total           time :  179.218290 (SYPD:     1.310 ) on MPI rank :      668
     Computing       time :    0.000000                    on MPI rank :      669
     Waiting lbc_lnk time :    0.000000 ( 0.0 %)           on MPI rank :      669
     Waiting  global time :    0.000000 ( 0.0 %)           on MPI rank :      669
     Total           time :  179.218087 (SYPD:     1.310 ) on MPI rank :      669
     Computing       time :    0.000000                    on MPI rank :      670
     Waiting lbc_lnk time :    0.000000 ( 0.0 %)           on MPI rank :      670
     Waiting  global time :    0.000000 ( 0.0 %)           on MPI rank :      670
     Total           time :  179.219087 (SYPD:     1.310 ) on MPI rank :      670
     Computing       time :    0.000000                    on MPI rank :      671
     Waiting lbc_lnk time :    0.000000 ( 0.0 %)           on MPI rank :      671
     Waiting  global time :    0.000000 ( 0.0 %)           on MPI rank :      671
     Total           time :  179.218032 (SYPD:     1.310 ) on MPI rank :      671
     Computing       time :    0.000000                    on MPI rank :      672
     Waiting lbc_lnk time :    0.000000 ( 0.0 %)           on MPI rank :      672
     Waiting  global time :    0.000000 ( 0.0 %)           on MPI rank :      672
     Total           time :  179.218579 (SYPD:     1.310 ) on MPI rank :      672
     Computing       time :    0.000000                    on MPI rank :      673
     Waiting lbc_lnk time :    0.000000 ( 0.0 %)           on MPI rank :      673
     Waiting  global time :    0.000000 ( 0.0 %)           on MPI rank :      673
     Total           time :  179.217853 (SYPD:     1.310 ) on MPI rank :      673
     Computing       time :    0.000000                    on MPI rank :      674
     Waiting lbc_lnk time :    0.000000 ( 0.0 %)           on MPI rank :      674
     Waiting  global time :    0.000000 ( 0.0 %)           on MPI rank :      674
     Total           time :  179.218159 (SYPD:     1.310 ) on MPI rank :      674
     Computing       time :    0.000000                    on MPI rank :      675
     Waiting lbc_lnk time :    0.000000 ( 0.0 %)           on MPI rank :      675
     Waiting  global time :    0.000000 ( 0.0 %)           on MPI rank :      675
     Total           time :  179.218383 (SYPD:     1.310 ) on MPI rank :      675
     Computing       time :    0.000000                    on MPI rank :      676
     Waiting lbc_lnk time :    0.000000 ( 0.0 %)           on MPI rank :      676
     Waiting  global time :    0.000000 ( 0.0 %)           on MPI rank :      676
     Total           time :  179.217997 (SYPD:     1.310 ) on MPI rank :      676
     Computing       time :    0.000000                    on MPI rank :      677
     Waiting lbc_lnk time :    0.000000 ( 0.0 %)           on MPI rank :      677
     Waiting  global time :    0.000000 ( 0.0 %)           on MPI rank :      677
     Total           time :  179.218225 (SYPD:     1.310 ) on MPI rank :      677
     Computing       time :    0.000000                    on MPI rank :      678
     Waiting lbc_lnk time :    0.000000 ( 0.0 %)           on MPI rank :      678
     Waiting  global time :    0.000000 ( 0.0 %)           on MPI rank :      678
     Total           time :  179.218204 (SYPD:     1.310 ) on MPI rank :      678
     Computing       time :    0.000000                    on MPI rank :      679
     Waiting lbc_lnk time :    0.000000 ( 0.0 %)           on MPI rank :      679
     Waiting  global time :    0.000000 ( 0.0 %)           on MPI rank :      679
     Total           time :  179.218292 (SYPD:     1.310 ) on MPI rank :      679
     Computing       time :    0.000000                    on MPI rank :      680
     Waiting lbc_lnk time :    0.000000 ( 0.0 %)           on MPI rank :      680
     Waiting  global time :    0.000000 ( 0.0 %)           on MPI rank :      680
     Total           time :  179.218503 (SYPD:     1.310 ) on MPI rank :      680
     Computing       time :    0.000000                    on MPI rank :      681
     Waiting lbc_lnk time :    0.000000 ( 0.0 %)           on MPI rank :      681
     Waiting  global time :    0.000000 ( 0.0 %)           on MPI rank :      681
     Total           time :  179.217762 (SYPD:     1.310 ) on MPI rank :      681
     Computing       time :    0.000000                    on MPI rank :      682
     Waiting lbc_lnk time :    0.000000 ( 0.0 %)           on MPI rank :      682
     Waiting  global time :    0.000000 ( 0.0 %)           on MPI rank :      682
     Total           time :  179.218508 (SYPD:     1.310 ) on MPI rank :      682
     Computing       time :    0.000000                    on MPI rank :      683
     Waiting lbc_lnk time :    0.000000 ( 0.0 %)           on MPI rank :      683
     Waiting  global time :    0.000000 ( 0.0 %)           on MPI rank :      683
     Total           time :  179.217864 (SYPD:     1.310 ) on MPI rank :      683
     Computing       time :    0.000000                    on MPI rank :      684
     Waiting lbc_lnk time :    0.000000 ( 0.0 %)           on MPI rank :      684
     Waiting  global time :    0.000000 ( 0.0 %)           on MPI rank :      684
     Total           time :  179.217897 (SYPD:     1.310 ) on MPI rank :      684
     Computing       time :    0.000000                    on MPI rank :      685
     Waiting lbc_lnk time :    0.000000 ( 0.0 %)           on MPI rank :      685
     Waiting  global time :    0.000000 ( 0.0 %)           on MPI rank :      685
     Total           time :  179.218092 (SYPD:     1.310 ) on MPI rank :      685
     Computing       time :    0.000000                    on MPI rank :      686
     Waiting lbc_lnk time :    0.000000 ( 0.0 %)           on MPI rank :      686
     Waiting  global time :    0.000000 ( 0.0 %)           on MPI rank :      686
     Total           time :  179.218084 (SYPD:     1.310 ) on MPI rank :      686
     Computing       time :    0.000000                    on MPI rank :      687
     Waiting lbc_lnk time :    0.000000 ( 0.0 %)           on MPI rank :      687
     Waiting  global time :    0.000000 ( 0.0 %)           on MPI rank :      687
     Total           time :  179.218525 (SYPD:     1.310 ) on MPI rank :      687
     Computing       time :    0.000000                    on MPI rank :      688
     Waiting lbc_lnk time :    0.000000 ( 0.0 %)           on MPI rank :      688
     Waiting  global time :    0.000000 ( 0.0 %)           on MPI rank :      688
     Total           time :  179.217383 (SYPD:     1.310 ) on MPI rank :      688
     Computing       time :    0.000000                    on MPI rank :      689
     Waiting lbc_lnk time :    0.000000 ( 0.0 %)           on MPI rank :      689
     Waiting  global time :    0.000000 ( 0.0 %)           on MPI rank :      689
     Total           time :  179.217705 (SYPD:     1.310 ) on MPI rank :      689
     Computing       time :    0.000000                    on MPI rank :      690
     Waiting lbc_lnk time :    0.000000 ( 0.0 %)           on MPI rank :      690
     Waiting  global time :    0.000000 ( 0.0 %)           on MPI rank :      690
     Total           time :  179.218254 (SYPD:     1.310 ) on MPI rank :      690
     Computing       time :    0.000000                    on MPI rank :      691
     Waiting lbc_lnk time :    0.000000 ( 0.0 %)           on MPI rank :      691
     Waiting  global time :    0.000000 ( 0.0 %)           on MPI rank :      691
     Total           time :  179.217868 (SYPD:     1.310 ) on MPI rank :      691
     Computing       time :    0.000000                    on MPI rank :      692
     Waiting lbc_lnk time :    0.000000 ( 0.0 %)           on MPI rank :      692
     Waiting  global time :    0.000000 ( 0.0 %)           on MPI rank :      692
     Total           time :  179.217875 (SYPD:     1.310 ) on MPI rank :      692
     Computing       time :    0.000000                    on MPI rank :      693
     Waiting lbc_lnk time :    0.000000 ( 0.0 %)           on MPI rank :      693
     Waiting  global time :    0.000000 ( 0.0 %)           on MPI rank :      693
     Total           time :  179.218376 (SYPD:     1.310 ) on MPI rank :      693
     Computing       time :    0.000000                    on MPI rank :      694
     Waiting lbc_lnk time :    0.000000 ( 0.0 %)           on MPI rank :      694
     Waiting  global time :    0.000000 ( 0.0 %)           on MPI rank :      694
     Total           time :  179.217871 (SYPD:     1.310 ) on MPI rank :      694
     Computing       time :    0.000000                    on MPI rank :      695
     Waiting lbc_lnk time :    0.000000 ( 0.0 %)           on MPI rank :      695
     Waiting  global time :    0.000000 ( 0.0 %)           on MPI rank :      695
     Total           time :  179.218834 (SYPD:     1.310 ) on MPI rank :      695
     Computing       time :    0.000000                    on MPI rank :      696
     Waiting lbc_lnk time :    0.000000 ( 0.0 %)           on MPI rank :      696
     Waiting  global time :    0.000000 ( 0.0 %)           on MPI rank :      696
     Total           time :  179.217873 (SYPD:     1.310 ) on MPI rank :      696
     Computing       time :    0.000000                    on MPI rank :      697
     Waiting lbc_lnk time :    0.000000 ( 0.0 %)           on MPI rank :      697
     Waiting  global time :    0.000000 ( 0.0 %)           on MPI rank :      697
     Total           time :  179.218323 (SYPD:     1.310 ) on MPI rank :      697
     Computing       time :    0.000000                    on MPI rank :      698
     Waiting lbc_lnk time :    0.000000 ( 0.0 %)           on MPI rank :      698
     Waiting  global time :    0.000000 ( 0.0 %)           on MPI rank :      698
     Total           time :  179.218000 (SYPD:     1.310 ) on MPI rank :      698
     Computing       time :    0.000000                    on MPI rank :      699
     Waiting lbc_lnk time :    0.000000 ( 0.0 %)           on MPI rank :      699
     Waiting  global time :    0.000000 ( 0.0 %)           on MPI rank :      699
     Total           time :  179.217896 (SYPD:     1.310 ) on MPI rank :      699
     Computing       time :    0.000000                    on MPI rank :      700
     Waiting lbc_lnk time :    0.000000 ( 0.0 %)           on MPI rank :      700
     Waiting  global time :    0.000000 ( 0.0 %)           on MPI rank :      700
     Total           time :  179.217893 (SYPD:     1.310 ) on MPI rank :      700
     Computing       time :    0.000000                    on MPI rank :      701
     Waiting lbc_lnk time :    0.000000 ( 0.0 %)           on MPI rank :      701
     Waiting  global time :    0.000000 ( 0.0 %)           on MPI rank :      701
     Total           time :  179.217640 (SYPD:     1.310 ) on MPI rank :      701
     Computing       time :    0.000000                    on MPI rank :      702
     Waiting lbc_lnk time :    0.000000 ( 0.0 %)           on MPI rank :      702
     Waiting  global time :    0.000000 ( 0.0 %)           on MPI rank :      702
     Total           time :  179.218177 (SYPD:     1.310 ) on MPI rank :      702
     Computing       time :    0.000000                    on MPI rank :      703
     Waiting lbc_lnk time :    0.000000 ( 0.0 %)           on MPI rank :      703
     Waiting  global time :    0.000000 ( 0.0 %)           on MPI rank :      703
     Total           time :  179.218714 (SYPD:     1.310 ) on MPI rank :      703
     Computing       time :    0.000000                    on MPI rank :      704
     Waiting lbc_lnk time :    0.000000 ( 0.0 %)           on MPI rank :      704
     Waiting  global time :    0.000000 ( 0.0 %)           on MPI rank :      704
     Total           time :  179.218633 (SYPD:     1.310 ) on MPI rank :      704
     Computing       time :    0.000000                    on MPI rank :      705
     Waiting lbc_lnk time :    0.000000 ( 0.0 %)           on MPI rank :      705
     Waiting  global time :    0.000000 ( 0.0 %)           on MPI rank :      705
     Total           time :  179.218174 (SYPD:     1.310 ) on MPI rank :      705
     Computing       time :    0.000000                    on MPI rank :      706
     Waiting lbc_lnk time :    0.000000 ( 0.0 %)           on MPI rank :      706
     Waiting  global time :    0.000000 ( 0.0 %)           on MPI rank :      706
     Total           time :  179.218758 (SYPD:     1.310 ) on MPI rank :      706
     Computing       time :    0.000000                    on MPI rank :      707
     Waiting lbc_lnk time :    0.000000 ( 0.0 %)           on MPI rank :      707
     Waiting  global time :    0.000000 ( 0.0 %)           on MPI rank :      707
     Total           time :  179.218066 (SYPD:     1.310 ) on MPI rank :      707
     Computing       time :    0.000000                    on MPI rank :      708
     Waiting lbc_lnk time :    0.000000 ( 0.0 %)           on MPI rank :      708
     Waiting  global time :    0.000000 ( 0.0 %)           on MPI rank :      708
     Total           time :  179.218679 (SYPD:     1.310 ) on MPI rank :      708
     Computing       time :    0.000000                    on MPI rank :      709
     Waiting lbc_lnk time :    0.000000 ( 0.0 %)           on MPI rank :      709
     Waiting  global time :    0.000000 ( 0.0 %)           on MPI rank :      709
     Total           time :  179.219276 (SYPD:     1.310 ) on MPI rank :      709
     Computing       time :    0.000000                    on MPI rank :      710
     Waiting lbc_lnk time :    0.000000 ( 0.0 %)           on MPI rank :      710
     Waiting  global time :    0.000000 ( 0.0 %)           on MPI rank :      710
     Total           time :  179.212616 (SYPD:     1.310 ) on MPI rank :      710
     Computing       time :    0.000000                    on MPI rank :      711
     Waiting lbc_lnk time :    0.000000 ( 0.0 %)           on MPI rank :      711
     Waiting  global time :    0.000000 ( 0.0 %)           on MPI rank :      711
     Total           time :  179.218832 (SYPD:     1.310 ) on MPI rank :      711
     Computing       time :    0.000000                    on MPI rank :      712
     Waiting lbc_lnk time :    0.000000 ( 0.0 %)           on MPI rank :      712
     Waiting  global time :    0.000000 ( 0.0 %)           on MPI rank :      712
     Total           time :  179.219055 (SYPD:     1.310 ) on MPI rank :      712
     Computing       time :    0.000000                    on MPI rank :      713
     Waiting lbc_lnk time :    0.000000 ( 0.0 %)           on MPI rank :      713
     Waiting  global time :    0.000000 ( 0.0 %)           on MPI rank :      713
     Total           time :  179.219046 (SYPD:     1.310 ) on MPI rank :      713
     Computing       time :    0.000000                    on MPI rank :      714
     Waiting lbc_lnk time :    0.000000 ( 0.0 %)           on MPI rank :      714
     Waiting  global time :    0.000000 ( 0.0 %)           on MPI rank :      714
     Total           time :  179.218689 (SYPD:     1.310 ) on MPI rank :      714
     Computing       time :    0.000000                    on MPI rank :      715
     Waiting lbc_lnk time :    0.000000 ( 0.0 %)           on MPI rank :      715
     Waiting  global time :    0.000000 ( 0.0 %)           on MPI rank :      715
     Total           time :  179.218271 (SYPD:     1.310 ) on MPI rank :      715
     Computing       time :    0.000000                    on MPI rank :      716
     Waiting lbc_lnk time :    0.000000 ( 0.0 %)           on MPI rank :      716
     Waiting  global time :    0.000000 ( 0.0 %)           on MPI rank :      716
     Total           time :  179.217969 (SYPD:     1.310 ) on MPI rank :      716
     Computing       time :    0.000000                    on MPI rank :      717
     Waiting lbc_lnk time :    0.000000 ( 0.0 %)           on MPI rank :      717
     Waiting  global time :    0.000000 ( 0.0 %)           on MPI rank :      717
     Total           time :  179.218646 (SYPD:     1.310 ) on MPI rank :      717
     Computing       time :    0.000000                    on MPI rank :      718
     Waiting lbc_lnk time :    0.000000 ( 0.0 %)           on MPI rank :      718
     Waiting  global time :    0.000000 ( 0.0 %)           on MPI rank :      718
     Total           time :  179.218559 (SYPD:     1.310 ) on MPI rank :      718
     Computing       time :    0.000000                    on MPI rank :      719
     Waiting lbc_lnk time :    0.000000 ( 0.0 %)           on MPI rank :      719
     Waiting  global time :    0.000000 ( 0.0 %)           on MPI rank :      719
     Total           time :  179.217618 (SYPD:     1.310 ) on MPI rank :      719
     Computing       time :    0.000000                    on MPI rank :      720
     Waiting lbc_lnk time :    0.000000 ( 0.0 %)           on MPI rank :      720
     Waiting  global time :    0.000000 ( 0.0 %)           on MPI rank :      720
     Total           time :  179.218079 (SYPD:     1.310 ) on MPI rank :      720
     Computing       time :    0.000000                    on MPI rank :      721
     Waiting lbc_lnk time :    0.000000 ( 0.0 %)           on MPI rank :      721
     Waiting  global time :    0.000000 ( 0.0 %)           on MPI rank :      721
     Total           time :  179.218411 (SYPD:     1.310 ) on MPI rank :      721
     Computing       time :    0.000000                    on MPI rank :      722
     Waiting lbc_lnk time :    0.000000 ( 0.0 %)           on MPI rank :      722
     Waiting  global time :    0.000000 ( 0.0 %)           on MPI rank :      722
     Total           time :  179.218871 (SYPD:     1.310 ) on MPI rank :      722
     Computing       time :    0.000000                    on MPI rank :      723
     Waiting lbc_lnk time :    0.000000 ( 0.0 %)           on MPI rank :      723
     Waiting  global time :    0.000000 ( 0.0 %)           on MPI rank :      723
     Total           time :  179.218191 (SYPD:     1.310 ) on MPI rank :      723
     Computing       time :    0.000000                    on MPI rank :      724
     Waiting lbc_lnk time :    0.000000 ( 0.0 %)           on MPI rank :      724
     Waiting  global time :    0.000000 ( 0.0 %)           on MPI rank :      724
     Total           time :  179.218772 (SYPD:     1.310 ) on MPI rank :      724
     Computing       time :    0.000000                    on MPI rank :      725
     Waiting lbc_lnk time :    0.000000 ( 0.0 %)           on MPI rank :      725
     Waiting  global time :    0.000000 ( 0.0 %)           on MPI rank :      725
     Total           time :  179.218413 (SYPD:     1.310 ) on MPI rank :      725
     Computing       time :    0.000000                    on MPI rank :      726
     Waiting lbc_lnk time :    0.000000 ( 0.0 %)           on MPI rank :      726
     Waiting  global time :    0.000000 ( 0.0 %)           on MPI rank :      726
     Total           time :  179.218782 (SYPD:     1.310 ) on MPI rank :      726
     Computing       time :    0.000000                    on MPI rank :      727
     Waiting lbc_lnk time :    0.000000 ( 0.0 %)           on MPI rank :      727
     Waiting  global time :    0.000000 ( 0.0 %)           on MPI rank :      727
     Total           time :  179.218303 (SYPD:     1.310 ) on MPI rank :      727
     Computing       time :    0.000000                    on MPI rank :      728
     Waiting lbc_lnk time :    0.000000 ( 0.0 %)           on MPI rank :      728
     Waiting  global time :    0.000000 ( 0.0 %)           on MPI rank :      728
     Total           time :  179.218620 (SYPD:     1.310 ) on MPI rank :      728
     Computing       time :    0.000000                    on MPI rank :      729
     Waiting lbc_lnk time :    0.000000 ( 0.0 %)           on MPI rank :      729
     Waiting  global time :    0.000000 ( 0.0 %)           on MPI rank :      729
     Total           time :  179.217877 (SYPD:     1.310 ) on MPI rank :      729
     Computing       time :    0.000000                    on MPI rank :      730
     Waiting lbc_lnk time :    0.000000 ( 0.0 %)           on MPI rank :      730
     Waiting  global time :    0.000000 ( 0.0 %)           on MPI rank :      730
     Total           time :  179.217984 (SYPD:     1.310 ) on MPI rank :      730
     Computing       time :    0.000000                    on MPI rank :      731
     Waiting lbc_lnk time :    0.000000 ( 0.0 %)           on MPI rank :      731
     Waiting  global time :    0.000000 ( 0.0 %)           on MPI rank :      731
     Total           time :  179.217454 (SYPD:     1.310 ) on MPI rank :      731
     Computing       time :    0.000000                    on MPI rank :      732
     Waiting lbc_lnk time :    0.000000 ( 0.0 %)           on MPI rank :      732
     Waiting  global time :    0.000000 ( 0.0 %)           on MPI rank :      732
     Total           time :  179.218717 (SYPD:     1.310 ) on MPI rank :      732
     Computing       time :    0.000000                    on MPI rank :      733
     Waiting lbc_lnk time :    0.000000 ( 0.0 %)           on MPI rank :      733
     Waiting  global time :    0.000000 ( 0.0 %)           on MPI rank :      733
     Total           time :  179.218134 (SYPD:     1.310 ) on MPI rank :      733
     Computing       time :    0.000000                    on MPI rank :      734
     Waiting lbc_lnk time :    0.000000 ( 0.0 %)           on MPI rank :      734
     Waiting  global time :    0.000000 ( 0.0 %)           on MPI rank :      734
     Total           time :  179.218259 (SYPD:     1.310 ) on MPI rank :      734
     Computing       time :    0.000000                    on MPI rank :      735
     Waiting lbc_lnk time :    0.000000 ( 0.0 %)           on MPI rank :      735
     Waiting  global time :    0.000000 ( 0.0 %)           on MPI rank :      735
     Total           time :  179.218254 (SYPD:     1.310 ) on MPI rank :      735
     Computing       time :    0.000000                    on MPI rank :      736
     Waiting lbc_lnk time :    0.000000 ( 0.0 %)           on MPI rank :      736
     Waiting  global time :    0.000000 ( 0.0 %)           on MPI rank :      736
     Total           time :  179.219374 (SYPD:     1.310 ) on MPI rank :      736
     Computing       time :    0.000000                    on MPI rank :      737
     Waiting lbc_lnk time :    0.000000 ( 0.0 %)           on MPI rank :      737
     Waiting  global time :    0.000000 ( 0.0 %)           on MPI rank :      737
     Total           time :  179.218878 (SYPD:     1.310 ) on MPI rank :      737
     Computing       time :    0.000000                    on MPI rank :      738
     Waiting lbc_lnk time :    0.000000 ( 0.0 %)           on MPI rank :      738
     Waiting  global time :    0.000000 ( 0.0 %)           on MPI rank :      738
     Total           time :  179.218765 (SYPD:     1.310 ) on MPI rank :      738
     Computing       time :    0.000000                    on MPI rank :      739
     Waiting lbc_lnk time :    0.000000 ( 0.0 %)           on MPI rank :      739
     Waiting  global time :    0.000000 ( 0.0 %)           on MPI rank :      739
     Total           time :  179.217521 (SYPD:     1.310 ) on MPI rank :      739
     Computing       time :    0.000000                    on MPI rank :      740
     Waiting lbc_lnk time :    0.000000 ( 0.0 %)           on MPI rank :      740
     Waiting  global time :    0.000000 ( 0.0 %)           on MPI rank :      740
     Total           time :  179.218313 (SYPD:     1.310 ) on MPI rank :      740
     Computing       time :    0.000000                    on MPI rank :      741
     Waiting lbc_lnk time :    0.000000 ( 0.0 %)           on MPI rank :      741
     Waiting  global time :    0.000000 ( 0.0 %)           on MPI rank :      741
     Total           time :  179.218321 (SYPD:     1.310 ) on MPI rank :      741
     Computing       time :    0.000000                    on MPI rank :      742
     Waiting lbc_lnk time :    0.000000 ( 0.0 %)           on MPI rank :      742
     Waiting  global time :    0.000000 ( 0.0 %)           on MPI rank :      742
     Total           time :  179.217773 (SYPD:     1.310 ) on MPI rank :      742
     Computing       time :    0.000000                    on MPI rank :      743
     Waiting lbc_lnk time :    0.000000 ( 0.0 %)           on MPI rank :      743
     Waiting  global time :    0.000000 ( 0.0 %)           on MPI rank :      743
     Total           time :  179.218510 (SYPD:     1.310 ) on MPI rank :      743
     Computing       time :    0.000000                    on MPI rank :      744
     Waiting lbc_lnk time :    0.000000 ( 0.0 %)           on MPI rank :      744
     Waiting  global time :    0.000000 ( 0.0 %)           on MPI rank :      744
     Total           time :  179.217380 (SYPD:     1.310 ) on MPI rank :      744
     Computing       time :    0.000000                    on MPI rank :      745
     Waiting lbc_lnk time :    0.000000 ( 0.0 %)           on MPI rank :      745
     Waiting  global time :    0.000000 ( 0.0 %)           on MPI rank :      745
     Total           time :  179.218260 (SYPD:     1.310 ) on MPI rank :      745
     Computing       time :    0.000000                    on MPI rank :      746
     Waiting lbc_lnk time :    0.000000 ( 0.0 %)           on MPI rank :      746
     Waiting  global time :    0.000000 ( 0.0 %)           on MPI rank :      746
     Total           time :  179.218208 (SYPD:     1.310 ) on MPI rank :      746
     Computing       time :    0.000000                    on MPI rank :      747
     Waiting lbc_lnk time :    0.000000 ( 0.0 %)           on MPI rank :      747
     Waiting  global time :    0.000000 ( 0.0 %)           on MPI rank :      747
     Total           time :  179.217646 (SYPD:     1.310 ) on MPI rank :      747
     Computing       time :    0.000000                    on MPI rank :      748
     Waiting lbc_lnk time :    0.000000 ( 0.0 %)           on MPI rank :      748
     Waiting  global time :    0.000000 ( 0.0 %)           on MPI rank :      748
     Total           time :  179.217941 (SYPD:     1.310 ) on MPI rank :      748
     Computing       time :    0.000000                    on MPI rank :      749
     Waiting lbc_lnk time :    0.000000 ( 0.0 %)           on MPI rank :      749
     Waiting  global time :    0.000000 ( 0.0 %)           on MPI rank :      749
     Total           time :  179.218467 (SYPD:     1.310 ) on MPI rank :      749
     Computing       time :    0.000000                    on MPI rank :      750
     Waiting lbc_lnk time :    0.000000 ( 0.0 %)           on MPI rank :      750
     Waiting  global time :    0.000000 ( 0.0 %)           on MPI rank :      750
     Total           time :  179.218292 (SYPD:     1.310 ) on MPI rank :      750
     Computing       time :    0.000000                    on MPI rank :      751
     Waiting lbc_lnk time :    0.000000 ( 0.0 %)           on MPI rank :      751
     Waiting  global time :    0.000000 ( 0.0 %)           on MPI rank :      751
     Total           time :  179.218007 (SYPD:     1.310 ) on MPI rank :      751
     Computing       time :    0.000000                    on MPI rank :      752
     Waiting lbc_lnk time :    0.000000 ( 0.0 %)           on MPI rank :      752
     Waiting  global time :    0.000000 ( 0.0 %)           on MPI rank :      752
     Total           time :  179.218405 (SYPD:     1.310 ) on MPI rank :      752
     Computing       time :    0.000000                    on MPI rank :      753
     Waiting lbc_lnk time :    0.000000 ( 0.0 %)           on MPI rank :      753
     Waiting  global time :    0.000000 ( 0.0 %)           on MPI rank :      753
     Total           time :  179.217692 (SYPD:     1.310 ) on MPI rank :      753
     Computing       time :    0.000000                    on MPI rank :      754
     Waiting lbc_lnk time :    0.000000 ( 0.0 %)           on MPI rank :      754
     Waiting  global time :    0.000000 ( 0.0 %)           on MPI rank :      754
     Total           time :  179.218209 (SYPD:     1.310 ) on MPI rank :      754
     Computing       time :    0.000000                    on MPI rank :      755
     Waiting lbc_lnk time :    0.000000 ( 0.0 %)           on MPI rank :      755
     Waiting  global time :    0.000000 ( 0.0 %)           on MPI rank :      755
     Total           time :  179.218358 (SYPD:     1.310 ) on MPI rank :      755
     Computing       time :    0.000000                    on MPI rank :      756
     Waiting lbc_lnk time :    0.000000 ( 0.0 %)           on MPI rank :      756
     Waiting  global time :    0.000000 ( 0.0 %)           on MPI rank :      756
     Total           time :  179.218926 (SYPD:     1.310 ) on MPI rank :      756
     Computing       time :    0.000000                    on MPI rank :      757
     Waiting lbc_lnk time :    0.000000 ( 0.0 %)           on MPI rank :      757
     Waiting  global time :    0.000000 ( 0.0 %)           on MPI rank :      757
     Total           time :  179.218180 (SYPD:     1.310 ) on MPI rank :      757
     Computing       time :    0.000000                    on MPI rank :      758
     Waiting lbc_lnk time :    0.000000 ( 0.0 %)           on MPI rank :      758
     Waiting  global time :    0.000000 ( 0.0 %)           on MPI rank :      758
     Total           time :  179.218859 (SYPD:     1.310 ) on MPI rank :      758
     Computing       time :    0.000000                    on MPI rank :      759
     Waiting lbc_lnk time :    0.000000 ( 0.0 %)           on MPI rank :      759
     Waiting  global time :    0.000000 ( 0.0 %)           on MPI rank :      759
     Total           time :  179.218543 (SYPD:     1.310 ) on MPI rank :      759
     Computing       time :    0.000000                    on MPI rank :      760
     Waiting lbc_lnk time :    0.000000 ( 0.0 %)           on MPI rank :      760
     Waiting  global time :    0.000000 ( 0.0 %)           on MPI rank :      760
     Total           time :  179.217815 (SYPD:     1.310 ) on MPI rank :      760
     Computing       time :    0.000000                    on MPI rank :      761
     Waiting lbc_lnk time :    0.000000 ( 0.0 %)           on MPI rank :      761
     Waiting  global time :    0.000000 ( 0.0 %)           on MPI rank :      761
     Total           time :  179.218238 (SYPD:     1.310 ) on MPI rank :      761
     Computing       time :    0.000000                    on MPI rank :      762
     Waiting lbc_lnk time :    0.000000 ( 0.0 %)           on MPI rank :      762
     Waiting  global time :    0.000000 ( 0.0 %)           on MPI rank :      762
     Total           time :  179.218112 (SYPD:     1.310 ) on MPI rank :      762
     Computing       time :    0.000000                    on MPI rank :      763
     Waiting lbc_lnk time :    0.000000 ( 0.0 %)           on MPI rank :      763
     Waiting  global time :    0.000000 ( 0.0 %)           on MPI rank :      763
     Total           time :  179.217759 (SYPD:     1.310 ) on MPI rank :      763
     Computing       time :    0.000000                    on MPI rank :      764
     Waiting lbc_lnk time :    0.000000 ( 0.0 %)           on MPI rank :      764
     Waiting  global time :    0.000000 ( 0.0 %)           on MPI rank :      764
     Total           time :  179.218553 (SYPD:     1.310 ) on MPI rank :      764
     Computing       time :    0.000000                    on MPI rank :      765
     Waiting lbc_lnk time :    0.000000 ( 0.0 %)           on MPI rank :      765
     Waiting  global time :    0.000000 ( 0.0 %)           on MPI rank :      765
     Total           time :  179.218352 (SYPD:     1.310 ) on MPI rank :      765
     Computing       time :    0.000000                    on MPI rank :      766
     Waiting lbc_lnk time :    0.000000 ( 0.0 %)           on MPI rank :      766
     Waiting  global time :    0.000000 ( 0.0 %)           on MPI rank :      766
     Total           time :  179.218100 (SYPD:     1.310 ) on MPI rank :      766
     Computing       time :    0.000000                    on MPI rank :      767
     Waiting lbc_lnk time :    0.000000 ( 0.0 %)           on MPI rank :      767
     Waiting  global time :    0.000000 ( 0.0 %)           on MPI rank :      767
     Total           time :  179.218384 (SYPD:     1.310 ) on MPI rank :      767
     Computing       time :    0.000000                    on MPI rank :      768
     Waiting lbc_lnk time :    0.000000 ( 0.0 %)           on MPI rank :      768
     Waiting  global time :    0.000000 ( 0.0 %)           on MPI rank :      768
     Total           time :  179.218454 (SYPD:     1.310 ) on MPI rank :      768
     Computing       time :    0.000000                    on MPI rank :      769
     Waiting lbc_lnk time :    0.000000 ( 0.0 %)           on MPI rank :      769
     Waiting  global time :    0.000000 ( 0.0 %)           on MPI rank :      769
     Total           time :  179.218407 (SYPD:     1.310 ) on MPI rank :      769
     Computing       time :    0.000000                    on MPI rank :      770
     Waiting lbc_lnk time :    0.000000 ( 0.0 %)           on MPI rank :      770
     Waiting  global time :    0.000000 ( 0.0 %)           on MPI rank :      770
     Total           time :  179.218687 (SYPD:     1.310 ) on MPI rank :      770
     Computing       time :    0.000000                    on MPI rank :      771
     Waiting lbc_lnk time :    0.000000 ( 0.0 %)           on MPI rank :      771
     Waiting  global time :    0.000000 ( 0.0 %)           on MPI rank :      771
     Total           time :  179.217808 (SYPD:     1.310 ) on MPI rank :      771
     Computing       time :    0.000000                    on MPI rank :      772
     Waiting lbc_lnk time :    0.000000 ( 0.0 %)           on MPI rank :      772
     Waiting  global time :    0.000000 ( 0.0 %)           on MPI rank :      772
     Total           time :  179.217998 (SYPD:     1.310 ) on MPI rank :      772
     Computing       time :    0.000000                    on MPI rank :      773
     Waiting lbc_lnk time :    0.000000 ( 0.0 %)           on MPI rank :      773
     Waiting  global time :    0.000000 ( 0.0 %)           on MPI rank :      773
     Total           time :  179.218121 (SYPD:     1.310 ) on MPI rank :      773
     Computing       time :    0.000000                    on MPI rank :      774
     Waiting lbc_lnk time :    0.000000 ( 0.0 %)           on MPI rank :      774
     Waiting  global time :    0.000000 ( 0.0 %)           on MPI rank :      774
     Total           time :  179.217714 (SYPD:     1.310 ) on MPI rank :      774
     Computing       time :    0.000000                    on MPI rank :      775
     Waiting lbc_lnk time :    0.000000 ( 0.0 %)           on MPI rank :      775
     Waiting  global time :    0.000000 ( 0.0 %)           on MPI rank :      775
     Total           time :  179.218389 (SYPD:     1.310 ) on MPI rank :      775
     Computing       time :    0.000000                    on MPI rank :      776
     Waiting lbc_lnk time :    0.000000 ( 0.0 %)           on MPI rank :      776
     Waiting  global time :    0.000000 ( 0.0 %)           on MPI rank :      776
     Total           time :  179.217650 (SYPD:     1.310 ) on MPI rank :      776
     Computing       time :    0.000000                    on MPI rank :      777
     Waiting lbc_lnk time :    0.000000 ( 0.0 %)           on MPI rank :      777
     Waiting  global time :    0.000000 ( 0.0 %)           on MPI rank :      777
     Total           time :  179.218446 (SYPD:     1.310 ) on MPI rank :      777
     Computing       time :    0.000000                    on MPI rank :      778
     Waiting lbc_lnk time :    0.000000 ( 0.0 %)           on MPI rank :      778
     Waiting  global time :    0.000000 ( 0.0 %)           on MPI rank :      778
     Total           time :  179.218339 (SYPD:     1.310 ) on MPI rank :      778
     Computing       time :    0.000000                    on MPI rank :      779
     Waiting lbc_lnk time :    0.000000 ( 0.0 %)           on MPI rank :      779
     Waiting  global time :    0.000000 ( 0.0 %)           on MPI rank :      779
     Total           time :  179.218221 (SYPD:     1.310 ) on MPI rank :      779
     Computing       time :    0.000000                    on MPI rank :      780
     Waiting lbc_lnk time :    0.000000 ( 0.0 %)           on MPI rank :      780
     Waiting  global time :    0.000000 ( 0.0 %)           on MPI rank :      780
     Total           time :  179.218396 (SYPD:     1.310 ) on MPI rank :      780
     Computing       time :    0.000000                    on MPI rank :      781
     Waiting lbc_lnk time :    0.000000 ( 0.0 %)           on MPI rank :      781
     Waiting  global time :    0.000000 ( 0.0 %)           on MPI rank :      781
     Total           time :  179.218112 (SYPD:     1.310 ) on MPI rank :      781
     Computing       time :    0.000000                    on MPI rank :      782
     Waiting lbc_lnk time :    0.000000 ( 0.0 %)           on MPI rank :      782
     Waiting  global time :    0.000000 ( 0.0 %)           on MPI rank :      782
     Total           time :  179.218244 (SYPD:     1.310 ) on MPI rank :      782
     Computing       time :    0.000000                    on MPI rank :      783
     Waiting lbc_lnk time :    0.000000 ( 0.0 %)           on MPI rank :      783
     Waiting  global time :    0.000000 ( 0.0 %)           on MPI rank :      783
     Total           time :  179.218445 (SYPD:     1.310 ) on MPI rank :      783
     Computing       time :    0.000000                    on MPI rank :      784
     Waiting lbc_lnk time :    0.000000 ( 0.0 %)           on MPI rank :      784
     Waiting  global time :    0.000000 ( 0.0 %)           on MPI rank :      784
     Total           time :  179.218064 (SYPD:     1.310 ) on MPI rank :      784
     Computing       time :    0.000000                    on MPI rank :      785
     Waiting lbc_lnk time :    0.000000 ( 0.0 %)           on MPI rank :      785
     Waiting  global time :    0.000000 ( 0.0 %)           on MPI rank :      785
     Total           time :  179.217812 (SYPD:     1.310 ) on MPI rank :      785
     Computing       time :    0.000000                    on MPI rank :      786
     Waiting lbc_lnk time :    0.000000 ( 0.0 %)           on MPI rank :      786
     Waiting  global time :    0.000000 ( 0.0 %)           on MPI rank :      786
     Total           time :  179.218056 (SYPD:     1.310 ) on MPI rank :      786
     Computing       time :    0.000000                    on MPI rank :      787
     Waiting lbc_lnk time :    0.000000 ( 0.0 %)           on MPI rank :      787
     Waiting  global time :    0.000000 ( 0.0 %)           on MPI rank :      787
     Total           time :  179.217593 (SYPD:     1.310 ) on MPI rank :      787
     Computing       time :    0.000000                    on MPI rank :      788
     Waiting lbc_lnk time :    0.000000 ( 0.0 %)           on MPI rank :      788
     Waiting  global time :    0.000000 ( 0.0 %)           on MPI rank :      788
     Total           time :  179.218153 (SYPD:     1.310 ) on MPI rank :      788
     Computing       time :    0.000000                    on MPI rank :      789
     Waiting lbc_lnk time :    0.000000 ( 0.0 %)           on MPI rank :      789
     Waiting  global time :    0.000000 ( 0.0 %)           on MPI rank :      789
     Total           time :  179.218312 (SYPD:     1.310 ) on MPI rank :      789
     Computing       time :    0.000000                    on MPI rank :      790
     Waiting lbc_lnk time :    0.000000 ( 0.0 %)           on MPI rank :      790
     Waiting  global time :    0.000000 ( 0.0 %)           on MPI rank :      790
     Total           time :  179.217279 (SYPD:     1.310 ) on MPI rank :      790
     Computing       time :    0.000000                    on MPI rank :      791
     Waiting lbc_lnk time :    0.000000 ( 0.0 %)           on MPI rank :      791
     Waiting  global time :    0.000000 ( 0.0 %)           on MPI rank :      791
     Total           time :  179.218256 (SYPD:     1.310 ) on MPI rank :      791
     Computing       time :    0.000000                    on MPI rank :      792
     Waiting lbc_lnk time :    0.000000 ( 0.0 %)           on MPI rank :      792
     Waiting  global time :    0.000000 ( 0.0 %)           on MPI rank :      792
     Total           time :  179.218325 (SYPD:     1.310 ) on MPI rank :      792
     Computing       time :    0.000000                    on MPI rank :      793
     Waiting lbc_lnk time :    0.000000 ( 0.0 %)           on MPI rank :      793
     Waiting  global time :    0.000000 ( 0.0 %)           on MPI rank :      793
     Total           time :  179.218602 (SYPD:     1.310 ) on MPI rank :      793
     Computing       time :    0.000000                    on MPI rank :      794
     Waiting lbc_lnk time :    0.000000 ( 0.0 %)           on MPI rank :      794
     Waiting  global time :    0.000000 ( 0.0 %)           on MPI rank :      794
     Total           time :  179.219221 (SYPD:     1.310 ) on MPI rank :      794
     Computing       time :    0.000000                    on MPI rank :      795
     Waiting lbc_lnk time :    0.000000 ( 0.0 %)           on MPI rank :      795
     Waiting  global time :    0.000000 ( 0.0 %)           on MPI rank :      795
     Total           time :  179.218285 (SYPD:     1.310 ) on MPI rank :      795
     Computing       time :    0.000000                    on MPI rank :      796
     Waiting lbc_lnk time :    0.000000 ( 0.0 %)           on MPI rank :      796
     Waiting  global time :    0.000000 ( 0.0 %)           on MPI rank :      796
     Total           time :  179.217659 (SYPD:     1.310 ) on MPI rank :      796
     Computing       time :    0.000000                    on MPI rank :      797
     Waiting lbc_lnk time :    0.000000 ( 0.0 %)           on MPI rank :      797
     Waiting  global time :    0.000000 ( 0.0 %)           on MPI rank :      797
     Total           time :  179.219397 (SYPD:     1.310 ) on MPI rank :      797
     Computing       time :    0.000000                    on MPI rank :      798
     Waiting lbc_lnk time :    0.000000 ( 0.0 %)           on MPI rank :      798
     Waiting  global time :    0.000000 ( 0.0 %)           on MPI rank :      798
     Total           time :  179.217976 (SYPD:     1.310 ) on MPI rank :      798
     Computing       time :    0.000000                    on MPI rank :      799
     Waiting lbc_lnk time :    0.000000 ( 0.0 %)           on MPI rank :      799
     Waiting  global time :    0.000000 ( 0.0 %)           on MPI rank :      799
     Total           time :  179.217904 (SYPD:     1.310 ) on MPI rank :      799
     Computing       time :    0.000000                    on MPI rank :      800
     Waiting lbc_lnk time :    0.000000 ( 0.0 %)           on MPI rank :      800
     Waiting  global time :    0.000000 ( 0.0 %)           on MPI rank :      800
     Total           time :  179.218441 (SYPD:     1.310 ) on MPI rank :      800
     Computing       time :    0.000000                    on MPI rank :      801
     Waiting lbc_lnk time :    0.000000 ( 0.0 %)           on MPI rank :      801
     Waiting  global time :    0.000000 ( 0.0 %)           on MPI rank :      801
     Total           time :  179.217513 (SYPD:     1.310 ) on MPI rank :      801
     Computing       time :    0.000000                    on MPI rank :      802
     Waiting lbc_lnk time :    0.000000 ( 0.0 %)           on MPI rank :      802
     Waiting  global time :    0.000000 ( 0.0 %)           on MPI rank :      802
     Total           time :  179.217686 (SYPD:     1.310 ) on MPI rank :      802
     Computing       time :    0.000000                    on MPI rank :      803
     Waiting lbc_lnk time :    0.000000 ( 0.0 %)           on MPI rank :      803
     Waiting  global time :    0.000000 ( 0.0 %)           on MPI rank :      803
     Total           time :  179.218257 (SYPD:     1.310 ) on MPI rank :      803
     Computing       time :    0.000000                    on MPI rank :      804
     Waiting lbc_lnk time :    0.000000 ( 0.0 %)           on MPI rank :      804
     Waiting  global time :    0.000000 ( 0.0 %)           on MPI rank :      804
     Total           time :  179.218106 (SYPD:     1.310 ) on MPI rank :      804
     Computing       time :    0.000000                    on MPI rank :      805
     Waiting lbc_lnk time :    0.000000 ( 0.0 %)           on MPI rank :      805
     Waiting  global time :    0.000000 ( 0.0 %)           on MPI rank :      805
     Total           time :  179.217546 (SYPD:     1.310 ) on MPI rank :      805
     Computing       time :    0.000000                    on MPI rank :      806
     Waiting lbc_lnk time :    0.000000 ( 0.0 %)           on MPI rank :      806
     Waiting  global time :    0.000000 ( 0.0 %)           on MPI rank :      806
     Total           time :  179.217609 (SYPD:     1.310 ) on MPI rank :      806
     Computing       time :    0.000000                    on MPI rank :      807
     Waiting lbc_lnk time :    0.000000 ( 0.0 %)           on MPI rank :      807
     Waiting  global time :    0.000000 ( 0.0 %)           on MPI rank :      807
     Total           time :  179.217284 (SYPD:     1.310 ) on MPI rank :      807
     Computing       time :    0.000000                    on MPI rank :      808
     Waiting lbc_lnk time :    0.000000 ( 0.0 %)           on MPI rank :      808
     Waiting  global time :    0.000000 ( 0.0 %)           on MPI rank :      808
     Total           time :  179.218558 (SYPD:     1.310 ) on MPI rank :      808
     Computing       time :    0.000000                    on MPI rank :      809
     Waiting lbc_lnk time :    0.000000 ( 0.0 %)           on MPI rank :      809
     Waiting  global time :    0.000000 ( 0.0 %)           on MPI rank :      809
     Total           time :  179.218005 (SYPD:     1.310 ) on MPI rank :      809
     Computing       time :    0.000000                    on MPI rank :      810
     Waiting lbc_lnk time :    0.000000 ( 0.0 %)           on MPI rank :      810
     Waiting  global time :    0.000000 ( 0.0 %)           on MPI rank :      810
     Total           time :  179.218693 (SYPD:     1.310 ) on MPI rank :      810
     Computing       time :    0.000000                    on MPI rank :      811
     Waiting lbc_lnk time :    0.000000 ( 0.0 %)           on MPI rank :      811
     Waiting  global time :    0.000000 ( 0.0 %)           on MPI rank :      811
     Total           time :  179.218168 (SYPD:     1.310 ) on MPI rank :      811
     Computing       time :    0.000000                    on MPI rank :      812
     Waiting lbc_lnk time :    0.000000 ( 0.0 %)           on MPI rank :      812
     Waiting  global time :    0.000000 ( 0.0 %)           on MPI rank :      812
     Total           time :  179.218597 (SYPD:     1.310 ) on MPI rank :      812
     Computing       time :    0.000000                    on MPI rank :      813
     Waiting lbc_lnk time :    0.000000 ( 0.0 %)           on MPI rank :      813
     Waiting  global time :    0.000000 ( 0.0 %)           on MPI rank :      813
     Total           time :  179.217368 (SYPD:     1.310 ) on MPI rank :      813
     Computing       time :    0.000000                    on MPI rank :      814
     Waiting lbc_lnk time :    0.000000 ( 0.0 %)           on MPI rank :      814
     Waiting  global time :    0.000000 ( 0.0 %)           on MPI rank :      814
     Total           time :  179.216872 (SYPD:     1.310 ) on MPI rank :      814
     Computing       time :    0.000000                    on MPI rank :      815
     Waiting lbc_lnk time :    0.000000 ( 0.0 %)           on MPI rank :      815
     Waiting  global time :    0.000000 ( 0.0 %)           on MPI rank :      815
     Total           time :  179.216945 (SYPD:     1.310 ) on MPI rank :      815
     Computing       time :    0.000000                    on MPI rank :      816
     Waiting lbc_lnk time :    0.000000 ( 0.0 %)           on MPI rank :      816
     Waiting  global time :    0.000000 ( 0.0 %)           on MPI rank :      816
     Total           time :  179.218269 (SYPD:     1.310 ) on MPI rank :      816
     Computing       time :    0.000000                    on MPI rank :      817
     Waiting lbc_lnk time :    0.000000 ( 0.0 %)           on MPI rank :      817
     Waiting  global time :    0.000000 ( 0.0 %)           on MPI rank :      817
     Total           time :  179.218485 (SYPD:     1.310 ) on MPI rank :      817
     Computing       time :    0.000000                    on MPI rank :      818
     Waiting lbc_lnk time :    0.000000 ( 0.0 %)           on MPI rank :      818
     Waiting  global time :    0.000000 ( 0.0 %)           on MPI rank :      818
     Total           time :  179.217805 (SYPD:     1.310 ) on MPI rank :      818
     Computing       time :    0.000000                    on MPI rank :      819
     Waiting lbc_lnk time :    0.000000 ( 0.0 %)           on MPI rank :      819
     Waiting  global time :    0.000000 ( 0.0 %)           on MPI rank :      819
     Total           time :  179.218059 (SYPD:     1.310 ) on MPI rank :      819
     Computing       time :    0.000000                    on MPI rank :      820
     Waiting lbc_lnk time :    0.000000 ( 0.0 %)           on MPI rank :      820
     Waiting  global time :    0.000000 ( 0.0 %)           on MPI rank :      820
     Total           time :  179.218137 (SYPD:     1.310 ) on MPI rank :      820
     Computing       time :    0.000000                    on MPI rank :      821
     Waiting lbc_lnk time :    0.000000 ( 0.0 %)           on MPI rank :      821
     Waiting  global time :    0.000000 ( 0.0 %)           on MPI rank :      821
     Total           time :  179.218098 (SYPD:     1.310 ) on MPI rank :      821
     Computing       time :    0.000000                    on MPI rank :      822
     Waiting lbc_lnk time :    0.000000 ( 0.0 %)           on MPI rank :      822
     Waiting  global time :    0.000000 ( 0.0 %)           on MPI rank :      822
     Total           time :  179.218581 (SYPD:     1.310 ) on MPI rank :      822
     Computing       time :    0.000000                    on MPI rank :      823
     Waiting lbc_lnk time :    0.000000 ( 0.0 %)           on MPI rank :      823
     Waiting  global time :    0.000000 ( 0.0 %)           on MPI rank :      823
     Total           time :  179.218834 (SYPD:     1.310 ) on MPI rank :      823
     Computing       time :    0.000000                    on MPI rank :      824
     Waiting lbc_lnk time :    0.000000 ( 0.0 %)           on MPI rank :      824
     Waiting  global time :    0.000000 ( 0.0 %)           on MPI rank :      824
     Total           time :  179.218795 (SYPD:     1.310 ) on MPI rank :      824
     Computing       time :    0.000000                    on MPI rank :      825
     Waiting lbc_lnk time :    0.000000 ( 0.0 %)           on MPI rank :      825
     Waiting  global time :    0.000000 ( 0.0 %)           on MPI rank :      825
     Total           time :  179.218362 (SYPD:     1.310 ) on MPI rank :      825
     Computing       time :    0.000000                    on MPI rank :      826
     Waiting lbc_lnk time :    0.000000 ( 0.0 %)           on MPI rank :      826
     Waiting  global time :    0.000000 ( 0.0 %)           on MPI rank :      826
     Total           time :  179.218388 (SYPD:     1.310 ) on MPI rank :      826
     Computing       time :    0.000000                    on MPI rank :      827
     Waiting lbc_lnk time :    0.000000 ( 0.0 %)           on MPI rank :      827
     Waiting  global time :    0.000000 ( 0.0 %)           on MPI rank :      827
     Total           time :  179.218732 (SYPD:     1.310 ) on MPI rank :      827
     Computing       time :    0.000000                    on MPI rank :      828
     Waiting lbc_lnk time :    0.000000 ( 0.0 %)           on MPI rank :      828
     Waiting  global time :    0.000000 ( 0.0 %)           on MPI rank :      828
     Total           time :  179.218422 (SYPD:     1.310 ) on MPI rank :      828
     Computing       time :    0.000000                    on MPI rank :      829
     Waiting lbc_lnk time :    0.000000 ( 0.0 %)           on MPI rank :      829
     Waiting  global time :    0.000000 ( 0.0 %)           on MPI rank :      829
     Total           time :  179.218669 (SYPD:     1.310 ) on MPI rank :      829
     Computing       time :    0.000000                    on MPI rank :      830
     Waiting lbc_lnk time :    0.000000 ( 0.0 %)           on MPI rank :      830
     Waiting  global time :    0.000000 ( 0.0 %)           on MPI rank :      830
     Total           time :  179.218865 (SYPD:     1.310 ) on MPI rank :      830
     Computing       time :    0.000000                    on MPI rank :      831
     Waiting lbc_lnk time :    0.000000 ( 0.0 %)           on MPI rank :      831
     Waiting  global time :    0.000000 ( 0.0 %)           on MPI rank :      831
     Total           time :  179.219184 (SYPD:     1.310 ) on MPI rank :      831
     Computing       time :    0.000000                    on MPI rank :      832
     Waiting lbc_lnk time :    0.000000 ( 0.0 %)           on MPI rank :      832
     Waiting  global time :    0.000000 ( 0.0 %)           on MPI rank :      832
     Total           time :  179.218228 (SYPD:     1.310 ) on MPI rank :      832
     Computing       time :    0.000000                    on MPI rank :      833
     Waiting lbc_lnk time :    0.000000 ( 0.0 %)           on MPI rank :      833
     Waiting  global time :    0.000000 ( 0.0 %)           on MPI rank :      833
     Total           time :  179.218500 (SYPD:     1.310 ) on MPI rank :      833
     Computing       time :    0.000000                    on MPI rank :      834
     Waiting lbc_lnk time :    0.000000 ( 0.0 %)           on MPI rank :      834
     Waiting  global time :    0.000000 ( 0.0 %)           on MPI rank :      834
     Total           time :  179.218318 (SYPD:     1.310 ) on MPI rank :      834
     Computing       time :    0.000000                    on MPI rank :      835
     Waiting lbc_lnk time :    0.000000 ( 0.0 %)           on MPI rank :      835
     Waiting  global time :    0.000000 ( 0.0 %)           on MPI rank :      835
     Total           time :  179.219193 (SYPD:     1.310 ) on MPI rank :      835
     Computing       time :    0.000000                    on MPI rank :      836
     Waiting lbc_lnk time :    0.000000 ( 0.0 %)           on MPI rank :      836
     Waiting  global time :    0.000000 ( 0.0 %)           on MPI rank :      836
     Total           time :  179.218315 (SYPD:     1.310 ) on MPI rank :      836
     Computing       time :    0.000000                    on MPI rank :      837
     Waiting lbc_lnk time :    0.000000 ( 0.0 %)           on MPI rank :      837
     Waiting  global time :    0.000000 ( 0.0 %)           on MPI rank :      837
     Total           time :  179.218303 (SYPD:     1.310 ) on MPI rank :      837
     Computing       time :    0.000000                    on MPI rank :      838
     Waiting lbc_lnk time :    0.000000 ( 0.0 %)           on MPI rank :      838
     Waiting  global time :    0.000000 ( 0.0 %)           on MPI rank :      838
     Total           time :  179.218201 (SYPD:     1.310 ) on MPI rank :      838
     Computing       time :    0.000000                    on MPI rank :      839
     Waiting lbc_lnk time :    0.000000 ( 0.0 %)           on MPI rank :      839
     Waiting  global time :    0.000000 ( 0.0 %)           on MPI rank :      839
     Total           time :  179.218872 (SYPD:     1.310 ) on MPI rank :      839
     Computing       time :    0.000000                    on MPI rank :      840
     Waiting lbc_lnk time :    0.000000 ( 0.0 %)           on MPI rank :      840
     Waiting  global time :    0.000000 ( 0.0 %)           on MPI rank :      840
     Total           time :  179.218319 (SYPD:     1.310 ) on MPI rank :      840
     Computing       time :    0.000000                    on MPI rank :      841
     Waiting lbc_lnk time :    0.000000 ( 0.0 %)           on MPI rank :      841
     Waiting  global time :    0.000000 ( 0.0 %)           on MPI rank :      841
     Total           time :  179.218210 (SYPD:     1.310 ) on MPI rank :      841
     Computing       time :    0.000000                    on MPI rank :      842
     Waiting lbc_lnk time :    0.000000 ( 0.0 %)           on MPI rank :      842
     Waiting  global time :    0.000000 ( 0.0 %)           on MPI rank :      842
     Total           time :  179.217801 (SYPD:     1.310 ) on MPI rank :      842
     Computing       time :    0.000000                    on MPI rank :      843
     Waiting lbc_lnk time :    0.000000 ( 0.0 %)           on MPI rank :      843
     Waiting  global time :    0.000000 ( 0.0 %)           on MPI rank :      843
     Total           time :  179.218024 (SYPD:     1.310 ) on MPI rank :      843
     Computing       time :    0.000000                    on MPI rank :      844
     Waiting lbc_lnk time :    0.000000 ( 0.0 %)           on MPI rank :      844
     Waiting  global time :    0.000000 ( 0.0 %)           on MPI rank :      844
     Total           time :  179.218218 (SYPD:     1.310 ) on MPI rank :      844
     Computing       time :    0.000000                    on MPI rank :      845
     Waiting lbc_lnk time :    0.000000 ( 0.0 %)           on MPI rank :      845
     Waiting  global time :    0.000000 ( 0.0 %)           on MPI rank :      845
     Total           time :  179.218368 (SYPD:     1.310 ) on MPI rank :      845
     Computing       time :    0.000000                    on MPI rank :      846
     Waiting lbc_lnk time :    0.000000 ( 0.0 %)           on MPI rank :      846
     Waiting  global time :    0.000000 ( 0.0 %)           on MPI rank :      846
     Total           time :  179.218457 (SYPD:     1.310 ) on MPI rank :      846
     Computing       time :    0.000000                    on MPI rank :      847
     Waiting lbc_lnk time :    0.000000 ( 0.0 %)           on MPI rank :      847
     Waiting  global time :    0.000000 ( 0.0 %)           on MPI rank :      847
     Total           time :  179.218165 (SYPD:     1.310 ) on MPI rank :      847
     Computing       time :    0.000000                    on MPI rank :      848
     Waiting lbc_lnk time :    0.000000 ( 0.0 %)           on MPI rank :      848
     Waiting  global time :    0.000000 ( 0.0 %)           on MPI rank :      848
     Total           time :  179.218295 (SYPD:     1.310 ) on MPI rank :      848
     Computing       time :    0.000000                    on MPI rank :      849
     Waiting lbc_lnk time :    0.000000 ( 0.0 %)           on MPI rank :      849
     Waiting  global time :    0.000000 ( 0.0 %)           on MPI rank :      849
     Total           time :  179.218496 (SYPD:     1.310 ) on MPI rank :      849
     Computing       time :    0.000000                    on MPI rank :      850
     Waiting lbc_lnk time :    0.000000 ( 0.0 %)           on MPI rank :      850
     Waiting  global time :    0.000000 ( 0.0 %)           on MPI rank :      850
     Total           time :  179.218476 (SYPD:     1.310 ) on MPI rank :      850
     Computing       time :    0.000000                    on MPI rank :      851
     Waiting lbc_lnk time :    0.000000 ( 0.0 %)           on MPI rank :      851
     Waiting  global time :    0.000000 ( 0.0 %)           on MPI rank :      851
     Total           time :  179.218361 (SYPD:     1.310 ) on MPI rank :      851
     Computing       time :    0.000000                    on MPI rank :      852
     Waiting lbc_lnk time :    0.000000 ( 0.0 %)           on MPI rank :      852
     Waiting  global time :    0.000000 ( 0.0 %)           on MPI rank :      852
     Total           time :  179.218705 (SYPD:     1.310 ) on MPI rank :      852
     Computing       time :    0.000000                    on MPI rank :      853
     Waiting lbc_lnk time :    0.000000 ( 0.0 %)           on MPI rank :      853
     Waiting  global time :    0.000000 ( 0.0 %)           on MPI rank :      853
     Total           time :  179.218768 (SYPD:     1.310 ) on MPI rank :      853
     Computing       time :    0.000000                    on MPI rank :      854
     Waiting lbc_lnk time :    0.000000 ( 0.0 %)           on MPI rank :      854
     Waiting  global time :    0.000000 ( 0.0 %)           on MPI rank :      854
     Total           time :  179.218894 (SYPD:     1.310 ) on MPI rank :      854
     Computing       time :    0.000000                    on MPI rank :      855
     Waiting lbc_lnk time :    0.000000 ( 0.0 %)           on MPI rank :      855
     Waiting  global time :    0.000000 ( 0.0 %)           on MPI rank :      855
     Total           time :  179.218898 (SYPD:     1.310 ) on MPI rank :      855
     Computing       time :    0.000000                    on MPI rank :      856
     Waiting lbc_lnk time :    0.000000 ( 0.0 %)           on MPI rank :      856
     Waiting  global time :    0.000000 ( 0.0 %)           on MPI rank :      856
     Total           time :  179.218015 (SYPD:     1.310 ) on MPI rank :      856
     Computing       time :    0.000000                    on MPI rank :      857
     Waiting lbc_lnk time :    0.000000 ( 0.0 %)           on MPI rank :      857
     Waiting  global time :    0.000000 ( 0.0 %)           on MPI rank :      857
     Total           time :  179.217926 (SYPD:     1.310 ) on MPI rank :      857
     Computing       time :    0.000000                    on MPI rank :      858
     Waiting lbc_lnk time :    0.000000 ( 0.0 %)           on MPI rank :      858
     Waiting  global time :    0.000000 ( 0.0 %)           on MPI rank :      858
     Total           time :  179.218383 (SYPD:     1.310 ) on MPI rank :      858
     Computing       time :    0.000000                    on MPI rank :      859
     Waiting lbc_lnk time :    0.000000 ( 0.0 %)           on MPI rank :      859
     Waiting  global time :    0.000000 ( 0.0 %)           on MPI rank :      859
     Total           time :  179.218080 (SYPD:     1.310 ) on MPI rank :      859
     Computing       time :    0.000000                    on MPI rank :      860
     Waiting lbc_lnk time :    0.000000 ( 0.0 %)           on MPI rank :      860
     Waiting  global time :    0.000000 ( 0.0 %)           on MPI rank :      860
     Total           time :  179.218421 (SYPD:     1.310 ) on MPI rank :      860
     Computing       time :    0.000000                    on MPI rank :      861
     Waiting lbc_lnk time :    0.000000 ( 0.0 %)           on MPI rank :      861
     Waiting  global time :    0.000000 ( 0.0 %)           on MPI rank :      861
     Total           time :  179.218529 (SYPD:     1.310 ) on MPI rank :      861
     Computing       time :    0.000000                    on MPI rank :      862
     Waiting lbc_lnk time :    0.000000 ( 0.0 %)           on MPI rank :      862
     Waiting  global time :    0.000000 ( 0.0 %)           on MPI rank :      862
     Total           time :  179.217573 (SYPD:     1.310 ) on MPI rank :      862
     Computing       time :    0.000000                    on MPI rank :      863
     Waiting lbc_lnk time :    0.000000 ( 0.0 %)           on MPI rank :      863
     Waiting  global time :    0.000000 ( 0.0 %)           on MPI rank :      863
     Total           time :  179.218519 (SYPD:     1.310 ) on MPI rank :      863
     Computing       time :    0.000000                    on MPI rank :      864
     Waiting lbc_lnk time :    0.000000 ( 0.0 %)           on MPI rank :      864
     Waiting  global time :    0.000000 ( 0.0 %)           on MPI rank :      864
     Total           time :  179.218262 (SYPD:     1.310 ) on MPI rank :      864
     Computing       time :    0.000000                    on MPI rank :      865
     Waiting lbc_lnk time :    0.000000 ( 0.0 %)           on MPI rank :      865
     Waiting  global time :    0.000000 ( 0.0 %)           on MPI rank :      865
     Total           time :  179.218025 (SYPD:     1.310 ) on MPI rank :      865
     Computing       time :    0.000000                    on MPI rank :      866
     Waiting lbc_lnk time :    0.000000 ( 0.0 %)           on MPI rank :      866
     Waiting  global time :    0.000000 ( 0.0 %)           on MPI rank :      866
     Total           time :  179.218548 (SYPD:     1.310 ) on MPI rank :      866
     Computing       time :    0.000000                    on MPI rank :      867
     Waiting lbc_lnk time :    0.000000 ( 0.0 %)           on MPI rank :      867
     Waiting  global time :    0.000000 ( 0.0 %)           on MPI rank :      867
     Total           time :  179.218086 (SYPD:     1.310 ) on MPI rank :      867
     Computing       time :    0.000000                    on MPI rank :      868
     Waiting lbc_lnk time :    0.000000 ( 0.0 %)           on MPI rank :      868
     Waiting  global time :    0.000000 ( 0.0 %)           on MPI rank :      868
     Total           time :  179.218238 (SYPD:     1.310 ) on MPI rank :      868
     Computing       time :    0.000000                    on MPI rank :      869
     Waiting lbc_lnk time :    0.000000 ( 0.0 %)           on MPI rank :      869
     Waiting  global time :    0.000000 ( 0.0 %)           on MPI rank :      869
     Total           time :  179.218018 (SYPD:     1.310 ) on MPI rank :      869
     Computing       time :    0.000000                    on MPI rank :      870
     Waiting lbc_lnk time :    0.000000 ( 0.0 %)           on MPI rank :      870
     Waiting  global time :    0.000000 ( 0.0 %)           on MPI rank :      870
     Total           time :  179.218800 (SYPD:     1.310 ) on MPI rank :      870
     Computing       time :    0.000000                    on MPI rank :      871
     Waiting lbc_lnk time :    0.000000 ( 0.0 %)           on MPI rank :      871
     Waiting  global time :    0.000000 ( 0.0 %)           on MPI rank :      871
     Total           time :  179.218626 (SYPD:     1.310 ) on MPI rank :      871
     Computing       time :    0.000000                    on MPI rank :      872
     Waiting lbc_lnk time :    0.000000 ( 0.0 %)           on MPI rank :      872
     Waiting  global time :    0.000000 ( 0.0 %)           on MPI rank :      872
     Total           time :  179.217431 (SYPD:     1.310 ) on MPI rank :      872
     Computing       time :    0.000000                    on MPI rank :      873
     Waiting lbc_lnk time :    0.000000 ( 0.0 %)           on MPI rank :      873
     Waiting  global time :    0.000000 ( 0.0 %)           on MPI rank :      873
     Total           time :  179.217923 (SYPD:     1.310 ) on MPI rank :      873
     Computing       time :    0.000000                    on MPI rank :      874
     Waiting lbc_lnk time :    0.000000 ( 0.0 %)           on MPI rank :      874
     Waiting  global time :    0.000000 ( 0.0 %)           on MPI rank :      874
     Total           time :  179.218499 (SYPD:     1.310 ) on MPI rank :      874
     Computing       time :    0.000000                    on MPI rank :      875
     Waiting lbc_lnk time :    0.000000 ( 0.0 %)           on MPI rank :      875
     Waiting  global time :    0.000000 ( 0.0 %)           on MPI rank :      875
     Total           time :  179.218406 (SYPD:     1.310 ) on MPI rank :      875
     Computing       time :    0.000000                    on MPI rank :      876
     Waiting lbc_lnk time :    0.000000 ( 0.0 %)           on MPI rank :      876
     Waiting  global time :    0.000000 ( 0.0 %)           on MPI rank :      876
     Total           time :  179.218441 (SYPD:     1.310 ) on MPI rank :      876
     Computing       time :    0.000000                    on MPI rank :      877
     Waiting lbc_lnk time :    0.000000 ( 0.0 %)           on MPI rank :      877
     Waiting  global time :    0.000000 ( 0.0 %)           on MPI rank :      877
     Total           time :  179.218233 (SYPD:     1.310 ) on MPI rank :      877
     Computing       time :    0.000000                    on MPI rank :      878
     Waiting lbc_lnk time :    0.000000 ( 0.0 %)           on MPI rank :      878
     Waiting  global time :    0.000000 ( 0.0 %)           on MPI rank :      878
     Total           time :  179.218431 (SYPD:     1.310 ) on MPI rank :      878
     Computing       time :    0.000000                    on MPI rank :      879
     Waiting lbc_lnk time :    0.000000 ( 0.0 %)           on MPI rank :      879
     Waiting  global time :    0.000000 ( 0.0 %)           on MPI rank :      879
     Total           time :  179.218305 (SYPD:     1.310 ) on MPI rank :      879
     Computing       time :    0.000000                    on MPI rank :      880
     Waiting lbc_lnk time :    0.000000 ( 0.0 %)           on MPI rank :      880
     Waiting  global time :    0.000000 ( 0.0 %)           on MPI rank :      880
     Total           time :  179.218481 (SYPD:     1.310 ) on MPI rank :      880
     Computing       time :    0.000000                    on MPI rank :      881
     Waiting lbc_lnk time :    0.000000 ( 0.0 %)           on MPI rank :      881
     Waiting  global time :    0.000000 ( 0.0 %)           on MPI rank :      881
     Total           time :  179.218782 (SYPD:     1.310 ) on MPI rank :      881
     Computing       time :    0.000000                    on MPI rank :      882
     Waiting lbc_lnk time :    0.000000 ( 0.0 %)           on MPI rank :      882
     Waiting  global time :    0.000000 ( 0.0 %)           on MPI rank :      882
     Total           time :  179.218732 (SYPD:     1.310 ) on MPI rank :      882
     Computing       time :    0.000000                    on MPI rank :      883
     Waiting lbc_lnk time :    0.000000 ( 0.0 %)           on MPI rank :      883
     Waiting  global time :    0.000000 ( 0.0 %)           on MPI rank :      883
     Total           time :  179.217932 (SYPD:     1.310 ) on MPI rank :      883
     Computing       time :    0.000000                    on MPI rank :      884
     Waiting lbc_lnk time :    0.000000 ( 0.0 %)           on MPI rank :      884
     Waiting  global time :    0.000000 ( 0.0 %)           on MPI rank :      884
     Total           time :  179.217297 (SYPD:     1.310 ) on MPI rank :      884
     Computing       time :    0.000000                    on MPI rank :      885
     Waiting lbc_lnk time :    0.000000 ( 0.0 %)           on MPI rank :      885
     Waiting  global time :    0.000000 ( 0.0 %)           on MPI rank :      885
     Total           time :  179.218152 (SYPD:     1.310 ) on MPI rank :      885
     Computing       time :    0.000000                    on MPI rank :      886
     Waiting lbc_lnk time :    0.000000 ( 0.0 %)           on MPI rank :      886
     Waiting  global time :    0.000000 ( 0.0 %)           on MPI rank :      886
     Total           time :  179.217719 (SYPD:     1.310 ) on MPI rank :      886
     Computing       time :    0.000000                    on MPI rank :      887
     Waiting lbc_lnk time :    0.000000 ( 0.0 %)           on MPI rank :      887
     Waiting  global time :    0.000000 ( 0.0 %)           on MPI rank :      887
     Total           time :  179.217955 (SYPD:     1.310 ) on MPI rank :      887
     Computing       time :    0.000000                    on MPI rank :      888
     Waiting lbc_lnk time :    0.000000 ( 0.0 %)           on MPI rank :      888
     Waiting  global time :    0.000000 ( 0.0 %)           on MPI rank :      888
     Total           time :  179.217926 (SYPD:     1.310 ) on MPI rank :      888
     Computing       time :    0.000000                    on MPI rank :      889
     Waiting lbc_lnk time :    0.000000 ( 0.0 %)           on MPI rank :      889
     Waiting  global time :    0.000000 ( 0.0 %)           on MPI rank :      889
     Total           time :  179.218593 (SYPD:     1.310 ) on MPI rank :      889
     Computing       time :    0.000000                    on MPI rank :      890
     Waiting lbc_lnk time :    0.000000 ( 0.0 %)           on MPI rank :      890
     Waiting  global time :    0.000000 ( 0.0 %)           on MPI rank :      890
     Total           time :  179.217577 (SYPD:     1.310 ) on MPI rank :      890
     Computing       time :    0.000000                    on MPI rank :      891
     Waiting lbc_lnk time :    0.000000 ( 0.0 %)           on MPI rank :      891
     Waiting  global time :    0.000000 ( 0.0 %)           on MPI rank :      891
     Total           time :  179.218302 (SYPD:     1.310 ) on MPI rank :      891
     Computing       time :    0.000000                    on MPI rank :      892
     Waiting lbc_lnk time :    0.000000 ( 0.0 %)           on MPI rank :      892
     Waiting  global time :    0.000000 ( 0.0 %)           on MPI rank :      892
     Total           time :  179.218354 (SYPD:     1.310 ) on MPI rank :      892
     Computing       time :    0.000000                    on MPI rank :      893
     Waiting lbc_lnk time :    0.000000 ( 0.0 %)           on MPI rank :      893
     Waiting  global time :    0.000000 ( 0.0 %)           on MPI rank :      893
     Total           time :  179.218107 (SYPD:     1.310 ) on MPI rank :      893
     Computing       time :    0.000000                    on MPI rank :      894
     Waiting lbc_lnk time :    0.000000 ( 0.0 %)           on MPI rank :      894
     Waiting  global time :    0.000000 ( 0.0 %)           on MPI rank :      894
     Total           time :  179.218240 (SYPD:     1.310 ) on MPI rank :      894
     Computing       time :    0.000000                    on MPI rank :      895
     Waiting lbc_lnk time :    0.000000 ( 0.0 %)           on MPI rank :      895
     Waiting  global time :    0.000000 ( 0.0 %)           on MPI rank :      895
     Total           time :  179.218029 (SYPD:     1.310 ) on MPI rank :      895
     Computing       time :    0.000000                    on MPI rank :      896
     Waiting lbc_lnk time :    0.000000 ( 0.0 %)           on MPI rank :      896
     Waiting  global time :    0.000000 ( 0.0 %)           on MPI rank :      896
     Total           time :  179.218071 (SYPD:     1.310 ) on MPI rank :      896
     Computing       time :    0.000000                    on MPI rank :      897
     Waiting lbc_lnk time :    0.000000 ( 0.0 %)           on MPI rank :      897
     Waiting  global time :    0.000000 ( 0.0 %)           on MPI rank :      897
     Total           time :  179.198474 (SYPD:     1.310 ) on MPI rank :      897
     Computing       time :    0.000000                    on MPI rank :      898
     Waiting lbc_lnk time :    0.000000 ( 0.0 %)           on MPI rank :      898
     Waiting  global time :    0.000000 ( 0.0 %)           on MPI rank :      898
     Total           time :  179.186077 (SYPD:     1.310 ) on MPI rank :      898
     Computing       time :    0.000000                    on MPI rank :      899
     Waiting lbc_lnk time :    0.000000 ( 0.0 %)           on MPI rank :      899
     Waiting  global time :    0.000000 ( 0.0 %)           on MPI rank :      899
     Total           time :  179.186676 (SYPD:     1.310 ) on MPI rank :      899
     Computing       time :    0.000000                    on MPI rank :      900
     Waiting lbc_lnk time :    0.000000 ( 0.0 %)           on MPI rank :      900
     Waiting  global time :    0.000000 ( 0.0 %)           on MPI rank :      900
     Total           time :  179.198700 (SYPD:     1.310 ) on MPI rank :      900
     Computing       time :    0.000000                    on MPI rank :      901
     Waiting lbc_lnk time :    0.000000 ( 0.0 %)           on MPI rank :      901
     Waiting  global time :    0.000000 ( 0.0 %)           on MPI rank :      901
     Total           time :  179.217605 (SYPD:     1.310 ) on MPI rank :      901
     Computing       time :    0.000000                    on MPI rank :      902
     Waiting lbc_lnk time :    0.000000 ( 0.0 %)           on MPI rank :      902
     Waiting  global time :    0.000000 ( 0.0 %)           on MPI rank :      902
     Total           time :  179.198524 (SYPD:     1.310 ) on MPI rank :      902
     Computing       time :    0.000000                    on MPI rank :      903
     Waiting lbc_lnk time :    0.000000 ( 0.0 %)           on MPI rank :      903
     Waiting  global time :    0.000000 ( 0.0 %)           on MPI rank :      903
     Total           time :  179.218193 (SYPD:     1.310 ) on MPI rank :      903
     Computing       time :    0.000000                    on MPI rank :      904
     Waiting lbc_lnk time :    0.000000 ( 0.0 %)           on MPI rank :      904
     Waiting  global time :    0.000000 ( 0.0 %)           on MPI rank :      904
     Total           time :  179.217130 (SYPD:     1.310 ) on MPI rank :      904
     Computing       time :    0.000000                    on MPI rank :      905
     Waiting lbc_lnk time :    0.000000 ( 0.0 %)           on MPI rank :      905
     Waiting  global time :    0.000000 ( 0.0 %)           on MPI rank :      905
     Total           time :  179.218340 (SYPD:     1.310 ) on MPI rank :      905
     Computing       time :    0.000000                    on MPI rank :      906
     Waiting lbc_lnk time :    0.000000 ( 0.0 %)           on MPI rank :      906
     Waiting  global time :    0.000000 ( 0.0 %)           on MPI rank :      906
     Total           time :  179.218040 (SYPD:     1.310 ) on MPI rank :      906
     Computing       time :    0.000000                    on MPI rank :      907
     Waiting lbc_lnk time :    0.000000 ( 0.0 %)           on MPI rank :      907
     Waiting  global time :    0.000000 ( 0.0 %)           on MPI rank :      907
     Total           time :  179.218212 (SYPD:     1.310 ) on MPI rank :      907
     Computing       time :    0.000000                    on MPI rank :      908
     Waiting lbc_lnk time :    0.000000 ( 0.0 %)           on MPI rank :      908
     Waiting  global time :    0.000000 ( 0.0 %)           on MPI rank :      908
     Total           time :  179.217737 (SYPD:     1.310 ) on MPI rank :      908
     Computing       time :    0.000000                    on MPI rank :      909
     Waiting lbc_lnk time :    0.000000 ( 0.0 %)           on MPI rank :      909
     Waiting  global time :    0.000000 ( 0.0 %)           on MPI rank :      909
     Total           time :  179.218078 (SYPD:     1.310 ) on MPI rank :      909
     Computing       time :    0.000000                    on MPI rank :      910
     Waiting lbc_lnk time :    0.000000 ( 0.0 %)           on MPI rank :      910
     Waiting  global time :    0.000000 ( 0.0 %)           on MPI rank :      910
     Total           time :  179.218304 (SYPD:     1.310 ) on MPI rank :      910
     Computing       time :    0.000000                    on MPI rank :      911
     Waiting lbc_lnk time :    0.000000 ( 0.0 %)           on MPI rank :      911
     Waiting  global time :    0.000000 ( 0.0 %)           on MPI rank :      911
     Total           time :  179.217662 (SYPD:     1.310 ) on MPI rank :      911
     Computing       time :    0.000000                    on MPI rank :      912
     Waiting lbc_lnk time :    0.000000 ( 0.0 %)           on MPI rank :      912
     Waiting  global time :    0.000000 ( 0.0 %)           on MPI rank :      912
     Total           time :  179.218528 (SYPD:     1.310 ) on MPI rank :      912
     Computing       time :    0.000000                    on MPI rank :      913
     Waiting lbc_lnk time :    0.000000 ( 0.0 %)           on MPI rank :      913
     Waiting  global time :    0.000000 ( 0.0 %)           on MPI rank :      913
     Total           time :  179.218766 (SYPD:     1.310 ) on MPI rank :      913
     Computing       time :    0.000000                    on MPI rank :      914
     Waiting lbc_lnk time :    0.000000 ( 0.0 %)           on MPI rank :      914
     Waiting  global time :    0.000000 ( 0.0 %)           on MPI rank :      914
     Total           time :  179.219084 (SYPD:     1.310 ) on MPI rank :      914
     Computing       time :    0.000000                    on MPI rank :      915
     Waiting lbc_lnk time :    0.000000 ( 0.0 %)           on MPI rank :      915
     Waiting  global time :    0.000000 ( 0.0 %)           on MPI rank :      915
     Total           time :  179.218592 (SYPD:     1.310 ) on MPI rank :      915
     Computing       time :    0.000000                    on MPI rank :      916
     Waiting lbc_lnk time :    0.000000 ( 0.0 %)           on MPI rank :      916
     Waiting  global time :    0.000000 ( 0.0 %)           on MPI rank :      916
     Total           time :  179.218953 (SYPD:     1.310 ) on MPI rank :      916
     Computing       time :    0.000000                    on MPI rank :      917
     Waiting lbc_lnk time :    0.000000 ( 0.0 %)           on MPI rank :      917
     Waiting  global time :    0.000000 ( 0.0 %)           on MPI rank :      917
     Total           time :  179.217851 (SYPD:     1.310 ) on MPI rank :      917
     Computing       time :    0.000000                    on MPI rank :      918
     Waiting lbc_lnk time :    0.000000 ( 0.0 %)           on MPI rank :      918
     Waiting  global time :    0.000000 ( 0.0 %)           on MPI rank :      918
     Total           time :  179.218259 (SYPD:     1.310 ) on MPI rank :      918
     Computing       time :    0.000000                    on MPI rank :      919
     Waiting lbc_lnk time :    0.000000 ( 0.0 %)           on MPI rank :      919
     Waiting  global time :    0.000000 ( 0.0 %)           on MPI rank :      919
     Total           time :  179.218593 (SYPD:     1.310 ) on MPI rank :      919
     Computing       time :    0.000000                    on MPI rank :      920
     Waiting lbc_lnk time :    0.000000 ( 0.0 %)           on MPI rank :      920
     Waiting  global time :    0.000000 ( 0.0 %)           on MPI rank :      920
     Total           time :  179.218210 (SYPD:     1.310 ) on MPI rank :      920
     Computing       time :    0.000000                    on MPI rank :      921
     Waiting lbc_lnk time :    0.000000 ( 0.0 %)           on MPI rank :      921
     Waiting  global time :    0.000000 ( 0.0 %)           on MPI rank :      921
     Total           time :  179.218019 (SYPD:     1.310 ) on MPI rank :      921
     Computing       time :    0.000000                    on MPI rank :      922
     Waiting lbc_lnk time :    0.000000 ( 0.0 %)           on MPI rank :      922
     Waiting  global time :    0.000000 ( 0.0 %)           on MPI rank :      922
     Total           time :  179.218056 (SYPD:     1.310 ) on MPI rank :      922
     Computing       time :    0.000000                    on MPI rank :      923
     Waiting lbc_lnk time :    0.000000 ( 0.0 %)           on MPI rank :      923
     Waiting  global time :    0.000000 ( 0.0 %)           on MPI rank :      923
     Total           time :  179.218358 (SYPD:     1.310 ) on MPI rank :      923
     Computing       time :    0.000000                    on MPI rank :      924
     Waiting lbc_lnk time :    0.000000 ( 0.0 %)           on MPI rank :      924
     Waiting  global time :    0.000000 ( 0.0 %)           on MPI rank :      924
     Total           time :  179.218704 (SYPD:     1.310 ) on MPI rank :      924
     Computing       time :    0.000000                    on MPI rank :      925
     Waiting lbc_lnk time :    0.000000 ( 0.0 %)           on MPI rank :      925
     Waiting  global time :    0.000000 ( 0.0 %)           on MPI rank :      925
     Total           time :  179.218092 (SYPD:     1.310 ) on MPI rank :      925
     Computing       time :    0.000000                    on MPI rank :      926
     Waiting lbc_lnk time :    0.000000 ( 0.0 %)           on MPI rank :      926
     Waiting  global time :    0.000000 ( 0.0 %)           on MPI rank :      926
     Total           time :  179.217688 (SYPD:     1.310 ) on MPI rank :      926
     Computing       time :    0.000000                    on MPI rank :      927
     Waiting lbc_lnk time :    0.000000 ( 0.0 %)           on MPI rank :      927
     Waiting  global time :    0.000000 ( 0.0 %)           on MPI rank :      927
     Total           time :  179.218101 (SYPD:     1.310 ) on MPI rank :      927
     Computing       time :    0.000000                    on MPI rank :      928
     Waiting lbc_lnk time :    0.000000 ( 0.0 %)           on MPI rank :      928
     Waiting  global time :    0.000000 ( 0.0 %)           on MPI rank :      928
     Total           time :  179.217860 (SYPD:     1.310 ) on MPI rank :      928
     Computing       time :    0.000000                    on MPI rank :      929
     Waiting lbc_lnk time :    0.000000 ( 0.0 %)           on MPI rank :      929
     Waiting  global time :    0.000000 ( 0.0 %)           on MPI rank :      929
     Total           time :  179.218128 (SYPD:     1.310 ) on MPI rank :      929
     Computing       time :    0.000000                    on MPI rank :      930
     Waiting lbc_lnk time :    0.000000 ( 0.0 %)           on MPI rank :      930
     Waiting  global time :    0.000000 ( 0.0 %)           on MPI rank :      930
     Total           time :  179.217685 (SYPD:     1.310 ) on MPI rank :      930
     Computing       time :    0.000000                    on MPI rank :      931
     Waiting lbc_lnk time :    0.000000 ( 0.0 %)           on MPI rank :      931
     Waiting  global time :    0.000000 ( 0.0 %)           on MPI rank :      931
     Total           time :  179.217817 (SYPD:     1.310 ) on MPI rank :      931
     Computing       time :    0.000000                    on MPI rank :      932
     Waiting lbc_lnk time :    0.000000 ( 0.0 %)           on MPI rank :      932
     Waiting  global time :    0.000000 ( 0.0 %)           on MPI rank :      932
     Total           time :  179.218021 (SYPD:     1.310 ) on MPI rank :      932
     Computing       time :    0.000000                    on MPI rank :      933
     Waiting lbc_lnk time :    0.000000 ( 0.0 %)           on MPI rank :      933
     Waiting  global time :    0.000000 ( 0.0 %)           on MPI rank :      933
     Total           time :  179.218730 (SYPD:     1.310 ) on MPI rank :      933
     Computing       time :    0.000000                    on MPI rank :      934
     Waiting lbc_lnk time :    0.000000 ( 0.0 %)           on MPI rank :      934
     Waiting  global time :    0.000000 ( 0.0 %)           on MPI rank :      934
     Total           time :  179.218308 (SYPD:     1.310 ) on MPI rank :      934
     Computing       time :    0.000000                    on MPI rank :      935
     Waiting lbc_lnk time :    0.000000 ( 0.0 %)           on MPI rank :      935
     Waiting  global time :    0.000000 ( 0.0 %)           on MPI rank :      935
     Total           time :  179.218803 (SYPD:     1.310 ) on MPI rank :      935
     Computing       time :    0.000000                    on MPI rank :      936
     Waiting lbc_lnk time :    0.000000 ( 0.0 %)           on MPI rank :      936
     Waiting  global time :    0.000000 ( 0.0 %)           on MPI rank :      936
     Total           time :  179.218547 (SYPD:     1.310 ) on MPI rank :      936
     Computing       time :    0.000000                    on MPI rank :      937
     Waiting lbc_lnk time :    0.000000 ( 0.0 %)           on MPI rank :      937
     Waiting  global time :    0.000000 ( 0.0 %)           on MPI rank :      937
     Total           time :  179.217800 (SYPD:     1.310 ) on MPI rank :      937
     Computing       time :    0.000000                    on MPI rank :      938
     Waiting lbc_lnk time :    0.000000 ( 0.0 %)           on MPI rank :      938
     Waiting  global time :    0.000000 ( 0.0 %)           on MPI rank :      938
     Total           time :  179.218087 (SYPD:     1.310 ) on MPI rank :      938
     Computing       time :    0.000000                    on MPI rank :      939
     Waiting lbc_lnk time :    0.000000 ( 0.0 %)           on MPI rank :      939
     Waiting  global time :    0.000000 ( 0.0 %)           on MPI rank :      939
     Total           time :  179.218475 (SYPD:     1.310 ) on MPI rank :      939
     Computing       time :    0.000000                    on MPI rank :      940
     Waiting lbc_lnk time :    0.000000 ( 0.0 %)           on MPI rank :      940
     Waiting  global time :    0.000000 ( 0.0 %)           on MPI rank :      940
     Total           time :  179.218468 (SYPD:     1.310 ) on MPI rank :      940
     Computing       time :    0.000000                    on MPI rank :      941
     Waiting lbc_lnk time :    0.000000 ( 0.0 %)           on MPI rank :      941
     Waiting  global time :    0.000000 ( 0.0 %)           on MPI rank :      941
     Total           time :  179.218366 (SYPD:     1.310 ) on MPI rank :      941
     Computing       time :    0.000000                    on MPI rank :      942
     Waiting lbc_lnk time :    0.000000 ( 0.0 %)           on MPI rank :      942
     Waiting  global time :    0.000000 ( 0.0 %)           on MPI rank :      942
     Total           time :  179.218122 (SYPD:     1.310 ) on MPI rank :      942
     Computing       time :    0.000000                    on MPI rank :      943
     Waiting lbc_lnk time :    0.000000 ( 0.0 %)           on MPI rank :      943
     Waiting  global time :    0.000000 ( 0.0 %)           on MPI rank :      943
     Total           time :  179.218402 (SYPD:     1.310 ) on MPI rank :      943
     Computing       time :    0.000000                    on MPI rank :      944
     Waiting lbc_lnk time :    0.000000 ( 0.0 %)           on MPI rank :      944
     Waiting  global time :    0.000000 ( 0.0 %)           on MPI rank :      944
     Total           time :  179.218130 (SYPD:     1.310 ) on MPI rank :      944
     Computing       time :    0.000000                    on MPI rank :      945
     Waiting lbc_lnk time :    0.000000 ( 0.0 %)           on MPI rank :      945
     Waiting  global time :    0.000000 ( 0.0 %)           on MPI rank :      945
     Total           time :  179.218912 (SYPD:     1.310 ) on MPI rank :      945
     Computing       time :    0.000000                    on MPI rank :      946
     Waiting lbc_lnk time :    0.000000 ( 0.0 %)           on MPI rank :      946
     Waiting  global time :    0.000000 ( 0.0 %)           on MPI rank :      946
     Total           time :  179.217868 (SYPD:     1.310 ) on MPI rank :      946
     Computing       time :    0.000000                    on MPI rank :      947
     Waiting lbc_lnk time :    0.000000 ( 0.0 %)           on MPI rank :      947
     Waiting  global time :    0.000000 ( 0.0 %)           on MPI rank :      947
     Total           time :  179.217967 (SYPD:     1.310 ) on MPI rank :      947
     Computing       time :    0.000000                    on MPI rank :      948
     Waiting lbc_lnk time :    0.000000 ( 0.0 %)           on MPI rank :      948
     Waiting  global time :    0.000000 ( 0.0 %)           on MPI rank :      948
     Total           time :  179.218022 (SYPD:     1.310 ) on MPI rank :      948
     Computing       time :    0.000000                    on MPI rank :      949
     Waiting lbc_lnk time :    0.000000 ( 0.0 %)           on MPI rank :      949
     Waiting  global time :    0.000000 ( 0.0 %)           on MPI rank :      949
     Total           time :  179.218311 (SYPD:     1.310 ) on MPI rank :      949
     Computing       time :    0.000000                    on MPI rank :      950
     Waiting lbc_lnk time :    0.000000 ( 0.0 %)           on MPI rank :      950
     Waiting  global time :    0.000000 ( 0.0 %)           on MPI rank :      950
     Total           time :  179.217805 (SYPD:     1.310 ) on MPI rank :      950
     Computing       time :    0.000000                    on MPI rank :      951
     Waiting lbc_lnk time :    0.000000 ( 0.0 %)           on MPI rank :      951
     Waiting  global time :    0.000000 ( 0.0 %)           on MPI rank :      951
     Total           time :  179.218654 (SYPD:     1.310 ) on MPI rank :      951
     Computing       time :    0.000000                    on MPI rank :      952
     Waiting lbc_lnk time :    0.000000 ( 0.0 %)           on MPI rank :      952
     Waiting  global time :    0.000000 ( 0.0 %)           on MPI rank :      952
     Total           time :  179.218732 (SYPD:     1.310 ) on MPI rank :      952
     Computing       time :    0.000000                    on MPI rank :      953
     Waiting lbc_lnk time :    0.000000 ( 0.0 %)           on MPI rank :      953
     Waiting  global time :    0.000000 ( 0.0 %)           on MPI rank :      953
     Total           time :  179.218210 (SYPD:     1.310 ) on MPI rank :      953
     Computing       time :    0.000000                    on MPI rank :      954
     Waiting lbc_lnk time :    0.000000 ( 0.0 %)           on MPI rank :      954
     Waiting  global time :    0.000000 ( 0.0 %)           on MPI rank :      954
     Total           time :  179.217803 (SYPD:     1.310 ) on MPI rank :      954
     Computing       time :    0.000000                    on MPI rank :      955
     Waiting lbc_lnk time :    0.000000 ( 0.0 %)           on MPI rank :      955
     Waiting  global time :    0.000000 ( 0.0 %)           on MPI rank :      955
     Total           time :  179.218078 (SYPD:     1.310 ) on MPI rank :      955
     Computing       time :    0.000000                    on MPI rank :      956
     Waiting lbc_lnk time :    0.000000 ( 0.0 %)           on MPI rank :      956
     Waiting  global time :    0.000000 ( 0.0 %)           on MPI rank :      956
     Total           time :  179.217979 (SYPD:     1.310 ) on MPI rank :      956
     Computing       time :    0.000000                    on MPI rank :      957
     Waiting lbc_lnk time :    0.000000 ( 0.0 %)           on MPI rank :      957
     Waiting  global time :    0.000000 ( 0.0 %)           on MPI rank :      957
     Total           time :  179.218047 (SYPD:     1.310 ) on MPI rank :      957
     Computing       time :    0.000000                    on MPI rank :      958
     Waiting lbc_lnk time :    0.000000 ( 0.0 %)           on MPI rank :      958
     Waiting  global time :    0.000000 ( 0.0 %)           on MPI rank :      958
     Total           time :  179.217896 (SYPD:     1.310 ) on MPI rank :      958
     Computing       time :    0.000000                    on MPI rank :      959
     Waiting lbc_lnk time :    0.000000 ( 0.0 %)           on MPI rank :      959
     Waiting  global time :    0.000000 ( 0.0 %)           on MPI rank :      959
     Total           time :  179.218251 (SYPD:     1.310 ) on MPI rank :      959
     Computing       time :    0.000000                    on MPI rank :      960
     Waiting lbc_lnk time :    0.000000 ( 0.0 %)           on MPI rank :      960
     Waiting  global time :    0.000000 ( 0.0 %)           on MPI rank :      960
     Total           time :  179.219001 (SYPD:     1.310 ) on MPI rank :      960
     Computing       time :    0.000000                    on MPI rank :      961
     Waiting lbc_lnk time :    0.000000 ( 0.0 %)           on MPI rank :      961
     Waiting  global time :    0.000000 ( 0.0 %)           on MPI rank :      961
     Total           time :  179.218489 (SYPD:     1.310 ) on MPI rank :      961
     Computing       time :    0.000000                    on MPI rank :      962
     Waiting lbc_lnk time :    0.000000 ( 0.0 %)           on MPI rank :      962
     Waiting  global time :    0.000000 ( 0.0 %)           on MPI rank :      962
     Total           time :  179.218411 (SYPD:     1.310 ) on MPI rank :      962
     Computing       time :    0.000000                    on MPI rank :      963
     Waiting lbc_lnk time :    0.000000 ( 0.0 %)           on MPI rank :      963
     Waiting  global time :    0.000000 ( 0.0 %)           on MPI rank :      963
     Total           time :  179.218319 (SYPD:     1.310 ) on MPI rank :      963
     Computing       time :    0.000000                    on MPI rank :      964
     Waiting lbc_lnk time :    0.000000 ( 0.0 %)           on MPI rank :      964
     Waiting  global time :    0.000000 ( 0.0 %)           on MPI rank :      964
     Total           time :  179.217881 (SYPD:     1.310 ) on MPI rank :      964
     Computing       time :    0.000000                    on MPI rank :      965
     Waiting lbc_lnk time :    0.000000 ( 0.0 %)           on MPI rank :      965
     Waiting  global time :    0.000000 ( 0.0 %)           on MPI rank :      965
     Total           time :  179.218267 (SYPD:     1.310 ) on MPI rank :      965
     Computing       time :    0.000000                    on MPI rank :      966
     Waiting lbc_lnk time :    0.000000 ( 0.0 %)           on MPI rank :      966
     Waiting  global time :    0.000000 ( 0.0 %)           on MPI rank :      966
     Total           time :  179.217835 (SYPD:     1.310 ) on MPI rank :      966
     Computing       time :    0.000000                    on MPI rank :      967
     Waiting lbc_lnk time :    0.000000 ( 0.0 %)           on MPI rank :      967
     Waiting  global time :    0.000000 ( 0.0 %)           on MPI rank :      967
     Total           time :  179.217625 (SYPD:     1.310 ) on MPI rank :      967
     Computing       time :    0.000000                    on MPI rank :      968
     Waiting lbc_lnk time :    0.000000 ( 0.0 %)           on MPI rank :      968
     Waiting  global time :    0.000000 ( 0.0 %)           on MPI rank :      968
     Total           time :  179.217989 (SYPD:     1.310 ) on MPI rank :      968
     Computing       time :    0.000000                    on MPI rank :      969
     Waiting lbc_lnk time :    0.000000 ( 0.0 %)           on MPI rank :      969
     Waiting  global time :    0.000000 ( 0.0 %)           on MPI rank :      969
     Total           time :  179.218077 (SYPD:     1.310 ) on MPI rank :      969
     Computing       time :    0.000000                    on MPI rank :      970
     Waiting lbc_lnk time :    0.000000 ( 0.0 %)           on MPI rank :      970
     Waiting  global time :    0.000000 ( 0.0 %)           on MPI rank :      970
     Total           time :  179.218161 (SYPD:     1.310 ) on MPI rank :      970
     Computing       time :    0.000000                    on MPI rank :      971
     Waiting lbc_lnk time :    0.000000 ( 0.0 %)           on MPI rank :      971
     Waiting  global time :    0.000000 ( 0.0 %)           on MPI rank :      971
     Total           time :  179.218549 (SYPD:     1.310 ) on MPI rank :      971
     Computing       time :    0.000000                    on MPI rank :      972
     Waiting lbc_lnk time :    0.000000 ( 0.0 %)           on MPI rank :      972
     Waiting  global time :    0.000000 ( 0.0 %)           on MPI rank :      972
     Total           time :  179.218166 (SYPD:     1.310 ) on MPI rank :      972
     Computing       time :    0.000000                    on MPI rank :      973
     Waiting lbc_lnk time :    0.000000 ( 0.0 %)           on MPI rank :      973
     Waiting  global time :    0.000000 ( 0.0 %)           on MPI rank :      973
     Total           time :  179.218546 (SYPD:     1.310 ) on MPI rank :      973
     Computing       time :    0.000000                    on MPI rank :      974
     Waiting lbc_lnk time :    0.000000 ( 0.0 %)           on MPI rank :      974
     Waiting  global time :    0.000000 ( 0.0 %)           on MPI rank :      974
     Total           time :  179.217716 (SYPD:     1.310 ) on MPI rank :      974
     Computing       time :    0.000000                    on MPI rank :      975
     Waiting lbc_lnk time :    0.000000 ( 0.0 %)           on MPI rank :      975
     Waiting  global time :    0.000000 ( 0.0 %)           on MPI rank :      975
     Total           time :  179.218382 (SYPD:     1.310 ) on MPI rank :      975
     Computing       time :    0.000000                    on MPI rank :      976
     Waiting lbc_lnk time :    0.000000 ( 0.0 %)           on MPI rank :      976
     Waiting  global time :    0.000000 ( 0.0 %)           on MPI rank :      976
     Total           time :  179.218370 (SYPD:     1.310 ) on MPI rank :      976
     Computing       time :    0.000000                    on MPI rank :      977
     Waiting lbc_lnk time :    0.000000 ( 0.0 %)           on MPI rank :      977
     Waiting  global time :    0.000000 ( 0.0 %)           on MPI rank :      977
     Total           time :  179.218180 (SYPD:     1.310 ) on MPI rank :      977
     Computing       time :    0.000000                    on MPI rank :      978
     Waiting lbc_lnk time :    0.000000 ( 0.0 %)           on MPI rank :      978
     Waiting  global time :    0.000000 ( 0.0 %)           on MPI rank :      978
     Total           time :  179.217532 (SYPD:     1.310 ) on MPI rank :      978
     Computing       time :    0.000000                    on MPI rank :      979
     Waiting lbc_lnk time :    0.000000 ( 0.0 %)           on MPI rank :      979
     Waiting  global time :    0.000000 ( 0.0 %)           on MPI rank :      979
     Total           time :  179.218289 (SYPD:     1.310 ) on MPI rank :      979
     Computing       time :    0.000000                    on MPI rank :      980
     Waiting lbc_lnk time :    0.000000 ( 0.0 %)           on MPI rank :      980
     Waiting  global time :    0.000000 ( 0.0 %)           on MPI rank :      980
     Total           time :  179.217709 (SYPD:     1.310 ) on MPI rank :      980
     Computing       time :    0.000000                    on MPI rank :      981
     Waiting lbc_lnk time :    0.000000 ( 0.0 %)           on MPI rank :      981
     Waiting  global time :    0.000000 ( 0.0 %)           on MPI rank :      981
     Total           time :  179.217443 (SYPD:     1.310 ) on MPI rank :      981
     Computing       time :    0.000000                    on MPI rank :      982
     Waiting lbc_lnk time :    0.000000 ( 0.0 %)           on MPI rank :      982
     Waiting  global time :    0.000000 ( 0.0 %)           on MPI rank :      982
     Total           time :  179.217942 (SYPD:     1.310 ) on MPI rank :      982
     Computing       time :    0.000000                    on MPI rank :      983
     Waiting lbc_lnk time :    0.000000 ( 0.0 %)           on MPI rank :      983
     Waiting  global time :    0.000000 ( 0.0 %)           on MPI rank :      983
     Total           time :  179.217916 (SYPD:     1.310 ) on MPI rank :      983
     Computing       time :    0.000000                    on MPI rank :      984
     Waiting lbc_lnk time :    0.000000 ( 0.0 %)           on MPI rank :      984
     Waiting  global time :    0.000000 ( 0.0 %)           on MPI rank :      984
     Total           time :  179.217902 (SYPD:     1.310 ) on MPI rank :      984
     Computing       time :    0.000000                    on MPI rank :      985
     Waiting lbc_lnk time :    0.000000 ( 0.0 %)           on MPI rank :      985
     Waiting  global time :    0.000000 ( 0.0 %)           on MPI rank :      985
     Total           time :  179.218748 (SYPD:     1.310 ) on MPI rank :      985
     Computing       time :    0.000000                    on MPI rank :      986
     Waiting lbc_lnk time :    0.000000 ( 0.0 %)           on MPI rank :      986
     Waiting  global time :    0.000000 ( 0.0 %)           on MPI rank :      986
     Total           time :  179.218758 (SYPD:     1.310 ) on MPI rank :      986
     Computing       time :    0.000000                    on MPI rank :      987
     Waiting lbc_lnk time :    0.000000 ( 0.0 %)           on MPI rank :      987
     Waiting  global time :    0.000000 ( 0.0 %)           on MPI rank :      987
     Total           time :  179.217975 (SYPD:     1.310 ) on MPI rank :      987
     Computing       time :    0.000000                    on MPI rank :      988
     Waiting lbc_lnk time :    0.000000 ( 0.0 %)           on MPI rank :      988
     Waiting  global time :    0.000000 ( 0.0 %)           on MPI rank :      988
     Total           time :  179.217904 (SYPD:     1.310 ) on MPI rank :      988
     Computing       time :    0.000000                    on MPI rank :      989
     Waiting lbc_lnk time :    0.000000 ( 0.0 %)           on MPI rank :      989
     Waiting  global time :    0.000000 ( 0.0 %)           on MPI rank :      989
     Total           time :  179.217910 (SYPD:     1.310 ) on MPI rank :      989
     Computing       time :    0.000000                    on MPI rank :      990
     Waiting lbc_lnk time :    0.000000 ( 0.0 %)           on MPI rank :      990
     Waiting  global time :    0.000000 ( 0.0 %)           on MPI rank :      990
     Total           time :  179.217831 (SYPD:     1.310 ) on MPI rank :      990
     Computing       time :    0.000000                    on MPI rank :      991
     Waiting lbc_lnk time :    0.000000 ( 0.0 %)           on MPI rank :      991
     Waiting  global time :    0.000000 ( 0.0 %)           on MPI rank :      991
     Total           time :  179.217499 (SYPD:     1.310 ) on MPI rank :      991
     Computing       time :    0.000000                    on MPI rank :      992
     Waiting lbc_lnk time :    0.000000 ( 0.0 %)           on MPI rank :      992
     Waiting  global time :    0.000000 ( 0.0 %)           on MPI rank :      992
     Total           time :  179.217623 (SYPD:     1.310 ) on MPI rank :      992
     Computing       time :    0.000000                    on MPI rank :      993
     Waiting lbc_lnk time :    0.000000 ( 0.0 %)           on MPI rank :      993
     Waiting  global time :    0.000000 ( 0.0 %)           on MPI rank :      993
     Total           time :  179.217821 (SYPD:     1.310 ) on MPI rank :      993
     Computing       time :    0.000000                    on MPI rank :      994
     Waiting lbc_lnk time :    0.000000 ( 0.0 %)           on MPI rank :      994
     Waiting  global time :    0.000000 ( 0.0 %)           on MPI rank :      994
     Total           time :  179.218251 (SYPD:     1.310 ) on MPI rank :      994
     Computing       time :    0.000000                    on MPI rank :      995
     Waiting lbc_lnk time :    0.000000 ( 0.0 %)           on MPI rank :      995
     Waiting  global time :    0.000000 ( 0.0 %)           on MPI rank :      995
     Total           time :  179.217896 (SYPD:     1.310 ) on MPI rank :      995
     Computing       time :    0.000000                    on MPI rank :      996
     Waiting lbc_lnk time :    0.000000 ( 0.0 %)           on MPI rank :      996
     Waiting  global time :    0.000000 ( 0.0 %)           on MPI rank :      996
     Total           time :  179.218792 (SYPD:     1.310 ) on MPI rank :      996
     Computing       time :    0.000000                    on MPI rank :      997
     Waiting lbc_lnk time :    0.000000 ( 0.0 %)           on MPI rank :      997
     Waiting  global time :    0.000000 ( 0.0 %)           on MPI rank :      997
     Total           time :  179.218631 (SYPD:     1.310 ) on MPI rank :      997
     Computing       time :    0.000000                    on MPI rank :      998
     Waiting lbc_lnk time :    0.000000 ( 0.0 %)           on MPI rank :      998
     Waiting  global time :    0.000000 ( 0.0 %)           on MPI rank :      998
     Total           time :  179.217837 (SYPD:     1.310 ) on MPI rank :      998
     Computing       time :    0.000000                    on MPI rank :      999
     Waiting lbc_lnk time :    0.000000 ( 0.0 %)           on MPI rank :      999
     Waiting  global time :    0.000000 ( 0.0 %)           on MPI rank :      999
     Total           time :  179.217693 (SYPD:     1.310 ) on MPI rank :      999
     Computing       time :    0.000000                    on MPI rank :     1000
     Waiting lbc_lnk time :    0.000000 ( 0.0 %)           on MPI rank :     1000
     Waiting  global time :    0.000000 ( 0.0 %)           on MPI rank :     1000
     Total           time :  179.218622 (SYPD:     1.310 ) on MPI rank :     1000
     Computing       time :    0.000000                    on MPI rank :     1001
     Waiting lbc_lnk time :    0.000000 ( 0.0 %)           on MPI rank :     1001
     Waiting  global time :    0.000000 ( 0.0 %)           on MPI rank :     1001
     Total           time :  179.218065 (SYPD:     1.310 ) on MPI rank :     1001
     Computing       time :    0.000000                    on MPI rank :     1002
     Waiting lbc_lnk time :    0.000000 ( 0.0 %)           on MPI rank :     1002
     Waiting  global time :    0.000000 ( 0.0 %)           on MPI rank :     1002
     Total           time :  179.217726 (SYPD:     1.310 ) on MPI rank :     1002
     Computing       time :    0.000000                    on MPI rank :     1003
     Waiting lbc_lnk time :    0.000000 ( 0.0 %)           on MPI rank :     1003
     Waiting  global time :    0.000000 ( 0.0 %)           on MPI rank :     1003
     Total           time :  179.218399 (SYPD:     1.310 ) on MPI rank :     1003
     Computing       time :    0.000000                    on MPI rank :     1004
     Waiting lbc_lnk time :    0.000000 ( 0.0 %)           on MPI rank :     1004
     Waiting  global time :    0.000000 ( 0.0 %)           on MPI rank :     1004
     Total           time :  179.219097 (SYPD:     1.310 ) on MPI rank :     1004
     Computing       time :    0.000000                    on MPI rank :     1005
     Waiting lbc_lnk time :    0.000000 ( 0.0 %)           on MPI rank :     1005
     Waiting  global time :    0.000000 ( 0.0 %)           on MPI rank :     1005
     Total           time :  179.218200 (SYPD:     1.310 ) on MPI rank :     1005
     Computing       time :    0.000000                    on MPI rank :     1006
     Waiting lbc_lnk time :    0.000000 ( 0.0 %)           on MPI rank :     1006
     Waiting  global time :    0.000000 ( 0.0 %)           on MPI rank :     1006
     Total           time :  179.217128 (SYPD:     1.310 ) on MPI rank :     1006
     Computing       time :    0.000000                    on MPI rank :     1007
     Waiting lbc_lnk time :    0.000000 ( 0.0 %)           on MPI rank :     1007
     Waiting  global time :    0.000000 ( 0.0 %)           on MPI rank :     1007
     Total           time :  179.217544 (SYPD:     1.310 ) on MPI rank :     1007
     Computing       time :    0.000000                    on MPI rank :     1008
     Waiting lbc_lnk time :    0.000000 ( 0.0 %)           on MPI rank :     1008
     Waiting  global time :    0.000000 ( 0.0 %)           on MPI rank :     1008
     Total           time :  179.218634 (SYPD:     1.310 ) on MPI rank :     1008
     Computing       time :    0.000000                    on MPI rank :     1009
     Waiting lbc_lnk time :    0.000000 ( 0.0 %)           on MPI rank :     1009
     Waiting  global time :    0.000000 ( 0.0 %)           on MPI rank :     1009
     Total           time :  179.218046 (SYPD:     1.310 ) on MPI rank :     1009
     Computing       time :    0.000000                    on MPI rank :     1010
     Waiting lbc_lnk time :    0.000000 ( 0.0 %)           on MPI rank :     1010
     Waiting  global time :    0.000000 ( 0.0 %)           on MPI rank :     1010
     Total           time :  179.217683 (SYPD:     1.310 ) on MPI rank :     1010
     Computing       time :    0.000000                    on MPI rank :     1011
     Waiting lbc_lnk time :    0.000000 ( 0.0 %)           on MPI rank :     1011
     Waiting  global time :    0.000000 ( 0.0 %)           on MPI rank :     1011
     Total           time :  179.218647 (SYPD:     1.310 ) on MPI rank :     1011
     Computing       time :    0.000000                    on MPI rank :     1012
     Waiting lbc_lnk time :    0.000000 ( 0.0 %)           on MPI rank :     1012
     Waiting  global time :    0.000000 ( 0.0 %)           on MPI rank :     1012
     Total           time :  179.218184 (SYPD:     1.310 ) on MPI rank :     1012
     Computing       time :    0.000000                    on MPI rank :     1013
     Waiting lbc_lnk time :    0.000000 ( 0.0 %)           on MPI rank :     1013
     Waiting  global time :    0.000000 ( 0.0 %)           on MPI rank :     1013
     Total           time :  179.217888 (SYPD:     1.310 ) on MPI rank :     1013
     Computing       time :    0.000000                    on MPI rank :     1014
     Waiting lbc_lnk time :    0.000000 ( 0.0 %)           on MPI rank :     1014
     Waiting  global time :    0.000000 ( 0.0 %)           on MPI rank :     1014
     Total           time :  179.218858 (SYPD:     1.310 ) on MPI rank :     1014
     Computing       time :    0.000000                    on MPI rank :     1015
     Waiting lbc_lnk time :    0.000000 ( 0.0 %)           on MPI rank :     1015
     Waiting  global time :    0.000000 ( 0.0 %)           on MPI rank :     1015
     Total           time :  179.218080 (SYPD:     1.310 ) on MPI rank :     1015
     Computing       time :    0.000000                    on MPI rank :     1016
     Waiting lbc_lnk time :    0.000000 ( 0.0 %)           on MPI rank :     1016
     Waiting  global time :    0.000000 ( 0.0 %)           on MPI rank :     1016
     Total           time :  179.218753 (SYPD:     1.310 ) on MPI rank :     1016
     Computing       time :    0.000000                    on MPI rank :     1017
     Waiting lbc_lnk time :    0.000000 ( 0.0 %)           on MPI rank :     1017
     Waiting  global time :    0.000000 ( 0.0 %)           on MPI rank :     1017
     Total           time :  179.218464 (SYPD:     1.310 ) on MPI rank :     1017
     Computing       time :    0.000000                    on MPI rank :     1018
     Waiting lbc_lnk time :    0.000000 ( 0.0 %)           on MPI rank :     1018
     Waiting  global time :    0.000000 ( 0.0 %)           on MPI rank :     1018
     Total           time :  179.217786 (SYPD:     1.310 ) on MPI rank :     1018
     Computing       time :    0.000000                    on MPI rank :     1019
     Waiting lbc_lnk time :    0.000000 ( 0.0 %)           on MPI rank :     1019
     Waiting  global time :    0.000000 ( 0.0 %)           on MPI rank :     1019
     Total           time :  179.218606 (SYPD:     1.310 ) on MPI rank :     1019
     Computing       time :    0.000000                    on MPI rank :     1020
     Waiting lbc_lnk time :    0.000000 ( 0.0 %)           on MPI rank :     1020
     Waiting  global time :    0.000000 ( 0.0 %)           on MPI rank :     1020
     Total           time :  179.218147 (SYPD:     1.310 ) on MPI rank :     1020
     Computing       time :    0.000000                    on MPI rank :     1021
     Waiting lbc_lnk time :    0.000000 ( 0.0 %)           on MPI rank :     1021
     Waiting  global time :    0.000000 ( 0.0 %)           on MPI rank :     1021
     Total           time :  179.217849 (SYPD:     1.310 ) on MPI rank :     1021
     Computing       time :    0.000000                    on MPI rank :     1022
     Waiting lbc_lnk time :    0.000000 ( 0.0 %)           on MPI rank :     1022
     Waiting  global time :    0.000000 ( 0.0 %)           on MPI rank :     1022
     Total           time :  179.218307 (SYPD:     1.310 ) on MPI rank :     1022
     Computing       time :    0.000000                    on MPI rank :     1023
     Waiting lbc_lnk time :    0.000000 ( 0.0 %)           on MPI rank :     1023
     Waiting  global time :    0.000000 ( 0.0 %)           on MPI rank :     1023
     Total           time :  179.217946 (SYPD:     1.310 ) on MPI rank :     1023
     Computing       time :    0.000000                    on MPI rank :     1024
     Waiting lbc_lnk time :    0.000000 ( 0.0 %)           on MPI rank :     1024
     Waiting  global time :    0.000000 ( 0.0 %)           on MPI rank :     1024
     Total           time :  179.218030 (SYPD:     1.310 ) on MPI rank :     1024
     Computing       time :    0.000000                    on MPI rank :     1025
     Waiting lbc_lnk time :    0.000000 ( 0.0 %)           on MPI rank :     1025
     Waiting  global time :    0.000000 ( 0.0 %)           on MPI rank :     1025
     Total           time :  179.218806 (SYPD:     1.310 ) on MPI rank :     1025
     Computing       time :    0.000000                    on MPI rank :     1026
     Waiting lbc_lnk time :    0.000000 ( 0.0 %)           on MPI rank :     1026
     Waiting  global time :    0.000000 ( 0.0 %)           on MPI rank :     1026
     Total           time :  179.218025 (SYPD:     1.310 ) on MPI rank :     1026
     Computing       time :    0.000000                    on MPI rank :     1027
     Waiting lbc_lnk time :    0.000000 ( 0.0 %)           on MPI rank :     1027
     Waiting  global time :    0.000000 ( 0.0 %)           on MPI rank :     1027
     Total           time :  179.218115 (SYPD:     1.310 ) on MPI rank :     1027
     Computing       time :    0.000000                    on MPI rank :     1028
     Waiting lbc_lnk time :    0.000000 ( 0.0 %)           on MPI rank :     1028
     Waiting  global time :    0.000000 ( 0.0 %)           on MPI rank :     1028
     Total           time :  179.218950 (SYPD:     1.310 ) on MPI rank :     1028
     Computing       time :    0.000000                    on MPI rank :     1029
     Waiting lbc_lnk time :    0.000000 ( 0.0 %)           on MPI rank :     1029
     Waiting  global time :    0.000000 ( 0.0 %)           on MPI rank :     1029
     Total           time :  179.217928 (SYPD:     1.310 ) on MPI rank :     1029
     Computing       time :    0.000000                    on MPI rank :     1030
     Waiting lbc_lnk time :    0.000000 ( 0.0 %)           on MPI rank :     1030
     Waiting  global time :    0.000000 ( 0.0 %)           on MPI rank :     1030
     Total           time :  179.218794 (SYPD:     1.310 ) on MPI rank :     1030
     Computing       time :    0.000000                    on MPI rank :     1031
     Waiting lbc_lnk time :    0.000000 ( 0.0 %)           on MPI rank :     1031
     Waiting  global time :    0.000000 ( 0.0 %)           on MPI rank :     1031
     Total           time :  179.218627 (SYPD:     1.310 ) on MPI rank :     1031
     Computing       time :    0.000000                    on MPI rank :     1032
     Waiting lbc_lnk time :    0.000000 ( 0.0 %)           on MPI rank :     1032
     Waiting  global time :    0.000000 ( 0.0 %)           on MPI rank :     1032
     Total           time :  179.218741 (SYPD:     1.310 ) on MPI rank :     1032
     Computing       time :    0.000000                    on MPI rank :     1033
     Waiting lbc_lnk time :    0.000000 ( 0.0 %)           on MPI rank :     1033
     Waiting  global time :    0.000000 ( 0.0 %)           on MPI rank :     1033
     Total           time :  179.218338 (SYPD:     1.310 ) on MPI rank :     1033
     Computing       time :    0.000000                    on MPI rank :     1034
     Waiting lbc_lnk time :    0.000000 ( 0.0 %)           on MPI rank :     1034
     Waiting  global time :    0.000000 ( 0.0 %)           on MPI rank :     1034
     Total           time :  179.218304 (SYPD:     1.310 ) on MPI rank :     1034
     Computing       time :    0.000000                    on MPI rank :     1035
     Waiting lbc_lnk time :    0.000000 ( 0.0 %)           on MPI rank :     1035
     Waiting  global time :    0.000000 ( 0.0 %)           on MPI rank :     1035
     Total           time :  179.217897 (SYPD:     1.310 ) on MPI rank :     1035
     Computing       time :    0.000000                    on MPI rank :     1036
     Waiting lbc_lnk time :    0.000000 ( 0.0 %)           on MPI rank :     1036
     Waiting  global time :    0.000000 ( 0.0 %)           on MPI rank :     1036
     Total           time :  179.217648 (SYPD:     1.310 ) on MPI rank :     1036
     Computing       time :    0.000000                    on MPI rank :     1037
     Waiting lbc_lnk time :    0.000000 ( 0.0 %)           on MPI rank :     1037
     Waiting  global time :    0.000000 ( 0.0 %)           on MPI rank :     1037
     Total           time :  179.218416 (SYPD:     1.310 ) on MPI rank :     1037
     Computing       time :    0.000000                    on MPI rank :     1038
     Waiting lbc_lnk time :    0.000000 ( 0.0 %)           on MPI rank :     1038
     Waiting  global time :    0.000000 ( 0.0 %)           on MPI rank :     1038
     Total           time :  179.217662 (SYPD:     1.310 ) on MPI rank :     1038
     Computing       time :    0.000000                    on MPI rank :     1039
     Waiting lbc_lnk time :    0.000000 ( 0.0 %)           on MPI rank :     1039
     Waiting  global time :    0.000000 ( 0.0 %)           on MPI rank :     1039
     Total           time :  179.217966 (SYPD:     1.310 ) on MPI rank :     1039
     Computing       time :    0.000000                    on MPI rank :     1040
     Waiting lbc_lnk time :    0.000000 ( 0.0 %)           on MPI rank :     1040
     Waiting  global time :    0.000000 ( 0.0 %)           on MPI rank :     1040
     Total           time :  179.217765 (SYPD:     1.310 ) on MPI rank :     1040
     Computing       time :    0.000000                    on MPI rank :     1041
     Waiting lbc_lnk time :    0.000000 ( 0.0 %)           on MPI rank :     1041
     Waiting  global time :    0.000000 ( 0.0 %)           on MPI rank :     1041
     Total           time :  179.218566 (SYPD:     1.310 ) on MPI rank :     1041
     Computing       time :    0.000000                    on MPI rank :     1042
     Waiting lbc_lnk time :    0.000000 ( 0.0 %)           on MPI rank :     1042
     Waiting  global time :    0.000000 ( 0.0 %)           on MPI rank :     1042
     Total           time :  179.218409 (SYPD:     1.310 ) on MPI rank :     1042
     Computing       time :    0.000000                    on MPI rank :     1043
     Waiting lbc_lnk time :    0.000000 ( 0.0 %)           on MPI rank :     1043
     Waiting  global time :    0.000000 ( 0.0 %)           on MPI rank :     1043
     Total           time :  179.219049 (SYPD:     1.310 ) on MPI rank :     1043
     Computing       time :    0.000000                    on MPI rank :     1044
     Waiting lbc_lnk time :    0.000000 ( 0.0 %)           on MPI rank :     1044
     Waiting  global time :    0.000000 ( 0.0 %)           on MPI rank :     1044
     Total           time :  179.218022 (SYPD:     1.310 ) on MPI rank :     1044
     Computing       time :    0.000000                    on MPI rank :     1045
     Waiting lbc_lnk time :    0.000000 ( 0.0 %)           on MPI rank :     1045
     Waiting  global time :    0.000000 ( 0.0 %)           on MPI rank :     1045
     Total           time :  179.218280 (SYPD:     1.310 ) on MPI rank :     1045
     Computing       time :    0.000000                    on MPI rank :     1046
     Waiting lbc_lnk time :    0.000000 ( 0.0 %)           on MPI rank :     1046
     Waiting  global time :    0.000000 ( 0.0 %)           on MPI rank :     1046
     Total           time :  179.218678 (SYPD:     1.310 ) on MPI rank :     1046
     Computing       time :    0.000000                    on MPI rank :     1047
     Waiting lbc_lnk time :    0.000000 ( 0.0 %)           on MPI rank :     1047
     Waiting  global time :    0.000000 ( 0.0 %)           on MPI rank :     1047
     Total           time :  179.217944 (SYPD:     1.310 ) on MPI rank :     1047
     Computing       time :    0.000000                    on MPI rank :     1048
     Waiting lbc_lnk time :    0.000000 ( 0.0 %)           on MPI rank :     1048
     Waiting  global time :    0.000000 ( 0.0 %)           on MPI rank :     1048
     Total           time :  179.218290 (SYPD:     1.310 ) on MPI rank :     1048
     Computing       time :    0.000000                    on MPI rank :     1049
     Waiting lbc_lnk time :    0.000000 ( 0.0 %)           on MPI rank :     1049
     Waiting  global time :    0.000000 ( 0.0 %)           on MPI rank :     1049
     Total           time :  179.217854 (SYPD:     1.310 ) on MPI rank :     1049
     Computing       time :    0.000000                    on MPI rank :     1050
     Waiting lbc_lnk time :    0.000000 ( 0.0 %)           on MPI rank :     1050
     Waiting  global time :    0.000000 ( 0.0 %)           on MPI rank :     1050
     Total           time :  179.218277 (SYPD:     1.310 ) on MPI rank :     1050
     Computing       time :    0.000000                    on MPI rank :     1051
     Waiting lbc_lnk time :    0.000000 ( 0.0 %)           on MPI rank :     1051
     Waiting  global time :    0.000000 ( 0.0 %)           on MPI rank :     1051
     Total           time :  179.217928 (SYPD:     1.310 ) on MPI rank :     1051
     Computing       time :    0.000000                    on MPI rank :     1052
     Waiting lbc_lnk time :    0.000000 ( 0.0 %)           on MPI rank :     1052
     Waiting  global time :    0.000000 ( 0.0 %)           on MPI rank :     1052
     Total           time :  179.217704 (SYPD:     1.310 ) on MPI rank :     1052
     Computing       time :    0.000000                    on MPI rank :     1053
     Waiting lbc_lnk time :    0.000000 ( 0.0 %)           on MPI rank :     1053
     Waiting  global time :    0.000000 ( 0.0 %)           on MPI rank :     1053
     Total           time :  179.218060 (SYPD:     1.310 ) on MPI rank :     1053
     Computing       time :    0.000000                    on MPI rank :     1054
     Waiting lbc_lnk time :    0.000000 ( 0.0 %)           on MPI rank :     1054
     Waiting  global time :    0.000000 ( 0.0 %)           on MPI rank :     1054
     Total           time :  179.217913 (SYPD:     1.310 ) on MPI rank :     1054
     Computing       time :    0.000000                    on MPI rank :     1055
     Waiting lbc_lnk time :    0.000000 ( 0.0 %)           on MPI rank :     1055
     Waiting  global time :    0.000000 ( 0.0 %)           on MPI rank :     1055
     Total           time :  179.218447 (SYPD:     1.310 ) on MPI rank :     1055
     Computing       time :    0.000000                    on MPI rank :     1056
     Waiting lbc_lnk time :    0.000000 ( 0.0 %)           on MPI rank :     1056
     Waiting  global time :    0.000000 ( 0.0 %)           on MPI rank :     1056
     Total           time :  179.218842 (SYPD:     1.310 ) on MPI rank :     1056
     Computing       time :    0.000000                    on MPI rank :     1057
     Waiting lbc_lnk time :    0.000000 ( 0.0 %)           on MPI rank :     1057
     Waiting  global time :    0.000000 ( 0.0 %)           on MPI rank :     1057
     Total           time :  179.218467 (SYPD:     1.310 ) on MPI rank :     1057
     Computing       time :    0.000000                    on MPI rank :     1058
     Waiting lbc_lnk time :    0.000000 ( 0.0 %)           on MPI rank :     1058
     Waiting  global time :    0.000000 ( 0.0 %)           on MPI rank :     1058
     Total           time :  179.218820 (SYPD:     1.310 ) on MPI rank :     1058
     Computing       time :    0.000000                    on MPI rank :     1059
     Waiting lbc_lnk time :    0.000000 ( 0.0 %)           on MPI rank :     1059
     Waiting  global time :    0.000000 ( 0.0 %)           on MPI rank :     1059
     Total           time :  179.217935 (SYPD:     1.310 ) on MPI rank :     1059
     Computing       time :    0.000000                    on MPI rank :     1060
     Waiting lbc_lnk time :    0.000000 ( 0.0 %)           on MPI rank :     1060
     Waiting  global time :    0.000000 ( 0.0 %)           on MPI rank :     1060
     Total           time :  179.218568 (SYPD:     1.310 ) on MPI rank :     1060
     Computing       time :    0.000000                    on MPI rank :     1061
     Waiting lbc_lnk time :    0.000000 ( 0.0 %)           on MPI rank :     1061
     Waiting  global time :    0.000000 ( 0.0 %)           on MPI rank :     1061
     Total           time :  179.218085 (SYPD:     1.310 ) on MPI rank :     1061
     Computing       time :    0.000000                    on MPI rank :     1062
     Waiting lbc_lnk time :    0.000000 ( 0.0 %)           on MPI rank :     1062
     Waiting  global time :    0.000000 ( 0.0 %)           on MPI rank :     1062
     Total           time :  179.217875 (SYPD:     1.310 ) on MPI rank :     1062
     Computing       time :    0.000000                    on MPI rank :     1063
     Waiting lbc_lnk time :    0.000000 ( 0.0 %)           on MPI rank :     1063
     Waiting  global time :    0.000000 ( 0.0 %)           on MPI rank :     1063
     Total           time :  179.218853 (SYPD:     1.310 ) on MPI rank :     1063
     Computing       time :    0.000000                    on MPI rank :     1064
     Waiting lbc_lnk time :    0.000000 ( 0.0 %)           on MPI rank :     1064
     Waiting  global time :    0.000000 ( 0.0 %)           on MPI rank :     1064
     Total           time :  179.218136 (SYPD:     1.310 ) on MPI rank :     1064
     Computing       time :    0.000000                    on MPI rank :     1065
     Waiting lbc_lnk time :    0.000000 ( 0.0 %)           on MPI rank :     1065
     Waiting  global time :    0.000000 ( 0.0 %)           on MPI rank :     1065
     Total           time :  179.217897 (SYPD:     1.310 ) on MPI rank :     1065
     Computing       time :    0.000000                    on MPI rank :     1066
     Waiting lbc_lnk time :    0.000000 ( 0.0 %)           on MPI rank :     1066
     Waiting  global time :    0.000000 ( 0.0 %)           on MPI rank :     1066
     Total           time :  179.218403 (SYPD:     1.310 ) on MPI rank :     1066
     Computing       time :    0.000000                    on MPI rank :     1067
     Waiting lbc_lnk time :    0.000000 ( 0.0 %)           on MPI rank :     1067
     Waiting  global time :    0.000000 ( 0.0 %)           on MPI rank :     1067
     Total           time :  179.218337 (SYPD:     1.310 ) on MPI rank :     1067
     Computing       time :    0.000000                    on MPI rank :     1068
     Waiting lbc_lnk time :    0.000000 ( 0.0 %)           on MPI rank :     1068
     Waiting  global time :    0.000000 ( 0.0 %)           on MPI rank :     1068
     Total           time :  179.219169 (SYPD:     1.310 ) on MPI rank :     1068
     Computing       time :    0.000000                    on MPI rank :     1069
     Waiting lbc_lnk time :    0.000000 ( 0.0 %)           on MPI rank :     1069
     Waiting  global time :    0.000000 ( 0.0 %)           on MPI rank :     1069
     Total           time :  179.218452 (SYPD:     1.310 ) on MPI rank :     1069
     Computing       time :    0.000000                    on MPI rank :     1070
     Waiting lbc_lnk time :    0.000000 ( 0.0 %)           on MPI rank :     1070
     Waiting  global time :    0.000000 ( 0.0 %)           on MPI rank :     1070
     Total           time :  179.218152 (SYPD:     1.310 ) on MPI rank :     1070
     Computing       time :    0.000000                    on MPI rank :     1071
     Waiting lbc_lnk time :    0.000000 ( 0.0 %)           on MPI rank :     1071
     Waiting  global time :    0.000000 ( 0.0 %)           on MPI rank :     1071
     Total           time :  179.218947 (SYPD:     1.310 ) on MPI rank :     1071
     Computing       time :    0.000000                    on MPI rank :     1072
     Waiting lbc_lnk time :    0.000000 ( 0.0 %)           on MPI rank :     1072
     Waiting  global time :    0.000000 ( 0.0 %)           on MPI rank :     1072
     Total           time :  179.218415 (SYPD:     1.310 ) on MPI rank :     1072
     Computing       time :    0.000000                    on MPI rank :     1073
     Waiting lbc_lnk time :    0.000000 ( 0.0 %)           on MPI rank :     1073
     Waiting  global time :    0.000000 ( 0.0 %)           on MPI rank :     1073
     Total           time :  179.217668 (SYPD:     1.310 ) on MPI rank :     1073
     Computing       time :    0.000000                    on MPI rank :     1074
     Waiting lbc_lnk time :    0.000000 ( 0.0 %)           on MPI rank :     1074
     Waiting  global time :    0.000000 ( 0.0 %)           on MPI rank :     1074
     Total           time :  179.218956 (SYPD:     1.310 ) on MPI rank :     1074
     Computing       time :    0.000000                    on MPI rank :     1075
     Waiting lbc_lnk time :    0.000000 ( 0.0 %)           on MPI rank :     1075
     Waiting  global time :    0.000000 ( 0.0 %)           on MPI rank :     1075
     Total           time :  179.218569 (SYPD:     1.310 ) on MPI rank :     1075
     Computing       time :    0.000000                    on MPI rank :     1076
     Waiting lbc_lnk time :    0.000000 ( 0.0 %)           on MPI rank :     1076
     Waiting  global time :    0.000000 ( 0.0 %)           on MPI rank :     1076
     Total           time :  179.218387 (SYPD:     1.310 ) on MPI rank :     1076
     Computing       time :    0.000000                    on MPI rank :     1077
     Waiting lbc_lnk time :    0.000000 ( 0.0 %)           on MPI rank :     1077
     Waiting  global time :    0.000000 ( 0.0 %)           on MPI rank :     1077
     Total           time :  179.219006 (SYPD:     1.310 ) on MPI rank :     1077
     Computing       time :    0.000000                    on MPI rank :     1078
     Waiting lbc_lnk time :    0.000000 ( 0.0 %)           on MPI rank :     1078
     Waiting  global time :    0.000000 ( 0.0 %)           on MPI rank :     1078
     Total           time :  179.218515 (SYPD:     1.310 ) on MPI rank :     1078
     Computing       time :    0.000000                    on MPI rank :     1079
     Waiting lbc_lnk time :    0.000000 ( 0.0 %)           on MPI rank :     1079
     Waiting  global time :    0.000000 ( 0.0 %)           on MPI rank :     1079
     Total           time :  179.218766 (SYPD:     1.310 ) on MPI rank :     1079
     Computing       time :    0.000000                    on MPI rank :     1080
     Waiting lbc_lnk time :    0.000000 ( 0.0 %)           on MPI rank :     1080
     Waiting  global time :    0.000000 ( 0.0 %)           on MPI rank :     1080
     Total           time :  179.218648 (SYPD:     1.310 ) on MPI rank :     1080
     Computing       time :    0.000000                    on MPI rank :     1081
     Waiting lbc_lnk time :    0.000000 ( 0.0 %)           on MPI rank :     1081
     Waiting  global time :    0.000000 ( 0.0 %)           on MPI rank :     1081
     Total           time :  179.218328 (SYPD:     1.310 ) on MPI rank :     1081
     Computing       time :    0.000000                    on MPI rank :     1082
     Waiting lbc_lnk time :    0.000000 ( 0.0 %)           on MPI rank :     1082
     Waiting  global time :    0.000000 ( 0.0 %)           on MPI rank :     1082
     Total           time :  179.218509 (SYPD:     1.310 ) on MPI rank :     1082
     Computing       time :    0.000000                    on MPI rank :     1083
     Waiting lbc_lnk time :    0.000000 ( 0.0 %)           on MPI rank :     1083
     Waiting  global time :    0.000000 ( 0.0 %)           on MPI rank :     1083
     Total           time :  179.218855 (SYPD:     1.310 ) on MPI rank :     1083
     Computing       time :    0.000000                    on MPI rank :     1084
     Waiting lbc_lnk time :    0.000000 ( 0.0 %)           on MPI rank :     1084
     Waiting  global time :    0.000000 ( 0.0 %)           on MPI rank :     1084
     Total           time :  179.218279 (SYPD:     1.310 ) on MPI rank :     1084
     Computing       time :    0.000000                    on MPI rank :     1085
     Waiting lbc_lnk time :    0.000000 ( 0.0 %)           on MPI rank :     1085
     Waiting  global time :    0.000000 ( 0.0 %)           on MPI rank :     1085
     Total           time :  179.218514 (SYPD:     1.310 ) on MPI rank :     1085
     Computing       time :    0.000000                    on MPI rank :     1086
     Waiting lbc_lnk time :    0.000000 ( 0.0 %)           on MPI rank :     1086
     Waiting  global time :    0.000000 ( 0.0 %)           on MPI rank :     1086
     Total           time :  179.218181 (SYPD:     1.310 ) on MPI rank :     1086
     Computing       time :    0.000000                    on MPI rank :     1087
     Waiting lbc_lnk time :    0.000000 ( 0.0 %)           on MPI rank :     1087
     Waiting  global time :    0.000000 ( 0.0 %)           on MPI rank :     1087
     Total           time :  179.218478 (SYPD:     1.310 ) on MPI rank :     1087
     Computing       time :    0.000000                    on MPI rank :     1088
     Waiting lbc_lnk time :    0.000000 ( 0.0 %)           on MPI rank :     1088
     Waiting  global time :    0.000000 ( 0.0 %)           on MPI rank :     1088
     Total           time :  179.217866 (SYPD:     1.310 ) on MPI rank :     1088
     Computing       time :    0.000000                    on MPI rank :     1089
     Waiting lbc_lnk time :    0.000000 ( 0.0 %)           on MPI rank :     1089
     Waiting  global time :    0.000000 ( 0.0 %)           on MPI rank :     1089
     Total           time :  179.217699 (SYPD:     1.310 ) on MPI rank :     1089
     Computing       time :    0.000000                    on MPI rank :     1090
     Waiting lbc_lnk time :    0.000000 ( 0.0 %)           on MPI rank :     1090
     Waiting  global time :    0.000000 ( 0.0 %)           on MPI rank :     1090
     Total           time :  179.217543 (SYPD:     1.310 ) on MPI rank :     1090
     Computing       time :    0.000000                    on MPI rank :     1091
     Waiting lbc_lnk time :    0.000000 ( 0.0 %)           on MPI rank :     1091
     Waiting  global time :    0.000000 ( 0.0 %)           on MPI rank :     1091
     Total           time :  179.218042 (SYPD:     1.310 ) on MPI rank :     1091
     Computing       time :    0.000000                    on MPI rank :     1092
     Waiting lbc_lnk time :    0.000000 ( 0.0 %)           on MPI rank :     1092
     Waiting  global time :    0.000000 ( 0.0 %)           on MPI rank :     1092
     Total           time :  179.218599 (SYPD:     1.310 ) on MPI rank :     1092
     Computing       time :    0.000000                    on MPI rank :     1093
     Waiting lbc_lnk time :    0.000000 ( 0.0 %)           on MPI rank :     1093
     Waiting  global time :    0.000000 ( 0.0 %)           on MPI rank :     1093
     Total           time :  179.217736 (SYPD:     1.310 ) on MPI rank :     1093
     Computing       time :    0.000000                    on MPI rank :     1094
     Waiting lbc_lnk time :    0.000000 ( 0.0 %)           on MPI rank :     1094
     Waiting  global time :    0.000000 ( 0.0 %)           on MPI rank :     1094
     Total           time :  179.218258 (SYPD:     1.310 ) on MPI rank :     1094
     Computing       time :    0.000000                    on MPI rank :     1095
     Waiting lbc_lnk time :    0.000000 ( 0.0 %)           on MPI rank :     1095
     Waiting  global time :    0.000000 ( 0.0 %)           on MPI rank :     1095
     Total           time :  179.217436 (SYPD:     1.310 ) on MPI rank :     1095
     Computing       time :    0.000000                    on MPI rank :     1096
     Waiting lbc_lnk time :    0.000000 ( 0.0 %)           on MPI rank :     1096
     Waiting  global time :    0.000000 ( 0.0 %)           on MPI rank :     1096
     Total           time :  179.218079 (SYPD:     1.310 ) on MPI rank :     1096
     Computing       time :    0.000000                    on MPI rank :     1097
     Waiting lbc_lnk time :    0.000000 ( 0.0 %)           on MPI rank :     1097
     Waiting  global time :    0.000000 ( 0.0 %)           on MPI rank :     1097
     Total           time :  179.218107 (SYPD:     1.310 ) on MPI rank :     1097
     Computing       time :    0.000000                    on MPI rank :     1098
     Waiting lbc_lnk time :    0.000000 ( 0.0 %)           on MPI rank :     1098
     Waiting  global time :    0.000000 ( 0.0 %)           on MPI rank :     1098
     Total           time :  179.217835 (SYPD:     1.310 ) on MPI rank :     1098
     Computing       time :    0.000000                    on MPI rank :     1099
     Waiting lbc_lnk time :    0.000000 ( 0.0 %)           on MPI rank :     1099
     Waiting  global time :    0.000000 ( 0.0 %)           on MPI rank :     1099
     Total           time :  179.218099 (SYPD:     1.310 ) on MPI rank :     1099
     Computing       time :    0.000000                    on MPI rank :     1100
     Waiting lbc_lnk time :    0.000000 ( 0.0 %)           on MPI rank :     1100
     Waiting  global time :    0.000000 ( 0.0 %)           on MPI rank :     1100
     Total           time :  179.218834 (SYPD:     1.310 ) on MPI rank :     1100
     Computing       time :    0.000000                    on MPI rank :     1101
     Waiting lbc_lnk time :    0.000000 ( 0.0 %)           on MPI rank :     1101
     Waiting  global time :    0.000000 ( 0.0 %)           on MPI rank :     1101
     Total           time :  179.218327 (SYPD:     1.310 ) on MPI rank :     1101
     Computing       time :    0.000000                    on MPI rank :     1102
     Waiting lbc_lnk time :    0.000000 ( 0.0 %)           on MPI rank :     1102
     Waiting  global time :    0.000000 ( 0.0 %)           on MPI rank :     1102
     Total           time :  179.218411 (SYPD:     1.310 ) on MPI rank :     1102
     Computing       time :    0.000000                    on MPI rank :     1103
     Waiting lbc_lnk time :    0.000000 ( 0.0 %)           on MPI rank :     1103
     Waiting  global time :    0.000000 ( 0.0 %)           on MPI rank :     1103
     Total           time :  179.217552 (SYPD:     1.310 ) on MPI rank :     1103
     Computing       time :    0.000000                    on MPI rank :     1104
     Waiting lbc_lnk time :    0.000000 ( 0.0 %)           on MPI rank :     1104
     Waiting  global time :    0.000000 ( 0.0 %)           on MPI rank :     1104
     Total           time :  179.218004 (SYPD:     1.310 ) on MPI rank :     1104
     Computing       time :    0.000000                    on MPI rank :     1105
     Waiting lbc_lnk time :    0.000000 ( 0.0 %)           on MPI rank :     1105
     Waiting  global time :    0.000000 ( 0.0 %)           on MPI rank :     1105
     Total           time :  179.218548 (SYPD:     1.310 ) on MPI rank :     1105
     Computing       time :    0.000000                    on MPI rank :     1106
     Waiting lbc_lnk time :    0.000000 ( 0.0 %)           on MPI rank :     1106
     Waiting  global time :    0.000000 ( 0.0 %)           on MPI rank :     1106
     Total           time :  179.218076 (SYPD:     1.310 ) on MPI rank :     1106
     Computing       time :    0.000000                    on MPI rank :     1107
     Waiting lbc_lnk time :    0.000000 ( 0.0 %)           on MPI rank :     1107
     Waiting  global time :    0.000000 ( 0.0 %)           on MPI rank :     1107
     Total           time :  179.218850 (SYPD:     1.310 ) on MPI rank :     1107
     Computing       time :    0.000000                    on MPI rank :     1108
     Waiting lbc_lnk time :    0.000000 ( 0.0 %)           on MPI rank :     1108
     Waiting  global time :    0.000000 ( 0.0 %)           on MPI rank :     1108
     Total           time :  179.217872 (SYPD:     1.310 ) on MPI rank :     1108
     Computing       time :    0.000000                    on MPI rank :     1109
     Waiting lbc_lnk time :    0.000000 ( 0.0 %)           on MPI rank :     1109
     Waiting  global time :    0.000000 ( 0.0 %)           on MPI rank :     1109
     Total           time :  179.219167 (SYPD:     1.310 ) on MPI rank :     1109
     Computing       time :    0.000000                    on MPI rank :     1110
     Waiting lbc_lnk time :    0.000000 ( 0.0 %)           on MPI rank :     1110
     Waiting  global time :    0.000000 ( 0.0 %)           on MPI rank :     1110
     Total           time :  179.218523 (SYPD:     1.310 ) on MPI rank :     1110
     Computing       time :    0.000000                    on MPI rank :     1111
     Waiting lbc_lnk time :    0.000000 ( 0.0 %)           on MPI rank :     1111
     Waiting  global time :    0.000000 ( 0.0 %)           on MPI rank :     1111
     Total           time :  179.218169 (SYPD:     1.310 ) on MPI rank :     1111
     Computing       time :    0.000000                    on MPI rank :     1112
     Waiting lbc_lnk time :    0.000000 ( 0.0 %)           on MPI rank :     1112
     Waiting  global time :    0.000000 ( 0.0 %)           on MPI rank :     1112
     Total           time :  179.219113 (SYPD:     1.310 ) on MPI rank :     1112
     Computing       time :    0.000000                    on MPI rank :     1113
     Waiting lbc_lnk time :    0.000000 ( 0.0 %)           on MPI rank :     1113
     Waiting  global time :    0.000000 ( 0.0 %)           on MPI rank :     1113
     Total           time :  179.218293 (SYPD:     1.310 ) on MPI rank :     1113
     Computing       time :    0.000000                    on MPI rank :     1114
     Waiting lbc_lnk time :    0.000000 ( 0.0 %)           on MPI rank :     1114
     Waiting  global time :    0.000000 ( 0.0 %)           on MPI rank :     1114
     Total           time :  179.219411 (SYPD:     1.310 ) on MPI rank :     1114
     Computing       time :    0.000000                    on MPI rank :     1115
     Waiting lbc_lnk time :    0.000000 ( 0.0 %)           on MPI rank :     1115
     Waiting  global time :    0.000000 ( 0.0 %)           on MPI rank :     1115
     Total           time :  179.219267 (SYPD:     1.310 ) on MPI rank :     1115
     Computing       time :    0.000000                    on MPI rank :     1116
     Waiting lbc_lnk time :    0.000000 ( 0.0 %)           on MPI rank :     1116
     Waiting  global time :    0.000000 ( 0.0 %)           on MPI rank :     1116
     Total           time :  179.218898 (SYPD:     1.310 ) on MPI rank :     1116
     Computing       time :    0.000000                    on MPI rank :     1117
     Waiting lbc_lnk time :    0.000000 ( 0.0 %)           on MPI rank :     1117
     Waiting  global time :    0.000000 ( 0.0 %)           on MPI rank :     1117
     Total           time :  179.218543 (SYPD:     1.310 ) on MPI rank :     1117
     Computing       time :    0.000000                    on MPI rank :     1118
     Waiting lbc_lnk time :    0.000000 ( 0.0 %)           on MPI rank :     1118
     Waiting  global time :    0.000000 ( 0.0 %)           on MPI rank :     1118
     Total           time :  179.217770 (SYPD:     1.310 ) on MPI rank :     1118
     Computing       time :    0.000000                    on MPI rank :     1119
     Waiting lbc_lnk time :    0.000000 ( 0.0 %)           on MPI rank :     1119
     Waiting  global time :    0.000000 ( 0.0 %)           on MPI rank :     1119
     Total           time :  179.218494 (SYPD:     1.310 ) on MPI rank :     1119
     Computing       time :    0.000000                    on MPI rank :     1120
     Waiting lbc_lnk time :    0.000000 ( 0.0 %)           on MPI rank :     1120
     Waiting  global time :    0.000000 ( 0.0 %)           on MPI rank :     1120
     Total           time :  179.218533 (SYPD:     1.310 ) on MPI rank :     1120
     Computing       time :    0.000000                    on MPI rank :     1121
     Waiting lbc_lnk time :    0.000000 ( 0.0 %)           on MPI rank :     1121
     Waiting  global time :    0.000000 ( 0.0 %)           on MPI rank :     1121
     Total           time :  179.218177 (SYPD:     1.310 ) on MPI rank :     1121
     Computing       time :    0.000000                    on MPI rank :     1122
     Waiting lbc_lnk time :    0.000000 ( 0.0 %)           on MPI rank :     1122
     Waiting  global time :    0.000000 ( 0.0 %)           on MPI rank :     1122
     Total           time :  179.217977 (SYPD:     1.310 ) on MPI rank :     1122
     Computing       time :    0.000000                    on MPI rank :     1123
     Waiting lbc_lnk time :    0.000000 ( 0.0 %)           on MPI rank :     1123
     Waiting  global time :    0.000000 ( 0.0 %)           on MPI rank :     1123
     Total           time :  179.218439 (SYPD:     1.310 ) on MPI rank :     1123
     Computing       time :    0.000000                    on MPI rank :     1124
     Waiting lbc_lnk time :    0.000000 ( 0.0 %)           on MPI rank :     1124
     Waiting  global time :    0.000000 ( 0.0 %)           on MPI rank :     1124
     Total           time :  179.218061 (SYPD:     1.310 ) on MPI rank :     1124
     Computing       time :    0.000000                    on MPI rank :     1125
     Waiting lbc_lnk time :    0.000000 ( 0.0 %)           on MPI rank :     1125
     Waiting  global time :    0.000000 ( 0.0 %)           on MPI rank :     1125
     Total           time :  179.218043 (SYPD:     1.310 ) on MPI rank :     1125
     Computing       time :    0.000000                    on MPI rank :     1126
     Waiting lbc_lnk time :    0.000000 ( 0.0 %)           on MPI rank :     1126
     Waiting  global time :    0.000000 ( 0.0 %)           on MPI rank :     1126
     Total           time :  179.218137 (SYPD:     1.310 ) on MPI rank :     1126
     Computing       time :    0.000000                    on MPI rank :     1127
     Waiting lbc_lnk time :    0.000000 ( 0.0 %)           on MPI rank :     1127
     Waiting  global time :    0.000000 ( 0.0 %)           on MPI rank :     1127
     Total           time :  179.218076 (SYPD:     1.310 ) on MPI rank :     1127
     Computing       time :    0.000000                    on MPI rank :     1128
     Waiting lbc_lnk time :    0.000000 ( 0.0 %)           on MPI rank :     1128
     Waiting  global time :    0.000000 ( 0.0 %)           on MPI rank :     1128
     Total           time :  179.218572 (SYPD:     1.310 ) on MPI rank :     1128
     Computing       time :    0.000000                    on MPI rank :     1129
     Waiting lbc_lnk time :    0.000000 ( 0.0 %)           on MPI rank :     1129
     Waiting  global time :    0.000000 ( 0.0 %)           on MPI rank :     1129
     Total           time :  179.218123 (SYPD:     1.310 ) on MPI rank :     1129
     Computing       time :    0.000000                    on MPI rank :     1130
     Waiting lbc_lnk time :    0.000000 ( 0.0 %)           on MPI rank :     1130
     Waiting  global time :    0.000000 ( 0.0 %)           on MPI rank :     1130
     Total           time :  179.218438 (SYPD:     1.310 ) on MPI rank :     1130
     Computing       time :    0.000000                    on MPI rank :     1131
     Waiting lbc_lnk time :    0.000000 ( 0.0 %)           on MPI rank :     1131
     Waiting  global time :    0.000000 ( 0.0 %)           on MPI rank :     1131
     Total           time :  179.217705 (SYPD:     1.310 ) on MPI rank :     1131
     Computing       time :    0.000000                    on MPI rank :     1132
     Waiting lbc_lnk time :    0.000000 ( 0.0 %)           on MPI rank :     1132
     Waiting  global time :    0.000000 ( 0.0 %)           on MPI rank :     1132
     Total           time :  179.219118 (SYPD:     1.310 ) on MPI rank :     1132
     Computing       time :    0.000000                    on MPI rank :     1133
     Waiting lbc_lnk time :    0.000000 ( 0.0 %)           on MPI rank :     1133
     Waiting  global time :    0.000000 ( 0.0 %)           on MPI rank :     1133
     Total           time :  179.218470 (SYPD:     1.310 ) on MPI rank :     1133
     Computing       time :    0.000000                    on MPI rank :     1134
     Waiting lbc_lnk time :    0.000000 ( 0.0 %)           on MPI rank :     1134
     Waiting  global time :    0.000000 ( 0.0 %)           on MPI rank :     1134
     Total           time :  179.217916 (SYPD:     1.310 ) on MPI rank :     1134
     Computing       time :    0.000000                    on MPI rank :     1135
     Waiting lbc_lnk time :    0.000000 ( 0.0 %)           on MPI rank :     1135
     Waiting  global time :    0.000000 ( 0.0 %)           on MPI rank :     1135
     Total           time :  179.218907 (SYPD:     1.310 ) on MPI rank :     1135
     Computing       time :    0.000000                    on MPI rank :     1136
     Waiting lbc_lnk time :    0.000000 ( 0.0 %)           on MPI rank :     1136
     Waiting  global time :    0.000000 ( 0.0 %)           on MPI rank :     1136
     Total           time :  179.218042 (SYPD:     1.310 ) on MPI rank :     1136
     Computing       time :    0.000000                    on MPI rank :     1137
     Waiting lbc_lnk time :    0.000000 ( 0.0 %)           on MPI rank :     1137
     Waiting  global time :    0.000000 ( 0.0 %)           on MPI rank :     1137
     Total           time :  179.217957 (SYPD:     1.310 ) on MPI rank :     1137
     Computing       time :    0.000000                    on MPI rank :     1138
     Waiting lbc_lnk time :    0.000000 ( 0.0 %)           on MPI rank :     1138
     Waiting  global time :    0.000000 ( 0.0 %)           on MPI rank :     1138
     Total           time :  179.218144 (SYPD:     1.310 ) on MPI rank :     1138
     Computing       time :    0.000000                    on MPI rank :     1139
     Waiting lbc_lnk time :    0.000000 ( 0.0 %)           on MPI rank :     1139
     Waiting  global time :    0.000000 ( 0.0 %)           on MPI rank :     1139
     Total           time :  179.218391 (SYPD:     1.310 ) on MPI rank :     1139
     Computing       time :    0.000000                    on MPI rank :     1140
     Waiting lbc_lnk time :    0.000000 ( 0.0 %)           on MPI rank :     1140
     Waiting  global time :    0.000000 ( 0.0 %)           on MPI rank :     1140
     Total           time :  179.219332 (SYPD:     1.310 ) on MPI rank :     1140
     Computing       time :    0.000000                    on MPI rank :     1141
     Waiting lbc_lnk time :    0.000000 ( 0.0 %)           on MPI rank :     1141
     Waiting  global time :    0.000000 ( 0.0 %)           on MPI rank :     1141
     Total           time :  179.218653 (SYPD:     1.310 ) on MPI rank :     1141
     Computing       time :    0.000000                    on MPI rank :     1142
     Waiting lbc_lnk time :    0.000000 ( 0.0 %)           on MPI rank :     1142
     Waiting  global time :    0.000000 ( 0.0 %)           on MPI rank :     1142
     Total           time :  179.218166 (SYPD:     1.310 ) on MPI rank :     1142
     Computing       time :    0.000000                    on MPI rank :     1143
     Waiting lbc_lnk time :    0.000000 ( 0.0 %)           on MPI rank :     1143
     Waiting  global time :    0.000000 ( 0.0 %)           on MPI rank :     1143
     Total           time :  179.218001 (SYPD:     1.310 ) on MPI rank :     1143
     Computing       time :    0.000000                    on MPI rank :     1144
     Waiting lbc_lnk time :    0.000000 ( 0.0 %)           on MPI rank :     1144
     Waiting  global time :    0.000000 ( 0.0 %)           on MPI rank :     1144
     Total           time :  179.218803 (SYPD:     1.310 ) on MPI rank :     1144
     Computing       time :    0.000000                    on MPI rank :     1145
     Waiting lbc_lnk time :    0.000000 ( 0.0 %)           on MPI rank :     1145
     Waiting  global time :    0.000000 ( 0.0 %)           on MPI rank :     1145
     Total           time :  179.218662 (SYPD:     1.310 ) on MPI rank :     1145
     Computing       time :    0.000000                    on MPI rank :     1146
     Waiting lbc_lnk time :    0.000000 ( 0.0 %)           on MPI rank :     1146
     Waiting  global time :    0.000000 ( 0.0 %)           on MPI rank :     1146
     Total           time :  179.217490 (SYPD:     1.310 ) on MPI rank :     1146
     Computing       time :    0.000000                    on MPI rank :     1147
     Waiting lbc_lnk time :    0.000000 ( 0.0 %)           on MPI rank :     1147
     Waiting  global time :    0.000000 ( 0.0 %)           on MPI rank :     1147
     Total           time :  179.218358 (SYPD:     1.310 ) on MPI rank :     1147
     Computing       time :    0.000000                    on MPI rank :     1148
     Waiting lbc_lnk time :    0.000000 ( 0.0 %)           on MPI rank :     1148
     Waiting  global time :    0.000000 ( 0.0 %)           on MPI rank :     1148
     Total           time :  179.217920 (SYPD:     1.310 ) on MPI rank :     1148
     Computing       time :    0.000000                    on MPI rank :     1149
     Waiting lbc_lnk time :    0.000000 ( 0.0 %)           on MPI rank :     1149
     Waiting  global time :    0.000000 ( 0.0 %)           on MPI rank :     1149
     Total           time :  179.217780 (SYPD:     1.310 ) on MPI rank :     1149
     Computing       time :    0.000000                    on MPI rank :     1150
     Waiting lbc_lnk time :    0.000000 ( 0.0 %)           on MPI rank :     1150
     Waiting  global time :    0.000000 ( 0.0 %)           on MPI rank :     1150
     Total           time :  179.218092 (SYPD:     1.310 ) on MPI rank :     1150
     Computing       time :    0.000000                    on MPI rank :     1151
     Waiting lbc_lnk time :    0.000000 ( 0.0 %)           on MPI rank :     1151
     Waiting  global time :    0.000000 ( 0.0 %)           on MPI rank :     1151
     Total           time :  179.218740 (SYPD:     1.310 ) on MPI rank :     1151
     Computing       time :    0.000000                    on MPI rank :     1152
     Waiting lbc_lnk time :    0.000000 ( 0.0 %)           on MPI rank :     1152
     Waiting  global time :    0.000000 ( 0.0 %)           on MPI rank :     1152
     Total           time :  179.217855 (SYPD:     1.310 ) on MPI rank :     1152
     Computing       time :    0.000000                    on MPI rank :     1153
     Waiting lbc_lnk time :    0.000000 ( 0.0 %)           on MPI rank :     1153
     Waiting  global time :    0.000000 ( 0.0 %)           on MPI rank :     1153
     Total           time :  179.218321 (SYPD:     1.310 ) on MPI rank :     1153
     Computing       time :    0.000000                    on MPI rank :     1154
     Waiting lbc_lnk time :    0.000000 ( 0.0 %)           on MPI rank :     1154
     Waiting  global time :    0.000000 ( 0.0 %)           on MPI rank :     1154
     Total           time :  179.217813 (SYPD:     1.310 ) on MPI rank :     1154
     Computing       time :    0.000000                    on MPI rank :     1155
     Waiting lbc_lnk time :    0.000000 ( 0.0 %)           on MPI rank :     1155
     Waiting  global time :    0.000000 ( 0.0 %)           on MPI rank :     1155
     Total           time :  179.217960 (SYPD:     1.310 ) on MPI rank :     1155
     Computing       time :    0.000000                    on MPI rank :     1156
     Waiting lbc_lnk time :    0.000000 ( 0.0 %)           on MPI rank :     1156
     Waiting  global time :    0.000000 ( 0.0 %)           on MPI rank :     1156
     Total           time :  179.218545 (SYPD:     1.310 ) on MPI rank :     1156
     Computing       time :    0.000000                    on MPI rank :     1157
     Waiting lbc_lnk time :    0.000000 ( 0.0 %)           on MPI rank :     1157
     Waiting  global time :    0.000000 ( 0.0 %)           on MPI rank :     1157
     Total           time :  179.219067 (SYPD:     1.310 ) on MPI rank :     1157
     Computing       time :    0.000000                    on MPI rank :     1158
     Waiting lbc_lnk time :    0.000000 ( 0.0 %)           on MPI rank :     1158
     Waiting  global time :    0.000000 ( 0.0 %)           on MPI rank :     1158
     Total           time :  179.218293 (SYPD:     1.310 ) on MPI rank :     1158
     Computing       time :    0.000000                    on MPI rank :     1159
     Waiting lbc_lnk time :    0.000000 ( 0.0 %)           on MPI rank :     1159
     Waiting  global time :    0.000000 ( 0.0 %)           on MPI rank :     1159
     Total           time :  179.218781 (SYPD:     1.310 ) on MPI rank :     1159
     Computing       time :    0.000000                    on MPI rank :     1160
     Waiting lbc_lnk time :    0.000000 ( 0.0 %)           on MPI rank :     1160
     Waiting  global time :    0.000000 ( 0.0 %)           on MPI rank :     1160
     Total           time :  179.218695 (SYPD:     1.310 ) on MPI rank :     1160
     Computing       time :    0.000000                    on MPI rank :     1161
     Waiting lbc_lnk time :    0.000000 ( 0.0 %)           on MPI rank :     1161
     Waiting  global time :    0.000000 ( 0.0 %)           on MPI rank :     1161
     Total           time :  179.218410 (SYPD:     1.310 ) on MPI rank :     1161
     Computing       time :    0.000000                    on MPI rank :     1162
     Waiting lbc_lnk time :    0.000000 ( 0.0 %)           on MPI rank :     1162
     Waiting  global time :    0.000000 ( 0.0 %)           on MPI rank :     1162
     Total           time :  179.218165 (SYPD:     1.310 ) on MPI rank :     1162
     Computing       time :    0.000000                    on MPI rank :     1163
     Waiting lbc_lnk time :    0.000000 ( 0.0 %)           on MPI rank :     1163
     Waiting  global time :    0.000000 ( 0.0 %)           on MPI rank :     1163
     Total           time :  179.218175 (SYPD:     1.310 ) on MPI rank :     1163
     Computing       time :    0.000000                    on MPI rank :     1164
     Waiting lbc_lnk time :    0.000000 ( 0.0 %)           on MPI rank :     1164
     Waiting  global time :    0.000000 ( 0.0 %)           on MPI rank :     1164
     Total           time :  179.218325 (SYPD:     1.310 ) on MPI rank :     1164
     Computing       time :    0.000000                    on MPI rank :     1165
     Waiting lbc_lnk time :    0.000000 ( 0.0 %)           on MPI rank :     1165
     Waiting  global time :    0.000000 ( 0.0 %)           on MPI rank :     1165
     Total           time :  179.217643 (SYPD:     1.310 ) on MPI rank :     1165
     Computing       time :    0.000000                    on MPI rank :     1166
     Waiting lbc_lnk time :    0.000000 ( 0.0 %)           on MPI rank :     1166
     Waiting  global time :    0.000000 ( 0.0 %)           on MPI rank :     1166
     Total           time :  179.218400 (SYPD:     1.310 ) on MPI rank :     1166
     Computing       time :    0.000000                    on MPI rank :     1167
     Waiting lbc_lnk time :    0.000000 ( 0.0 %)           on MPI rank :     1167
     Waiting  global time :    0.000000 ( 0.0 %)           on MPI rank :     1167
     Total           time :  179.218296 (SYPD:     1.310 ) on MPI rank :     1167
     Computing       time :    0.000000                    on MPI rank :     1168
     Waiting lbc_lnk time :    0.000000 ( 0.0 %)           on MPI rank :     1168
     Waiting  global time :    0.000000 ( 0.0 %)           on MPI rank :     1168
     Total           time :  179.218260 (SYPD:     1.310 ) on MPI rank :     1168
     Computing       time :    0.000000                    on MPI rank :     1169
     Waiting lbc_lnk time :    0.000000 ( 0.0 %)           on MPI rank :     1169
     Waiting  global time :    0.000000 ( 0.0 %)           on MPI rank :     1169
     Total           time :  179.218053 (SYPD:     1.310 ) on MPI rank :     1169
     Computing       time :    0.000000                    on MPI rank :     1170
     Waiting lbc_lnk time :    0.000000 ( 0.0 %)           on MPI rank :     1170
     Waiting  global time :    0.000000 ( 0.0 %)           on MPI rank :     1170
     Total           time :  179.217398 (SYPD:     1.310 ) on MPI rank :     1170
     Computing       time :    0.000000                    on MPI rank :     1171
     Waiting lbc_lnk time :    0.000000 ( 0.0 %)           on MPI rank :     1171
     Waiting  global time :    0.000000 ( 0.0 %)           on MPI rank :     1171
     Total           time :  179.218374 (SYPD:     1.310 ) on MPI rank :     1171
     Computing       time :    0.000000                    on MPI rank :     1172
     Waiting lbc_lnk time :    0.000000 ( 0.0 %)           on MPI rank :     1172
     Waiting  global time :    0.000000 ( 0.0 %)           on MPI rank :     1172
     Total           time :  179.217213 (SYPD:     1.310 ) on MPI rank :     1172
     Computing       time :    0.000000                    on MPI rank :     1173
     Waiting lbc_lnk time :    0.000000 ( 0.0 %)           on MPI rank :     1173
     Waiting  global time :    0.000000 ( 0.0 %)           on MPI rank :     1173
     Total           time :  179.218604 (SYPD:     1.310 ) on MPI rank :     1173
     Computing       time :    0.000000                    on MPI rank :     1174
     Waiting lbc_lnk time :    0.000000 ( 0.0 %)           on MPI rank :     1174
     Waiting  global time :    0.000000 ( 0.0 %)           on MPI rank :     1174
     Total           time :  179.218447 (SYPD:     1.310 ) on MPI rank :     1174
     Computing       time :    0.000000                    on MPI rank :     1175
     Waiting lbc_lnk time :    0.000000 ( 0.0 %)           on MPI rank :     1175
     Waiting  global time :    0.000000 ( 0.0 %)           on MPI rank :     1175
     Total           time :  179.218330 (SYPD:     1.310 ) on MPI rank :     1175
     Computing       time :    0.000000                    on MPI rank :     1176
     Waiting lbc_lnk time :    0.000000 ( 0.0 %)           on MPI rank :     1176
     Waiting  global time :    0.000000 ( 0.0 %)           on MPI rank :     1176
     Total           time :  179.217933 (SYPD:     1.310 ) on MPI rank :     1176
     Computing       time :    0.000000                    on MPI rank :     1177
     Waiting lbc_lnk time :    0.000000 ( 0.0 %)           on MPI rank :     1177
     Waiting  global time :    0.000000 ( 0.0 %)           on MPI rank :     1177
     Total           time :  179.217890 (SYPD:     1.310 ) on MPI rank :     1177
     Computing       time :    0.000000                    on MPI rank :     1178
     Waiting lbc_lnk time :    0.000000 ( 0.0 %)           on MPI rank :     1178
     Waiting  global time :    0.000000 ( 0.0 %)           on MPI rank :     1178
     Total           time :  179.218203 (SYPD:     1.310 ) on MPI rank :     1178
     Computing       time :    0.000000                    on MPI rank :     1179
     Waiting lbc_lnk time :    0.000000 ( 0.0 %)           on MPI rank :     1179
     Waiting  global time :    0.000000 ( 0.0 %)           on MPI rank :     1179
     Total           time :  179.218480 (SYPD:     1.310 ) on MPI rank :     1179
     Computing       time :    0.000000                    on MPI rank :     1180
     Waiting lbc_lnk time :    0.000000 ( 0.0 %)           on MPI rank :     1180
     Waiting  global time :    0.000000 ( 0.0 %)           on MPI rank :     1180
     Total           time :  179.217964 (SYPD:     1.310 ) on MPI rank :     1180
     Computing       time :    0.000000                    on MPI rank :     1181
     Waiting lbc_lnk time :    0.000000 ( 0.0 %)           on MPI rank :     1181
     Waiting  global time :    0.000000 ( 0.0 %)           on MPI rank :     1181
     Total           time :  179.218136 (SYPD:     1.310 ) on MPI rank :     1181
     Computing       time :    0.000000                    on MPI rank :     1182
     Waiting lbc_lnk time :    0.000000 ( 0.0 %)           on MPI rank :     1182
     Waiting  global time :    0.000000 ( 0.0 %)           on MPI rank :     1182
     Total           time :  179.217694 (SYPD:     1.310 ) on MPI rank :     1182
     Computing       time :    0.000000                    on MPI rank :     1183
     Waiting lbc_lnk time :    0.000000 ( 0.0 %)           on MPI rank :     1183
     Waiting  global time :    0.000000 ( 0.0 %)           on MPI rank :     1183
     Total           time :  179.217594 (SYPD:     1.310 ) on MPI rank :     1183
     Computing       time :    0.000000                    on MPI rank :     1184
     Waiting lbc_lnk time :    0.000000 ( 0.0 %)           on MPI rank :     1184
     Waiting  global time :    0.000000 ( 0.0 %)           on MPI rank :     1184
     Total           time :  179.218138 (SYPD:     1.310 ) on MPI rank :     1184
     Computing       time :    0.000000                    on MPI rank :     1185
     Waiting lbc_lnk time :    0.000000 ( 0.0 %)           on MPI rank :     1185
     Waiting  global time :    0.000000 ( 0.0 %)           on MPI rank :     1185
     Total           time :  179.218213 (SYPD:     1.310 ) on MPI rank :     1185
     Computing       time :    0.000000                    on MPI rank :     1186
     Waiting lbc_lnk time :    0.000000 ( 0.0 %)           on MPI rank :     1186
     Waiting  global time :    0.000000 ( 0.0 %)           on MPI rank :     1186
     Total           time :  179.218361 (SYPD:     1.310 ) on MPI rank :     1186
     Computing       time :    0.000000                    on MPI rank :     1187
     Waiting lbc_lnk time :    0.000000 ( 0.0 %)           on MPI rank :     1187
     Waiting  global time :    0.000000 ( 0.0 %)           on MPI rank :     1187
     Total           time :  179.216984 (SYPD:     1.310 ) on MPI rank :     1187
     Computing       time :    0.000000                    on MPI rank :     1188
     Waiting lbc_lnk time :    0.000000 ( 0.0 %)           on MPI rank :     1188
     Waiting  global time :    0.000000 ( 0.0 %)           on MPI rank :     1188
     Total           time :  179.217535 (SYPD:     1.310 ) on MPI rank :     1188
     Computing       time :    0.000000                    on MPI rank :     1189
     Waiting lbc_lnk time :    0.000000 ( 0.0 %)           on MPI rank :     1189
     Waiting  global time :    0.000000 ( 0.0 %)           on MPI rank :     1189
     Total           time :  179.218330 (SYPD:     1.310 ) on MPI rank :     1189
     Computing       time :    0.000000                    on MPI rank :     1190
     Waiting lbc_lnk time :    0.000000 ( 0.0 %)           on MPI rank :     1190
     Waiting  global time :    0.000000 ( 0.0 %)           on MPI rank :     1190
     Total           time :  179.217952 (SYPD:     1.310 ) on MPI rank :     1190
     Computing       time :    0.000000                    on MPI rank :     1191
     Waiting lbc_lnk time :    0.000000 ( 0.0 %)           on MPI rank :     1191
     Waiting  global time :    0.000000 ( 0.0 %)           on MPI rank :     1191
     Total           time :  179.218043 (SYPD:     1.310 ) on MPI rank :     1191
     Computing       time :    0.000000                    on MPI rank :     1192
     Waiting lbc_lnk time :    0.000000 ( 0.0 %)           on MPI rank :     1192
     Waiting  global time :    0.000000 ( 0.0 %)           on MPI rank :     1192
     Total           time :  179.218567 (SYPD:     1.310 ) on MPI rank :     1192
     Computing       time :    0.000000                    on MPI rank :     1193
     Waiting lbc_lnk time :    0.000000 ( 0.0 %)           on MPI rank :     1193
     Waiting  global time :    0.000000 ( 0.0 %)           on MPI rank :     1193
     Total           time :  179.218478 (SYPD:     1.310 ) on MPI rank :     1193
     Computing       time :    0.000000                    on MPI rank :     1194
     Waiting lbc_lnk time :    0.000000 ( 0.0 %)           on MPI rank :     1194
     Waiting  global time :    0.000000 ( 0.0 %)           on MPI rank :     1194
     Total           time :  179.218899 (SYPD:     1.310 ) on MPI rank :     1194
     Computing       time :    0.000000                    on MPI rank :     1195
     Waiting lbc_lnk time :    0.000000 ( 0.0 %)           on MPI rank :     1195
     Waiting  global time :    0.000000 ( 0.0 %)           on MPI rank :     1195
     Total           time :  179.218031 (SYPD:     1.310 ) on MPI rank :     1195
     Computing       time :    0.000000                    on MPI rank :     1196
     Waiting lbc_lnk time :    0.000000 ( 0.0 %)           on MPI rank :     1196
     Waiting  global time :    0.000000 ( 0.0 %)           on MPI rank :     1196
     Total           time :  179.218746 (SYPD:     1.310 ) on MPI rank :     1196
     Computing       time :    0.000000                    on MPI rank :     1197
     Waiting lbc_lnk time :    0.000000 ( 0.0 %)           on MPI rank :     1197
     Waiting  global time :    0.000000 ( 0.0 %)           on MPI rank :     1197
     Total           time :  179.218072 (SYPD:     1.310 ) on MPI rank :     1197
     Computing       time :    0.000000                    on MPI rank :     1198
     Waiting lbc_lnk time :    0.000000 ( 0.0 %)           on MPI rank :     1198
     Waiting  global time :    0.000000 ( 0.0 %)           on MPI rank :     1198
     Total           time :  179.217968 (SYPD:     1.310 ) on MPI rank :     1198
     Computing       time :    0.000000                    on MPI rank :     1199
     Waiting lbc_lnk time :    0.000000 ( 0.0 %)           on MPI rank :     1199
     Waiting  global time :    0.000000 ( 0.0 %)           on MPI rank :     1199
     Total           time :  179.218299 (SYPD:     1.310 ) on MPI rank :     1199
     Computing       time :    0.000000                    on MPI rank :     1200
     Waiting lbc_lnk time :    0.000000 ( 0.0 %)           on MPI rank :     1200
     Waiting  global time :    0.000000 ( 0.0 %)           on MPI rank :     1200
     Total           time :  179.218239 (SYPD:     1.310 ) on MPI rank :     1200
     Computing       time :    0.000000                    on MPI rank :     1201
     Waiting lbc_lnk time :    0.000000 ( 0.0 %)           on MPI rank :     1201
     Waiting  global time :    0.000000 ( 0.0 %)           on MPI rank :     1201
     Total           time :  179.219151 (SYPD:     1.310 ) on MPI rank :     1201
     Computing       time :    0.000000                    on MPI rank :     1202
     Waiting lbc_lnk time :    0.000000 ( 0.0 %)           on MPI rank :     1202
     Waiting  global time :    0.000000 ( 0.0 %)           on MPI rank :     1202
     Total           time :  179.218663 (SYPD:     1.310 ) on MPI rank :     1202
     Computing       time :    0.000000                    on MPI rank :     1203
     Waiting lbc_lnk time :    0.000000 ( 0.0 %)           on MPI rank :     1203
     Waiting  global time :    0.000000 ( 0.0 %)           on MPI rank :     1203
     Total           time :  179.218184 (SYPD:     1.310 ) on MPI rank :     1203
     Computing       time :    0.000000                    on MPI rank :     1204
     Waiting lbc_lnk time :    0.000000 ( 0.0 %)           on MPI rank :     1204
     Waiting  global time :    0.000000 ( 0.0 %)           on MPI rank :     1204
     Total           time :  179.217863 (SYPD:     1.310 ) on MPI rank :     1204
     Computing       time :    0.000000                    on MPI rank :     1205
     Waiting lbc_lnk time :    0.000000 ( 0.0 %)           on MPI rank :     1205
     Waiting  global time :    0.000000 ( 0.0 %)           on MPI rank :     1205
     Total           time :  179.217392 (SYPD:     1.310 ) on MPI rank :     1205
     Computing       time :    0.000000                    on MPI rank :     1206
     Waiting lbc_lnk time :    0.000000 ( 0.0 %)           on MPI rank :     1206
     Waiting  global time :    0.000000 ( 0.0 %)           on MPI rank :     1206
     Total           time :  179.217676 (SYPD:     1.310 ) on MPI rank :     1206
     Computing       time :    0.000000                    on MPI rank :     1207
     Waiting lbc_lnk time :    0.000000 ( 0.0 %)           on MPI rank :     1207
     Waiting  global time :    0.000000 ( 0.0 %)           on MPI rank :     1207
     Total           time :  179.217793 (SYPD:     1.310 ) on MPI rank :     1207
     Computing       time :    0.000000                    on MPI rank :     1208
     Waiting lbc_lnk time :    0.000000 ( 0.0 %)           on MPI rank :     1208
     Waiting  global time :    0.000000 ( 0.0 %)           on MPI rank :     1208
     Total           time :  179.217404 (SYPD:     1.310 ) on MPI rank :     1208
     Computing       time :    0.000000                    on MPI rank :     1209
     Waiting lbc_lnk time :    0.000000 ( 0.0 %)           on MPI rank :     1209
     Waiting  global time :    0.000000 ( 0.0 %)           on MPI rank :     1209
     Total           time :  179.217955 (SYPD:     1.310 ) on MPI rank :     1209
     Computing       time :    0.000000                    on MPI rank :     1210
     Waiting lbc_lnk time :    0.000000 ( 0.0 %)           on MPI rank :     1210
     Waiting  global time :    0.000000 ( 0.0 %)           on MPI rank :     1210
     Total           time :  179.218131 (SYPD:     1.310 ) on MPI rank :     1210
     Computing       time :    0.000000                    on MPI rank :     1211
     Waiting lbc_lnk time :    0.000000 ( 0.0 %)           on MPI rank :     1211
     Waiting  global time :    0.000000 ( 0.0 %)           on MPI rank :     1211
     Total           time :  179.217244 (SYPD:     1.310 ) on MPI rank :     1211
     Computing       time :    0.000000                    on MPI rank :     1212
     Waiting lbc_lnk time :    0.000000 ( 0.0 %)           on MPI rank :     1212
     Waiting  global time :    0.000000 ( 0.0 %)           on MPI rank :     1212
     Total           time :  179.217712 (SYPD:     1.310 ) on MPI rank :     1212
     Computing       time :    0.000000                    on MPI rank :     1213
     Waiting lbc_lnk time :    0.000000 ( 0.0 %)           on MPI rank :     1213
     Waiting  global time :    0.000000 ( 0.0 %)           on MPI rank :     1213
     Total           time :  179.218136 (SYPD:     1.310 ) on MPI rank :     1213
     Computing       time :    0.000000                    on MPI rank :     1214
     Waiting lbc_lnk time :    0.000000 ( 0.0 %)           on MPI rank :     1214
     Waiting  global time :    0.000000 ( 0.0 %)           on MPI rank :     1214
     Total           time :  179.218138 (SYPD:     1.310 ) on MPI rank :     1214
     Computing       time :    0.000000                    on MPI rank :     1215
     Waiting lbc_lnk time :    0.000000 ( 0.0 %)           on MPI rank :     1215
     Waiting  global time :    0.000000 ( 0.0 %)           on MPI rank :     1215
     Total           time :  179.218530 (SYPD:     1.310 ) on MPI rank :     1215
     Computing       time :    0.000000                    on MPI rank :     1216
     Waiting lbc_lnk time :    0.000000 ( 0.0 %)           on MPI rank :     1216
     Waiting  global time :    0.000000 ( 0.0 %)           on MPI rank :     1216
     Total           time :  179.217891 (SYPD:     1.310 ) on MPI rank :     1216
     Computing       time :    0.000000                    on MPI rank :     1217
     Waiting lbc_lnk time :    0.000000 ( 0.0 %)           on MPI rank :     1217
     Waiting  global time :    0.000000 ( 0.0 %)           on MPI rank :     1217
     Total           time :  179.218750 (SYPD:     1.310 ) on MPI rank :     1217
     Computing       time :    0.000000                    on MPI rank :     1218
     Waiting lbc_lnk time :    0.000000 ( 0.0 %)           on MPI rank :     1218
     Waiting  global time :    0.000000 ( 0.0 %)           on MPI rank :     1218
     Total           time :  179.217889 (SYPD:     1.310 ) on MPI rank :     1218
     Computing       time :    0.000000                    on MPI rank :     1219
     Waiting lbc_lnk time :    0.000000 ( 0.0 %)           on MPI rank :     1219
     Waiting  global time :    0.000000 ( 0.0 %)           on MPI rank :     1219
     Total           time :  179.218646 (SYPD:     1.310 ) on MPI rank :     1219
     Computing       time :    0.000000                    on MPI rank :     1220
     Waiting lbc_lnk time :    0.000000 ( 0.0 %)           on MPI rank :     1220
     Waiting  global time :    0.000000 ( 0.0 %)           on MPI rank :     1220
     Total           time :  179.218644 (SYPD:     1.310 ) on MPI rank :     1220
     Computing       time :    0.000000                    on MPI rank :     1221
     Waiting lbc_lnk time :    0.000000 ( 0.0 %)           on MPI rank :     1221
     Waiting  global time :    0.000000 ( 0.0 %)           on MPI rank :     1221
     Total           time :  179.217495 (SYPD:     1.310 ) on MPI rank :     1221
     Computing       time :    0.000000                    on MPI rank :     1222
     Waiting lbc_lnk time :    0.000000 ( 0.0 %)           on MPI rank :     1222
     Waiting  global time :    0.000000 ( 0.0 %)           on MPI rank :     1222
     Total           time :  179.217373 (SYPD:     1.310 ) on MPI rank :     1222
     Computing       time :    0.000000                    on MPI rank :     1223
     Waiting lbc_lnk time :    0.000000 ( 0.0 %)           on MPI rank :     1223
     Waiting  global time :    0.000000 ( 0.0 %)           on MPI rank :     1223
     Total           time :  179.218248 (SYPD:     1.310 ) on MPI rank :     1223
     Computing       time :    0.000000                    on MPI rank :     1224
     Waiting lbc_lnk time :    0.000000 ( 0.0 %)           on MPI rank :     1224
     Waiting  global time :    0.000000 ( 0.0 %)           on MPI rank :     1224
     Total           time :  179.218148 (SYPD:     1.310 ) on MPI rank :     1224
     Computing       time :    0.000000                    on MPI rank :     1225
     Waiting lbc_lnk time :    0.000000 ( 0.0 %)           on MPI rank :     1225
     Waiting  global time :    0.000000 ( 0.0 %)           on MPI rank :     1225
     Total           time :  179.218052 (SYPD:     1.310 ) on MPI rank :     1225
     Computing       time :    0.000000                    on MPI rank :     1226
     Waiting lbc_lnk time :    0.000000 ( 0.0 %)           on MPI rank :     1226
     Waiting  global time :    0.000000 ( 0.0 %)           on MPI rank :     1226
     Total           time :  179.218216 (SYPD:     1.310 ) on MPI rank :     1226
     Computing       time :    0.000000                    on MPI rank :     1227
     Waiting lbc_lnk time :    0.000000 ( 0.0 %)           on MPI rank :     1227
     Waiting  global time :    0.000000 ( 0.0 %)           on MPI rank :     1227
     Total           time :  179.218463 (SYPD:     1.310 ) on MPI rank :     1227
     Computing       time :    0.000000                    on MPI rank :     1228
     Waiting lbc_lnk time :    0.000000 ( 0.0 %)           on MPI rank :     1228
     Waiting  global time :    0.000000 ( 0.0 %)           on MPI rank :     1228
     Total           time :  179.217363 (SYPD:     1.310 ) on MPI rank :     1228
     Computing       time :    0.000000                    on MPI rank :     1229
     Waiting lbc_lnk time :    0.000000 ( 0.0 %)           on MPI rank :     1229
     Waiting  global time :    0.000000 ( 0.0 %)           on MPI rank :     1229
     Total           time :  179.218129 (SYPD:     1.310 ) on MPI rank :     1229
     Computing       time :    0.000000                    on MPI rank :     1230
     Waiting lbc_lnk time :    0.000000 ( 0.0 %)           on MPI rank :     1230
     Waiting  global time :    0.000000 ( 0.0 %)           on MPI rank :     1230
     Total           time :  179.218248 (SYPD:     1.310 ) on MPI rank :     1230
     Computing       time :    0.000000                    on MPI rank :     1231
     Waiting lbc_lnk time :    0.000000 ( 0.0 %)           on MPI rank :     1231
     Waiting  global time :    0.000000 ( 0.0 %)           on MPI rank :     1231
     Total           time :  179.218280 (SYPD:     1.310 ) on MPI rank :     1231
     Computing       time :    0.000000                    on MPI rank :     1232
     Waiting lbc_lnk time :    0.000000 ( 0.0 %)           on MPI rank :     1232
     Waiting  global time :    0.000000 ( 0.0 %)           on MPI rank :     1232
     Total           time :  179.218373 (SYPD:     1.310 ) on MPI rank :     1232
     Computing       time :    0.000000                    on MPI rank :     1233
     Waiting lbc_lnk time :    0.000000 ( 0.0 %)           on MPI rank :     1233
     Waiting  global time :    0.000000 ( 0.0 %)           on MPI rank :     1233
     Total           time :  179.218398 (SYPD:     1.310 ) on MPI rank :     1233
     Computing       time :    0.000000                    on MPI rank :     1234
     Waiting lbc_lnk time :    0.000000 ( 0.0 %)           on MPI rank :     1234
     Waiting  global time :    0.000000 ( 0.0 %)           on MPI rank :     1234
     Total           time :  179.218284 (SYPD:     1.310 ) on MPI rank :     1234
     Computing       time :    0.000000                    on MPI rank :     1235
     Waiting lbc_lnk time :    0.000000 ( 0.0 %)           on MPI rank :     1235
     Waiting  global time :    0.000000 ( 0.0 %)           on MPI rank :     1235
     Total           time :  179.218287 (SYPD:     1.310 ) on MPI rank :     1235
     Computing       time :    0.000000                    on MPI rank :     1236
     Waiting lbc_lnk time :    0.000000 ( 0.0 %)           on MPI rank :     1236
     Waiting  global time :    0.000000 ( 0.0 %)           on MPI rank :     1236
     Total           time :  179.217593 (SYPD:     1.310 ) on MPI rank :     1236
     Computing       time :    0.000000                    on MPI rank :     1237
     Waiting lbc_lnk time :    0.000000 ( 0.0 %)           on MPI rank :     1237
     Waiting  global time :    0.000000 ( 0.0 %)           on MPI rank :     1237
     Total           time :  179.218069 (SYPD:     1.310 ) on MPI rank :     1237
     Computing       time :    0.000000                    on MPI rank :     1238
     Waiting lbc_lnk time :    0.000000 ( 0.0 %)           on MPI rank :     1238
     Waiting  global time :    0.000000 ( 0.0 %)           on MPI rank :     1238
     Total           time :  179.217498 (SYPD:     1.310 ) on MPI rank :     1238
     Computing       time :    0.000000                    on MPI rank :     1239
     Waiting lbc_lnk time :    0.000000 ( 0.0 %)           on MPI rank :     1239
     Waiting  global time :    0.000000 ( 0.0 %)           on MPI rank :     1239
     Total           time :  179.218152 (SYPD:     1.310 ) on MPI rank :     1239
     Computing       time :    0.000000                    on MPI rank :     1240
     Waiting lbc_lnk time :    0.000000 ( 0.0 %)           on MPI rank :     1240
     Waiting  global time :    0.000000 ( 0.0 %)           on MPI rank :     1240
     Total           time :  179.218670 (SYPD:     1.310 ) on MPI rank :     1240
     Computing       time :    0.000000                    on MPI rank :     1241
     Waiting lbc_lnk time :    0.000000 ( 0.0 %)           on MPI rank :     1241
     Waiting  global time :    0.000000 ( 0.0 %)           on MPI rank :     1241
     Total           time :  179.219100 (SYPD:     1.310 ) on MPI rank :     1241
     Computing       time :    0.000000                    on MPI rank :     1242
     Waiting lbc_lnk time :    0.000000 ( 0.0 %)           on MPI rank :     1242
     Waiting  global time :    0.000000 ( 0.0 %)           on MPI rank :     1242
     Total           time :  179.219033 (SYPD:     1.310 ) on MPI rank :     1242
     Computing       time :    0.000000                    on MPI rank :     1243
     Waiting lbc_lnk time :    0.000000 ( 0.0 %)           on MPI rank :     1243
     Waiting  global time :    0.000000 ( 0.0 %)           on MPI rank :     1243
     Total           time :  179.218937 (SYPD:     1.310 ) on MPI rank :     1243
     Computing       time :    0.000000                    on MPI rank :     1244
     Waiting lbc_lnk time :    0.000000 ( 0.0 %)           on MPI rank :     1244
     Waiting  global time :    0.000000 ( 0.0 %)           on MPI rank :     1244
     Total           time :  179.218488 (SYPD:     1.310 ) on MPI rank :     1244
     Computing       time :    0.000000                    on MPI rank :     1245
     Waiting lbc_lnk time :    0.000000 ( 0.0 %)           on MPI rank :     1245
     Waiting  global time :    0.000000 ( 0.0 %)           on MPI rank :     1245
     Total           time :  179.218727 (SYPD:     1.310 ) on MPI rank :     1245
     Computing       time :    0.000000                    on MPI rank :     1246
     Waiting lbc_lnk time :    0.000000 ( 0.0 %)           on MPI rank :     1246
     Waiting  global time :    0.000000 ( 0.0 %)           on MPI rank :     1246
     Total           time :  179.218503 (SYPD:     1.310 ) on MPI rank :     1246
     Computing       time :    0.000000                    on MPI rank :     1247
     Waiting lbc_lnk time :    0.000000 ( 0.0 %)           on MPI rank :     1247
     Waiting  global time :    0.000000 ( 0.0 %)           on MPI rank :     1247
     Total           time :  179.218520 (SYPD:     1.310 ) on MPI rank :     1247
     Computing       time :    0.000000                    on MPI rank :     1248
     Waiting lbc_lnk time :    0.000000 ( 0.0 %)           on MPI rank :     1248
     Waiting  global time :    0.000000 ( 0.0 %)           on MPI rank :     1248
     Total           time :  179.217695 (SYPD:     1.310 ) on MPI rank :     1248
     Computing       time :    0.000000                    on MPI rank :     1249
     Waiting lbc_lnk time :    0.000000 ( 0.0 %)           on MPI rank :     1249
     Waiting  global time :    0.000000 ( 0.0 %)           on MPI rank :     1249
     Total           time :  179.218857 (SYPD:     1.310 ) on MPI rank :     1249
     Computing       time :    0.000000                    on MPI rank :     1250
     Waiting lbc_lnk time :    0.000000 ( 0.0 %)           on MPI rank :     1250
     Waiting  global time :    0.000000 ( 0.0 %)           on MPI rank :     1250
     Total           time :  179.218227 (SYPD:     1.310 ) on MPI rank :     1250
     Computing       time :    0.000000                    on MPI rank :     1251
     Waiting lbc_lnk time :    0.000000 ( 0.0 %)           on MPI rank :     1251
     Waiting  global time :    0.000000 ( 0.0 %)           on MPI rank :     1251
     Total           time :  179.217732 (SYPD:     1.310 ) on MPI rank :     1251
     Computing       time :    0.000000                    on MPI rank :     1252
     Waiting lbc_lnk time :    0.000000 ( 0.0 %)           on MPI rank :     1252
     Waiting  global time :    0.000000 ( 0.0 %)           on MPI rank :     1252
     Total           time :  179.217573 (SYPD:     1.310 ) on MPI rank :     1252
     Computing       time :    0.000000                    on MPI rank :     1253
     Waiting lbc_lnk time :    0.000000 ( 0.0 %)           on MPI rank :     1253
     Waiting  global time :    0.000000 ( 0.0 %)           on MPI rank :     1253
     Total           time :  179.218087 (SYPD:     1.310 ) on MPI rank :     1253
     Computing       time :    0.000000                    on MPI rank :     1254
     Waiting lbc_lnk time :    0.000000 ( 0.0 %)           on MPI rank :     1254
     Waiting  global time :    0.000000 ( 0.0 %)           on MPI rank :     1254
     Total           time :  179.217535 (SYPD:     1.310 ) on MPI rank :     1254
     Computing       time :    0.000000                    on MPI rank :     1255
     Waiting lbc_lnk time :    0.000000 ( 0.0 %)           on MPI rank :     1255
     Waiting  global time :    0.000000 ( 0.0 %)           on MPI rank :     1255
     Total           time :  179.217664 (SYPD:     1.310 ) on MPI rank :     1255
     Computing       time :    0.000000                    on MPI rank :     1256
     Waiting lbc_lnk time :    0.000000 ( 0.0 %)           on MPI rank :     1256
     Waiting  global time :    0.000000 ( 0.0 %)           on MPI rank :     1256
     Total           time :  179.218274 (SYPD:     1.310 ) on MPI rank :     1256
     Computing       time :    0.000000                    on MPI rank :     1257
     Waiting lbc_lnk time :    0.000000 ( 0.0 %)           on MPI rank :     1257
     Waiting  global time :    0.000000 ( 0.0 %)           on MPI rank :     1257
     Total           time :  179.217785 (SYPD:     1.310 ) on MPI rank :     1257
     Computing       time :    0.000000                    on MPI rank :     1258
     Waiting lbc_lnk time :    0.000000 ( 0.0 %)           on MPI rank :     1258
     Waiting  global time :    0.000000 ( 0.0 %)           on MPI rank :     1258
     Total           time :  179.218907 (SYPD:     1.310 ) on MPI rank :     1258
     Computing       time :    0.000000                    on MPI rank :     1259
     Waiting lbc_lnk time :    0.000000 ( 0.0 %)           on MPI rank :     1259
     Waiting  global time :    0.000000 ( 0.0 %)           on MPI rank :     1259
     Total           time :  179.217002 (SYPD:     1.310 ) on MPI rank :     1259
     Computing       time :    0.000000                    on MPI rank :     1260
     Waiting lbc_lnk time :    0.000000 ( 0.0 %)           on MPI rank :     1260
     Waiting  global time :    0.000000 ( 0.0 %)           on MPI rank :     1260
     Total           time :  179.217384 (SYPD:     1.310 ) on MPI rank :     1260
     Computing       time :    0.000000                    on MPI rank :     1261
     Waiting lbc_lnk time :    0.000000 ( 0.0 %)           on MPI rank :     1261
     Waiting  global time :    0.000000 ( 0.0 %)           on MPI rank :     1261
     Total           time :  179.218509 (SYPD:     1.310 ) on MPI rank :     1261
     Computing       time :    0.000000                    on MPI rank :     1262
     Waiting lbc_lnk time :    0.000000 ( 0.0 %)           on MPI rank :     1262
     Waiting  global time :    0.000000 ( 0.0 %)           on MPI rank :     1262
     Total           time :  179.218162 (SYPD:     1.310 ) on MPI rank :     1262
     Computing       time :    0.000000                    on MPI rank :     1263
     Waiting lbc_lnk time :    0.000000 ( 0.0 %)           on MPI rank :     1263
     Waiting  global time :    0.000000 ( 0.0 %)           on MPI rank :     1263
     Total           time :  179.218670 (SYPD:     1.310 ) on MPI rank :     1263
     Computing       time :    0.000000                    on MPI rank :     1264
     Waiting lbc_lnk time :    0.000000 ( 0.0 %)           on MPI rank :     1264
     Waiting  global time :    0.000000 ( 0.0 %)           on MPI rank :     1264
     Total           time :  179.218571 (SYPD:     1.310 ) on MPI rank :     1264
     Computing       time :    0.000000                    on MPI rank :     1265
     Waiting lbc_lnk time :    0.000000 ( 0.0 %)           on MPI rank :     1265
     Waiting  global time :    0.000000 ( 0.0 %)           on MPI rank :     1265
     Total           time :  179.218465 (SYPD:     1.310 ) on MPI rank :     1265
     Computing       time :    0.000000                    on MPI rank :     1266
     Waiting lbc_lnk time :    0.000000 ( 0.0 %)           on MPI rank :     1266
     Waiting  global time :    0.000000 ( 0.0 %)           on MPI rank :     1266
     Total           time :  179.217361 (SYPD:     1.310 ) on MPI rank :     1266
     Computing       time :    0.000000                    on MPI rank :     1267
     Waiting lbc_lnk time :    0.000000 ( 0.0 %)           on MPI rank :     1267
     Waiting  global time :    0.000000 ( 0.0 %)           on MPI rank :     1267
     Total           time :  179.217739 (SYPD:     1.310 ) on MPI rank :     1267
     Computing       time :    0.000000                    on MPI rank :     1268
     Waiting lbc_lnk time :    0.000000 ( 0.0 %)           on MPI rank :     1268
     Waiting  global time :    0.000000 ( 0.0 %)           on MPI rank :     1268
     Total           time :  179.218156 (SYPD:     1.310 ) on MPI rank :     1268
     Computing       time :    0.000000                    on MPI rank :     1269
     Waiting lbc_lnk time :    0.000000 ( 0.0 %)           on MPI rank :     1269
     Waiting  global time :    0.000000 ( 0.0 %)           on MPI rank :     1269
     Total           time :  179.217781 (SYPD:     1.310 ) on MPI rank :     1269
     Computing       time :    0.000000                    on MPI rank :     1270
     Waiting lbc_lnk time :    0.000000 ( 0.0 %)           on MPI rank :     1270
     Waiting  global time :    0.000000 ( 0.0 %)           on MPI rank :     1270
     Total           time :  179.218061 (SYPD:     1.310 ) on MPI rank :     1270
     Computing       time :    0.000000                    on MPI rank :     1271
     Waiting lbc_lnk time :    0.000000 ( 0.0 %)           on MPI rank :     1271
     Waiting  global time :    0.000000 ( 0.0 %)           on MPI rank :     1271
     Total           time :  179.218961 (SYPD:     1.310 ) on MPI rank :     1271
     Computing       time :    0.000000                    on MPI rank :     1272
     Waiting lbc_lnk time :    0.000000 ( 0.0 %)           on MPI rank :     1272
     Waiting  global time :    0.000000 ( 0.0 %)           on MPI rank :     1272
     Total           time :  179.218299 (SYPD:     1.310 ) on MPI rank :     1272
     Computing       time :    0.000000                    on MPI rank :     1273
     Waiting lbc_lnk time :    0.000000 ( 0.0 %)           on MPI rank :     1273
     Waiting  global time :    0.000000 ( 0.0 %)           on MPI rank :     1273
     Total           time :  179.218482 (SYPD:     1.310 ) on MPI rank :     1273
     Computing       time :    0.000000                    on MPI rank :     1274
     Waiting lbc_lnk time :    0.000000 ( 0.0 %)           on MPI rank :     1274
     Waiting  global time :    0.000000 ( 0.0 %)           on MPI rank :     1274
     Total           time :  179.218186 (SYPD:     1.310 ) on MPI rank :     1274
     Computing       time :    0.000000                    on MPI rank :     1275
     Waiting lbc_lnk time :    0.000000 ( 0.0 %)           on MPI rank :     1275
     Waiting  global time :    0.000000 ( 0.0 %)           on MPI rank :     1275
     Total           time :  179.218928 (SYPD:     1.310 ) on MPI rank :     1275
     Computing       time :    0.000000                    on MPI rank :     1276
     Waiting lbc_lnk time :    0.000000 ( 0.0 %)           on MPI rank :     1276
     Waiting  global time :    0.000000 ( 0.0 %)           on MPI rank :     1276
     Total           time :  179.218741 (SYPD:     1.310 ) on MPI rank :     1276
     Computing       time :    0.000000                    on MPI rank :     1277
     Waiting lbc_lnk time :    0.000000 ( 0.0 %)           on MPI rank :     1277
     Waiting  global time :    0.000000 ( 0.0 %)           on MPI rank :     1277
     Total           time :  179.218779 (SYPD:     1.310 ) on MPI rank :     1277
     Computing       time :    0.000000                    on MPI rank :     1278
     Waiting lbc_lnk time :    0.000000 ( 0.0 %)           on MPI rank :     1278
     Waiting  global time :    0.000000 ( 0.0 %)           on MPI rank :     1278
     Total           time :  179.218248 (SYPD:     1.310 ) on MPI rank :     1278
     Computing       time :    0.000000                    on MPI rank :     1279
     Waiting lbc_lnk time :    0.000000 ( 0.0 %)           on MPI rank :     1279
     Waiting  global time :    0.000000 ( 0.0 %)           on MPI rank :     1279
     Total           time :  179.218118 (SYPD:     1.310 ) on MPI rank :     1279
     Computing       time :    0.000000                    on MPI rank :     1280
     Waiting lbc_lnk time :    0.000000 ( 0.0 %)           on MPI rank :     1280
     Waiting  global time :    0.000000 ( 0.0 %)           on MPI rank :     1280
     Total           time :  179.218636 (SYPD:     1.310 ) on MPI rank :     1280
     Computing       time :    0.000000                    on MPI rank :     1281
     Waiting lbc_lnk time :    0.000000 ( 0.0 %)           on MPI rank :     1281
     Waiting  global time :    0.000000 ( 0.0 %)           on MPI rank :     1281
     Total           time :  179.218215 (SYPD:     1.310 ) on MPI rank :     1281
     Computing       time :    0.000000                    on MPI rank :     1282
     Waiting lbc_lnk time :    0.000000 ( 0.0 %)           on MPI rank :     1282
     Waiting  global time :    0.000000 ( 0.0 %)           on MPI rank :     1282
     Total           time :  179.217750 (SYPD:     1.310 ) on MPI rank :     1282
     Computing       time :    0.000000                    on MPI rank :     1283
     Waiting lbc_lnk time :    0.000000 ( 0.0 %)           on MPI rank :     1283
     Waiting  global time :    0.000000 ( 0.0 %)           on MPI rank :     1283
     Total           time :  179.218487 (SYPD:     1.310 ) on MPI rank :     1283
     Computing       time :    0.000000                    on MPI rank :     1284
     Waiting lbc_lnk time :    0.000000 ( 0.0 %)           on MPI rank :     1284
     Waiting  global time :    0.000000 ( 0.0 %)           on MPI rank :     1284
     Total           time :  179.218689 (SYPD:     1.310 ) on MPI rank :     1284
     Computing       time :    0.000000                    on MPI rank :     1285
     Waiting lbc_lnk time :    0.000000 ( 0.0 %)           on MPI rank :     1285
     Waiting  global time :    0.000000 ( 0.0 %)           on MPI rank :     1285
     Total           time :  179.218296 (SYPD:     1.310 ) on MPI rank :     1285
     Computing       time :    0.000000                    on MPI rank :     1286
     Waiting lbc_lnk time :    0.000000 ( 0.0 %)           on MPI rank :     1286
     Waiting  global time :    0.000000 ( 0.0 %)           on MPI rank :     1286
     Total           time :  179.218935 (SYPD:     1.310 ) on MPI rank :     1286
     Computing       time :    0.000000                    on MPI rank :     1287
     Waiting lbc_lnk time :    0.000000 ( 0.0 %)           on MPI rank :     1287
     Waiting  global time :    0.000000 ( 0.0 %)           on MPI rank :     1287
     Total           time :  179.217529 (SYPD:     1.310 ) on MPI rank :     1287
     Computing       time :    0.000000                    on MPI rank :     1288
     Waiting lbc_lnk time :    0.000000 ( 0.0 %)           on MPI rank :     1288
     Waiting  global time :    0.000000 ( 0.0 %)           on MPI rank :     1288
     Total           time :  179.218102 (SYPD:     1.310 ) on MPI rank :     1288
     Computing       time :    0.000000                    on MPI rank :     1289
     Waiting lbc_lnk time :    0.000000 ( 0.0 %)           on MPI rank :     1289
     Waiting  global time :    0.000000 ( 0.0 %)           on MPI rank :     1289
     Total           time :  179.189779 (SYPD:     1.310 ) on MPI rank :     1289
     Computing       time :    0.000000                    on MPI rank :     1290
     Waiting lbc_lnk time :    0.000000 ( 0.0 %)           on MPI rank :     1290
     Waiting  global time :    0.000000 ( 0.0 %)           on MPI rank :     1290
     Total           time :  179.217450 (SYPD:     1.310 ) on MPI rank :     1290
     Computing       time :    0.000000                    on MPI rank :     1291
     Waiting lbc_lnk time :    0.000000 ( 0.0 %)           on MPI rank :     1291
     Waiting  global time :    0.000000 ( 0.0 %)           on MPI rank :     1291
     Total           time :  179.218038 (SYPD:     1.310 ) on MPI rank :     1291
     Computing       time :    0.000000                    on MPI rank :     1292
     Waiting lbc_lnk time :    0.000000 ( 0.0 %)           on MPI rank :     1292
     Waiting  global time :    0.000000 ( 0.0 %)           on MPI rank :     1292
     Total           time :  179.198150 (SYPD:     1.310 ) on MPI rank :     1292
     Computing       time :    0.000000                    on MPI rank :     1293
     Waiting lbc_lnk time :    0.000000 ( 0.0 %)           on MPI rank :     1293
     Waiting  global time :    0.000000 ( 0.0 %)           on MPI rank :     1293
     Total           time :  179.197902 (SYPD:     1.310 ) on MPI rank :     1293
     Computing       time :    0.000000                    on MPI rank :     1294
     Waiting lbc_lnk time :    0.000000 ( 0.0 %)           on MPI rank :     1294
     Waiting  global time :    0.000000 ( 0.0 %)           on MPI rank :     1294
     Total           time :  179.217998 (SYPD:     1.310 ) on MPI rank :     1294
     Computing       time :    0.000000                    on MPI rank :     1295
     Waiting lbc_lnk time :    0.000000 ( 0.0 %)           on MPI rank :     1295
     Waiting  global time :    0.000000 ( 0.0 %)           on MPI rank :     1295
     Total           time :  179.218727 (SYPD:     1.310 ) on MPI rank :     1295
     Computing       time :    0.000000                    on MPI rank :     1296
     Waiting lbc_lnk time :    0.000000 ( 0.0 %)           on MPI rank :     1296
     Waiting  global time :    0.000000 ( 0.0 %)           on MPI rank :     1296
     Total           time :  179.218957 (SYPD:     1.310 ) on MPI rank :     1296
     Computing       time :    0.000000                    on MPI rank :     1297
     Waiting lbc_lnk time :    0.000000 ( 0.0 %)           on MPI rank :     1297
     Waiting  global time :    0.000000 ( 0.0 %)           on MPI rank :     1297
     Total           time :  179.218662 (SYPD:     1.310 ) on MPI rank :     1297
     Computing       time :    0.000000                    on MPI rank :     1298
     Waiting lbc_lnk time :    0.000000 ( 0.0 %)           on MPI rank :     1298
     Waiting  global time :    0.000000 ( 0.0 %)           on MPI rank :     1298
     Total           time :  179.217923 (SYPD:     1.310 ) on MPI rank :     1298
     Computing       time :    0.000000                    on MPI rank :     1299
     Waiting lbc_lnk time :    0.000000 ( 0.0 %)           on MPI rank :     1299
     Waiting  global time :    0.000000 ( 0.0 %)           on MPI rank :     1299
     Total           time :  179.218980 (SYPD:     1.310 ) on MPI rank :     1299
     Computing       time :    0.000000                    on MPI rank :     1300
     Waiting lbc_lnk time :    0.000000 ( 0.0 %)           on MPI rank :     1300
     Waiting  global time :    0.000000 ( 0.0 %)           on MPI rank :     1300
     Total           time :  179.218303 (SYPD:     1.310 ) on MPI rank :     1300
     Computing       time :    0.000000                    on MPI rank :     1301
     Waiting lbc_lnk time :    0.000000 ( 0.0 %)           on MPI rank :     1301
     Waiting  global time :    0.000000 ( 0.0 %)           on MPI rank :     1301
     Total           time :  179.218506 (SYPD:     1.310 ) on MPI rank :     1301
     Computing       time :    0.000000                    on MPI rank :     1302
     Waiting lbc_lnk time :    0.000000 ( 0.0 %)           on MPI rank :     1302
     Waiting  global time :    0.000000 ( 0.0 %)           on MPI rank :     1302
     Total           time :  179.218116 (SYPD:     1.310 ) on MPI rank :     1302
     Computing       time :    0.000000                    on MPI rank :     1303
     Waiting lbc_lnk time :    0.000000 ( 0.0 %)           on MPI rank :     1303
     Waiting  global time :    0.000000 ( 0.0 %)           on MPI rank :     1303
     Total           time :  179.217963 (SYPD:     1.310 ) on MPI rank :     1303
     Computing       time :    0.000000                    on MPI rank :     1304
     Waiting lbc_lnk time :    0.000000 ( 0.0 %)           on MPI rank :     1304
     Waiting  global time :    0.000000 ( 0.0 %)           on MPI rank :     1304
     Total           time :  179.207868 (SYPD:     1.310 ) on MPI rank :     1304
     Computing       time :    0.000000                    on MPI rank :     1305
     Waiting lbc_lnk time :    0.000000 ( 0.0 %)           on MPI rank :     1305
     Waiting  global time :    0.000000 ( 0.0 %)           on MPI rank :     1305
     Total           time :  179.218475 (SYPD:     1.310 ) on MPI rank :     1305
     Computing       time :    0.000000                    on MPI rank :     1306
     Waiting lbc_lnk time :    0.000000 ( 0.0 %)           on MPI rank :     1306
     Waiting  global time :    0.000000 ( 0.0 %)           on MPI rank :     1306
     Total           time :  179.218506 (SYPD:     1.310 ) on MPI rank :     1306
     Computing       time :    0.000000                    on MPI rank :     1307
     Waiting lbc_lnk time :    0.000000 ( 0.0 %)           on MPI rank :     1307
     Waiting  global time :    0.000000 ( 0.0 %)           on MPI rank :     1307
     Total           time :  179.207868 (SYPD:     1.310 ) on MPI rank :     1307
     Computing       time :    0.000000                    on MPI rank :     1308
     Waiting lbc_lnk time :    0.000000 ( 0.0 %)           on MPI rank :     1308
     Waiting  global time :    0.000000 ( 0.0 %)           on MPI rank :     1308
     Total           time :  179.218625 (SYPD:     1.310 ) on MPI rank :     1308
     Computing       time :    0.000000                    on MPI rank :     1309
     Waiting lbc_lnk time :    0.000000 ( 0.0 %)           on MPI rank :     1309
     Waiting  global time :    0.000000 ( 0.0 %)           on MPI rank :     1309
     Total           time :  179.219049 (SYPD:     1.310 ) on MPI rank :     1309
     Computing       time :    0.000000                    on MPI rank :     1310
     Waiting lbc_lnk time :    0.000000 ( 0.0 %)           on MPI rank :     1310
     Waiting  global time :    0.000000 ( 0.0 %)           on MPI rank :     1310
     Total           time :  179.218041 (SYPD:     1.310 ) on MPI rank :     1310
     Computing       time :    0.000000                    on MPI rank :     1311
     Waiting lbc_lnk time :    0.000000 ( 0.0 %)           on MPI rank :     1311
     Waiting  global time :    0.000000 ( 0.0 %)           on MPI rank :     1311
     Total           time :  179.218839 (SYPD:     1.310 ) on MPI rank :     1311
     Computing       time :    0.000000                    on MPI rank :     1312
     Waiting lbc_lnk time :    0.000000 ( 0.0 %)           on MPI rank :     1312
     Waiting  global time :    0.000000 ( 0.0 %)           on MPI rank :     1312
     Total           time :  179.218522 (SYPD:     1.310 ) on MPI rank :     1312
     Computing       time :    0.000000                    on MPI rank :     1313
     Waiting lbc_lnk time :    0.000000 ( 0.0 %)           on MPI rank :     1313
     Waiting  global time :    0.000000 ( 0.0 %)           on MPI rank :     1313
     Total           time :  179.218554 (SYPD:     1.310 ) on MPI rank :     1313
     Computing       time :    0.000000                    on MPI rank :     1314
     Waiting lbc_lnk time :    0.000000 ( 0.0 %)           on MPI rank :     1314
     Waiting  global time :    0.000000 ( 0.0 %)           on MPI rank :     1314
     Total           time :  179.217095 (SYPD:     1.310 ) on MPI rank :     1314
     Computing       time :    0.000000                    on MPI rank :     1315
     Waiting lbc_lnk time :    0.000000 ( 0.0 %)           on MPI rank :     1315
     Waiting  global time :    0.000000 ( 0.0 %)           on MPI rank :     1315
     Total           time :  179.218986 (SYPD:     1.310 ) on MPI rank :     1315
     Computing       time :    0.000000                    on MPI rank :     1316
     Waiting lbc_lnk time :    0.000000 ( 0.0 %)           on MPI rank :     1316
     Waiting  global time :    0.000000 ( 0.0 %)           on MPI rank :     1316
     Total           time :  179.218931 (SYPD:     1.310 ) on MPI rank :     1316
     Computing       time :    0.000000                    on MPI rank :     1317
     Waiting lbc_lnk time :    0.000000 ( 0.0 %)           on MPI rank :     1317
     Waiting  global time :    0.000000 ( 0.0 %)           on MPI rank :     1317
     Total           time :  179.218194 (SYPD:     1.310 ) on MPI rank :     1317
     Computing       time :    0.000000                    on MPI rank :     1318
     Waiting lbc_lnk time :    0.000000 ( 0.0 %)           on MPI rank :     1318
     Waiting  global time :    0.000000 ( 0.0 %)           on MPI rank :     1318
     Total           time :  179.217591 (SYPD:     1.310 ) on MPI rank :     1318
     Computing       time :    0.000000                    on MPI rank :     1319
     Waiting lbc_lnk time :    0.000000 ( 0.0 %)           on MPI rank :     1319
     Waiting  global time :    0.000000 ( 0.0 %)           on MPI rank :     1319
     Total           time :  179.218278 (SYPD:     1.310 ) on MPI rank :     1319
     Computing       time :    0.000000                    on MPI rank :     1320
     Waiting lbc_lnk time :    0.000000 ( 0.0 %)           on MPI rank :     1320
     Waiting  global time :    0.000000 ( 0.0 %)           on MPI rank :     1320
     Total           time :  179.218150 (SYPD:     1.310 ) on MPI rank :     1320
     Computing       time :    0.000000                    on MPI rank :     1321
     Waiting lbc_lnk time :    0.000000 ( 0.0 %)           on MPI rank :     1321
     Waiting  global time :    0.000000 ( 0.0 %)           on MPI rank :     1321
     Total           time :  179.218351 (SYPD:     1.310 ) on MPI rank :     1321
     Computing       time :    0.000000                    on MPI rank :     1322
     Waiting lbc_lnk time :    0.000000 ( 0.0 %)           on MPI rank :     1322
     Waiting  global time :    0.000000 ( 0.0 %)           on MPI rank :     1322
     Total           time :  179.217783 (SYPD:     1.310 ) on MPI rank :     1322
     Computing       time :    0.000000                    on MPI rank :     1323
     Waiting lbc_lnk time :    0.000000 ( 0.0 %)           on MPI rank :     1323
     Waiting  global time :    0.000000 ( 0.0 %)           on MPI rank :     1323
     Total           time :  179.218203 (SYPD:     1.310 ) on MPI rank :     1323
     Computing       time :    0.000000                    on MPI rank :     1324
     Waiting lbc_lnk time :    0.000000 ( 0.0 %)           on MPI rank :     1324
     Waiting  global time :    0.000000 ( 0.0 %)           on MPI rank :     1324
     Total           time :  179.218103 (SYPD:     1.310 ) on MPI rank :     1324
     Computing       time :    0.000000                    on MPI rank :     1325
     Waiting lbc_lnk time :    0.000000 ( 0.0 %)           on MPI rank :     1325
     Waiting  global time :    0.000000 ( 0.0 %)           on MPI rank :     1325
     Total           time :  179.218363 (SYPD:     1.310 ) on MPI rank :     1325
     Computing       time :    0.000000                    on MPI rank :     1326
     Waiting lbc_lnk time :    0.000000 ( 0.0 %)           on MPI rank :     1326
     Waiting  global time :    0.000000 ( 0.0 %)           on MPI rank :     1326
     Total           time :  179.218412 (SYPD:     1.310 ) on MPI rank :     1326
     Computing       time :    0.000000                    on MPI rank :     1327
     Waiting lbc_lnk time :    0.000000 ( 0.0 %)           on MPI rank :     1327
     Waiting  global time :    0.000000 ( 0.0 %)           on MPI rank :     1327
     Total           time :  179.217971 (SYPD:     1.310 ) on MPI rank :     1327
     Computing       time :    0.000000                    on MPI rank :     1328
     Waiting lbc_lnk time :    0.000000 ( 0.0 %)           on MPI rank :     1328
     Waiting  global time :    0.000000 ( 0.0 %)           on MPI rank :     1328
     Total           time :  179.218474 (SYPD:     1.310 ) on MPI rank :     1328
     Computing       time :    0.000000                    on MPI rank :     1329
     Waiting lbc_lnk time :    0.000000 ( 0.0 %)           on MPI rank :     1329
     Waiting  global time :    0.000000 ( 0.0 %)           on MPI rank :     1329
     Total           time :  179.217604 (SYPD:     1.310 ) on MPI rank :     1329
     Computing       time :    0.000000                    on MPI rank :     1330
     Waiting lbc_lnk time :    0.000000 ( 0.0 %)           on MPI rank :     1330
     Waiting  global time :    0.000000 ( 0.0 %)           on MPI rank :     1330
     Total           time :  179.217242 (SYPD:     1.310 ) on MPI rank :     1330
     Computing       time :    0.000000                    on MPI rank :     1331
     Waiting lbc_lnk time :    0.000000 ( 0.0 %)           on MPI rank :     1331
     Waiting  global time :    0.000000 ( 0.0 %)           on MPI rank :     1331
     Total           time :  179.217819 (SYPD:     1.310 ) on MPI rank :     1331
     Computing       time :    0.000000                    on MPI rank :     1332
     Waiting lbc_lnk time :    0.000000 ( 0.0 %)           on MPI rank :     1332
     Waiting  global time :    0.000000 ( 0.0 %)           on MPI rank :     1332
     Total           time :  179.218761 (SYPD:     1.310 ) on MPI rank :     1332
     Computing       time :    0.000000                    on MPI rank :     1333
     Waiting lbc_lnk time :    0.000000 ( 0.0 %)           on MPI rank :     1333
     Waiting  global time :    0.000000 ( 0.0 %)           on MPI rank :     1333
     Total           time :  179.217933 (SYPD:     1.310 ) on MPI rank :     1333
     Computing       time :    0.000000                    on MPI rank :     1334
     Waiting lbc_lnk time :    0.000000 ( 0.0 %)           on MPI rank :     1334
     Waiting  global time :    0.000000 ( 0.0 %)           on MPI rank :     1334
     Total           time :  179.217534 (SYPD:     1.310 ) on MPI rank :     1334
     Computing       time :    0.000000                    on MPI rank :     1335
     Waiting lbc_lnk time :    0.000000 ( 0.0 %)           on MPI rank :     1335
     Waiting  global time :    0.000000 ( 0.0 %)           on MPI rank :     1335
     Total           time :  179.218123 (SYPD:     1.310 ) on MPI rank :     1335
     Computing       time :    0.000000                    on MPI rank :     1336
     Waiting lbc_lnk time :    0.000000 ( 0.0 %)           on MPI rank :     1336
     Waiting  global time :    0.000000 ( 0.0 %)           on MPI rank :     1336
     Total           time :  179.218306 (SYPD:     1.310 ) on MPI rank :     1336
     Computing       time :    0.000000                    on MPI rank :     1337
     Waiting lbc_lnk time :    0.000000 ( 0.0 %)           on MPI rank :     1337
     Waiting  global time :    0.000000 ( 0.0 %)           on MPI rank :     1337
     Total           time :  179.217770 (SYPD:     1.310 ) on MPI rank :     1337
     Computing       time :    0.000000                    on MPI rank :     1338
     Waiting lbc_lnk time :    0.000000 ( 0.0 %)           on MPI rank :     1338
     Waiting  global time :    0.000000 ( 0.0 %)           on MPI rank :     1338
     Total           time :  179.218439 (SYPD:     1.310 ) on MPI rank :     1338
     Computing       time :    0.000000                    on MPI rank :     1339
     Waiting lbc_lnk time :    0.000000 ( 0.0 %)           on MPI rank :     1339
     Waiting  global time :    0.000000 ( 0.0 %)           on MPI rank :     1339
     Total           time :  179.218174 (SYPD:     1.310 ) on MPI rank :     1339
     Computing       time :    0.000000                    on MPI rank :     1340
     Waiting lbc_lnk time :    0.000000 ( 0.0 %)           on MPI rank :     1340
     Waiting  global time :    0.000000 ( 0.0 %)           on MPI rank :     1340
     Total           time :  179.217815 (SYPD:     1.310 ) on MPI rank :     1340
     Computing       time :    0.000000                    on MPI rank :     1341
     Waiting lbc_lnk time :    0.000000 ( 0.0 %)           on MPI rank :     1341
     Waiting  global time :    0.000000 ( 0.0 %)           on MPI rank :     1341
     Total           time :  179.218550 (SYPD:     1.310 ) on MPI rank :     1341
     Computing       time :    0.000000                    on MPI rank :     1342
     Waiting lbc_lnk time :    0.000000 ( 0.0 %)           on MPI rank :     1342
     Waiting  global time :    0.000000 ( 0.0 %)           on MPI rank :     1342
     Total           time :  179.218113 (SYPD:     1.310 ) on MPI rank :     1342
     Computing       time :    0.000000                    on MPI rank :     1343
     Waiting lbc_lnk time :    0.000000 ( 0.0 %)           on MPI rank :     1343
     Waiting  global time :    0.000000 ( 0.0 %)           on MPI rank :     1343
     Total           time :  179.217224 (SYPD:     1.310 ) on MPI rank :     1343
     Computing       time :    0.000000                    on MPI rank :     1344
     Waiting lbc_lnk time :    0.000000 ( 0.0 %)           on MPI rank :     1344
     Waiting  global time :    0.000000 ( 0.0 %)           on MPI rank :     1344
     Total           time :  179.218577 (SYPD:     1.310 ) on MPI rank :     1344
     Computing       time :    0.000000                    on MPI rank :     1345
     Waiting lbc_lnk time :    0.000000 ( 0.0 %)           on MPI rank :     1345
     Waiting  global time :    0.000000 ( 0.0 %)           on MPI rank :     1345
     Total           time :  179.217835 (SYPD:     1.310 ) on MPI rank :     1345
     Computing       time :    0.000000                    on MPI rank :     1346
     Waiting lbc_lnk time :    0.000000 ( 0.0 %)           on MPI rank :     1346
     Waiting  global time :    0.000000 ( 0.0 %)           on MPI rank :     1346
     Total           time :  179.217910 (SYPD:     1.310 ) on MPI rank :     1346
     Computing       time :    0.000000                    on MPI rank :     1347
     Waiting lbc_lnk time :    0.000000 ( 0.0 %)           on MPI rank :     1347
     Waiting  global time :    0.000000 ( 0.0 %)           on MPI rank :     1347
     Total           time :  179.217973 (SYPD:     1.310 ) on MPI rank :     1347
     Computing       time :    0.000000                    on MPI rank :     1348
     Waiting lbc_lnk time :    0.000000 ( 0.0 %)           on MPI rank :     1348
     Waiting  global time :    0.000000 ( 0.0 %)           on MPI rank :     1348
     Total           time :  179.217851 (SYPD:     1.310 ) on MPI rank :     1348
     Computing       time :    0.000000                    on MPI rank :     1349
     Waiting lbc_lnk time :    0.000000 ( 0.0 %)           on MPI rank :     1349
     Waiting  global time :    0.000000 ( 0.0 %)           on MPI rank :     1349
     Total           time :  179.217577 (SYPD:     1.310 ) on MPI rank :     1349
     Computing       time :    0.000000                    on MPI rank :     1350
     Waiting lbc_lnk time :    0.000000 ( 0.0 %)           on MPI rank :     1350
     Waiting  global time :    0.000000 ( 0.0 %)           on MPI rank :     1350
     Total           time :  179.218294 (SYPD:     1.310 ) on MPI rank :     1350
     Computing       time :    0.000000                    on MPI rank :     1351
     Waiting lbc_lnk time :    0.000000 ( 0.0 %)           on MPI rank :     1351
     Waiting  global time :    0.000000 ( 0.0 %)           on MPI rank :     1351
     Total           time :  179.218435 (SYPD:     1.310 ) on MPI rank :     1351
     Computing       time :    0.000000                    on MPI rank :     1352
     Waiting lbc_lnk time :    0.000000 ( 0.0 %)           on MPI rank :     1352
     Waiting  global time :    0.000000 ( 0.0 %)           on MPI rank :     1352
     Total           time :  179.218254 (SYPD:     1.310 ) on MPI rank :     1352
     Computing       time :    0.000000                    on MPI rank :     1353
     Waiting lbc_lnk time :    0.000000 ( 0.0 %)           on MPI rank :     1353
     Waiting  global time :    0.000000 ( 0.0 %)           on MPI rank :     1353
     Total           time :  179.218003 (SYPD:     1.310 ) on MPI rank :     1353
     Computing       time :    0.000000                    on MPI rank :     1354
     Waiting lbc_lnk time :    0.000000 ( 0.0 %)           on MPI rank :     1354
     Waiting  global time :    0.000000 ( 0.0 %)           on MPI rank :     1354
     Total           time :  179.218176 (SYPD:     1.310 ) on MPI rank :     1354
     Computing       time :    0.000000                    on MPI rank :     1355
     Waiting lbc_lnk time :    0.000000 ( 0.0 %)           on MPI rank :     1355
     Waiting  global time :    0.000000 ( 0.0 %)           on MPI rank :     1355
     Total           time :  179.217593 (SYPD:     1.310 ) on MPI rank :     1355
     Computing       time :    0.000000                    on MPI rank :     1356
     Waiting lbc_lnk time :    0.000000 ( 0.0 %)           on MPI rank :     1356
     Waiting  global time :    0.000000 ( 0.0 %)           on MPI rank :     1356
     Total           time :  179.217576 (SYPD:     1.310 ) on MPI rank :     1356
     Computing       time :    0.000000                    on MPI rank :     1357
     Waiting lbc_lnk time :    0.000000 ( 0.0 %)           on MPI rank :     1357
     Waiting  global time :    0.000000 ( 0.0 %)           on MPI rank :     1357
     Total           time :  179.217682 (SYPD:     1.310 ) on MPI rank :     1357
     Computing       time :    0.000000                    on MPI rank :     1358
     Waiting lbc_lnk time :    0.000000 ( 0.0 %)           on MPI rank :     1358
     Waiting  global time :    0.000000 ( 0.0 %)           on MPI rank :     1358
     Total           time :  179.218177 (SYPD:     1.310 ) on MPI rank :     1358
     Computing       time :    0.000000                    on MPI rank :     1359
     Waiting lbc_lnk time :    0.000000 ( 0.0 %)           on MPI rank :     1359
     Waiting  global time :    0.000000 ( 0.0 %)           on MPI rank :     1359
     Total           time :  179.218128 (SYPD:     1.310 ) on MPI rank :     1359
     Computing       time :    0.000000                    on MPI rank :     1360
     Waiting lbc_lnk time :    0.000000 ( 0.0 %)           on MPI rank :     1360
     Waiting  global time :    0.000000 ( 0.0 %)           on MPI rank :     1360
     Total           time :  179.218335 (SYPD:     1.310 ) on MPI rank :     1360
     Computing       time :    0.000000                    on MPI rank :     1361
     Waiting lbc_lnk time :    0.000000 ( 0.0 %)           on MPI rank :     1361
     Waiting  global time :    0.000000 ( 0.0 %)           on MPI rank :     1361
     Total           time :  179.217594 (SYPD:     1.310 ) on MPI rank :     1361
     Computing       time :    0.000000                    on MPI rank :     1362
     Waiting lbc_lnk time :    0.000000 ( 0.0 %)           on MPI rank :     1362
     Waiting  global time :    0.000000 ( 0.0 %)           on MPI rank :     1362
     Total           time :  179.218049 (SYPD:     1.310 ) on MPI rank :     1362
     Computing       time :    0.000000                    on MPI rank :     1363
     Waiting lbc_lnk time :    0.000000 ( 0.0 %)           on MPI rank :     1363
     Waiting  global time :    0.000000 ( 0.0 %)           on MPI rank :     1363
     Total           time :  179.218095 (SYPD:     1.310 ) on MPI rank :     1363
     Computing       time :    0.000000                    on MPI rank :     1364
     Waiting lbc_lnk time :    0.000000 ( 0.0 %)           on MPI rank :     1364
     Waiting  global time :    0.000000 ( 0.0 %)           on MPI rank :     1364
     Total           time :  179.218593 (SYPD:     1.310 ) on MPI rank :     1364
     Computing       time :    0.000000                    on MPI rank :     1365
     Waiting lbc_lnk time :    0.000000 ( 0.0 %)           on MPI rank :     1365
     Waiting  global time :    0.000000 ( 0.0 %)           on MPI rank :     1365
     Total           time :  179.217901 (SYPD:     1.310 ) on MPI rank :     1365
     Computing       time :    0.000000                    on MPI rank :     1366
     Waiting lbc_lnk time :    0.000000 ( 0.0 %)           on MPI rank :     1366
     Waiting  global time :    0.000000 ( 0.0 %)           on MPI rank :     1366
     Total           time :  179.218414 (SYPD:     1.310 ) on MPI rank :     1366
     Computing       time :    0.000000                    on MPI rank :     1367
     Waiting lbc_lnk time :    0.000000 ( 0.0 %)           on MPI rank :     1367
     Waiting  global time :    0.000000 ( 0.0 %)           on MPI rank :     1367
     Total           time :  179.218319 (SYPD:     1.310 ) on MPI rank :     1367
     Computing       time :    0.000000                    on MPI rank :     1368
     Waiting lbc_lnk time :    0.000000 ( 0.0 %)           on MPI rank :     1368
     Waiting  global time :    0.000000 ( 0.0 %)           on MPI rank :     1368
     Total           time :  179.218319 (SYPD:     1.310 ) on MPI rank :     1368
     Computing       time :    0.000000                    on MPI rank :     1369
     Waiting lbc_lnk time :    0.000000 ( 0.0 %)           on MPI rank :     1369
     Waiting  global time :    0.000000 ( 0.0 %)           on MPI rank :     1369
     Total           time :  179.218290 (SYPD:     1.310 ) on MPI rank :     1369
     Computing       time :    0.000000                    on MPI rank :     1370
     Waiting lbc_lnk time :    0.000000 ( 0.0 %)           on MPI rank :     1370
     Waiting  global time :    0.000000 ( 0.0 %)           on MPI rank :     1370
     Total           time :  179.217031 (SYPD:     1.310 ) on MPI rank :     1370
     Computing       time :    0.000000                    on MPI rank :     1371
     Waiting lbc_lnk time :    0.000000 ( 0.0 %)           on MPI rank :     1371
     Waiting  global time :    0.000000 ( 0.0 %)           on MPI rank :     1371
     Total           time :  179.218176 (SYPD:     1.310 ) on MPI rank :     1371
     Computing       time :    0.000000                    on MPI rank :     1372
     Waiting lbc_lnk time :    0.000000 ( 0.0 %)           on MPI rank :     1372
     Waiting  global time :    0.000000 ( 0.0 %)           on MPI rank :     1372
     Total           time :  179.218220 (SYPD:     1.310 ) on MPI rank :     1372
     Computing       time :    0.000000                    on MPI rank :     1373
     Waiting lbc_lnk time :    0.000000 ( 0.0 %)           on MPI rank :     1373
     Waiting  global time :    0.000000 ( 0.0 %)           on MPI rank :     1373
     Total           time :  179.217393 (SYPD:     1.310 ) on MPI rank :     1373
     Computing       time :    0.000000                    on MPI rank :     1374
     Waiting lbc_lnk time :    0.000000 ( 0.0 %)           on MPI rank :     1374
     Waiting  global time :    0.000000 ( 0.0 %)           on MPI rank :     1374
     Total           time :  179.218458 (SYPD:     1.310 ) on MPI rank :     1374
     Computing       time :    0.000000                    on MPI rank :     1375
     Waiting lbc_lnk time :    0.000000 ( 0.0 %)           on MPI rank :     1375
     Waiting  global time :    0.000000 ( 0.0 %)           on MPI rank :     1375
     Total           time :  179.217767 (SYPD:     1.310 ) on MPI rank :     1375
     Computing       time :    0.000000                    on MPI rank :     1376
     Waiting lbc_lnk time :    0.000000 ( 0.0 %)           on MPI rank :     1376
     Waiting  global time :    0.000000 ( 0.0 %)           on MPI rank :     1376
     Total           time :  179.217826 (SYPD:     1.310 ) on MPI rank :     1376
     Computing       time :    0.000000                    on MPI rank :     1377
     Waiting lbc_lnk time :    0.000000 ( 0.0 %)           on MPI rank :     1377
     Waiting  global time :    0.000000 ( 0.0 %)           on MPI rank :     1377
     Total           time :  179.218323 (SYPD:     1.310 ) on MPI rank :     1377
     Computing       time :    0.000000                    on MPI rank :     1378
     Waiting lbc_lnk time :    0.000000 ( 0.0 %)           on MPI rank :     1378
     Waiting  global time :    0.000000 ( 0.0 %)           on MPI rank :     1378
     Total           time :  179.217560 (SYPD:     1.310 ) on MPI rank :     1378
     Computing       time :    0.000000                    on MPI rank :     1379
     Waiting lbc_lnk time :    0.000000 ( 0.0 %)           on MPI rank :     1379
     Waiting  global time :    0.000000 ( 0.0 %)           on MPI rank :     1379
     Total           time :  179.218262 (SYPD:     1.310 ) on MPI rank :     1379
     Computing       time :    0.000000                    on MPI rank :     1380
     Waiting lbc_lnk time :    0.000000 ( 0.0 %)           on MPI rank :     1380
     Waiting  global time :    0.000000 ( 0.0 %)           on MPI rank :     1380
     Total           time :  179.217631 (SYPD:     1.310 ) on MPI rank :     1380
     Computing       time :    0.000000                    on MPI rank :     1381
     Waiting lbc_lnk time :    0.000000 ( 0.0 %)           on MPI rank :     1381
     Waiting  global time :    0.000000 ( 0.0 %)           on MPI rank :     1381
     Total           time :  179.218353 (SYPD:     1.310 ) on MPI rank :     1381
     Computing       time :    0.000000                    on MPI rank :     1382
     Waiting lbc_lnk time :    0.000000 ( 0.0 %)           on MPI rank :     1382
     Waiting  global time :    0.000000 ( 0.0 %)           on MPI rank :     1382
     Total           time :  179.218418 (SYPD:     1.310 ) on MPI rank :     1382
     Computing       time :    0.000000                    on MPI rank :     1383
     Waiting lbc_lnk time :    0.000000 ( 0.0 %)           on MPI rank :     1383
     Waiting  global time :    0.000000 ( 0.0 %)           on MPI rank :     1383
     Total           time :  179.218564 (SYPD:     1.310 ) on MPI rank :     1383
     Computing       time :    0.000000                    on MPI rank :     1384
     Waiting lbc_lnk time :    0.000000 ( 0.0 %)           on MPI rank :     1384
     Waiting  global time :    0.000000 ( 0.0 %)           on MPI rank :     1384
     Total           time :  179.218171 (SYPD:     1.310 ) on MPI rank :     1384
     Computing       time :    0.000000                    on MPI rank :     1385
     Waiting lbc_lnk time :    0.000000 ( 0.0 %)           on MPI rank :     1385
     Waiting  global time :    0.000000 ( 0.0 %)           on MPI rank :     1385
     Total           time :  179.218982 (SYPD:     1.310 ) on MPI rank :     1385
     Computing       time :    0.000000                    on MPI rank :     1386
     Waiting lbc_lnk time :    0.000000 ( 0.0 %)           on MPI rank :     1386
     Waiting  global time :    0.000000 ( 0.0 %)           on MPI rank :     1386
     Total           time :  179.218618 (SYPD:     1.310 ) on MPI rank :     1386
     Computing       time :    0.000000                    on MPI rank :     1387
     Waiting lbc_lnk time :    0.000000 ( 0.0 %)           on MPI rank :     1387
     Waiting  global time :    0.000000 ( 0.0 %)           on MPI rank :     1387
     Total           time :  179.218437 (SYPD:     1.310 ) on MPI rank :     1387
     Computing       time :    0.000000                    on MPI rank :     1388
     Waiting lbc_lnk time :    0.000000 ( 0.0 %)           on MPI rank :     1388
     Waiting  global time :    0.000000 ( 0.0 %)           on MPI rank :     1388
     Total           time :  179.218937 (SYPD:     1.310 ) on MPI rank :     1388
     Computing       time :    0.000000                    on MPI rank :     1389
     Waiting lbc_lnk time :    0.000000 ( 0.0 %)           on MPI rank :     1389
     Waiting  global time :    0.000000 ( 0.0 %)           on MPI rank :     1389
     Total           time :  179.218464 (SYPD:     1.310 ) on MPI rank :     1389
     Computing       time :    0.000000                    on MPI rank :     1390
     Waiting lbc_lnk time :    0.000000 ( 0.0 %)           on MPI rank :     1390
     Waiting  global time :    0.000000 ( 0.0 %)           on MPI rank :     1390
     Total           time :  179.218370 (SYPD:     1.310 ) on MPI rank :     1390
     Computing       time :    0.000000                    on MPI rank :     1391
     Waiting lbc_lnk time :    0.000000 ( 0.0 %)           on MPI rank :     1391
     Waiting  global time :    0.000000 ( 0.0 %)           on MPI rank :     1391
     Total           time :  179.218400 (SYPD:     1.310 ) on MPI rank :     1391
     Computing       time :    0.000000                    on MPI rank :     1392
     Waiting lbc_lnk time :    0.000000 ( 0.0 %)           on MPI rank :     1392
     Waiting  global time :    0.000000 ( 0.0 %)           on MPI rank :     1392
     Total           time :  179.218237 (SYPD:     1.310 ) on MPI rank :     1392
     Computing       time :    0.000000                    on MPI rank :     1393
     Waiting lbc_lnk time :    0.000000 ( 0.0 %)           on MPI rank :     1393
     Waiting  global time :    0.000000 ( 0.0 %)           on MPI rank :     1393
     Total           time :  179.218550 (SYPD:     1.310 ) on MPI rank :     1393
     Computing       time :    0.000000                    on MPI rank :     1394
     Waiting lbc_lnk time :    0.000000 ( 0.0 %)           on MPI rank :     1394
     Waiting  global time :    0.000000 ( 0.0 %)           on MPI rank :     1394
     Total           time :  179.218891 (SYPD:     1.310 ) on MPI rank :     1394
     Computing       time :    0.000000                    on MPI rank :     1395
     Waiting lbc_lnk time :    0.000000 ( 0.0 %)           on MPI rank :     1395
     Waiting  global time :    0.000000 ( 0.0 %)           on MPI rank :     1395
     Total           time :  179.218869 (SYPD:     1.310 ) on MPI rank :     1395
     Computing       time :    0.000000                    on MPI rank :     1396
     Waiting lbc_lnk time :    0.000000 ( 0.0 %)           on MPI rank :     1396
     Waiting  global time :    0.000000 ( 0.0 %)           on MPI rank :     1396
     Total           time :  179.218057 (SYPD:     1.310 ) on MPI rank :     1396
     Computing       time :    0.000000                    on MPI rank :     1397
     Waiting lbc_lnk time :    0.000000 ( 0.0 %)           on MPI rank :     1397
     Waiting  global time :    0.000000 ( 0.0 %)           on MPI rank :     1397
     Total           time :  179.218649 (SYPD:     1.310 ) on MPI rank :     1397
     Computing       time :    0.000000                    on MPI rank :     1398
     Waiting lbc_lnk time :    0.000000 ( 0.0 %)           on MPI rank :     1398
     Waiting  global time :    0.000000 ( 0.0 %)           on MPI rank :     1398
     Total           time :  179.218460 (SYPD:     1.310 ) on MPI rank :     1398
     Computing       time :    0.000000                    on MPI rank :     1399
     Waiting lbc_lnk time :    0.000000 ( 0.0 %)           on MPI rank :     1399
     Waiting  global time :    0.000000 ( 0.0 %)           on MPI rank :     1399
     Total           time :  179.218045 (SYPD:     1.310 ) on MPI rank :     1399
     Computing       time :    0.000000                    on MPI rank :     1400
     Waiting lbc_lnk time :    0.000000 ( 0.0 %)           on MPI rank :     1400
     Waiting  global time :    0.000000 ( 0.0 %)           on MPI rank :     1400
     Total           time :  179.217686 (SYPD:     1.310 ) on MPI rank :     1400
     Computing       time :    0.000000                    on MPI rank :     1401
     Waiting lbc_lnk time :    0.000000 ( 0.0 %)           on MPI rank :     1401
     Waiting  global time :    0.000000 ( 0.0 %)           on MPI rank :     1401
     Total           time :  179.218581 (SYPD:     1.310 ) on MPI rank :     1401
     Computing       time :    0.000000                    on MPI rank :     1402
     Waiting lbc_lnk time :    0.000000 ( 0.0 %)           on MPI rank :     1402
     Waiting  global time :    0.000000 ( 0.0 %)           on MPI rank :     1402
     Total           time :  179.217993 (SYPD:     1.310 ) on MPI rank :     1402
     Computing       time :    0.000000                    on MPI rank :     1403
     Waiting lbc_lnk time :    0.000000 ( 0.0 %)           on MPI rank :     1403
     Waiting  global time :    0.000000 ( 0.0 %)           on MPI rank :     1403
     Total           time :  179.217577 (SYPD:     1.310 ) on MPI rank :     1403
     Computing       time :    0.000000                    on MPI rank :     1404
     Waiting lbc_lnk time :    0.000000 ( 0.0 %)           on MPI rank :     1404
     Waiting  global time :    0.000000 ( 0.0 %)           on MPI rank :     1404
     Total           time :  179.217629 (SYPD:     1.310 ) on MPI rank :     1404
     Computing       time :    0.000000                    on MPI rank :     1405
     Waiting lbc_lnk time :    0.000000 ( 0.0 %)           on MPI rank :     1405
     Waiting  global time :    0.000000 ( 0.0 %)           on MPI rank :     1405
     Total           time :  179.217951 (SYPD:     1.310 ) on MPI rank :     1405
     Computing       time :    0.000000                    on MPI rank :     1406
     Waiting lbc_lnk time :    0.000000 ( 0.0 %)           on MPI rank :     1406
     Waiting  global time :    0.000000 ( 0.0 %)           on MPI rank :     1406
     Total           time :  179.218246 (SYPD:     1.310 ) on MPI rank :     1406
     Computing       time :    0.000000                    on MPI rank :     1407
     Waiting lbc_lnk time :    0.000000 ( 0.0 %)           on MPI rank :     1407
     Waiting  global time :    0.000000 ( 0.0 %)           on MPI rank :     1407
     Total           time :  179.217846 (SYPD:     1.310 ) on MPI rank :     1407
     Computing       time :    0.000000                    on MPI rank :     1408
     Waiting lbc_lnk time :    0.000000 ( 0.0 %)           on MPI rank :     1408
     Waiting  global time :    0.000000 ( 0.0 %)           on MPI rank :     1408
     Total           time :  179.218366 (SYPD:     1.310 ) on MPI rank :     1408
     Computing       time :    0.000000                    on MPI rank :     1409
     Waiting lbc_lnk time :    0.000000 ( 0.0 %)           on MPI rank :     1409
     Waiting  global time :    0.000000 ( 0.0 %)           on MPI rank :     1409
     Total           time :  179.219074 (SYPD:     1.310 ) on MPI rank :     1409
     Computing       time :    0.000000                    on MPI rank :     1410
     Waiting lbc_lnk time :    0.000000 ( 0.0 %)           on MPI rank :     1410
     Waiting  global time :    0.000000 ( 0.0 %)           on MPI rank :     1410
     Total           time :  179.218711 (SYPD:     1.310 ) on MPI rank :     1410
     Computing       time :    0.000000                    on MPI rank :     1411
     Waiting lbc_lnk time :    0.000000 ( 0.0 %)           on MPI rank :     1411
     Waiting  global time :    0.000000 ( 0.0 %)           on MPI rank :     1411
     Total           time :  179.218692 (SYPD:     1.310 ) on MPI rank :     1411
     Computing       time :    0.000000                    on MPI rank :     1412
     Waiting lbc_lnk time :    0.000000 ( 0.0 %)           on MPI rank :     1412
     Waiting  global time :    0.000000 ( 0.0 %)           on MPI rank :     1412
     Total           time :  179.218757 (SYPD:     1.310 ) on MPI rank :     1412
     Computing       time :    0.000000                    on MPI rank :     1413
     Waiting lbc_lnk time :    0.000000 ( 0.0 %)           on MPI rank :     1413
     Waiting  global time :    0.000000 ( 0.0 %)           on MPI rank :     1413
     Total           time :  179.219112 (SYPD:     1.310 ) on MPI rank :     1413
     Computing       time :    0.000000                    on MPI rank :     1414
     Waiting lbc_lnk time :    0.000000 ( 0.0 %)           on MPI rank :     1414
     Waiting  global time :    0.000000 ( 0.0 %)           on MPI rank :     1414
     Total           time :  179.218242 (SYPD:     1.310 ) on MPI rank :     1414
     Computing       time :    0.000000                    on MPI rank :     1415
     Waiting lbc_lnk time :    0.000000 ( 0.0 %)           on MPI rank :     1415
     Waiting  global time :    0.000000 ( 0.0 %)           on MPI rank :     1415
     Total           time :  179.218402 (SYPD:     1.310 ) on MPI rank :     1415
     Computing       time :    0.000000                    on MPI rank :     1416
     Waiting lbc_lnk time :    0.000000 ( 0.0 %)           on MPI rank :     1416
     Waiting  global time :    0.000000 ( 0.0 %)           on MPI rank :     1416
     Total           time :  179.218168 (SYPD:     1.310 ) on MPI rank :     1416
     Computing       time :    0.000000                    on MPI rank :     1417
     Waiting lbc_lnk time :    0.000000 ( 0.0 %)           on MPI rank :     1417
     Waiting  global time :    0.000000 ( 0.0 %)           on MPI rank :     1417
     Total           time :  179.217819 (SYPD:     1.310 ) on MPI rank :     1417
     Computing       time :    0.000000                    on MPI rank :     1418
     Waiting lbc_lnk time :    0.000000 ( 0.0 %)           on MPI rank :     1418
     Waiting  global time :    0.000000 ( 0.0 %)           on MPI rank :     1418
     Total           time :  179.217528 (SYPD:     1.310 ) on MPI rank :     1418
     Computing       time :    0.000000                    on MPI rank :     1419
     Waiting lbc_lnk time :    0.000000 ( 0.0 %)           on MPI rank :     1419
     Waiting  global time :    0.000000 ( 0.0 %)           on MPI rank :     1419
     Total           time :  179.218426 (SYPD:     1.310 ) on MPI rank :     1419
     Computing       time :    0.000000                    on MPI rank :     1420
     Waiting lbc_lnk time :    0.000000 ( 0.0 %)           on MPI rank :     1420
     Waiting  global time :    0.000000 ( 0.0 %)           on MPI rank :     1420
     Total           time :  179.218349 (SYPD:     1.310 ) on MPI rank :     1420
     Computing       time :    0.000000                    on MPI rank :     1421
     Waiting lbc_lnk time :    0.000000 ( 0.0 %)           on MPI rank :     1421
     Waiting  global time :    0.000000 ( 0.0 %)           on MPI rank :     1421
     Total           time :  179.218295 (SYPD:     1.310 ) on MPI rank :     1421
     Computing       time :    0.000000                    on MPI rank :     1422
     Waiting lbc_lnk time :    0.000000 ( 0.0 %)           on MPI rank :     1422
     Waiting  global time :    0.000000 ( 0.0 %)           on MPI rank :     1422
     Total           time :  179.218163 (SYPD:     1.310 ) on MPI rank :     1422
     Computing       time :    0.000000                    on MPI rank :     1423
     Waiting lbc_lnk time :    0.000000 ( 0.0 %)           on MPI rank :     1423
     Waiting  global time :    0.000000 ( 0.0 %)           on MPI rank :     1423
     Total           time :  179.218257 (SYPD:     1.310 ) on MPI rank :     1423
     Computing       time :    0.000000                    on MPI rank :     1424
     Waiting lbc_lnk time :    0.000000 ( 0.0 %)           on MPI rank :     1424
     Waiting  global time :    0.000000 ( 0.0 %)           on MPI rank :     1424
     Total           time :  179.218293 (SYPD:     1.310 ) on MPI rank :     1424
     Computing       time :    0.000000                    on MPI rank :     1425
     Waiting lbc_lnk time :    0.000000 ( 0.0 %)           on MPI rank :     1425
     Waiting  global time :    0.000000 ( 0.0 %)           on MPI rank :     1425
     Total           time :  179.218164 (SYPD:     1.310 ) on MPI rank :     1425
     Computing       time :    0.000000                    on MPI rank :     1426
     Waiting lbc_lnk time :    0.000000 ( 0.0 %)           on MPI rank :     1426
     Waiting  global time :    0.000000 ( 0.0 %)           on MPI rank :     1426
     Total           time :  179.218329 (SYPD:     1.310 ) on MPI rank :     1426
     Computing       time :    0.000000                    on MPI rank :     1427
     Waiting lbc_lnk time :    0.000000 ( 0.0 %)           on MPI rank :     1427
     Waiting  global time :    0.000000 ( 0.0 %)           on MPI rank :     1427
     Total           time :  179.217845 (SYPD:     1.310 ) on MPI rank :     1427
     Computing       time :    0.000000                    on MPI rank :     1428
     Waiting lbc_lnk time :    0.000000 ( 0.0 %)           on MPI rank :     1428
     Waiting  global time :    0.000000 ( 0.0 %)           on MPI rank :     1428
     Total           time :  179.217812 (SYPD:     1.310 ) on MPI rank :     1428
     Computing       time :    0.000000                    on MPI rank :     1429
     Waiting lbc_lnk time :    0.000000 ( 0.0 %)           on MPI rank :     1429
     Waiting  global time :    0.000000 ( 0.0 %)           on MPI rank :     1429
     Total           time :  179.217972 (SYPD:     1.310 ) on MPI rank :     1429
     Computing       time :    0.000000                    on MPI rank :     1430
     Waiting lbc_lnk time :    0.000000 ( 0.0 %)           on MPI rank :     1430
     Waiting  global time :    0.000000 ( 0.0 %)           on MPI rank :     1430
     Total           time :  179.218666 (SYPD:     1.310 ) on MPI rank :     1430
     Computing       time :    0.000000                    on MPI rank :     1431
     Waiting lbc_lnk time :    0.000000 ( 0.0 %)           on MPI rank :     1431
     Waiting  global time :    0.000000 ( 0.0 %)           on MPI rank :     1431
     Total           time :  179.218044 (SYPD:     1.310 ) on MPI rank :     1431
     Computing       time :    0.000000                    on MPI rank :     1432
     Waiting lbc_lnk time :    0.000000 ( 0.0 %)           on MPI rank :     1432
     Waiting  global time :    0.000000 ( 0.0 %)           on MPI rank :     1432
     Total           time :  179.219010 (SYPD:     1.310 ) on MPI rank :     1432
     Computing       time :    0.000000                    on MPI rank :     1433
     Waiting lbc_lnk time :    0.000000 ( 0.0 %)           on MPI rank :     1433
     Waiting  global time :    0.000000 ( 0.0 %)           on MPI rank :     1433
     Total           time :  179.218903 (SYPD:     1.310 ) on MPI rank :     1433
     Computing       time :    0.000000                    on MPI rank :     1434
     Waiting lbc_lnk time :    0.000000 ( 0.0 %)           on MPI rank :     1434
     Waiting  global time :    0.000000 ( 0.0 %)           on MPI rank :     1434
     Total           time :  179.218316 (SYPD:     1.310 ) on MPI rank :     1434
     Computing       time :    0.000000                    on MPI rank :     1435
     Waiting lbc_lnk time :    0.000000 ( 0.0 %)           on MPI rank :     1435
     Waiting  global time :    0.000000 ( 0.0 %)           on MPI rank :     1435
     Total           time :  179.218438 (SYPD:     1.310 ) on MPI rank :     1435
     Computing       time :    0.000000                    on MPI rank :     1436
     Waiting lbc_lnk time :    0.000000 ( 0.0 %)           on MPI rank :     1436
     Waiting  global time :    0.000000 ( 0.0 %)           on MPI rank :     1436
     Total           time :  179.218407 (SYPD:     1.310 ) on MPI rank :     1436
     Computing       time :    0.000000                    on MPI rank :     1437
     Waiting lbc_lnk time :    0.000000 ( 0.0 %)           on MPI rank :     1437
     Waiting  global time :    0.000000 ( 0.0 %)           on MPI rank :     1437
     Total           time :  179.218453 (SYPD:     1.310 ) on MPI rank :     1437
     Computing       time :    0.000000                    on MPI rank :     1438
     Waiting lbc_lnk time :    0.000000 ( 0.0 %)           on MPI rank :     1438
     Waiting  global time :    0.000000 ( 0.0 %)           on MPI rank :     1438
     Total           time :  179.218857 (SYPD:     1.310 ) on MPI rank :     1438
     Computing       time :    0.000000                    on MPI rank :     1439
     Waiting lbc_lnk time :    0.000000 ( 0.0 %)           on MPI rank :     1439
     Waiting  global time :    0.000000 ( 0.0 %)           on MPI rank :     1439
     Total           time :  179.217917 (SYPD:     1.310 ) on MPI rank :     1439
     Computing       time :    0.000000                    on MPI rank :     1440
     Waiting lbc_lnk time :    0.000000 ( 0.0 %)           on MPI rank :     1440
     Waiting  global time :    0.000000 ( 0.0 %)           on MPI rank :     1440
     Total           time :  179.218336 (SYPD:     1.310 ) on MPI rank :     1440
     Computing       time :    0.000000                    on MPI rank :     1441
     Waiting lbc_lnk time :    0.000000 ( 0.0 %)           on MPI rank :     1441
     Waiting  global time :    0.000000 ( 0.0 %)           on MPI rank :     1441
     Total           time :  179.218781 (SYPD:     1.310 ) on MPI rank :     1441
     Computing       time :    0.000000                    on MPI rank :     1442
     Waiting lbc_lnk time :    0.000000 ( 0.0 %)           on MPI rank :     1442
     Waiting  global time :    0.000000 ( 0.0 %)           on MPI rank :     1442
     Total           time :  179.218270 (SYPD:     1.310 ) on MPI rank :     1442
     Computing       time :    0.000000                    on MPI rank :     1443
     Waiting lbc_lnk time :    0.000000 ( 0.0 %)           on MPI rank :     1443
     Waiting  global time :    0.000000 ( 0.0 %)           on MPI rank :     1443
     Total           time :  179.218768 (SYPD:     1.310 ) on MPI rank :     1443
     Computing       time :    0.000000                    on MPI rank :     1444
     Waiting lbc_lnk time :    0.000000 ( 0.0 %)           on MPI rank :     1444
     Waiting  global time :    0.000000 ( 0.0 %)           on MPI rank :     1444
     Total           time :  179.218575 (SYPD:     1.310 ) on MPI rank :     1444
     Computing       time :    0.000000                    on MPI rank :     1445
     Waiting lbc_lnk time :    0.000000 ( 0.0 %)           on MPI rank :     1445
     Waiting  global time :    0.000000 ( 0.0 %)           on MPI rank :     1445
     Total           time :  179.218698 (SYPD:     1.310 ) on MPI rank :     1445
     Computing       time :    0.000000                    on MPI rank :     1446
     Waiting lbc_lnk time :    0.000000 ( 0.0 %)           on MPI rank :     1446
     Waiting  global time :    0.000000 ( 0.0 %)           on MPI rank :     1446
     Total           time :  179.218773 (SYPD:     1.310 ) on MPI rank :     1446
     Computing       time :    0.000000                    on MPI rank :     1447
     Waiting lbc_lnk time :    0.000000 ( 0.0 %)           on MPI rank :     1447
     Waiting  global time :    0.000000 ( 0.0 %)           on MPI rank :     1447
     Total           time :  179.218659 (SYPD:     1.310 ) on MPI rank :     1447
     Computing       time :    0.000000                    on MPI rank :     1448
     Waiting lbc_lnk time :    0.000000 ( 0.0 %)           on MPI rank :     1448
     Waiting  global time :    0.000000 ( 0.0 %)           on MPI rank :     1448
     Total           time :  179.218386 (SYPD:     1.310 ) on MPI rank :     1448
     Computing       time :    0.000000                    on MPI rank :     1449
     Waiting lbc_lnk time :    0.000000 ( 0.0 %)           on MPI rank :     1449
     Waiting  global time :    0.000000 ( 0.0 %)           on MPI rank :     1449
     Total           time :  179.218189 (SYPD:     1.310 ) on MPI rank :     1449
     Computing       time :    0.000000                    on MPI rank :     1450
     Waiting lbc_lnk time :    0.000000 ( 0.0 %)           on MPI rank :     1450
     Waiting  global time :    0.000000 ( 0.0 %)           on MPI rank :     1450
     Total           time :  179.218234 (SYPD:     1.310 ) on MPI rank :     1450
     Computing       time :    0.000000                    on MPI rank :     1451
     Waiting lbc_lnk time :    0.000000 ( 0.0 %)           on MPI rank :     1451
     Waiting  global time :    0.000000 ( 0.0 %)           on MPI rank :     1451
     Total           time :  179.218338 (SYPD:     1.310 ) on MPI rank :     1451
     Computing       time :    0.000000                    on MPI rank :     1452
     Waiting lbc_lnk time :    0.000000 ( 0.0 %)           on MPI rank :     1452
     Waiting  global time :    0.000000 ( 0.0 %)           on MPI rank :     1452
     Total           time :  179.218435 (SYPD:     1.310 ) on MPI rank :     1452
     Computing       time :    0.000000                    on MPI rank :     1453
     Waiting lbc_lnk time :    0.000000 ( 0.0 %)           on MPI rank :     1453
     Waiting  global time :    0.000000 ( 0.0 %)           on MPI rank :     1453
     Total           time :  179.217880 (SYPD:     1.310 ) on MPI rank :     1453
     Computing       time :    0.000000                    on MPI rank :     1454
     Waiting lbc_lnk time :    0.000000 ( 0.0 %)           on MPI rank :     1454
     Waiting  global time :    0.000000 ( 0.0 %)           on MPI rank :     1454
     Total           time :  179.217691 (SYPD:     1.310 ) on MPI rank :     1454
     Computing       time :    0.000000                    on MPI rank :     1455
     Waiting lbc_lnk time :    0.000000 ( 0.0 %)           on MPI rank :     1455
     Waiting  global time :    0.000000 ( 0.0 %)           on MPI rank :     1455
     Total           time :  179.218029 (SYPD:     1.310 ) on MPI rank :     1455
     Computing       time :    0.000000                    on MPI rank :     1456
     Waiting lbc_lnk time :    0.000000 ( 0.0 %)           on MPI rank :     1456
     Waiting  global time :    0.000000 ( 0.0 %)           on MPI rank :     1456
     Total           time :  179.218068 (SYPD:     1.310 ) on MPI rank :     1456
     Computing       time :    0.000000                    on MPI rank :     1457
     Waiting lbc_lnk time :    0.000000 ( 0.0 %)           on MPI rank :     1457
     Waiting  global time :    0.000000 ( 0.0 %)           on MPI rank :     1457
     Total           time :  179.217917 (SYPD:     1.310 ) on MPI rank :     1457
     Computing       time :    0.000000                    on MPI rank :     1458
     Waiting lbc_lnk time :    0.000000 ( 0.0 %)           on MPI rank :     1458
     Waiting  global time :    0.000000 ( 0.0 %)           on MPI rank :     1458
     Total           time :  179.217990 (SYPD:     1.310 ) on MPI rank :     1458
     Computing       time :    0.000000                    on MPI rank :     1459
     Waiting lbc_lnk time :    0.000000 ( 0.0 %)           on MPI rank :     1459
     Waiting  global time :    0.000000 ( 0.0 %)           on MPI rank :     1459
     Total           time :  179.217988 (SYPD:     1.310 ) on MPI rank :     1459
     Computing       time :    0.000000                    on MPI rank :     1460
     Waiting lbc_lnk time :    0.000000 ( 0.0 %)           on MPI rank :     1460
     Waiting  global time :    0.000000 ( 0.0 %)           on MPI rank :     1460
     Total           time :  179.217944 (SYPD:     1.310 ) on MPI rank :     1460
     Computing       time :    0.000000                    on MPI rank :     1461
     Waiting lbc_lnk time :    0.000000 ( 0.0 %)           on MPI rank :     1461
     Waiting  global time :    0.000000 ( 0.0 %)           on MPI rank :     1461
     Total           time :  179.217833 (SYPD:     1.310 ) on MPI rank :     1461
     Computing       time :    0.000000                    on MPI rank :     1462
     Waiting lbc_lnk time :    0.000000 ( 0.0 %)           on MPI rank :     1462
     Waiting  global time :    0.000000 ( 0.0 %)           on MPI rank :     1462
     Total           time :  179.217810 (SYPD:     1.310 ) on MPI rank :     1462
     Computing       time :    0.000000                    on MPI rank :     1463
     Waiting lbc_lnk time :    0.000000 ( 0.0 %)           on MPI rank :     1463
     Waiting  global time :    0.000000 ( 0.0 %)           on MPI rank :     1463
     Total           time :  179.218617 (SYPD:     1.310 ) on MPI rank :     1463
     Computing       time :    0.000000                    on MPI rank :     1464
     Waiting lbc_lnk time :    0.000000 ( 0.0 %)           on MPI rank :     1464
     Waiting  global time :    0.000000 ( 0.0 %)           on MPI rank :     1464
     Total           time :  179.218611 (SYPD:     1.310 ) on MPI rank :     1464
     Computing       time :    0.000000                    on MPI rank :     1465
     Waiting lbc_lnk time :    0.000000 ( 0.0 %)           on MPI rank :     1465
     Waiting  global time :    0.000000 ( 0.0 %)           on MPI rank :     1465
     Total           time :  179.218574 (SYPD:     1.310 ) on MPI rank :     1465
     Computing       time :    0.000000                    on MPI rank :     1466
     Waiting lbc_lnk time :    0.000000 ( 0.0 %)           on MPI rank :     1466
     Waiting  global time :    0.000000 ( 0.0 %)           on MPI rank :     1466
     Total           time :  179.218252 (SYPD:     1.310 ) on MPI rank :     1466
     Computing       time :    0.000000                    on MPI rank :     1467
     Waiting lbc_lnk time :    0.000000 ( 0.0 %)           on MPI rank :     1467
     Waiting  global time :    0.000000 ( 0.0 %)           on MPI rank :     1467
     Total           time :  179.218473 (SYPD:     1.310 ) on MPI rank :     1467
     Computing       time :    0.000000                    on MPI rank :     1468
     Waiting lbc_lnk time :    0.000000 ( 0.0 %)           on MPI rank :     1468
     Waiting  global time :    0.000000 ( 0.0 %)           on MPI rank :     1468
     Total           time :  179.218585 (SYPD:     1.310 ) on MPI rank :     1468
     Computing       time :    0.000000                    on MPI rank :     1469
     Waiting lbc_lnk time :    0.000000 ( 0.0 %)           on MPI rank :     1469
     Waiting  global time :    0.000000 ( 0.0 %)           on MPI rank :     1469
     Total           time :  179.218512 (SYPD:     1.310 ) on MPI rank :     1469
     Computing       time :    0.000000                    on MPI rank :     1470
     Waiting lbc_lnk time :    0.000000 ( 0.0 %)           on MPI rank :     1470
     Waiting  global time :    0.000000 ( 0.0 %)           on MPI rank :     1470
     Total           time :  179.218543 (SYPD:     1.310 ) on MPI rank :     1470
     Computing       time :    0.000000                    on MPI rank :     1471
     Waiting lbc_lnk time :    0.000000 ( 0.0 %)           on MPI rank :     1471
     Waiting  global time :    0.000000 ( 0.0 %)           on MPI rank :     1471
     Total           time :  179.218455 (SYPD:     1.310 ) on MPI rank :     1471
     Computing       time :    0.000000                    on MPI rank :     1472
     Waiting lbc_lnk time :    0.000000 ( 0.0 %)           on MPI rank :     1472
     Waiting  global time :    0.000000 ( 0.0 %)           on MPI rank :     1472
     Total           time :  179.218797 (SYPD:     1.310 ) on MPI rank :     1472
     Computing       time :    0.000000                    on MPI rank :     1473
     Waiting lbc_lnk time :    0.000000 ( 0.0 %)           on MPI rank :     1473
     Waiting  global time :    0.000000 ( 0.0 %)           on MPI rank :     1473
     Total           time :  179.218110 (SYPD:     1.310 ) on MPI rank :     1473
     Computing       time :    0.000000                    on MPI rank :     1474
     Waiting lbc_lnk time :    0.000000 ( 0.0 %)           on MPI rank :     1474
     Waiting  global time :    0.000000 ( 0.0 %)           on MPI rank :     1474
     Total           time :  179.218847 (SYPD:     1.310 ) on MPI rank :     1474
     Computing       time :    0.000000                    on MPI rank :     1475
     Waiting lbc_lnk time :    0.000000 ( 0.0 %)           on MPI rank :     1475
     Waiting  global time :    0.000000 ( 0.0 %)           on MPI rank :     1475
     Total           time :  179.218579 (SYPD:     1.310 ) on MPI rank :     1475
     Computing       time :    0.000000                    on MPI rank :     1476
     Waiting lbc_lnk time :    0.000000 ( 0.0 %)           on MPI rank :     1476
     Waiting  global time :    0.000000 ( 0.0 %)           on MPI rank :     1476
     Total           time :  179.218285 (SYPD:     1.310 ) on MPI rank :     1476
     Computing       time :    0.000000                    on MPI rank :     1477
     Waiting lbc_lnk time :    0.000000 ( 0.0 %)           on MPI rank :     1477
     Waiting  global time :    0.000000 ( 0.0 %)           on MPI rank :     1477
     Total           time :  179.218259 (SYPD:     1.310 ) on MPI rank :     1477
     Computing       time :    0.000000                    on MPI rank :     1478
     Waiting lbc_lnk time :    0.000000 ( 0.0 %)           on MPI rank :     1478
     Waiting  global time :    0.000000 ( 0.0 %)           on MPI rank :     1478
     Total           time :  179.218586 (SYPD:     1.310 ) on MPI rank :     1478
     Computing       time :    0.000000                    on MPI rank :     1479
     Waiting lbc_lnk time :    0.000000 ( 0.0 %)           on MPI rank :     1479
     Waiting  global time :    0.000000 ( 0.0 %)           on MPI rank :     1479
     Total           time :  179.218134 (SYPD:     1.310 ) on MPI rank :     1479
     Computing       time :    0.000000                    on MPI rank :     1480
     Waiting lbc_lnk time :    0.000000 ( 0.0 %)           on MPI rank :     1480
     Waiting  global time :    0.000000 ( 0.0 %)           on MPI rank :     1480
     Total           time :  179.217752 (SYPD:     1.310 ) on MPI rank :     1480
     Computing       time :    0.000000                    on MPI rank :     1481
     Waiting lbc_lnk time :    0.000000 ( 0.0 %)           on MPI rank :     1481
     Waiting  global time :    0.000000 ( 0.0 %)           on MPI rank :     1481
     Total           time :  179.218137 (SYPD:     1.310 ) on MPI rank :     1481
     Computing       time :    0.000000                    on MPI rank :     1482
     Waiting lbc_lnk time :    0.000000 ( 0.0 %)           on MPI rank :     1482
     Waiting  global time :    0.000000 ( 0.0 %)           on MPI rank :     1482
     Total           time :  179.218752 (SYPD:     1.310 ) on MPI rank :     1482
     Computing       time :    0.000000                    on MPI rank :     1483
     Waiting lbc_lnk time :    0.000000 ( 0.0 %)           on MPI rank :     1483
     Waiting  global time :    0.000000 ( 0.0 %)           on MPI rank :     1483
     Total           time :  179.218629 (SYPD:     1.310 ) on MPI rank :     1483
     Computing       time :    0.000000                    on MPI rank :     1484
     Waiting lbc_lnk time :    0.000000 ( 0.0 %)           on MPI rank :     1484
     Waiting  global time :    0.000000 ( 0.0 %)           on MPI rank :     1484
     Total           time :  179.218146 (SYPD:     1.310 ) on MPI rank :     1484
     Computing       time :    0.000000                    on MPI rank :     1485
     Waiting lbc_lnk time :    0.000000 ( 0.0 %)           on MPI rank :     1485
     Waiting  global time :    0.000000 ( 0.0 %)           on MPI rank :     1485
     Total           time :  179.218650 (SYPD:     1.310 ) on MPI rank :     1485
     Computing       time :    0.000000                    on MPI rank :     1486
     Waiting lbc_lnk time :    0.000000 ( 0.0 %)           on MPI rank :     1486
     Waiting  global time :    0.000000 ( 0.0 %)           on MPI rank :     1486
     Total           time :  179.217972 (SYPD:     1.310 ) on MPI rank :     1486
     Computing       time :    0.000000                    on MPI rank :     1487
     Waiting lbc_lnk time :    0.000000 ( 0.0 %)           on MPI rank :     1487
     Waiting  global time :    0.000000 ( 0.0 %)           on MPI rank :     1487
     Total           time :  179.218371 (SYPD:     1.310 ) on MPI rank :     1487
     Computing       time :    0.000000                    on MPI rank :     1488
     Waiting lbc_lnk time :    0.000000 ( 0.0 %)           on MPI rank :     1488
     Waiting  global time :    0.000000 ( 0.0 %)           on MPI rank :     1488
     Total           time :  179.217571 (SYPD:     1.310 ) on MPI rank :     1488
     Computing       time :    0.000000                    on MPI rank :     1489
     Waiting lbc_lnk time :    0.000000 ( 0.0 %)           on MPI rank :     1489
     Waiting  global time :    0.000000 ( 0.0 %)           on MPI rank :     1489
     Total           time :  179.217989 (SYPD:     1.310 ) on MPI rank :     1489
     Computing       time :    0.000000                    on MPI rank :     1490
     Waiting lbc_lnk time :    0.000000 ( 0.0 %)           on MPI rank :     1490
     Waiting  global time :    0.000000 ( 0.0 %)           on MPI rank :     1490
     Total           time :  179.217898 (SYPD:     1.310 ) on MPI rank :     1490
     Computing       time :    0.000000                    on MPI rank :     1491
     Waiting lbc_lnk time :    0.000000 ( 0.0 %)           on MPI rank :     1491
     Waiting  global time :    0.000000 ( 0.0 %)           on MPI rank :     1491
     Total           time :  179.218546 (SYPD:     1.310 ) on MPI rank :     1491
     Computing       time :    0.000000                    on MPI rank :     1492
     Waiting lbc_lnk time :    0.000000 ( 0.0 %)           on MPI rank :     1492
     Waiting  global time :    0.000000 ( 0.0 %)           on MPI rank :     1492
     Total           time :  179.218561 (SYPD:     1.310 ) on MPI rank :     1492
     Computing       time :    0.000000                    on MPI rank :     1493
     Waiting lbc_lnk time :    0.000000 ( 0.0 %)           on MPI rank :     1493
     Waiting  global time :    0.000000 ( 0.0 %)           on MPI rank :     1493
     Total           time :  179.218548 (SYPD:     1.310 ) on MPI rank :     1493
     Computing       time :    0.000000                    on MPI rank :     1494
     Waiting lbc_lnk time :    0.000000 ( 0.0 %)           on MPI rank :     1494
     Waiting  global time :    0.000000 ( 0.0 %)           on MPI rank :     1494
     Total           time :  179.218602 (SYPD:     1.310 ) on MPI rank :     1494
     Computing       time :    0.000000                    on MPI rank :     1495
     Waiting lbc_lnk time :    0.000000 ( 0.0 %)           on MPI rank :     1495
     Waiting  global time :    0.000000 ( 0.0 %)           on MPI rank :     1495
     Total           time :  179.217765 (SYPD:     1.310 ) on MPI rank :     1495
     Computing       time :    0.000000                    on MPI rank :     1496
     Waiting lbc_lnk time :    0.000000 ( 0.0 %)           on MPI rank :     1496
     Waiting  global time :    0.000000 ( 0.0 %)           on MPI rank :     1496
     Total           time :  179.218770 (SYPD:     1.310 ) on MPI rank :     1496
     Computing       time :    0.000000                    on MPI rank :     1497
     Waiting lbc_lnk time :    0.000000 ( 0.0 %)           on MPI rank :     1497
     Waiting  global time :    0.000000 ( 0.0 %)           on MPI rank :     1497
     Total           time :  179.217880 (SYPD:     1.310 ) on MPI rank :     1497
     Computing       time :    0.000000                    on MPI rank :     1498
     Waiting lbc_lnk time :    0.000000 ( 0.0 %)           on MPI rank :     1498
     Waiting  global time :    0.000000 ( 0.0 %)           on MPI rank :     1498
     Total           time :  179.218761 (SYPD:     1.310 ) on MPI rank :     1498
     Computing       time :    0.000000                    on MPI rank :     1499
     Waiting lbc_lnk time :    0.000000 ( 0.0 %)           on MPI rank :     1499
     Waiting  global time :    0.000000 ( 0.0 %)           on MPI rank :     1499
     Total           time :  179.218161 (SYPD:     1.310 ) on MPI rank :     1499
     Computing       time :    0.000000                    on MPI rank :     1500
     Waiting lbc_lnk time :    0.000000 ( 0.0 %)           on MPI rank :     1500
     Waiting  global time :    0.000000 ( 0.0 %)           on MPI rank :     1500
     Total           time :  179.218897 (SYPD:     1.310 ) on MPI rank :     1500
     Computing       time :    0.000000                    on MPI rank :     1501
     Waiting lbc_lnk time :    0.000000 ( 0.0 %)           on MPI rank :     1501
     Waiting  global time :    0.000000 ( 0.0 %)           on MPI rank :     1501
     Total           time :  179.218172 (SYPD:     1.310 ) on MPI rank :     1501
     Computing       time :    0.000000                    on MPI rank :     1502
     Waiting lbc_lnk time :    0.000000 ( 0.0 %)           on MPI rank :     1502
     Waiting  global time :    0.000000 ( 0.0 %)           on MPI rank :     1502
     Total           time :  179.218506 (SYPD:     1.310 ) on MPI rank :     1502
     Computing       time :    0.000000                    on MPI rank :     1503
     Waiting lbc_lnk time :    0.000000 ( 0.0 %)           on MPI rank :     1503
     Waiting  global time :    0.000000 ( 0.0 %)           on MPI rank :     1503
     Total           time :  179.218129 (SYPD:     1.310 ) on MPI rank :     1503
     Computing       time :    0.000000                    on MPI rank :     1504
     Waiting lbc_lnk time :    0.000000 ( 0.0 %)           on MPI rank :     1504
     Waiting  global time :    0.000000 ( 0.0 %)           on MPI rank :     1504
     Total           time :  179.218424 (SYPD:     1.310 ) on MPI rank :     1504
     Computing       time :    0.000000                    on MPI rank :     1505
     Waiting lbc_lnk time :    0.000000 ( 0.0 %)           on MPI rank :     1505
     Waiting  global time :    0.000000 ( 0.0 %)           on MPI rank :     1505
     Total           time :  179.218493 (SYPD:     1.310 ) on MPI rank :     1505
     Computing       time :    0.000000                    on MPI rank :     1506
     Waiting lbc_lnk time :    0.000000 ( 0.0 %)           on MPI rank :     1506
     Waiting  global time :    0.000000 ( 0.0 %)           on MPI rank :     1506
     Total           time :  179.218387 (SYPD:     1.310 ) on MPI rank :     1506
     Computing       time :    0.000000                    on MPI rank :     1507
     Waiting lbc_lnk time :    0.000000 ( 0.0 %)           on MPI rank :     1507
     Waiting  global time :    0.000000 ( 0.0 %)           on MPI rank :     1507
     Total           time :  179.218442 (SYPD:     1.310 ) on MPI rank :     1507
     Computing       time :    0.000000                    on MPI rank :     1508
     Waiting lbc_lnk time :    0.000000 ( 0.0 %)           on MPI rank :     1508
     Waiting  global time :    0.000000 ( 0.0 %)           on MPI rank :     1508
     Total           time :  179.219008 (SYPD:     1.310 ) on MPI rank :     1508
     Computing       time :    0.000000                    on MPI rank :     1509
     Waiting lbc_lnk time :    0.000000 ( 0.0 %)           on MPI rank :     1509
     Waiting  global time :    0.000000 ( 0.0 %)           on MPI rank :     1509
     Total           time :  179.218067 (SYPD:     1.310 ) on MPI rank :     1509
     Computing       time :    0.000000                    on MPI rank :     1510
     Waiting lbc_lnk time :    0.000000 ( 0.0 %)           on MPI rank :     1510
     Waiting  global time :    0.000000 ( 0.0 %)           on MPI rank :     1510
     Total           time :  179.218489 (SYPD:     1.310 ) on MPI rank :     1510
     Computing       time :    0.000000                    on MPI rank :     1511
     Waiting lbc_lnk time :    0.000000 ( 0.0 %)           on MPI rank :     1511
     Waiting  global time :    0.000000 ( 0.0 %)           on MPI rank :     1511
     Total           time :  179.218119 (SYPD:     1.310 ) on MPI rank :     1511
     Computing       time :    0.000000                    on MPI rank :     1512
     Waiting lbc_lnk time :    0.000000 ( 0.0 %)           on MPI rank :     1512
     Waiting  global time :    0.000000 ( 0.0 %)           on MPI rank :     1512
     Total           time :  179.217976 (SYPD:     1.310 ) on MPI rank :     1512
     Computing       time :    0.000000                    on MPI rank :     1513
     Waiting lbc_lnk time :    0.000000 ( 0.0 %)           on MPI rank :     1513
     Waiting  global time :    0.000000 ( 0.0 %)           on MPI rank :     1513
     Total           time :  179.218200 (SYPD:     1.310 ) on MPI rank :     1513
     Computing       time :    0.000000                    on MPI rank :     1514
     Waiting lbc_lnk time :    0.000000 ( 0.0 %)           on MPI rank :     1514
     Waiting  global time :    0.000000 ( 0.0 %)           on MPI rank :     1514
     Total           time :  179.218119 (SYPD:     1.310 ) on MPI rank :     1514
     Computing       time :    0.000000                    on MPI rank :     1515
     Waiting lbc_lnk time :    0.000000 ( 0.0 %)           on MPI rank :     1515
     Waiting  global time :    0.000000 ( 0.0 %)           on MPI rank :     1515
     Total           time :  179.217630 (SYPD:     1.310 ) on MPI rank :     1515
     Computing       time :    0.000000                    on MPI rank :     1516
     Waiting lbc_lnk time :    0.000000 ( 0.0 %)           on MPI rank :     1516
     Waiting  global time :    0.000000 ( 0.0 %)           on MPI rank :     1516
     Total           time :  179.218451 (SYPD:     1.310 ) on MPI rank :     1516
     Computing       time :    0.000000                    on MPI rank :     1517
     Waiting lbc_lnk time :    0.000000 ( 0.0 %)           on MPI rank :     1517
     Waiting  global time :    0.000000 ( 0.0 %)           on MPI rank :     1517
     Total           time :  179.217376 (SYPD:     1.310 ) on MPI rank :     1517
     Computing       time :    0.000000                    on MPI rank :     1518
     Waiting lbc_lnk time :    0.000000 ( 0.0 %)           on MPI rank :     1518
     Waiting  global time :    0.000000 ( 0.0 %)           on MPI rank :     1518
     Total           time :  179.217949 (SYPD:     1.310 ) on MPI rank :     1518
     Computing       time :    0.000000                    on MPI rank :     1519
     Waiting lbc_lnk time :    0.000000 ( 0.0 %)           on MPI rank :     1519
     Waiting  global time :    0.000000 ( 0.0 %)           on MPI rank :     1519
     Total           time :  179.218160 (SYPD:     1.310 ) on MPI rank :     1519
     Computing       time :    0.000000                    on MPI rank :     1520
     Waiting lbc_lnk time :    0.000000 ( 0.0 %)           on MPI rank :     1520
     Waiting  global time :    0.000000 ( 0.0 %)           on MPI rank :     1520
     Total           time :  179.218450 (SYPD:     1.310 ) on MPI rank :     1520
     Computing       time :    0.000000                    on MPI rank :     1521
     Waiting lbc_lnk time :    0.000000 ( 0.0 %)           on MPI rank :     1521
     Waiting  global time :    0.000000 ( 0.0 %)           on MPI rank :     1521
     Total           time :  179.218327 (SYPD:     1.310 ) on MPI rank :     1521
     Computing       time :    0.000000                    on MPI rank :     1522
     Waiting lbc_lnk time :    0.000000 ( 0.0 %)           on MPI rank :     1522
     Waiting  global time :    0.000000 ( 0.0 %)           on MPI rank :     1522
     Total           time :  179.218805 (SYPD:     1.310 ) on MPI rank :     1522
     Computing       time :    0.000000                    on MPI rank :     1523
     Waiting lbc_lnk time :    0.000000 ( 0.0 %)           on MPI rank :     1523
     Waiting  global time :    0.000000 ( 0.0 %)           on MPI rank :     1523
     Total           time :  179.217736 (SYPD:     1.310 ) on MPI rank :     1523
     Computing       time :    0.000000                    on MPI rank :     1524
     Waiting lbc_lnk time :    0.000000 ( 0.0 %)           on MPI rank :     1524
     Waiting  global time :    0.000000 ( 0.0 %)           on MPI rank :     1524
     Total           time :  179.218177 (SYPD:     1.310 ) on MPI rank :     1524
     Computing       time :    0.000000                    on MPI rank :     1525
     Waiting lbc_lnk time :    0.000000 ( 0.0 %)           on MPI rank :     1525
     Waiting  global time :    0.000000 ( 0.0 %)           on MPI rank :     1525
     Total           time :  179.218646 (SYPD:     1.310 ) on MPI rank :     1525
     Computing       time :    0.000000                    on MPI rank :     1526
     Waiting lbc_lnk time :    0.000000 ( 0.0 %)           on MPI rank :     1526
     Waiting  global time :    0.000000 ( 0.0 %)           on MPI rank :     1526
     Total           time :  179.218296 (SYPD:     1.310 ) on MPI rank :     1526
     Computing       time :    0.000000                    on MPI rank :     1527
     Waiting lbc_lnk time :    0.000000 ( 0.0 %)           on MPI rank :     1527
     Waiting  global time :    0.000000 ( 0.0 %)           on MPI rank :     1527
     Total           time :  179.218114 (SYPD:     1.310 ) on MPI rank :     1527
     Computing       time :    0.000000                    on MPI rank :     1528
     Waiting lbc_lnk time :    0.000000 ( 0.0 %)           on MPI rank :     1528
     Waiting  global time :    0.000000 ( 0.0 %)           on MPI rank :     1528
     Total           time :  179.218243 (SYPD:     1.310 ) on MPI rank :     1528
     Computing       time :    0.000000                    on MPI rank :     1529
     Waiting lbc_lnk time :    0.000000 ( 0.0 %)           on MPI rank :     1529
     Waiting  global time :    0.000000 ( 0.0 %)           on MPI rank :     1529
     Total           time :  179.217886 (SYPD:     1.310 ) on MPI rank :     1529
     Computing       time :    0.000000                    on MPI rank :     1530
     Waiting lbc_lnk time :    0.000000 ( 0.0 %)           on MPI rank :     1530
     Waiting  global time :    0.000000 ( 0.0 %)           on MPI rank :     1530
     Total           time :  179.218519 (SYPD:     1.310 ) on MPI rank :     1530
     Computing       time :    0.000000                    on MPI rank :     1531
     Waiting lbc_lnk time :    0.000000 ( 0.0 %)           on MPI rank :     1531
     Waiting  global time :    0.000000 ( 0.0 %)           on MPI rank :     1531
     Total           time :  179.218487 (SYPD:     1.310 ) on MPI rank :     1531
     Computing       time :    0.000000                    on MPI rank :     1532
     Waiting lbc_lnk time :    0.000000 ( 0.0 %)           on MPI rank :     1532
     Waiting  global time :    0.000000 ( 0.0 %)           on MPI rank :     1532
     Total           time :  179.218136 (SYPD:     1.310 ) on MPI rank :     1532
     Computing       time :    0.000000                    on MPI rank :     1533
     Waiting lbc_lnk time :    0.000000 ( 0.0 %)           on MPI rank :     1533
     Waiting  global time :    0.000000 ( 0.0 %)           on MPI rank :     1533
     Total           time :  179.218516 (SYPD:     1.310 ) on MPI rank :     1533
     Computing       time :    0.000000                    on MPI rank :     1534
     Waiting lbc_lnk time :    0.000000 ( 0.0 %)           on MPI rank :     1534
     Waiting  global time :    0.000000 ( 0.0 %)           on MPI rank :     1534
     Total           time :  179.218819 (SYPD:     1.310 ) on MPI rank :     1534
     Computing       time :    0.000000                    on MPI rank :     1535
     Waiting lbc_lnk time :    0.000000 ( 0.0 %)           on MPI rank :     1535
     Waiting  global time :    0.000000 ( 0.0 %)           on MPI rank :     1535
     Total           time :  179.218137 (SYPD:     1.310 ) on MPI rank :     1535
     Computing       time :    0.000000                    on MPI rank :     1536
     Waiting lbc_lnk time :    0.000000 ( 0.0 %)           on MPI rank :     1536
     Waiting  global time :    0.000000 ( 0.0 %)           on MPI rank :     1536
     Total           time :  179.218919 (SYPD:     1.310 ) on MPI rank :     1536
     Computing       time :    0.000000                    on MPI rank :     1537
     Waiting lbc_lnk time :    0.000000 ( 0.0 %)           on MPI rank :     1537
     Waiting  global time :    0.000000 ( 0.0 %)           on MPI rank :     1537
     Total           time :  179.218290 (SYPD:     1.310 ) on MPI rank :     1537
     Computing       time :    0.000000                    on MPI rank :     1538
     Waiting lbc_lnk time :    0.000000 ( 0.0 %)           on MPI rank :     1538
     Waiting  global time :    0.000000 ( 0.0 %)           on MPI rank :     1538
     Total           time :  179.217787 (SYPD:     1.310 ) on MPI rank :     1538
     Computing       time :    0.000000                    on MPI rank :     1539
     Waiting lbc_lnk time :    0.000000 ( 0.0 %)           on MPI rank :     1539
     Waiting  global time :    0.000000 ( 0.0 %)           on MPI rank :     1539
     Total           time :  179.218286 (SYPD:     1.310 ) on MPI rank :     1539
     Computing       time :    0.000000                    on MPI rank :     1540
     Waiting lbc_lnk time :    0.000000 ( 0.0 %)           on MPI rank :     1540
     Waiting  global time :    0.000000 ( 0.0 %)           on MPI rank :     1540
     Total           time :  179.218826 (SYPD:     1.310 ) on MPI rank :     1540
     Computing       time :    0.000000                    on MPI rank :     1541
     Waiting lbc_lnk time :    0.000000 ( 0.0 %)           on MPI rank :     1541
     Waiting  global time :    0.000000 ( 0.0 %)           on MPI rank :     1541
     Total           time :  179.218513 (SYPD:     1.310 ) on MPI rank :     1541
     Computing       time :    0.000000                    on MPI rank :     1542
     Waiting lbc_lnk time :    0.000000 ( 0.0 %)           on MPI rank :     1542
     Waiting  global time :    0.000000 ( 0.0 %)           on MPI rank :     1542
     Total           time :  179.217589 (SYPD:     1.310 ) on MPI rank :     1542
     Computing       time :    0.000000                    on MPI rank :     1543
     Waiting lbc_lnk time :    0.000000 ( 0.0 %)           on MPI rank :     1543
     Waiting  global time :    0.000000 ( 0.0 %)           on MPI rank :     1543
     Total           time :  179.218251 (SYPD:     1.310 ) on MPI rank :     1543
     Computing       time :    0.000000                    on MPI rank :     1544
     Waiting lbc_lnk time :    0.000000 ( 0.0 %)           on MPI rank :     1544
     Waiting  global time :    0.000000 ( 0.0 %)           on MPI rank :     1544
     Total           time :  179.217903 (SYPD:     1.310 ) on MPI rank :     1544
     Computing       time :    0.000000                    on MPI rank :     1545
     Waiting lbc_lnk time :    0.000000 ( 0.0 %)           on MPI rank :     1545
     Waiting  global time :    0.000000 ( 0.0 %)           on MPI rank :     1545
     Total           time :  179.218049 (SYPD:     1.310 ) on MPI rank :     1545
     Computing       time :    0.000000                    on MPI rank :     1546
     Waiting lbc_lnk time :    0.000000 ( 0.0 %)           on MPI rank :     1546
     Waiting  global time :    0.000000 ( 0.0 %)           on MPI rank :     1546
     Total           time :  179.217936 (SYPD:     1.310 ) on MPI rank :     1546
     Computing       time :    0.000000                    on MPI rank :     1547
     Waiting lbc_lnk time :    0.000000 ( 0.0 %)           on MPI rank :     1547
     Waiting  global time :    0.000000 ( 0.0 %)           on MPI rank :     1547
     Total           time :  179.218074 (SYPD:     1.310 ) on MPI rank :     1547
     Computing       time :    0.000000                    on MPI rank :     1548
     Waiting lbc_lnk time :    0.000000 ( 0.0 %)           on MPI rank :     1548
     Waiting  global time :    0.000000 ( 0.0 %)           on MPI rank :     1548
     Total           time :  179.217706 (SYPD:     1.310 ) on MPI rank :     1548
     Computing       time :    0.000000                    on MPI rank :     1549
     Waiting lbc_lnk time :    0.000000 ( 0.0 %)           on MPI rank :     1549
     Waiting  global time :    0.000000 ( 0.0 %)           on MPI rank :     1549
     Total           time :  179.218372 (SYPD:     1.310 ) on MPI rank :     1549
     Computing       time :    0.000000                    on MPI rank :     1550
     Waiting lbc_lnk time :    0.000000 ( 0.0 %)           on MPI rank :     1550
     Waiting  global time :    0.000000 ( 0.0 %)           on MPI rank :     1550
     Total           time :  179.217913 (SYPD:     1.310 ) on MPI rank :     1550
     Computing       time :    0.000000                    on MPI rank :     1551
     Waiting lbc_lnk time :    0.000000 ( 0.0 %)           on MPI rank :     1551
     Waiting  global time :    0.000000 ( 0.0 %)           on MPI rank :     1551
     Total           time :  179.217827 (SYPD:     1.310 ) on MPI rank :     1551
     Computing       time :    0.000000                    on MPI rank :     1552
     Waiting lbc_lnk time :    0.000000 ( 0.0 %)           on MPI rank :     1552
     Waiting  global time :    0.000000 ( 0.0 %)           on MPI rank :     1552
     Total           time :  179.217825 (SYPD:     1.310 ) on MPI rank :     1552
     Computing       time :    0.000000                    on MPI rank :     1553
     Waiting lbc_lnk time :    0.000000 ( 0.0 %)           on MPI rank :     1553
     Waiting  global time :    0.000000 ( 0.0 %)           on MPI rank :     1553
     Total           time :  179.218414 (SYPD:     1.310 ) on MPI rank :     1553
     Computing       time :    0.000000                    on MPI rank :     1554
     Waiting lbc_lnk time :    0.000000 ( 0.0 %)           on MPI rank :     1554
     Waiting  global time :    0.000000 ( 0.0 %)           on MPI rank :     1554
     Total           time :  179.218498 (SYPD:     1.310 ) on MPI rank :     1554
     Computing       time :    0.000000                    on MPI rank :     1555
     Waiting lbc_lnk time :    0.000000 ( 0.0 %)           on MPI rank :     1555
     Waiting  global time :    0.000000 ( 0.0 %)           on MPI rank :     1555
     Total           time :  179.218451 (SYPD:     1.310 ) on MPI rank :     1555
     Computing       time :    0.000000                    on MPI rank :     1556
     Waiting lbc_lnk time :    0.000000 ( 0.0 %)           on MPI rank :     1556
     Waiting  global time :    0.000000 ( 0.0 %)           on MPI rank :     1556
     Total           time :  179.217656 (SYPD:     1.310 ) on MPI rank :     1556
     Computing       time :    0.000000                    on MPI rank :     1557
     Waiting lbc_lnk time :    0.000000 ( 0.0 %)           on MPI rank :     1557
     Waiting  global time :    0.000000 ( 0.0 %)           on MPI rank :     1557
     Total           time :  179.217729 (SYPD:     1.310 ) on MPI rank :     1557
     Computing       time :    0.000000                    on MPI rank :     1558
     Waiting lbc_lnk time :    0.000000 ( 0.0 %)           on MPI rank :     1558
     Waiting  global time :    0.000000 ( 0.0 %)           on MPI rank :     1558
     Total           time :  179.218600 (SYPD:     1.310 ) on MPI rank :     1558
     Computing       time :    0.000000                    on MPI rank :     1559
     Waiting lbc_lnk time :    0.000000 ( 0.0 %)           on MPI rank :     1559
     Waiting  global time :    0.000000 ( 0.0 %)           on MPI rank :     1559
     Total           time :  179.218262 (SYPD:     1.310 ) on MPI rank :     1559
     Computing       time :    0.000000                    on MPI rank :     1560
     Waiting lbc_lnk time :    0.000000 ( 0.0 %)           on MPI rank :     1560
     Waiting  global time :    0.000000 ( 0.0 %)           on MPI rank :     1560
     Total           time :  179.218283 (SYPD:     1.310 ) on MPI rank :     1560
     Computing       time :    0.000000                    on MPI rank :     1561
     Waiting lbc_lnk time :    0.000000 ( 0.0 %)           on MPI rank :     1561
     Waiting  global time :    0.000000 ( 0.0 %)           on MPI rank :     1561
     Total           time :  179.218315 (SYPD:     1.310 ) on MPI rank :     1561
     Computing       time :    0.000000                    on MPI rank :     1562
     Waiting lbc_lnk time :    0.000000 ( 0.0 %)           on MPI rank :     1562
     Waiting  global time :    0.000000 ( 0.0 %)           on MPI rank :     1562
     Total           time :  179.218685 (SYPD:     1.310 ) on MPI rank :     1562
     Computing       time :    0.000000                    on MPI rank :     1563
     Waiting lbc_lnk time :    0.000000 ( 0.0 %)           on MPI rank :     1563
     Waiting  global time :    0.000000 ( 0.0 %)           on MPI rank :     1563
     Total           time :  179.218348 (SYPD:     1.310 ) on MPI rank :     1563
     Computing       time :    0.000000                    on MPI rank :     1564
     Waiting lbc_lnk time :    0.000000 ( 0.0 %)           on MPI rank :     1564
     Waiting  global time :    0.000000 ( 0.0 %)           on MPI rank :     1564
     Total           time :  179.219096 (SYPD:     1.310 ) on MPI rank :     1564
     Computing       time :    0.000000                    on MPI rank :     1565
     Waiting lbc_lnk time :    0.000000 ( 0.0 %)           on MPI rank :     1565
     Waiting  global time :    0.000000 ( 0.0 %)           on MPI rank :     1565
     Total           time :  179.219018 (SYPD:     1.310 ) on MPI rank :     1565
     Computing       time :    0.000000                    on MPI rank :     1566
     Waiting lbc_lnk time :    0.000000 ( 0.0 %)           on MPI rank :     1566
     Waiting  global time :    0.000000 ( 0.0 %)           on MPI rank :     1566
     Total           time :  179.217988 (SYPD:     1.310 ) on MPI rank :     1566
     Computing       time :    0.000000                    on MPI rank :     1567
     Waiting lbc_lnk time :    0.000000 ( 0.0 %)           on MPI rank :     1567
     Waiting  global time :    0.000000 ( 0.0 %)           on MPI rank :     1567
     Total           time :  179.218828 (SYPD:     1.310 ) on MPI rank :     1567
     Computing       time :    0.000000                    on MPI rank :     1568
     Waiting lbc_lnk time :    0.000000 ( 0.0 %)           on MPI rank :     1568
     Waiting  global time :    0.000000 ( 0.0 %)           on MPI rank :     1568
     Total           time :  179.218689 (SYPD:     1.310 ) on MPI rank :     1568
     Computing       time :    0.000000                    on MPI rank :     1569
     Waiting lbc_lnk time :    0.000000 ( 0.0 %)           on MPI rank :     1569
     Waiting  global time :    0.000000 ( 0.0 %)           on MPI rank :     1569
     Total           time :  179.218285 (SYPD:     1.310 ) on MPI rank :     1569
     Computing       time :    0.000000                    on MPI rank :     1570
     Waiting lbc_lnk time :    0.000000 ( 0.0 %)           on MPI rank :     1570
     Waiting  global time :    0.000000 ( 0.0 %)           on MPI rank :     1570
     Total           time :  179.218430 (SYPD:     1.310 ) on MPI rank :     1570
     Computing       time :    0.000000                    on MPI rank :     1571
     Waiting lbc_lnk time :    0.000000 ( 0.0 %)           on MPI rank :     1571
     Waiting  global time :    0.000000 ( 0.0 %)           on MPI rank :     1571
     Total           time :  179.217991 (SYPD:     1.310 ) on MPI rank :     1571
     Computing       time :    0.000000                    on MPI rank :     1572
     Waiting lbc_lnk time :    0.000000 ( 0.0 %)           on MPI rank :     1572
     Waiting  global time :    0.000000 ( 0.0 %)           on MPI rank :     1572
     Total           time :  179.218240 (SYPD:     1.310 ) on MPI rank :     1572
     Computing       time :    0.000000                    on MPI rank :     1573
     Waiting lbc_lnk time :    0.000000 ( 0.0 %)           on MPI rank :     1573
     Waiting  global time :    0.000000 ( 0.0 %)           on MPI rank :     1573
     Total           time :  179.217997 (SYPD:     1.310 ) on MPI rank :     1573
     Computing       time :    0.000000                    on MPI rank :     1574
     Waiting lbc_lnk time :    0.000000 ( 0.0 %)           on MPI rank :     1574
     Waiting  global time :    0.000000 ( 0.0 %)           on MPI rank :     1574
     Total           time :  179.217894 (SYPD:     1.310 ) on MPI rank :     1574
     Computing       time :    0.000000                    on MPI rank :     1575
     Waiting lbc_lnk time :    0.000000 ( 0.0 %)           on MPI rank :     1575
     Waiting  global time :    0.000000 ( 0.0 %)           on MPI rank :     1575
     Total           time :  179.218229 (SYPD:     1.310 ) on MPI rank :     1575
     Computing       time :    0.000000                    on MPI rank :     1576
     Waiting lbc_lnk time :    0.000000 ( 0.0 %)           on MPI rank :     1576
     Waiting  global time :    0.000000 ( 0.0 %)           on MPI rank :     1576
     Total           time :  179.218704 (SYPD:     1.310 ) on MPI rank :     1576
     Computing       time :    0.000000                    on MPI rank :     1577
     Waiting lbc_lnk time :    0.000000 ( 0.0 %)           on MPI rank :     1577
     Waiting  global time :    0.000000 ( 0.0 %)           on MPI rank :     1577
     Total           time :  179.219180 (SYPD:     1.310 ) on MPI rank :     1577
     Computing       time :    0.000000                    on MPI rank :     1578
     Waiting lbc_lnk time :    0.000000 ( 0.0 %)           on MPI rank :     1578
     Waiting  global time :    0.000000 ( 0.0 %)           on MPI rank :     1578
     Total           time :  179.218847 (SYPD:     1.310 ) on MPI rank :     1578
     Computing       time :    0.000000                    on MPI rank :     1579
     Waiting lbc_lnk time :    0.000000 ( 0.0 %)           on MPI rank :     1579
     Waiting  global time :    0.000000 ( 0.0 %)           on MPI rank :     1579
     Total           time :  179.218131 (SYPD:     1.310 ) on MPI rank :     1579
     Computing       time :    0.000000                    on MPI rank :     1580
     Waiting lbc_lnk time :    0.000000 ( 0.0 %)           on MPI rank :     1580
     Waiting  global time :    0.000000 ( 0.0 %)           on MPI rank :     1580
     Total           time :  179.218273 (SYPD:     1.310 ) on MPI rank :     1580
     Computing       time :    0.000000                    on MPI rank :     1581
     Waiting lbc_lnk time :    0.000000 ( 0.0 %)           on MPI rank :     1581
     Waiting  global time :    0.000000 ( 0.0 %)           on MPI rank :     1581
     Total           time :  179.218453 (SYPD:     1.310 ) on MPI rank :     1581
     Computing       time :    0.000000                    on MPI rank :     1582
     Waiting lbc_lnk time :    0.000000 ( 0.0 %)           on MPI rank :     1582
     Waiting  global time :    0.000000 ( 0.0 %)           on MPI rank :     1582
     Total           time :  179.218432 (SYPD:     1.310 ) on MPI rank :     1582
     Computing       time :    0.000000                    on MPI rank :     1583
     Waiting lbc_lnk time :    0.000000 ( 0.0 %)           on MPI rank :     1583
     Waiting  global time :    0.000000 ( 0.0 %)           on MPI rank :     1583
     Total           time :  179.218432 (SYPD:     1.310 ) on MPI rank :     1583
     Computing       time :    0.000000                    on MPI rank :     1584
     Waiting lbc_lnk time :    0.000000 ( 0.0 %)           on MPI rank :     1584
     Waiting  global time :    0.000000 ( 0.0 %)           on MPI rank :     1584
     Total           time :  179.218852 (SYPD:     1.310 ) on MPI rank :     1584
     Computing       time :    0.000000                    on MPI rank :     1585
     Waiting lbc_lnk time :    0.000000 ( 0.0 %)           on MPI rank :     1585
     Waiting  global time :    0.000000 ( 0.0 %)           on MPI rank :     1585
     Total           time :  179.218912 (SYPD:     1.310 ) on MPI rank :     1585
     Computing       time :    0.000000                    on MPI rank :     1586
     Waiting lbc_lnk time :    0.000000 ( 0.0 %)           on MPI rank :     1586
     Waiting  global time :    0.000000 ( 0.0 %)           on MPI rank :     1586
     Total           time :  179.217899 (SYPD:     1.310 ) on MPI rank :     1586
     Computing       time :    0.000000                    on MPI rank :     1587
     Waiting lbc_lnk time :    0.000000 ( 0.0 %)           on MPI rank :     1587
     Waiting  global time :    0.000000 ( 0.0 %)           on MPI rank :     1587
     Total           time :  179.218625 (SYPD:     1.310 ) on MPI rank :     1587
     Computing       time :    0.000000                    on MPI rank :     1588
     Waiting lbc_lnk time :    0.000000 ( 0.0 %)           on MPI rank :     1588
     Waiting  global time :    0.000000 ( 0.0 %)           on MPI rank :     1588
     Total           time :  179.219019 (SYPD:     1.310 ) on MPI rank :     1588
     Computing       time :    0.000000                    on MPI rank :     1589
     Waiting lbc_lnk time :    0.000000 ( 0.0 %)           on MPI rank :     1589
     Waiting  global time :    0.000000 ( 0.0 %)           on MPI rank :     1589
     Total           time :  179.218821 (SYPD:     1.310 ) on MPI rank :     1589
     Computing       time :    0.000000                    on MPI rank :     1590
     Waiting lbc_lnk time :    0.000000 ( 0.0 %)           on MPI rank :     1590
     Waiting  global time :    0.000000 ( 0.0 %)           on MPI rank :     1590
     Total           time :  179.218613 (SYPD:     1.310 ) on MPI rank :     1590
     Computing       time :    0.000000                    on MPI rank :     1591
     Waiting lbc_lnk time :    0.000000 ( 0.0 %)           on MPI rank :     1591
     Waiting  global time :    0.000000 ( 0.0 %)           on MPI rank :     1591
     Total           time :  179.218896 (SYPD:     1.310 ) on MPI rank :     1591
     Computing       time :    0.000000                    on MPI rank :     1592
     Waiting lbc_lnk time :    0.000000 ( 0.0 %)           on MPI rank :     1592
     Waiting  global time :    0.000000 ( 0.0 %)           on MPI rank :     1592
     Total           time :  179.218111 (SYPD:     1.310 ) on MPI rank :     1592
     Computing       time :    0.000000                    on MPI rank :     1593
     Waiting lbc_lnk time :    0.000000 ( 0.0 %)           on MPI rank :     1593
     Waiting  global time :    0.000000 ( 0.0 %)           on MPI rank :     1593
     Total           time :  179.218633 (SYPD:     1.310 ) on MPI rank :     1593
     Computing       time :    0.000000                    on MPI rank :     1594
     Waiting lbc_lnk time :    0.000000 ( 0.0 %)           on MPI rank :     1594
     Waiting  global time :    0.000000 ( 0.0 %)           on MPI rank :     1594
     Total           time :  179.217938 (SYPD:     1.310 ) on MPI rank :     1594
     Computing       time :    0.000000                    on MPI rank :     1595
     Waiting lbc_lnk time :    0.000000 ( 0.0 %)           on MPI rank :     1595
     Waiting  global time :    0.000000 ( 0.0 %)           on MPI rank :     1595
     Total           time :  179.218013 (SYPD:     1.310 ) on MPI rank :     1595
     Computing       time :    0.000000                    on MPI rank :     1596
     Waiting lbc_lnk time :    0.000000 ( 0.0 %)           on MPI rank :     1596
     Waiting  global time :    0.000000 ( 0.0 %)           on MPI rank :     1596
     Total           time :  179.217842 (SYPD:     1.310 ) on MPI rank :     1596
     Computing       time :    0.000000                    on MPI rank :     1597
     Waiting lbc_lnk time :    0.000000 ( 0.0 %)           on MPI rank :     1597
     Waiting  global time :    0.000000 ( 0.0 %)           on MPI rank :     1597
     Total           time :  179.218400 (SYPD:     1.310 ) on MPI rank :     1597
     Computing       time :    0.000000                    on MPI rank :     1598
     Waiting lbc_lnk time :    0.000000 ( 0.0 %)           on MPI rank :     1598
     Waiting  global time :    0.000000 ( 0.0 %)           on MPI rank :     1598
     Total           time :  179.217868 (SYPD:     1.310 ) on MPI rank :     1598
     Computing       time :    0.000000                    on MPI rank :     1599
     Waiting lbc_lnk time :    0.000000 ( 0.0 %)           on MPI rank :     1599
     Waiting  global time :    0.000000 ( 0.0 %)           on MPI rank :     1599
     Total           time :  179.218056 (SYPD:     1.310 ) on MPI rank :     1599
     Computing       time :    0.000000                    on MPI rank :     1600
     Waiting lbc_lnk time :    0.000000 ( 0.0 %)           on MPI rank :     1600
     Waiting  global time :    0.000000 ( 0.0 %)           on MPI rank :     1600
     Total           time :  179.218594 (SYPD:     1.310 ) on MPI rank :     1600
     Computing       time :    0.000000                    on MPI rank :     1601
     Waiting lbc_lnk time :    0.000000 ( 0.0 %)           on MPI rank :     1601
     Waiting  global time :    0.000000 ( 0.0 %)           on MPI rank :     1601
     Total           time :  179.218618 (SYPD:     1.310 ) on MPI rank :     1601
     Computing       time :    0.000000                    on MPI rank :     1602
     Waiting lbc_lnk time :    0.000000 ( 0.0 %)           on MPI rank :     1602
     Waiting  global time :    0.000000 ( 0.0 %)           on MPI rank :     1602
     Total           time :  179.218086 (SYPD:     1.310 ) on MPI rank :     1602
     Computing       time :    0.000000                    on MPI rank :     1603
     Waiting lbc_lnk time :    0.000000 ( 0.0 %)           on MPI rank :     1603
     Waiting  global time :    0.000000 ( 0.0 %)           on MPI rank :     1603
     Total           time :  179.217495 (SYPD:     1.310 ) on MPI rank :     1603
     Computing       time :    0.000000                    on MPI rank :     1604
     Waiting lbc_lnk time :    0.000000 ( 0.0 %)           on MPI rank :     1604
     Waiting  global time :    0.000000 ( 0.0 %)           on MPI rank :     1604
     Total           time :  179.218821 (SYPD:     1.310 ) on MPI rank :     1604
     Computing       time :    0.000000                    on MPI rank :     1605
     Waiting lbc_lnk time :    0.000000 ( 0.0 %)           on MPI rank :     1605
     Waiting  global time :    0.000000 ( 0.0 %)           on MPI rank :     1605
     Total           time :  179.218842 (SYPD:     1.310 ) on MPI rank :     1605
     Computing       time :    0.000000                    on MPI rank :     1606
     Waiting lbc_lnk time :    0.000000 ( 0.0 %)           on MPI rank :     1606
     Waiting  global time :    0.000000 ( 0.0 %)           on MPI rank :     1606
     Total           time :  179.218672 (SYPD:     1.310 ) on MPI rank :     1606
     Computing       time :    0.000000                    on MPI rank :     1607
     Waiting lbc_lnk time :    0.000000 ( 0.0 %)           on MPI rank :     1607
     Waiting  global time :    0.000000 ( 0.0 %)           on MPI rank :     1607
     Total           time :  179.218632 (SYPD:     1.310 ) on MPI rank :     1607
     Computing       time :    0.000000                    on MPI rank :     1608
     Waiting lbc_lnk time :    0.000000 ( 0.0 %)           on MPI rank :     1608
     Waiting  global time :    0.000000 ( 0.0 %)           on MPI rank :     1608
     Total           time :  179.218739 (SYPD:     1.310 ) on MPI rank :     1608
     Computing       time :    0.000000                    on MPI rank :     1609
     Waiting lbc_lnk time :    0.000000 ( 0.0 %)           on MPI rank :     1609
     Waiting  global time :    0.000000 ( 0.0 %)           on MPI rank :     1609
     Total           time :  179.218609 (SYPD:     1.310 ) on MPI rank :     1609
     Computing       time :    0.000000                    on MPI rank :     1610
     Waiting lbc_lnk time :    0.000000 ( 0.0 %)           on MPI rank :     1610
     Waiting  global time :    0.000000 ( 0.0 %)           on MPI rank :     1610
     Total           time :  179.217740 (SYPD:     1.310 ) on MPI rank :     1610
     Computing       time :    0.000000                    on MPI rank :     1611
     Waiting lbc_lnk time :    0.000000 ( 0.0 %)           on MPI rank :     1611
     Waiting  global time :    0.000000 ( 0.0 %)           on MPI rank :     1611
     Total           time :  179.218360 (SYPD:     1.310 ) on MPI rank :     1611
     Computing       time :    0.000000                    on MPI rank :     1612
     Waiting lbc_lnk time :    0.000000 ( 0.0 %)           on MPI rank :     1612
     Waiting  global time :    0.000000 ( 0.0 %)           on MPI rank :     1612
     Total           time :  179.218934 (SYPD:     1.310 ) on MPI rank :     1612
     Computing       time :    0.000000                    on MPI rank :     1613
     Waiting lbc_lnk time :    0.000000 ( 0.0 %)           on MPI rank :     1613
     Waiting  global time :    0.000000 ( 0.0 %)           on MPI rank :     1613
     Total           time :  179.219172 (SYPD:     1.310 ) on MPI rank :     1613
     Computing       time :    0.000000                    on MPI rank :     1614
     Waiting lbc_lnk time :    0.000000 ( 0.0 %)           on MPI rank :     1614
     Waiting  global time :    0.000000 ( 0.0 %)           on MPI rank :     1614
     Total           time :  179.218863 (SYPD:     1.310 ) on MPI rank :     1614
     Computing       time :    0.000000                    on MPI rank :     1615
     Waiting lbc_lnk time :    0.000000 ( 0.0 %)           on MPI rank :     1615
     Waiting  global time :    0.000000 ( 0.0 %)           on MPI rank :     1615
     Total           time :  179.218434 (SYPD:     1.310 ) on MPI rank :     1615
     Computing       time :    0.000000                    on MPI rank :     1616
     Waiting lbc_lnk time :    0.000000 ( 0.0 %)           on MPI rank :     1616
     Waiting  global time :    0.000000 ( 0.0 %)           on MPI rank :     1616
     Total           time :  179.218345 (SYPD:     1.310 ) on MPI rank :     1616
     Computing       time :    0.000000                    on MPI rank :     1617
     Waiting lbc_lnk time :    0.000000 ( 0.0 %)           on MPI rank :     1617
     Waiting  global time :    0.000000 ( 0.0 %)           on MPI rank :     1617
     Total           time :  179.218930 (SYPD:     1.310 ) on MPI rank :     1617
     Computing       time :    0.000000                    on MPI rank :     1618
     Waiting lbc_lnk time :    0.000000 ( 0.0 %)           on MPI rank :     1618
     Waiting  global time :    0.000000 ( 0.0 %)           on MPI rank :     1618
     Total           time :  179.219142 (SYPD:     1.310 ) on MPI rank :     1618
     Computing       time :    0.000000                    on MPI rank :     1619
     Waiting lbc_lnk time :    0.000000 ( 0.0 %)           on MPI rank :     1619
     Waiting  global time :    0.000000 ( 0.0 %)           on MPI rank :     1619
     Total           time :  179.218761 (SYPD:     1.310 ) on MPI rank :     1619
     Computing       time :    0.000000                    on MPI rank :     1620
     Waiting lbc_lnk time :    0.000000 ( 0.0 %)           on MPI rank :     1620
     Waiting  global time :    0.000000 ( 0.0 %)           on MPI rank :     1620
     Total           time :  179.218671 (SYPD:     1.310 ) on MPI rank :     1620
     Computing       time :    0.000000                    on MPI rank :     1621
     Waiting lbc_lnk time :    0.000000 ( 0.0 %)           on MPI rank :     1621
     Waiting  global time :    0.000000 ( 0.0 %)           on MPI rank :     1621
     Total           time :  179.218269 (SYPD:     1.310 ) on MPI rank :     1621
     Computing       time :    0.000000                    on MPI rank :     1622
     Waiting lbc_lnk time :    0.000000 ( 0.0 %)           on MPI rank :     1622
     Waiting  global time :    0.000000 ( 0.0 %)           on MPI rank :     1622
     Total           time :  179.218457 (SYPD:     1.310 ) on MPI rank :     1622
     Computing       time :    0.000000                    on MPI rank :     1623
     Waiting lbc_lnk time :    0.000000 ( 0.0 %)           on MPI rank :     1623
     Waiting  global time :    0.000000 ( 0.0 %)           on MPI rank :     1623
     Total           time :  179.218879 (SYPD:     1.310 ) on MPI rank :     1623
     Computing       time :    0.000000                    on MPI rank :     1624
     Waiting lbc_lnk time :    0.000000 ( 0.0 %)           on MPI rank :     1624
     Waiting  global time :    0.000000 ( 0.0 %)           on MPI rank :     1624
     Total           time :  179.218987 (SYPD:     1.310 ) on MPI rank :     1624
     Computing       time :    0.000000                    on MPI rank :     1625
     Waiting lbc_lnk time :    0.000000 ( 0.0 %)           on MPI rank :     1625
     Waiting  global time :    0.000000 ( 0.0 %)           on MPI rank :     1625
     Total           time :  179.218126 (SYPD:     1.310 ) on MPI rank :     1625
     Computing       time :    0.000000                    on MPI rank :     1626
     Waiting lbc_lnk time :    0.000000 ( 0.0 %)           on MPI rank :     1626
     Waiting  global time :    0.000000 ( 0.0 %)           on MPI rank :     1626
     Total           time :  179.218147 (SYPD:     1.310 ) on MPI rank :     1626
     Computing       time :    0.000000                    on MPI rank :     1627
     Waiting lbc_lnk time :    0.000000 ( 0.0 %)           on MPI rank :     1627
     Waiting  global time :    0.000000 ( 0.0 %)           on MPI rank :     1627
     Total           time :  179.218378 (SYPD:     1.310 ) on MPI rank :     1627
     Computing       time :    0.000000                    on MPI rank :     1628
     Waiting lbc_lnk time :    0.000000 ( 0.0 %)           on MPI rank :     1628
     Waiting  global time :    0.000000 ( 0.0 %)           on MPI rank :     1628
     Total           time :  179.218132 (SYPD:     1.310 ) on MPI rank :     1628
     Computing       time :    0.000000                    on MPI rank :     1629
     Waiting lbc_lnk time :    0.000000 ( 0.0 %)           on MPI rank :     1629
     Waiting  global time :    0.000000 ( 0.0 %)           on MPI rank :     1629
     Total           time :  179.217684 (SYPD:     1.310 ) on MPI rank :     1629
     Computing       time :    0.000000                    on MPI rank :     1630
     Waiting lbc_lnk time :    0.000000 ( 0.0 %)           on MPI rank :     1630
     Waiting  global time :    0.000000 ( 0.0 %)           on MPI rank :     1630
     Total           time :  179.218133 (SYPD:     1.310 ) on MPI rank :     1630
     Computing       time :    0.000000                    on MPI rank :     1631
     Waiting lbc_lnk time :    0.000000 ( 0.0 %)           on MPI rank :     1631
     Waiting  global time :    0.000000 ( 0.0 %)           on MPI rank :     1631
     Total           time :  179.217741 (SYPD:     1.310 ) on MPI rank :     1631
     Computing       time :    0.000000                    on MPI rank :     1632
     Waiting lbc_lnk time :    0.000000 ( 0.0 %)           on MPI rank :     1632
     Waiting  global time :    0.000000 ( 0.0 %)           on MPI rank :     1632
     Total           time :  179.218430 (SYPD:     1.310 ) on MPI rank :     1632
     Computing       time :    0.000000                    on MPI rank :     1633
     Waiting lbc_lnk time :    0.000000 ( 0.0 %)           on MPI rank :     1633
     Waiting  global time :    0.000000 ( 0.0 %)           on MPI rank :     1633
     Total           time :  179.218401 (SYPD:     1.310 ) on MPI rank :     1633
     Computing       time :    0.000000                    on MPI rank :     1634
     Waiting lbc_lnk time :    0.000000 ( 0.0 %)           on MPI rank :     1634
     Waiting  global time :    0.000000 ( 0.0 %)           on MPI rank :     1634
     Total           time :  179.218044 (SYPD:     1.310 ) on MPI rank :     1634
     Computing       time :    0.000000                    on MPI rank :     1635
     Waiting lbc_lnk time :    0.000000 ( 0.0 %)           on MPI rank :     1635
     Waiting  global time :    0.000000 ( 0.0 %)           on MPI rank :     1635
     Total           time :  179.217783 (SYPD:     1.310 ) on MPI rank :     1635
     Computing       time :    0.000000                    on MPI rank :     1636
     Waiting lbc_lnk time :    0.000000 ( 0.0 %)           on MPI rank :     1636
     Waiting  global time :    0.000000 ( 0.0 %)           on MPI rank :     1636
     Total           time :  179.217407 (SYPD:     1.310 ) on MPI rank :     1636
     Computing       time :    0.000000                    on MPI rank :     1637
     Waiting lbc_lnk time :    0.000000 ( 0.0 %)           on MPI rank :     1637
     Waiting  global time :    0.000000 ( 0.0 %)           on MPI rank :     1637
     Total           time :  179.218160 (SYPD:     1.310 ) on MPI rank :     1637
     Computing       time :    0.000000                    on MPI rank :     1638
     Waiting lbc_lnk time :    0.000000 ( 0.0 %)           on MPI rank :     1638
     Waiting  global time :    0.000000 ( 0.0 %)           on MPI rank :     1638
     Total           time :  179.217957 (SYPD:     1.310 ) on MPI rank :     1638
     Computing       time :    0.000000                    on MPI rank :     1639
     Waiting lbc_lnk time :    0.000000 ( 0.0 %)           on MPI rank :     1639
     Waiting  global time :    0.000000 ( 0.0 %)           on MPI rank :     1639
     Total           time :  179.216385 (SYPD:     1.310 ) on MPI rank :     1639
     Computing       time :    0.000000                    on MPI rank :     1640
     Waiting lbc_lnk time :    0.000000 ( 0.0 %)           on MPI rank :     1640
     Waiting  global time :    0.000000 ( 0.0 %)           on MPI rank :     1640
     Total           time :  179.217844 (SYPD:     1.310 ) on MPI rank :     1640
     Computing       time :    0.000000                    on MPI rank :     1641
     Waiting lbc_lnk time :    0.000000 ( 0.0 %)           on MPI rank :     1641
     Waiting  global time :    0.000000 ( 0.0 %)           on MPI rank :     1641
     Total           time :  179.218528 (SYPD:     1.310 ) on MPI rank :     1641
     Computing       time :    0.000000                    on MPI rank :     1642
     Waiting lbc_lnk time :    0.000000 ( 0.0 %)           on MPI rank :     1642
     Waiting  global time :    0.000000 ( 0.0 %)           on MPI rank :     1642
     Total           time :  179.216498 (SYPD:     1.310 ) on MPI rank :     1642
     Computing       time :    0.000000                    on MPI rank :     1643
     Waiting lbc_lnk time :    0.000000 ( 0.0 %)           on MPI rank :     1643
     Waiting  global time :    0.000000 ( 0.0 %)           on MPI rank :     1643
     Total           time :  179.217242 (SYPD:     1.310 ) on MPI rank :     1643
     Computing       time :    0.000000                    on MPI rank :     1644
     Waiting lbc_lnk time :    0.000000 ( 0.0 %)           on MPI rank :     1644
     Waiting  global time :    0.000000 ( 0.0 %)           on MPI rank :     1644
     Total           time :  179.217665 (SYPD:     1.310 ) on MPI rank :     1644
     Computing       time :    0.000000                    on MPI rank :     1645
     Waiting lbc_lnk time :    0.000000 ( 0.0 %)           on MPI rank :     1645
     Waiting  global time :    0.000000 ( 0.0 %)           on MPI rank :     1645
     Total           time :  179.218417 (SYPD:     1.310 ) on MPI rank :     1645
     Computing       time :    0.000000                    on MPI rank :     1646
     Waiting lbc_lnk time :    0.000000 ( 0.0 %)           on MPI rank :     1646
     Waiting  global time :    0.000000 ( 0.0 %)           on MPI rank :     1646
     Total           time :  179.218774 (SYPD:     1.310 ) on MPI rank :     1646
     Computing       time :    0.000000                    on MPI rank :     1647
     Waiting lbc_lnk time :    0.000000 ( 0.0 %)           on MPI rank :     1647
     Waiting  global time :    0.000000 ( 0.0 %)           on MPI rank :     1647
     Total           time :  179.218234 (SYPD:     1.310 ) on MPI rank :     1647
     Computing       time :    0.000000                    on MPI rank :     1648
     Waiting lbc_lnk time :    0.000000 ( 0.0 %)           on MPI rank :     1648
     Waiting  global time :    0.000000 ( 0.0 %)           on MPI rank :     1648
     Total           time :  179.218384 (SYPD:     1.310 ) on MPI rank :     1648
     Computing       time :    0.000000                    on MPI rank :     1649
     Waiting lbc_lnk time :    0.000000 ( 0.0 %)           on MPI rank :     1649
     Waiting  global time :    0.000000 ( 0.0 %)           on MPI rank :     1649
     Total           time :  179.218484 (SYPD:     1.310 ) on MPI rank :     1649
     Computing       time :    0.000000                    on MPI rank :     1650
     Waiting lbc_lnk time :    0.000000 ( 0.0 %)           on MPI rank :     1650
     Waiting  global time :    0.000000 ( 0.0 %)           on MPI rank :     1650
     Total           time :  179.218857 (SYPD:     1.310 ) on MPI rank :     1650
     Computing       time :    0.000000                    on MPI rank :     1651
     Waiting lbc_lnk time :    0.000000 ( 0.0 %)           on MPI rank :     1651
     Waiting  global time :    0.000000 ( 0.0 %)           on MPI rank :     1651
     Total           time :  179.219291 (SYPD:     1.310 ) on MPI rank :     1651
     Computing       time :    0.000000                    on MPI rank :     1652
     Waiting lbc_lnk time :    0.000000 ( 0.0 %)           on MPI rank :     1652
     Waiting  global time :    0.000000 ( 0.0 %)           on MPI rank :     1652
     Total           time :  179.218511 (SYPD:     1.310 ) on MPI rank :     1652
