 
       CNRS - NERC - Met OFFICE - MERCATOR-ocean - CMCC - INGV
                              NEMO team
                   Ocean General Circulation Model
                         version 4.0  (2019) 
 
                         Timing Informations 
 
 
 
 
 Total timing (sum) :
 --------------------
Elapsed Time (s)  CPU Time (s)
       558738.092  2481103.408
 
Averaged timing on all processors :
-----------------------------------
Section                   Elap. Time(s)  Elap. Time(%)  CPU Time(s)  CPU Time(%)  CPU/Elap Max elap(%)  Min elap(%)  Freq      Max time task
nemo_init                 0.9688894E+02   28.65            48.63       3.24        0.50         28.93     28.59       1.00       1649
scripremap_read_sgl       0.2929997E+02    8.66            30.44       2.03        1.04          8.73      8.62       8.00       1463
icedyn_rhg                0.6200018E+01    1.83            43.93       2.92        7.08          2.10      0.65     240.00          0
dyn_spg_ts                0.4251440E+01    1.26            33.76       2.25        7.94          1.49      0.52     240.00       1248
tra_qsr                   0.3918782E+01    1.16             4.93       0.33        1.26          1.50      0.73     240.00       1640
tra_ldf_iso               0.3629904E+01    1.07            28.78       1.92        7.93          1.12      0.38     240.00        875
iom_put_p3d_dp            0.3371191E+01    1.00            30.68       2.04        9.10          1.14      0.84    7440.00        478
parinter_init             0.3284936E+01    0.97             3.27       0.22        1.00          0.99      0.95       8.00          4
sbc_stokes                0.3241706E+01    0.96            25.17       1.68        7.77          1.39      0.16     240.00       1605
tra_adv_fct               0.3240017E+01    0.96            24.83       1.65        7.66          1.38      0.64     240.00       1042
stp                       0.2974524E+01    0.88             6.06       0.40        2.04          1.07      0.60     240.00        333
nonosc                    0.2723795E+01    0.81            20.74       1.38        7.62          1.30      0.47     480.00       1160
sbc                       0.2704022E+01    0.80             8.01       0.53        2.96          1.37      0.25     240.00        595
ldf_slp                   0.2583049E+01    0.76            20.59       1.37        7.97          1.53      0.44     240.00       1162
stp_ctl                   0.2347023E+01    0.69            14.43       0.96        6.15          8.65      0.46     240.00       1648
dyn_ldf                   0.2170316E+01    0.64            17.39       1.16        8.01          0.96      0.60     240.00       1647
dom_vvl_sf_swp            0.1998719E+01    0.59            15.60       1.04        7.81          0.69      0.41     240.00       1480
dyn_nxt                   0.1962242E+01    0.58            15.70       1.05        8.00          0.70      0.32     240.00       1570
zdf_phy                   0.1918190E+01    0.57            15.77       1.05        8.22          1.57      0.26     240.00        748
dyn_vor                   0.1882523E+01    0.56            14.90       0.99        7.91          0.63      0.32     240.00       1643
ice_dyn_adv_pra           0.1880212E+01    0.56            14.49       0.96        7.71          0.65      0.24     240.00       1638
tra_nxt                   0.1808276E+01    0.53            14.48       0.96        8.01          1.47      0.34     240.00       1645
icestp                    0.1600227E+01    0.47            11.97       0.80        7.48          0.80      0.37     240.00       1648
dom_hgr                   0.1313394E+01    0.39             2.04       0.14        1.55          0.44      0.10       1.00        746
dia_wri                   0.1259067E+01    0.37             8.85       0.59        7.03          0.48      0.31     240.00       1644
dom_vvl_sf_nxt            0.1214510E+01    0.36             9.43       0.63        7.76          0.66      0.22     480.00       1292
dyn_zdf                   0.8734864E+00    0.26             6.83       0.45        7.82          0.27      0.14     240.00       1540
zdf_tke_tke               0.8547497E+00    0.25             6.24       0.42        7.31          0.31      0.09     240.00       1126
dyn_zad                   0.7533635E+00    0.22             6.10       0.41        8.10          0.30      0.18     240.00       1293
icewri                    0.7427366E+00    0.22             5.58       0.37        7.52          0.89      0.05     240.00        498
tra_adv                   0.7235451E+00    0.21             5.67       0.38        7.83          0.24      0.15     240.00       1648
tra_zdf_imp               0.7134748E+00    0.21             4.97       0.33        6.97          0.26      0.09     240.00       1310
div_hor                   0.7070816E+00    0.21             4.73       0.31        6.69          0.66      0.11     480.00       1365
sbc_rnf                   0.6946767E+00    0.21             2.02       0.13        2.90          0.65      0.03     240.00       1122
ice_dyn_adv_pra_adv_y     0.6590826E+00    0.19             5.91       0.39        8.97          0.25      0.14    3120.00        656
wzv                       0.6482828E+00    0.19             5.37       0.36        8.28          0.26      0.16     480.00       1480
dyn_keg                   0.6207744E+00    0.18             5.05       0.34        8.13          0.25      0.14     240.00       1383
iceupdate_tau             0.5782205E+00    0.17             4.55       0.30        7.88          0.79     -0.00     240.00        615
zps_hde                   0.5487477E+00    0.16             4.28       0.28        7.80          0.88      0.02     240.00        887
zdf_sh2                   0.5107559E+00    0.15             3.83       0.25        7.50          0.17      0.05     240.00        607
zdf_ddm                   0.5008198E+00    0.15             3.88       0.26        7.74          0.19      0.11     240.00       1308
tra_bbl                   0.4945704E+00    0.15             2.91       0.19        5.89          0.54      0.03     240.00       1456
sbc_hbp                   0.4928668E+00    0.15             3.18       0.21        6.46          0.71      0.06     240.00       1648
ice_dyn_adv_pra_adv_x     0.4587363E+00    0.14             4.96       0.33       10.81          0.18      0.08    3120.00       1119
bn2                       0.4559332E+00    0.13             3.84       0.26        8.43          0.17      0.03     480.00       1238
dia_hth                   0.4507821E+00    0.13             3.40       0.23        7.54          0.16      0.12     240.00       1648
icecor                    0.4444735E+00    0.13             3.46       0.23        7.78          0.72      0.02     480.00          7
tmx_itf                   0.4305675E+00    0.13             3.33       0.22        7.74          0.15      0.06     240.00       1022
zdf_tmx                   0.4269880E+00    0.13             3.09       0.21        7.24          0.27      0.04     240.00       1331
dyn_hpg                   0.4149991E+00    0.12             3.41       0.23        8.22          0.19      0.10     240.00       1645
eos2d                     0.3958714E+00    0.12             3.29       0.22        8.31          0.70     -0.00     480.00        907
stp_oceandyn              0.3710929E+00    0.11             3.31       0.22        8.93          0.14      0.08     240.00       1591
tra_sbc                   0.3515786E+00    0.10             1.40       0.09        3.97          0.15      0.02     240.00       1009
parinter_write            0.3423090E+00    0.10             0.04       0.00        0.13          0.17      0.03       8.00        791
rab_3d                    0.3331027E+00    0.10             2.81       0.19        8.42          0.12      0.05     480.00        598
zdf_tke_avn               0.2973177E+00    0.09             2.62       0.17        8.81          0.16      0.04     240.00       1141
tra_bbc                   0.2939157E+00    0.09             1.67       0.11        5.70          0.51      0.02     240.00       1509
ice_thd_main              0.2938737E+00    0.09             2.40       0.16        8.18          0.53     -0.00     240.00          2
eos-pot                   0.2929077E+00    0.09             2.45       0.16        8.35          0.12      0.05     506.00       1601
iceupdate_flx             0.2740869E+00    0.08             0.75       0.05        2.74          0.15      0.03     240.00        829
stp_tracers               0.2649009E+00    0.08             1.94       0.13        7.30          0.09      0.06     240.00        829
day                       0.2559838E+00    0.08             1.36       0.09        5.32          0.47      0.01     240.00       1544
ice_thd_jllopp            0.2378571E+00    0.07             1.88       0.13        7.92          0.39     -0.01     240.00       1518
zdf_evd                   0.2287420E+00    0.07             1.26       0.08        5.52          0.08      0.03     240.00       1257
parinter_fld_mult         0.2209113E+00    0.07             1.78       0.12        8.06          0.12      0.01     219.00         82
icedyn_rdgrft             0.2207194E+00    0.07             1.86       0.12        8.41          0.50      0.01     240.00         12
sbc_isf_div               0.2057178E+00    0.06             2.73       0.18       13.27          0.11     -0.01     480.00       1296
zdf_mxl                   0.1724431E+00    0.05             1.12       0.07        6.50          0.07      0.03     240.00       1153
rab_2d                    0.1624251E+00    0.05             0.96       0.06        5.90          0.47     -0.00     240.00       1480
ice_strengh               0.1347414E+00    0.04             1.12       0.07        8.28          0.39      0.00     240.00       1496
nemogcmcoup_coupinit      0.1312802E+00    0.04             0.13       0.01        0.99          0.11      0.00       1.00        758
sbc_sglcpl_rcv            0.1275139E+00    0.04             0.93       0.06        7.32          0.77      0.00     240.00       1310
ssh_nxt                   0.1207911E+00    0.04             1.01       0.07        8.39          0.05      0.03     240.00       1462
tra_zdf                   0.1180333E+00    0.03             1.48       0.10       12.51          0.06      0.01     240.00       1365
eos-insitu                0.1060507E+00    0.03             0.90       0.06        8.44          0.04      0.02     240.00       1153
nemogcmcoup_wam_get       0.1006912E+00    0.03             0.81       0.05        8.02          0.08      0.00      24.00         69
parinter_read             0.9657386E-01    0.03             0.04       0.00        0.42          0.07      0.00       8.00        783
sbc_wstress               0.8869291E-01    0.03             0.70       0.05        7.94          0.40     -0.00     240.00       1647
ice_dyn                   0.8269016E-01    0.02             0.58       0.04        6.99          0.03      0.02     240.00        156
icedyn_adv                0.7160943E-01    0.02             0.75       0.05       10.49          0.03      0.02     240.00       1645
sbc_ssm                   0.7145967E-01    0.02             0.30       0.02        4.21          0.03      0.01     240.00        829
nemogcmcoup_wam_coupinit  0.5671153E-01    0.02             0.10       0.01        1.81          0.04      0.00       1.00        628
nemogcmcoup_lim2_update   0.4863339E-01    0.01             0.39       0.03        8.12          0.03      0.00      24.00       1271
icethd                    0.3417553E-01    0.01             0.13       0.01        3.84          0.02      0.00     240.00        829
nemogcmcoup_lim2_get      0.3340576E-01    0.01             0.28       0.02        8.47          0.02      0.00      25.00        871
scripremap_dealloc        0.3245645E-01    0.01             0.03       0.00        1.00          0.05      0.01       8.00        434
stp_nxt                   0.3146353E-01    0.01             0.40       0.03       12.58          0.01      0.01     240.00        829
nemogcmcoup_wam_update    0.3127369E-01    0.01             0.27       0.02        8.55          0.02      0.00      24.00         37
iceitd_rem                0.3092292E-01    0.01             0.43       0.03       13.83          0.06     -0.01     240.00       1518
stp_thermodyn             0.2271210E-01    0.01             0.10       0.01        4.43          0.01      0.00     240.00        829
zdf_drg                   0.2242379E-01    0.01             0.28       0.02       12.37          0.02     -0.00     240.00       1322
sbc_wave_sglexe           0.1851058E-01    0.01             0.20       0.01       10.83          0.01      0.00     240.00          0
stp_lateral               0.1469430E-01    0.00             0.09       0.01        5.89          0.01      0.00     240.00       1489
sbc_sglcpl_ice_flx        0.1294668E-01    0.00             0.21       0.01       16.35          0.01     -0.00     240.00        229
stp_diag                  0.1180925E-01    0.00             0.05       0.00        4.32          0.01      0.00     240.00        829
ice_dyn_adv_pra_icemax4D  0.1175104E-01    0.00             0.05       0.00        4.56          0.01     -0.01     480.00        350
dia_ar5                   0.1142374E-01    0.00             0.05       0.00        4.12          0.01      0.00     240.00        829
icealb                    0.1095082E-01    0.00             0.10       0.01        9.20          0.01     -0.01     480.00        598
iceitd_reb                0.1001122E-01    0.00             0.46       0.03       45.70          0.04     -0.01     480.00        231
ice_dyn_adv_pra_Hbig      0.6721183E-02    0.00             0.03       0.00        3.99          0.01     -0.00     240.00        186
nemogcmcoup_wam_update_s  0.6553540E-02    0.00             0.06       0.00        9.11          0.00      0.00      24.00       1291
dyn_adv                   0.6480574E-02    0.00             0.04       0.00        6.71          0.00      0.00     240.00        560
ssh_swp                   0.4069578E-02    0.00             0.13       0.01       32.14          0.01     -0.00     240.00        350
scripremap_alloc          0.3121563E-02    0.00             0.00       0.00        1.06          0.00      0.00       8.00        209
 
Maximum timing over all MPI tasks :
-----------------------------------
Section                   Elap. Time(s)  Elap. Time(%)  CPU Time(s)  CPU Time(%)  CPU/Elap      Freq      Max time task
nemo_init                 0.9784988E+02   28.93            48.63       3.24        0.50          1.00       1649
scripremap_read_sgl       0.2951692E+02    8.73            30.44       2.03        1.04          8.00       1463
stp_ctl                   0.2926231E+02    8.65            14.43       0.96        6.15        240.00       1648
icedyn_rhg                0.7109112E+01    2.10            43.93       2.92        7.08        240.00          0
zdf_phy                   0.5315492E+01    1.57            15.77       1.05        8.22        240.00        748
ldf_slp                   0.5173164E+01    1.53            20.59       1.37        7.97        240.00       1162
tra_qsr                   0.5072169E+01    1.50             4.93       0.33        1.26        240.00       1640
dyn_spg_ts                0.5038336E+01    1.49            33.76       2.25        7.94        240.00       1248
tra_nxt                   0.4956193E+01    1.47            14.48       0.96        8.01        240.00       1645
sbc_stokes                0.4700820E+01    1.39            25.17       1.68        7.77        240.00       1605
tra_adv_fct               0.4660289E+01    1.38            24.83       1.65        7.66        240.00       1042
sbc                       0.4647846E+01    1.37             8.01       0.53        2.96        240.00        595
nonosc                    0.4407487E+01    1.30            20.74       1.38        7.62        480.00       1160
iom_put_p3d_dp            0.3856258E+01    1.14            30.68       2.04        9.10       7440.00        478
tra_ldf_iso               0.3777419E+01    1.12            28.78       1.92        7.93        240.00        875
stp                       0.3606142E+01    1.07             6.06       0.40        2.04        240.00        333
parinter_init             0.3335695E+01    0.99             3.27       0.22        1.00          8.00          4
dyn_ldf                   0.3246885E+01    0.96            17.39       1.16        8.01        240.00       1647
icewri                    0.3015224E+01    0.89             5.58       0.37        7.52        240.00        498
zps_hde                   0.2977834E+01    0.88             4.28       0.28        7.80        240.00        887
icestp                    0.2705042E+01    0.80            11.97       0.80        7.48        240.00       1648
iceupdate_tau             0.2660012E+01    0.79             4.55       0.30        7.88        240.00        615
sbc_sglcpl_rcv            0.2591137E+01    0.77             0.93       0.06        7.32        240.00       1310
icecor                    0.2427743E+01    0.72             3.46       0.23        7.78        480.00          7
sbc_hbp                   0.2397413E+01    0.71             3.18       0.21        6.46        240.00       1648
eos2d                     0.2378983E+01    0.70             3.29       0.22        8.31        480.00        907
dyn_nxt                   0.2355096E+01    0.70            15.70       1.05        8.00        240.00       1570
dom_vvl_sf_swp            0.2319869E+01    0.69            15.60       1.04        7.81        240.00       1480
div_hor                   0.2233181E+01    0.66             4.73       0.31        6.69        480.00       1365
dom_vvl_sf_nxt            0.2219669E+01    0.66             9.43       0.63        7.76        480.00       1292
ice_dyn_adv_pra           0.2215241E+01    0.65            14.49       0.96        7.71        240.00       1638
sbc_rnf                   0.2182621E+01    0.65             2.02       0.13        2.90        240.00       1122
dyn_vor                   0.2137493E+01    0.63            14.90       0.99        7.91        240.00       1643
tra_bbl                   0.1832641E+01    0.54             2.91       0.19        5.89        240.00       1456
ice_thd_main              0.1796679E+01    0.53             2.40       0.16        8.18        240.00          2
tra_bbc                   0.1741522E+01    0.51             1.67       0.11        5.70        240.00       1509
icedyn_rdgrft             0.1685266E+01    0.50             1.86       0.12        8.41        240.00         12
dia_wri                   0.1639345E+01    0.48             8.85       0.59        7.03        240.00       1644
rab_2d                    0.1598457E+01    0.47             0.96       0.06        5.90        240.00       1480
day                       0.1585420E+01    0.47             1.36       0.09        5.32        240.00       1544
dom_hgr                   0.1481095E+01    0.44             2.04       0.14        1.55          1.00        746
sbc_wstress               0.1349814E+01    0.40             0.70       0.05        7.94        240.00       1647
ice_strengh               0.1329966E+01    0.39             1.12       0.07        8.28        240.00       1496
ice_thd_jllopp            0.1307648E+01    0.39             1.88       0.13        7.92        240.00       1518
zdf_tke_tke               0.1053029E+01    0.31             6.24       0.42        7.31        240.00       1126
dyn_zad                   0.1012840E+01    0.30             6.10       0.41        8.10        240.00       1293
zdf_tmx                   0.9262490E+00    0.27             3.09       0.21        7.24        240.00       1331
dyn_zdf                   0.9149776E+00    0.27             6.83       0.45        7.82        240.00       1540
tra_zdf_imp               0.8885069E+00    0.26             4.97       0.33        6.97        240.00       1310
wzv                       0.8730736E+00    0.26             5.37       0.36        8.28        480.00       1480
dyn_keg                   0.8583900E+00    0.25             5.05       0.34        8.13        240.00       1383
ice_dyn_adv_pra_adv_y     0.8545873E+00    0.25             5.91       0.39        8.97       3120.00        656
tra_adv                   0.7979103E+00    0.24             5.67       0.38        7.83        240.00       1648
zdf_ddm                   0.6537897E+00    0.19             3.88       0.26        7.74        240.00       1308
dyn_hpg                   0.6532935E+00    0.19             3.41       0.23        8.22        240.00       1645
ice_dyn_adv_pra_adv_x     0.6139449E+00    0.18             4.96       0.33       10.81       3120.00       1119
zdf_sh2                   0.5724462E+00    0.17             3.83       0.25        7.50        240.00        607
parinter_write            0.5632461E+00    0.17             0.04       0.00        0.13          8.00        791
bn2                       0.5586916E+00    0.17             3.84       0.26        8.43        480.00       1238
dia_hth                   0.5393427E+00    0.16             3.40       0.23        7.54        240.00       1648
zdf_tke_avn               0.5302281E+00    0.16             2.62       0.17        8.81        240.00       1141
tmx_itf                   0.5186938E+00    0.15             3.33       0.22        7.74        240.00       1022
iceupdate_flx             0.5065028E+00    0.15             0.75       0.05        2.74        240.00        829
tra_sbc                   0.5062887E+00    0.15             1.40       0.09        3.97        240.00       1009
stp_oceandyn              0.4664776E+00    0.14             3.31       0.22        8.93        240.00       1591
rab_3d                    0.4102862E+00    0.12             2.81       0.19        8.42        480.00        598
parinter_fld_mult         0.4101882E+00    0.12             1.78       0.12        8.06        219.00         82
eos-pot                   0.3902018E+00    0.12             2.45       0.16        8.35        506.00       1601
sbc_isf_div               0.3871763E+00    0.11             2.73       0.18       13.27        480.00       1296
nemogcmcoup_coupinit      0.3816865E+00    0.11             0.13       0.01        0.99          1.00        758
stp_tracers               0.3069175E+00    0.09             1.94       0.13        7.30        240.00        829
zdf_evd                   0.2747937E+00    0.08             1.26       0.08        5.52        240.00       1257
nemogcmcoup_wam_get       0.2675748E+00    0.08             0.81       0.05        8.02         24.00         69
parinter_read             0.2513872E+00    0.07             0.04       0.00        0.42          8.00        783
zdf_mxl                   0.2219837E+00    0.07             1.12       0.07        6.50        240.00       1153
tra_zdf                   0.1938466E+00    0.06             1.48       0.10       12.51        240.00       1365
iceitd_rem                0.1910131E+00    0.06             0.43       0.03       13.83        240.00       1518
ssh_nxt                   0.1681489E+00    0.05             1.01       0.07        8.39        240.00       1462
scripremap_dealloc        0.1562128E+00    0.05             0.03       0.00        1.00          8.00        434
eos-insitu                0.1457809E+00    0.04             0.90       0.06        8.44        240.00       1153
iom_put_pd2_dp            0.1334053E+00    0.04             1.82       0.12     *******      20928.00       1117
ice_thd_do                0.1210553E+00    0.04             0.06       0.00     *******        240.00       1546
iceitd_reb                0.1206768E+00    0.04             0.46       0.03       45.70        480.00        231
nemogcmcoup_wam_coupinit  0.1195274E+00    0.04             0.10       0.01        1.81          1.00        628
sbc_ssm                   0.1152110E+00    0.03             0.30       0.02        4.21        240.00        829
ice_dyn                   0.1046997E+00    0.03             0.58       0.04        6.99        240.00        156
icedyn_adv                0.1043733E+00    0.03             0.75       0.05       10.49        240.00       1645
nemogcmcoup_lim2_update   0.9996175E-01    0.03             0.39       0.03        8.12         24.00       1271
nemogcmcoup_wam_update    0.8441369E-01    0.02             0.27       0.02        8.55         24.00         37
zdf_drg                   0.7730428E-01    0.02             0.28       0.02       12.37        240.00       1322
icethd                    0.5617123E-01    0.02             0.13       0.01        3.84        240.00        829
nemogcmcoup_lim2_get      0.5311685E-01    0.02             0.28       0.02        8.47         25.00        871
icealb                    0.4740868E-01    0.01             0.10       0.01        9.20        480.00        598
stp_nxt                   0.4630184E-01    0.01             0.40       0.03       12.58        240.00        829
stp_thermodyn             0.3761285E-01    0.01             0.10       0.01        4.43        240.00        829
ice_dyn_adv_pra_icemax4D  0.3590377E-01    0.01             0.05       0.00        4.56        480.00        350
ice_dyn_adv_pra_Hbig      0.2960692E-01    0.01             0.03       0.00        3.99        240.00        186
sbc_wave_sglexe           0.2951141E-01    0.01             0.20       0.01       10.83        240.00          0
sbc_sglcpl_ice_flx        0.2542496E-01    0.01             0.21       0.01       16.35        240.00        229
ice_dyn_adv_pra_icemax3D  0.2285794E-01    0.01             0.02       0.00     *******        960.00       1117
stp_lateral               0.2219266E-01    0.01             0.09       0.01        5.89        240.00       1489
zdf_drg_exp               0.1906205E-01    0.01             0.01       0.00     *******        240.00       1293
stp_diag                  0.1904750E-01    0.01             0.05       0.00        4.32        240.00        829
dia_ar5                   0.1876134E-01    0.01             0.05       0.00        4.12        240.00        829
ssh_swp                   0.1703452E-01    0.01             0.13       0.01       32.14        240.00        350
nemogcmcoup_wam_update_s  0.1082151E-01    0.00             0.06       0.00        9.11         24.00       1291
dyn_adv                   0.7792573E-02    0.00             0.04       0.00        6.71        240.00        560
icesbc                    0.6526397E-02    0.00             0.15       0.01      257.02        480.00       1117
scripremap_alloc          0.6522257E-02    0.00             0.00       0.00        1.06          8.00        209
sbc_sglcpl_ice_init       0.5435269E-02    0.00             0.00       0.00        2.47          1.00        686
tra_ldf                   0.5263682E-02    0.00             0.19       0.01     *******        240.00       1399
eos_pt_from_ct            0.4782870E-02    0.00             0.01       0.00     *******        266.00        744
sbc_sglcpl_ice_tau        0.3802411E-02    0.00             0.04       0.00     *******        240.00       1117
zdf_mxl_zint              0.3385035E-02    0.00             0.33       0.02     *******        240.00       1399
dyn_spg                   0.1916423E-02    0.00             0.02       0.00     *******        240.00       1296
scripgrid_alloc           0.1700163E-02    0.00             0.00       0.00        3.19         16.00        762
stp_vertical              0.1205165E-02    0.00             0.02       0.00     *******        240.00       1296
sbc_rnf_div               0.1092501E-02    0.00             0.03       0.00     *******        480.00       1296
 
Averaged CPU time on all processors :
-------------------------------------
Section                   CPU Time(s)  CPU Time(%)    Elap. Time(s) Elap. Time(%) CPU/Elap
nemo_init                 0.4863015E+02    3.24            96.89      28.65        0.50
icedyn_rhg                0.4392636E+02    2.92             6.20       1.83        7.08
dyn_spg_ts                0.3375528E+02    2.25             4.25       1.26        7.94
iom_put_p3d_dp            0.3068427E+02    2.04             3.37       1.00        9.10
scripremap_read_sgl       0.3044008E+02    2.03            29.30       8.66        1.04
tra_ldf_iso               0.2878180E+02    1.92             3.63       1.07        7.93
sbc_stokes                0.2517191E+02    1.68             3.24       0.96        7.77
tra_adv_fct               0.2482802E+02    1.65             3.24       0.96        7.66
nonosc                    0.2074390E+02    1.38             2.72       0.81        7.62
ldf_slp                   0.2058613E+02    1.37             2.58       0.76        7.97
dyn_ldf                   0.1739032E+02    1.16             2.17       0.64        8.01
zdf_phy                   0.1577121E+02    1.05             1.92       0.57        8.22
dyn_nxt                   0.1570144E+02    1.05             1.96       0.58        8.00
dom_vvl_sf_swp            0.1560267E+02    1.04             2.00       0.59        7.81
dyn_vor                   0.1489518E+02    0.99             1.88       0.56        7.91
ice_dyn_adv_pra           0.1449294E+02    0.96             1.88       0.56        7.71
tra_nxt                   0.1448289E+02    0.96             1.81       0.53        8.01
stp_ctl                   0.1443341E+02    0.96             2.35       0.69        6.15
icestp                    0.1196598E+02    0.80             1.60       0.47        7.48
dom_vvl_sf_nxt            0.9428223E+01    0.63             1.21       0.36        7.76
dia_wri                   0.8845483E+01    0.59             1.26       0.37        7.03
sbc                       0.8013881E+01    0.53             2.70       0.80        2.96
dyn_zdf                   0.6826429E+01    0.45             0.87       0.26        7.82
zdf_tke_tke               0.6244830E+01    0.42             0.85       0.25        7.31
dyn_zad                   0.6103313E+01    0.41             0.75       0.22        8.10
stp                       0.6059237E+01    0.40             2.97       0.88        2.04
ice_dyn_adv_pra_adv_y     0.5911266E+01    0.39             0.66       0.19        8.97
tra_adv                   0.5666231E+01    0.38             0.72       0.21        7.83
icewri                    0.5584183E+01    0.37             0.74       0.22        7.52
wzv                       0.5367772E+01    0.36             0.65       0.19        8.28
dyn_keg                   0.5047080E+01    0.34             0.62       0.18        8.13
tra_zdf_imp               0.4973813E+01    0.33             0.71       0.21        6.97
ice_dyn_adv_pra_adv_x     0.4958831E+01    0.33             0.46       0.14       10.81
tra_qsr                   0.4930944E+01    0.33             3.92       1.16        1.26
div_hor                   0.4726868E+01    0.31             0.71       0.21        6.69
iceupdate_tau             0.4553912E+01    0.30             0.58       0.17        7.88
zps_hde                   0.4279843E+01    0.28             0.55       0.16        7.80
zdf_ddm                   0.3875102E+01    0.26             0.50       0.15        7.74
bn2                       0.3841969E+01    0.26             0.46       0.13        8.43
zdf_sh2                   0.3829327E+01    0.25             0.51       0.15        7.50
icecor                    0.3458328E+01    0.23             0.44       0.13        7.78
dyn_hpg                   0.3411478E+01    0.23             0.41       0.12        8.22
dia_hth                   0.3398605E+01    0.23             0.45       0.13        7.54
tmx_itf                   0.3331036E+01    0.22             0.43       0.13        7.74
stp_oceandyn              0.3312628E+01    0.22             0.37       0.11        8.93
eos2d                     0.3291610E+01    0.22             0.40       0.12        8.31
parinter_init             0.3273925E+01    0.22             3.28       0.97        1.00
sbc_hbp                   0.3182345E+01    0.21             0.49       0.15        6.46
zdf_tmx                   0.3091712E+01    0.21             0.43       0.13        7.24
tra_bbl                   0.2912562E+01    0.19             0.49       0.15        5.89
rab_3d                    0.2805980E+01    0.19             0.33       0.10        8.42
sbc_isf_div               0.2730249E+01    0.18             0.21       0.06       13.27
zdf_tke_avn               0.2620599E+01    0.17             0.30       0.09        8.81
eos-pot                   0.2446178E+01    0.16             0.29       0.09        8.35
ice_thd_main              0.2403079E+01    0.16             0.29       0.09        8.18
dom_hgr                   0.2041142E+01    0.14             1.31       0.39        1.55
sbc_rnf                   0.2017078E+01    0.13             0.69       0.21        2.90
stp_tracers               0.1935059E+01    0.13             0.26       0.08        7.30
ice_thd_jllopp            0.1882759E+01    0.13             0.24       0.07        7.92
icedyn_rdgrft             0.1856989E+01    0.12             0.22       0.07        8.41
parinter_fld_mult         0.1780369E+01    0.12             0.22       0.07        8.06
tra_bbc                   0.1674857E+01    0.11             0.29       0.09        5.70
tra_zdf                   0.1476884E+01    0.10             0.12       0.03       12.51
tra_sbc                   0.1397464E+01    0.09             0.35       0.10        3.97
day                       0.1361837E+01    0.09             0.26       0.08        5.32
zdf_evd                   0.1262056E+01    0.08             0.23       0.07        5.52
zdf_mxl                   0.1120951E+01    0.07             0.17       0.05        6.50
ice_strengh               0.1115954E+01    0.07             0.13       0.04        8.28
ssh_nxt                   0.1013890E+01    0.07             0.12       0.04        8.39
rab_2d                    0.9585003E+00    0.06             0.16       0.05        5.90
sbc_sglcpl_rcv            0.9331528E+00    0.06             0.13       0.04        7.32
eos-insitu                0.8950444E+00    0.06             0.11       0.03        8.44
nemogcmcoup_wam_get       0.8073034E+00    0.05             0.10       0.03        8.02
icedyn_adv                0.7511812E+00    0.05             0.07       0.02       10.49
iceupdate_flx             0.7503445E+00    0.05             0.27       0.08        2.74
sbc_wstress               0.7044099E+00    0.05             0.09       0.03        7.94
ice_dyn                   0.5777733E+00    0.04             0.08       0.02        6.99
iceitd_reb                0.4575538E+00    0.03             0.01       0.00       45.70
iceitd_rem                0.4276414E+00    0.03             0.03       0.01       13.83
stp_nxt                   0.3958465E+00    0.03             0.03       0.01       12.58
nemogcmcoup_lim2_update   0.3946992E+00    0.03             0.05       0.01        8.12
sbc_ssm                   0.3007344E+00    0.02             0.07       0.02        4.21
nemogcmcoup_lim2_get      0.2829045E+00    0.02             0.03       0.01        8.47
zdf_drg                   0.2773371E+00    0.02             0.02       0.01       12.37
nemogcmcoup_wam_update    0.2673939E+00    0.02             0.03       0.01        8.55
sbc_sglcpl_ice_flx        0.2116543E+00    0.01             0.01       0.00       16.35
sbc_wave_sglexe           0.2004019E+00    0.01             0.02       0.01       10.83
icethd                    0.1312116E+00    0.01             0.03       0.01        3.84
ssh_swp                   0.1307800E+00    0.01             0.00       0.00       32.14
nemogcmcoup_coupinit      0.1299110E+00    0.01             0.13       0.04        0.99
nemogcmcoup_wam_coupinit  0.1027631E+00    0.01             0.06       0.02        1.81
icealb                    0.1007381E+00    0.01             0.01       0.00        9.20
stp_thermodyn             0.1005075E+00    0.01             0.02       0.01        4.43
stp_lateral               0.8656213E-01    0.01             0.01       0.00        5.89
nemogcmcoup_wam_update_s  0.5972209E-01    0.00             0.01       0.00        9.11
ice_dyn_adv_pra_icemax4D  0.5359291E-01    0.00             0.01       0.00        4.56
stp_diag                  0.5104121E-01    0.00             0.01       0.00        4.32
dia_ar5                   0.4712076E-01    0.00             0.01       0.00        4.12
parinter_write            0.4438768E-01    0.00             0.34       0.10        0.13
dyn_adv                   0.4351662E-01    0.00             0.01       0.00        6.71
parinter_read             0.4055174E-01    0.00             0.10       0.03        0.42
scripremap_dealloc        0.3243829E-01    0.00             0.03       0.01        1.00
ice_dyn_adv_pra_Hbig      0.2681418E-01    0.00             0.01       0.00        3.99
scripremap_alloc          0.3302760E-02    0.00             0.00       0.00        1.06
 
Averaged inclusive timing on all processors :
---------------------------------------------
Section                   Elap. Time(s)  Elap. Time(%)  CPU Time(s)  CPU Time(%)  CPU/Elap Max elap(%)  Min elap(%)  Freq      Max time task
nemo_init                 0.9820250E+02   29.04            50.67       3.37        0.52         28.93     28.59       1.00       1649
stp                       0.7962281E+02   23.54           554.03      36.89        6.96          1.07      0.60     240.00        333
scripremap_read_sgl       0.2930409E+02    8.66            30.44       2.03        1.04          8.73      8.62       8.00       1463
nemogcmcoup_coupinit      0.2465249E+02    7.29            24.28       1.62        0.99          0.11      0.00       1.00        758
sbc                       0.2181297E+02    6.45           149.64       9.96        6.86          1.37      0.25     240.00        595
stp_tracers               0.1676756E+02    4.96           101.20       6.74        6.04          0.09      0.06     240.00        829
stp_oceandyn              0.1446217E+02    4.28           115.16       7.67        7.96          0.14      0.08     240.00       1591
icestp                    0.1418166E+02    4.19           106.61       7.10        7.52          0.80      0.37     240.00       1648
ice_dyn                   0.1001164E+02    2.96            74.11       4.93        7.40          0.03      0.02     240.00        156
nemogcmcoup_wam_coupinit  0.8596225E+01    2.54             9.78       0.65        1.14          0.04      0.00       1.00        628
tra_adv                   0.6782352E+01    2.01            51.93       3.46        7.66          0.24      0.15     240.00       1648
icedyn_rhg                0.6347587E+01    1.88            45.04       3.00        7.10          2.10      0.65     240.00          0
tra_adv_fct               0.5983054E+01    1.77            45.57       3.03        7.62          1.38      0.64     240.00       1042
stp_nxt                   0.5836840E+01    1.73            46.31       3.08        7.93          0.01      0.01     240.00        829
zdf_phy                   0.5505846E+01    1.63            43.21       2.88        7.85          1.57      0.26     240.00        748
stp_diag                  0.5106374E+01    1.51            40.73       2.71        7.98          0.01      0.00     240.00        829
dia_wri                   0.4614073E+01    1.36            36.81       2.45        7.98          0.48      0.31     240.00       1644
dyn_spg_ts                0.4240305E+01    1.25            33.81       2.25        7.97          1.49      0.52     240.00       1248
tra_qsr                   0.3925196E+01    1.16             4.93       0.33        1.26          1.50      0.73     240.00       1640
stp_lateral               0.3686898E+01    1.09            29.14       1.94        7.90          0.01      0.00     240.00       1489
tra_ldf_iso               0.3636318E+01    1.08            28.78       1.92        7.92          1.12      0.38     240.00        875
iom_put_p3d_dp            0.3570027E+01    1.06            30.68       2.04        8.59          1.14      0.84    7440.00        478
sbc_wave_sglexe           0.3344538E+01    0.99            26.18       1.74        7.83          0.01      0.00     240.00          0
sbc_stokes                0.3319613E+01    0.98            25.98       1.73        7.83          1.39      0.16     240.00       1605
icedyn_adv                0.3290125E+01    0.97            26.22       1.75        7.97          0.03      0.02     240.00       1645
parinter_init             0.3285149E+01    0.97             3.27       0.22        1.00          0.99      0.95       8.00          4
ice_dyn_adv_pra           0.3212102E+01    0.95            25.47       1.70        7.93          0.65      0.24     240.00       1638
nonosc                    0.2736623E+01    0.81            20.74       1.38        7.58          1.30      0.47     480.00       1160
ldf_slp                   0.2589463E+01    0.77            20.59       1.37        7.95          1.53      0.44     240.00       1162
stp_ctl                   0.2353437E+01    0.70            14.43       0.96        6.13          8.65      0.46     240.00       1648
dyn_ldf                   0.2176730E+01    0.64            17.39       1.16        7.99          0.96      0.60     240.00       1647
dom_vvl_sf_swp            0.2005133E+01    0.59            15.60       1.04        7.78          0.69      0.41     240.00       1480
dyn_nxt                   0.1968657E+01    0.58            15.70       1.05        7.98          0.70      0.32     240.00       1570
dyn_vor                   0.1888938E+01    0.56            14.90       0.99        7.89          0.63      0.32     240.00       1643
tra_nxt                   0.1814690E+01    0.54            14.48       0.96        7.98          1.47      0.34     240.00       1645
dyn_adv                   0.1399861E+01    0.41            11.19       0.75        8.00          0.00      0.00     240.00        560
dom_hgr                   0.1313421E+01    0.39             2.04       0.14        1.55          0.44      0.10       1.00        746
dom_vvl_sf_nxt            0.1227338E+01    0.36             9.43       0.63        7.68          0.66      0.22     480.00       1292
icethd                    0.1050879E+01    0.31             8.41       0.56        8.00          0.02      0.00     240.00        829
zps_hde                   0.9638614E+00    0.28             7.57       0.50        7.86          0.88      0.02     240.00        887
div_hor                   0.9290581E+00    0.27             7.49       0.50        8.06          0.66      0.11     480.00       1365
zdf_tmx                   0.8980977E+00    0.27             6.80       0.45        7.57          0.27      0.04     240.00       1331
dyn_zdf                   0.8840428E+00    0.26             6.83       0.46        7.73          0.27      0.14     240.00       1540
zdf_tke_tke               0.8611638E+00    0.25             6.24       0.42        7.25          0.31      0.09     240.00       1126
tra_zdf                   0.8443362E+00    0.25             6.45       0.43        7.64          0.06      0.01     240.00       1365
stp_thermodyn             0.8438184E+00    0.25             6.75       0.45        8.00          0.01      0.00     240.00        829
icewri                    0.7684370E+00    0.23             6.16       0.41        8.02          0.89      0.05     240.00        498
dyn_zad                   0.7597776E+00    0.22             6.10       0.41        8.03          0.30      0.18     240.00       1293
ice_dyn_adv_pra_adv_y     0.7424656E+00    0.22             5.91       0.39        7.96          0.25      0.14    3120.00        656
tra_zdf_imp               0.7198889E+00    0.21             4.97       0.33        6.91          0.26      0.09     240.00       1310
sbc_rnf                   0.6960933E+00    0.21             2.02       0.13        2.91          0.65      0.03     240.00       1122
wzv                       0.6611109E+00    0.20             5.37       0.36        8.12          0.26      0.16     480.00       1480
sbc_hbp                   0.6591500E+00    0.19             4.57       0.30        6.93          0.71      0.06     240.00       1648
tra_bbl                   0.6487676E+00    0.19             3.89       0.26        6.00          0.54      0.03     240.00       1456
dyn_keg                   0.6271884E+00    0.19             5.05       0.34        8.05          0.25      0.14     240.00       1383
ssh_nxt                   0.6125844E+00    0.18             4.93       0.33        8.04          0.05      0.03     240.00       1462
iceupdate_tau             0.5846346E+00    0.17             4.55       0.30        7.79          0.79     -0.00     240.00        615
ice_dyn_adv_pra_adv_x     0.5421193E+00    0.16             4.96       0.33        9.15          0.18      0.08    3120.00       1119
zdf_sh2                   0.5171699E+00    0.15             3.83       0.25        7.40          0.17      0.05     240.00        607
zdf_ddm                   0.5072339E+00    0.15             3.88       0.26        7.64          0.19      0.11     240.00       1308
icecor                    0.4801410E+00    0.14             3.92       0.26        8.16          0.72      0.02     480.00          7
dia_hth                   0.4727150E+00    0.14             3.81       0.25        8.06          0.16      0.12     240.00       1648
bn2                       0.4687614E+00    0.14             3.84       0.26        8.20          0.17      0.03     480.00       1238
tmx_itf                   0.4369816E+00    0.13             3.33       0.22        7.62          0.15      0.06     240.00       1022
dyn_hpg                   0.4214132E+00    0.12             3.41       0.23        8.10          0.19      0.10     240.00       1645
eos2d                     0.4086995E+00    0.12             3.29       0.22        8.05          0.70     -0.00     480.00        907
tra_sbc                   0.3579927E+00    0.11             1.40       0.09        3.90          0.15      0.02     240.00       1009
rab_3d                    0.3459308E+00    0.10             2.81       0.19        8.11          0.12      0.05     480.00        598
parinter_write            0.3425228E+00    0.10             0.04       0.00        0.13          0.17      0.03       8.00        791
eos-pot                   0.3064307E+00    0.09             2.45       0.16        7.98          0.12      0.05     506.00       1601
zdf_tke_avn               0.3037318E+00    0.09             2.62       0.17        8.63          0.16      0.04     240.00       1141
ice_thd_main              0.3002878E+00    0.09             2.40       0.16        8.00          0.53     -0.00     240.00          2
tra_bbc                   0.2957895E+00    0.09             1.69       0.11        5.70          0.51      0.02     240.00       1509
zdf_evd                   0.2884052E+00    0.09             2.34       0.16        8.13          0.08      0.03     240.00       1257
day                       0.2623979E+00    0.08             1.36       0.09        5.19          0.47      0.01     240.00       1544
ice_thd_jllopp            0.2442712E+00    0.07             1.88       0.13        7.71          0.39     -0.01     240.00       1518
icedyn_rdgrft             0.2271335E+00    0.07             1.86       0.12        8.18          0.50      0.01     240.00         12
parinter_fld_mult         0.2267641E+00    0.07             1.78       0.12        7.85          0.12      0.01     219.00         82
sbc_isf_div               0.2185460E+00    0.06             2.73       0.18       12.49          0.11     -0.01     480.00       1296
nemogcmcoup_wam_get       0.1772118E+00    0.05             1.41       0.09        7.97          0.08      0.00      24.00         69
zdf_mxl                   0.1766022E+00    0.05             1.45       0.10        8.19          0.07      0.03     240.00       1153
rab_2d                    0.1688392E+00    0.05             0.96       0.06        5.68          0.47     -0.00     240.00       1480
ice_strengh               0.1411555E+00    0.04             1.12       0.07        7.91          0.39      0.00     240.00       1496
sbc_sglcpl_rcv            0.1289106E+00    0.04             0.94       0.06        7.30          0.77      0.00     240.00       1310
iceupdate_flx             0.1160543E+00    0.03             0.97       0.06        8.38          0.15      0.03     240.00        829
eos-insitu                0.1124648E+00    0.03             0.90       0.06        7.96          0.04      0.02     240.00       1153
nemogcmcoup_lim2_update   0.1027469E+00    0.03             0.82       0.05        8.01          0.03      0.00      24.00       1271
parinter_read             0.9678767E-01    0.03             0.04       0.00        0.42          0.07      0.00       8.00        783
sbc_wstress               0.9510699E-01    0.03             0.70       0.05        7.41          0.40     -0.00     240.00       1647
nemogcmcoup_lim2_get      0.7101483E-01    0.02             0.56       0.04        7.87          0.02      0.00      25.00        871
nemogcmcoup_wam_update    0.6030671E-01    0.02             0.49       0.03        8.07          0.02      0.00      24.00         37
sbc_ssm                   0.4179282E-01    0.01             0.38       0.03        9.11          0.03      0.01     240.00        829
iceitd_rem                0.3733700E-01    0.01             0.43       0.03       11.45          0.06     -0.01     240.00       1518
scripremap_dealloc        0.3211203E-01    0.01             0.03       0.00        0.99          0.05      0.01       8.00        434
zdf_drg                   0.2883787E-01    0.01             0.28       0.02        9.62          0.02     -0.00     240.00       1322
ice_dyn_adv_pra_icemax4D  0.2457919E-01    0.01             0.05       0.00        2.18          0.01     -0.01     480.00        350
icealb                    0.2377897E-01    0.01             0.10       0.01        4.24          0.01     -0.01     480.00        598
iceitd_reb                0.2283937E-01    0.01             0.46       0.03       20.03          0.04     -0.01     480.00        231
sbc_sglcpl_ice_flx        0.1855874E-01    0.01             0.21       0.01       11.57          0.01     -0.00     240.00        229
ice_dyn_adv_pra_Hbig      0.1313526E-01    0.00             0.03       0.00        2.04          0.01     -0.00     240.00        186
nemogcmcoup_wam_update_s  0.1050061E-01    0.00             0.09       0.01        8.52          0.00      0.00      24.00       1291
ssh_swp                   0.1048365E-01    0.00             0.13       0.01       12.47          0.01     -0.00     240.00        350
scripremap_alloc          0.3980874E-02    0.00             0.00       0.00        1.00          0.00      0.00       8.00        209
dia_ar5                   0.1362403E-02    0.00             0.06       0.00       42.79          0.01      0.00     240.00        829
 
Averaged inclusive CPU time on all processors :
-----------------------------------------------
Section                   CPU Time(s)  CPU Time(%)    Elap. Time(s) Elap. Time(%) CPU/Elap
stp                       0.6059237E+01    0.40             2.97       0.88        2.04
sbc                       0.8013881E+01    0.53             2.70       0.80        2.96
stp_oceandyn              0.3312628E+01    0.22             0.37       0.11        8.93
icestp                    0.1196598E+02    0.80             1.60       0.47        7.48
stp_tracers               0.1935059E+01    0.13             0.26       0.08        7.30
ice_dyn                   0.5777733E+00    0.04             0.08       0.02        6.99
tra_adv                   0.5666231E+01    0.38             0.72       0.21        7.83
nemo_init                 0.4863015E+02    3.24            96.89      28.65        0.50
stp_nxt                   0.3958465E+00    0.03             0.03       0.01       12.58
tra_adv_fct               0.2482802E+02    1.65             3.24       0.96        7.66
icedyn_rhg                0.4392636E+02    2.92             6.20       1.83        7.08
zdf_phy                   0.1577121E+02    1.05             1.92       0.57        8.22
stp_diag                  0.5104121E-01    0.00             0.01       0.00        4.32
dia_wri                   0.8845483E+01    0.59             1.26       0.37        7.03
dyn_spg_ts                0.3375528E+02    2.25             4.25       1.26        7.94
iom_put_p3d_dp            0.3068427E+02    2.04             3.37       1.00        9.10
scripremap_read_sgl       0.3044008E+02    2.03            29.30       8.66        1.04
stp_lateral               0.8656213E-01    0.01             0.01       0.00        5.89
tra_ldf_iso               0.2878180E+02    1.92             3.63       1.07        7.93
icedyn_adv                0.7511812E+00    0.05             0.07       0.02       10.49
sbc_wave_sglexe           0.2004019E+00    0.01             0.02       0.01       10.83
sbc_stokes                0.2517191E+02    1.68             3.24       0.96        7.77
ice_dyn_adv_pra           0.1449294E+02    0.96             1.88       0.56        7.71
nemogcmcoup_coupinit      0.1299110E+00    0.01             0.13       0.04        0.99
nonosc                    0.2074390E+02    1.38             2.72       0.81        7.62
ldf_slp                   0.2058613E+02    1.37             2.58       0.76        7.97
dyn_ldf                   0.1739032E+02    1.16             2.17       0.64        8.01
dyn_nxt                   0.1570144E+02    1.05             1.96       0.58        8.00
dom_vvl_sf_swp            0.1560267E+02    1.04             2.00       0.59        7.81
dyn_vor                   0.1489518E+02    0.99             1.88       0.56        7.91
tra_nxt                   0.1448289E+02    0.96             1.81       0.53        8.01
stp_ctl                   0.1443341E+02    0.96             2.35       0.69        6.15
dyn_adv                   0.4351662E-01    0.00             0.01       0.00        6.71
nemogcmcoup_wam_coupinit  0.1027631E+00    0.01             0.06       0.02        1.81
dom_vvl_sf_nxt            0.9428223E+01    0.63             1.21       0.36        7.76
icethd                    0.1312116E+00    0.01             0.03       0.01        3.84
zps_hde                   0.4279843E+01    0.28             0.55       0.16        7.80
div_hor                   0.4726868E+01    0.31             0.71       0.21        6.69
dyn_zdf                   0.6826429E+01    0.45             0.87       0.26        7.82
zdf_tmx                   0.3091712E+01    0.21             0.43       0.13        7.24
stp_thermodyn             0.1005075E+00    0.01             0.02       0.01        4.43
tra_zdf                   0.1476884E+01    0.10             0.12       0.03       12.51
zdf_tke_tke               0.6244830E+01    0.42             0.85       0.25        7.31
icewri                    0.5584183E+01    0.37             0.74       0.22        7.52
dyn_zad                   0.6103313E+01    0.41             0.75       0.22        8.10
ice_dyn_adv_pra_adv_y     0.5911266E+01    0.39             0.66       0.19        8.97
wzv                       0.5367772E+01    0.36             0.65       0.19        8.28
dyn_keg                   0.5047080E+01    0.34             0.62       0.18        8.13
tra_zdf_imp               0.4973813E+01    0.33             0.71       0.21        6.97
ice_dyn_adv_pra_adv_x     0.4958831E+01    0.33             0.46       0.14       10.81
tra_qsr                   0.4930944E+01    0.33             3.92       1.16        1.26
ssh_nxt                   0.1013890E+01    0.07             0.12       0.04        8.39
sbc_hbp                   0.3182345E+01    0.21             0.49       0.15        6.46
iceupdate_tau             0.4553912E+01    0.30             0.58       0.17        7.88
icecor                    0.3458328E+01    0.23             0.44       0.13        7.78
tra_bbl                   0.2912562E+01    0.19             0.49       0.15        5.89
zdf_ddm                   0.3875102E+01    0.26             0.50       0.15        7.74
bn2                       0.3841969E+01    0.26             0.46       0.13        8.43
zdf_sh2                   0.3829327E+01    0.25             0.51       0.15        7.50
dia_hth                   0.3398605E+01    0.23             0.45       0.13        7.54
dyn_hpg                   0.3411478E+01    0.23             0.41       0.12        8.22
tmx_itf                   0.3331036E+01    0.22             0.43       0.13        7.74
eos2d                     0.3291610E+01    0.22             0.40       0.12        8.31
parinter_init             0.3273925E+01    0.22             3.28       0.97        1.00
rab_3d                    0.2805980E+01    0.19             0.33       0.10        8.42
sbc_isf_div               0.2730249E+01    0.18             0.21       0.06       13.27
zdf_tke_avn               0.2620599E+01    0.17             0.30       0.09        8.81
eos-pot                   0.2446178E+01    0.16             0.29       0.09        8.35
ice_thd_main              0.2403079E+01    0.16             0.29       0.09        8.18
zdf_evd                   0.1262056E+01    0.08             0.23       0.07        5.52
dom_hgr                   0.2041142E+01    0.14             1.31       0.39        1.55
sbc_rnf                   0.2017078E+01    0.13             0.69       0.21        2.90
ice_thd_jllopp            0.1882759E+01    0.13             0.24       0.07        7.92
icedyn_rdgrft             0.1856989E+01    0.12             0.22       0.07        8.41
parinter_fld_mult         0.1780369E+01    0.12             0.22       0.07        8.06
tra_bbc                   0.1674857E+01    0.11             0.29       0.09        5.70
zdf_mxl                   0.1120951E+01    0.07             0.17       0.05        6.50
nemogcmcoup_wam_get       0.8073034E+00    0.05             0.10       0.03        8.02
tra_sbc                   0.1397464E+01    0.09             0.35       0.10        3.97
day                       0.1361837E+01    0.09             0.26       0.08        5.32
ice_strengh               0.1115954E+01    0.07             0.13       0.04        8.28
iceupdate_flx             0.7503445E+00    0.05             0.27       0.08        2.74
rab_2d                    0.9585003E+00    0.06             0.16       0.05        5.90
sbc_sglcpl_rcv            0.9331528E+00    0.06             0.13       0.04        7.32
eos-insitu                0.8950444E+00    0.06             0.11       0.03        8.44
nemogcmcoup_lim2_update   0.3946992E+00    0.03             0.05       0.01        8.12
sbc_wstress               0.7044099E+00    0.05             0.09       0.03        7.94
nemogcmcoup_lim2_get      0.2829045E+00    0.02             0.03       0.01        8.47
nemogcmcoup_wam_update    0.2673939E+00    0.02             0.03       0.01        8.55
iceitd_reb                0.4575538E+00    0.03             0.01       0.00       45.70
iceitd_rem                0.4276414E+00    0.03             0.03       0.01       13.83
sbc_ssm                   0.3007344E+00    0.02             0.07       0.02        4.21
zdf_drg                   0.2773371E+00    0.02             0.02       0.01       12.37
sbc_sglcpl_ice_flx        0.2116543E+00    0.01             0.01       0.00       16.35
ssh_swp                   0.1307800E+00    0.01             0.00       0.00       32.14
icealb                    0.1007381E+00    0.01             0.01       0.00        9.20
nemogcmcoup_wam_update_s  0.5972209E-01    0.00             0.01       0.00        9.11
dia_ar5                   0.4712076E-01    0.00             0.01       0.00        4.12
ice_dyn_adv_pra_icemax4D  0.5359291E-01    0.00             0.01       0.00        4.56
parinter_write            0.4438768E-01    0.00             0.34       0.10        0.13
parinter_read             0.4055174E-01    0.00             0.10       0.03        0.42
scripremap_dealloc        0.3243829E-01    0.00             0.03       0.01        1.00
ice_dyn_adv_pra_Hbig      0.2681418E-01    0.00             0.01       0.00        3.99
scripremap_alloc          0.3302760E-02    0.00             0.00       0.00        1.06
 
 MPI summary report :
 --------------------

 Process Rank | Elapsed Time (s) | CPU Time (s) | Ratio CPU/Elapsed
 -------------|------------------|--------------|------------------
         0    |     338.219      |    1492.779  |      4.414
         1    |     338.220      |    1519.096  |      4.491
         2    |     338.220      |    1523.201  |      4.504
         3    |     338.219      |    1523.703  |      4.505
         4    |     338.220      |    1527.480  |      4.516
         5    |     338.220      |    1527.245  |      4.516
         6    |     338.221      |    1527.437  |      4.516
         7    |     338.220      |    1526.896  |      4.515
         8    |     338.220      |    1528.477  |      4.519
         9    |     338.221      |    1522.787  |      4.502
        10    |     338.220      |    1524.203  |      4.507
        11    |     338.221      |    1523.574  |      4.505
        12    |     338.220      |    1528.755  |      4.520
        13    |     338.220      |    1528.916  |      4.520
        14    |     338.219      |    1520.071  |      4.494
        15    |     338.220      |    1522.306  |      4.501
        16    |     338.221      |    1521.935  |      4.500
        17    |     338.221      |    1521.168  |      4.498
        18    |     338.221      |    1526.677  |      4.514
        19    |     338.220      |    1528.407  |      4.519
        20    |     338.220      |    1531.078  |      4.527
        21    |     338.220      |    1530.878  |      4.526
        22    |     338.220      |    1529.513  |      4.522
        23    |     338.220      |    1528.082  |      4.518
        24    |     338.221      |    1527.795  |      4.517
        25    |     338.220      |    1527.310  |      4.516
        26    |     338.220      |    1529.464  |      4.522
        27    |     338.219      |    1531.708  |      4.529
        28    |     338.221      |    1516.236  |      4.483
        29    |     338.220      |    1517.184  |      4.486
        30    |     338.220      |    1518.980  |      4.491
        31    |     338.220      |    1518.366  |      4.489
        32    |     338.220      |    1520.741  |      4.496
        33    |     338.221      |    1521.283  |      4.498
        34    |     338.220      |    1529.792  |      4.523
        35    |     338.219      |    1529.430  |      4.522
        36    |     338.220      |    1528.697  |      4.520
        37    |     338.220      |    1529.136  |      4.521
        38    |     338.220      |    1530.442  |      4.525
        39    |     338.220      |    1531.100  |      4.527
        40    |     338.221      |    1531.207  |      4.527
        41    |     338.220      |    1533.324  |      4.534
        42    |     338.221      |    1526.942  |      4.515
        43    |     338.220      |    1518.654  |      4.490
        44    |     338.219      |    1519.479  |      4.493
        45    |     338.219      |    1512.332  |      4.471
        46    |     338.220      |    1511.866  |      4.470
        47    |     338.220      |    1512.377  |      4.472
        48    |     338.220      |    1515.104  |      4.480
        49    |     338.220      |    1515.453  |      4.481
        50    |     338.220      |    1513.863  |      4.476
        51    |     338.220      |    1515.667  |      4.481
        52    |     338.220      |    1525.822  |      4.511
        53    |     338.220      |    1526.700  |      4.514
        54    |     338.220      |    1527.292  |      4.516
        55    |     338.220      |    1525.710  |      4.511
        56    |     338.220      |    1507.631  |      4.458
        57    |     338.221      |    1508.250  |      4.459
        58    |     338.221      |    1506.882  |      4.455
        59    |     338.220      |    1506.586  |      4.454
        60    |     338.220      |    1508.399  |      4.460
        61    |     338.220      |    1507.802  |      4.458
        62    |     338.220      |    1509.542  |      4.463
        63    |     338.220      |    1509.724  |      4.464
        64    |     338.220      |    1509.774  |      4.464
        65    |     338.220      |    1509.543  |      4.463
        66    |     338.220      |    1516.611  |      4.484
        67    |     338.221      |    1515.825  |      4.482
        68    |     338.221      |    1513.953  |      4.476
        69    |     338.220      |    1510.210  |      4.465
        70    |     338.220      |    1518.561  |      4.490
        71    |     338.222      |    1516.516  |      4.484
        72    |     338.220      |    1517.103  |      4.486
        73    |     338.221      |    1517.198  |      4.486
        74    |     338.221      |    1516.173  |      4.483
        75    |     338.221      |    1509.068  |      4.462
        76    |     338.221      |    1510.508  |      4.466
        77    |     338.221      |    1508.162  |      4.459
        78    |     338.221      |    1509.753  |      4.464
        79    |     338.220      |    1509.580  |      4.463
        80    |     338.220      |    1509.322  |      4.463
        81    |     338.221      |    1510.555  |      4.466
        82    |     338.220      |    1510.634  |      4.466
        83    |     338.222      |    1518.455  |      4.490
        84    |     338.220      |    1499.612  |      4.434
        85    |     338.221      |    1498.358  |      4.430
        86    |     338.221      |    1497.280  |      4.427
        87    |     338.219      |    1496.523  |      4.425
        88    |     338.221      |    1496.034  |      4.423
        89    |     338.220      |    1496.839  |      4.426
        90    |     338.220      |    1497.026  |      4.426
        91    |     338.221      |    1496.641  |      4.425
        92    |     338.222      |    1497.014  |      4.426
        93    |     338.220      |    1496.637  |      4.425
        94    |     338.221      |    1497.319  |      4.427
        95    |     338.220      |    1497.505  |      4.428
        96    |     338.220      |    1498.460  |      4.430
        97    |     338.221      |    1501.124  |      4.438
        98    |     338.220      |    1502.906  |      4.444
        99    |     338.220      |    1501.928  |      4.441
       100    |     338.220      |    1502.039  |      4.441
       101    |     338.220      |    1500.798  |      4.437
       102    |     338.219      |    1499.187  |      4.433
       103    |     338.221      |    1499.480  |      4.433
       104    |     338.221      |    1499.182  |      4.433
       105    |     338.220      |    1499.562  |      4.434
       106    |     338.221      |    1496.906  |      4.426
       107    |     338.221      |    1497.720  |      4.428
       108    |     338.220      |    1497.703  |      4.428
       109    |     338.221      |    1497.751  |      4.428
       110    |     338.221      |    1499.496  |      4.433
       111    |     338.220      |    1498.699  |      4.431
       112    |     338.220      |    1523.314  |      4.504
       113    |     338.221      |    1514.056  |      4.477
       114    |     338.221      |    1529.471  |      4.522
       115    |     338.221      |    1528.942  |      4.521
       116    |     338.221      |    1527.821  |      4.517
       117    |     338.221      |    1528.493  |      4.519
       118    |     338.221      |    1528.261  |      4.519
       119    |     338.221      |    1526.763  |      4.514
       120    |     338.220      |    1527.588  |      4.517
       121    |     338.220      |    1527.220  |      4.515
       122    |     338.220      |    1525.589  |      4.511
       123    |     338.221      |    1528.297  |      4.519
       124    |     338.221      |    1531.054  |      4.527
       125    |     338.220      |    1531.689  |      4.529
       126    |     338.219      |    1514.941  |      4.479
       127    |     338.220      |    1514.985  |      4.479
       128    |     338.220      |    1515.876  |      4.482
       129    |     338.220      |    1515.054  |      4.479
       130    |     338.220      |    1515.045  |      4.479
       131    |     338.221      |    1516.092  |      4.483
       132    |     338.220      |    1516.524  |      4.484
       133    |     338.220      |    1515.018  |      4.479
       134    |     338.220      |    1515.945  |      4.482
       135    |     338.221      |    1516.391  |      4.483
       136    |     338.221      |    1516.831  |      4.485
       137    |     338.220      |    1517.020  |      4.485
       138    |     338.221      |    1517.594  |      4.487
       139    |     338.220      |    1515.347  |      4.480
       140    |     338.222      |    1514.373  |      4.477
       141    |     338.222      |    1512.323  |      4.471
       142    |     338.222      |    1511.732  |      4.470
       143    |     338.221      |    1512.096  |      4.471
       144    |     338.221      |    1511.657  |      4.469
       145    |     338.220      |    1513.011  |      4.473
       146    |     338.222      |    1513.060  |      4.474
       147    |     338.222      |    1512.008  |      4.470
       148    |     338.222      |    1511.871  |      4.470
       149    |     338.221      |    1512.389  |      4.472
       150    |     338.222      |    1511.306  |      4.468
       151    |     338.222      |    1514.105  |      4.477
       152    |     338.221      |    1510.802  |      4.467
       153    |     338.221      |    1510.960  |      4.467
       154    |     338.219      |    1519.126  |      4.492
       155    |     338.221      |    1515.670  |      4.481
       156    |     338.220      |    1515.209  |      4.480
       157    |     338.220      |    1514.446  |      4.478
       158    |     338.220      |    1517.110  |      4.486
       159    |     338.219      |    1518.547  |      4.490
       160    |     338.221      |    1524.145  |      4.506
       161    |     338.220      |    1517.689  |      4.487
       162    |     338.220      |    1517.199  |      4.486
       163    |     338.220      |    1527.457  |      4.516
       164    |     338.221      |    1527.567  |      4.516
       165    |     338.221      |    1524.423  |      4.507
       166    |     338.219      |    1524.022  |      4.506
       167    |     338.220      |    1525.714  |      4.511
       168    |     338.220      |    1503.070  |      4.444
       169    |     338.221      |    1503.758  |      4.446
       170    |     338.220      |    1504.232  |      4.447
       171    |     338.220      |    1503.752  |      4.446
       172    |     338.221      |    1503.080  |      4.444
       173    |     338.220      |    1504.034  |      4.447
       174    |     338.220      |    1503.212  |      4.444
       175    |     338.221      |    1501.907  |      4.441
       176    |     338.221      |    1503.187  |      4.444
       177    |     338.220      |    1502.927  |      4.444
       178    |     338.221      |    1503.507  |      4.445
       179    |     338.220      |    1499.989  |      4.435
       180    |     338.221      |    1499.040  |      4.432
       181    |     338.220      |    1500.872  |      4.438
       182    |     338.220      |    1501.193  |      4.439
       183    |     338.220      |    1504.764  |      4.449
       184    |     338.219      |    1505.479  |      4.451
       185    |     338.220      |    1505.673  |      4.452
       186    |     338.221      |    1506.448  |      4.454
       187    |     338.221      |    1504.579  |      4.449
       188    |     338.220      |    1504.779  |      4.449
       189    |     338.219      |    1506.009  |      4.453
       190    |     338.220      |    1506.876  |      4.455
       191    |     338.221      |    1509.387  |      4.463
       192    |     338.220      |    1509.874  |      4.464
       193    |     338.221      |    1507.549  |      4.457
       194    |     338.221      |    1505.234  |      4.450
       195    |     338.222      |    1505.808  |      4.452
       196    |     338.220      |    1503.735  |      4.446
       197    |     338.220      |    1504.165  |      4.447
       198    |     338.221      |    1503.211  |      4.444
       199    |     338.222      |    1501.894  |      4.441
       200    |     338.220      |    1501.479  |      4.439
       201    |     338.221      |    1502.490  |      4.442
       202    |     338.221      |    1501.555  |      4.440
       203    |     338.221      |    1501.137  |      4.438
       204    |     338.221      |    1500.104  |      4.435
       205    |     338.219      |    1501.630  |      4.440
       206    |     338.221      |    1502.149  |      4.441
       207    |     338.221      |    1496.639  |      4.425
       208    |     338.220      |    1494.128  |      4.418
       209    |     338.220      |    1496.793  |      4.426
       210    |     338.219      |    1502.960  |      4.444
       211    |     338.220      |    1505.009  |      4.450
       212    |     338.220      |    1506.307  |      4.454
       213    |     338.220      |    1502.067  |      4.441
       214    |     338.221      |    1502.278  |      4.442
       215    |     338.221      |    1504.119  |      4.447
       216    |     338.220      |    1507.052  |      4.456
       217    |     338.221      |    1501.556  |      4.440
       218    |     338.220      |    1507.991  |      4.459
       219    |     338.220      |    1506.024  |      4.453
       220    |     338.219      |    1515.709  |      4.481
       221    |     338.220      |    1511.432  |      4.469
       222    |     338.220      |    1509.483  |      4.463
       223    |     338.221      |    1512.101  |      4.471
       224    |     338.222      |    1495.002  |      4.420
       225    |     338.221      |    1496.537  |      4.425
       226    |     338.220      |    1496.109  |      4.423
       227    |     338.221      |    1498.482  |      4.430
       228    |     338.221      |    1503.630  |      4.446
       229    |     338.221      |    1503.963  |      4.447
       230    |     338.221      |    1504.204  |      4.447
       231    |     338.221      |    1502.411  |      4.442
       232    |     338.221      |    1502.733  |      4.443
       233    |     338.220      |    1504.799  |      4.449
       234    |     338.221      |    1504.575  |      4.449
       235    |     338.220      |    1500.101  |      4.435
       236    |     338.221      |    1500.371  |      4.436
       237    |     338.221      |    1500.118  |      4.435
       238    |     338.220      |    1512.774  |      4.473
       239    |     338.220      |    1511.415  |      4.469
       240    |     338.221      |    1511.332  |      4.468
       241    |     338.219      |    1513.744  |      4.476
       242    |     338.220      |    1511.092  |      4.468
       243    |     338.220      |    1515.925  |      4.482
       244    |     338.219      |    1516.134  |      4.483
       245    |     338.221      |    1514.744  |      4.479
       246    |     338.219      |    1507.231  |      4.456
       247    |     338.220      |    1507.252  |      4.456
       248    |     338.220      |    1506.329  |      4.454
       249    |     338.220      |    1507.215  |      4.456
       250    |     338.220      |    1509.721  |      4.464
       251    |     338.221      |    1509.546  |      4.463
       252    |     338.221      |    1500.089  |      4.435
       253    |     338.220      |    1497.802  |      4.428
       254    |     338.221      |    1495.873  |      4.423
       255    |     338.220      |    1495.376  |      4.421
       256    |     338.220      |    1495.381  |      4.421
       257    |     338.221      |    1493.146  |      4.415
       258    |     338.220      |    1492.699  |      4.413
       259    |     338.220      |    1491.427  |      4.410
       260    |     338.221      |    1491.712  |      4.410
       261    |     338.220      |    1493.353  |      4.415
       262    |     338.220      |    1492.651  |      4.413
       263    |     338.221      |    1491.396  |      4.410
       264    |     338.219      |    1491.185  |      4.409
       265    |     338.219      |    1493.619  |      4.416
       266    |     338.220      |    1502.161  |      4.441
       267    |     338.220      |    1499.225  |      4.433
       268    |     338.221      |    1498.239  |      4.430
       269    |     338.220      |    1500.770  |      4.437
       270    |     338.219      |    1501.193  |      4.439
       271    |     338.221      |    1499.977  |      4.435
       272    |     338.220      |    1499.861  |      4.435
       273    |     338.221      |    1499.266  |      4.433
       274    |     338.221      |    1500.050  |      4.435
       275    |     338.219      |    1505.223  |      4.450
       276    |     338.221      |    1507.343  |      4.457
       277    |     338.220      |    1501.496  |      4.439
       278    |     338.220      |    1504.667  |      4.449
       279    |     338.221      |    1505.133  |      4.450
       280    |     338.221      |    1513.867  |      4.476
       281    |     338.221      |    1508.520  |      4.460
       282    |     338.220      |    1505.739  |      4.452
       283    |     338.220      |    1507.482  |      4.457
       284    |     338.220      |    1510.596  |      4.466
       285    |     338.220      |    1508.717  |      4.461
       286    |     338.221      |    1509.777  |      4.464
       287    |     338.221      |    1510.538  |      4.466
       288    |     338.221      |    1512.694  |      4.473
       289    |     338.220      |    1529.008  |      4.521
       290    |     338.219      |    1529.275  |      4.522
       291    |     338.221      |    1527.509  |      4.516
       292    |     338.221      |    1527.417  |      4.516
       293    |     338.220      |    1527.473  |      4.516
       294    |     338.220      |    1526.301  |      4.513
       295    |     338.221      |    1525.630  |      4.511
       296    |     338.220      |    1526.006  |      4.512
       297    |     338.221      |    1527.353  |      4.516
       298    |     338.221      |    1528.260  |      4.519
       299    |     338.221      |    1527.450  |      4.516
       300    |     338.221      |    1527.177  |      4.515
       301    |     338.221      |    1528.052  |      4.518
       302    |     338.221      |    1525.844  |      4.511
       303    |     338.222      |    1529.044  |      4.521
       304    |     338.221      |    1529.534  |      4.522
       305    |     338.221      |    1515.072  |      4.480
       306    |     338.222      |    1510.401  |      4.466
       307    |     338.221      |    1511.198  |      4.468
       308    |     338.220      |    1500.605  |      4.437
       309    |     338.220      |    1502.799  |      4.443
       310    |     338.221      |    1505.042  |      4.450
       311    |     338.221      |    1508.476  |      4.460
       312    |     338.221      |    1510.331  |      4.466
       313    |     338.220      |    1507.576  |      4.457
       314    |     338.221      |    1506.513  |      4.454
       315    |     338.220      |    1505.539  |      4.451
       316    |     338.220      |    1505.455  |      4.451
       317    |     338.220      |    1505.664  |      4.452
       318    |     338.220      |    1506.387  |      4.454
       319    |     338.222      |    1502.897  |      4.444
       320    |     338.222      |    1501.807  |      4.440
       321    |     338.220      |    1502.581  |      4.443
       322    |     338.220      |    1500.930  |      4.438
       323    |     338.221      |    1501.285  |      4.439
       324    |     338.220      |    1501.835  |      4.440
       325    |     338.221      |    1502.919  |      4.444
       326    |     338.220      |    1501.839  |      4.440
       327    |     338.220      |    1503.623  |      4.446
       328    |     338.220      |    1503.433  |      4.445
       329    |     338.219      |    1503.821  |      4.446
       330    |     338.220      |    1503.663  |      4.446
       331    |     338.219      |    1511.528  |      4.469
       332    |     338.221      |    1511.615  |      4.469
       333    |     338.221      |    1510.159  |      4.465
       334    |     338.221      |    1510.135  |      4.465
       335    |     338.221      |    1509.927  |      4.464
       336    |     338.220      |    1514.277  |      4.477
       337    |     338.221      |    1508.897  |      4.461
       338    |     338.221      |    1511.743  |      4.470
       339    |     338.221      |    1513.829  |      4.476
       340    |     338.221      |    1518.730  |      4.490
       341    |     338.219      |    1514.105  |      4.477
       342    |     338.221      |    1508.560  |      4.460
       343    |     338.222      |    1509.745  |      4.464
       344    |     338.222      |    1508.571  |      4.460
       345    |     338.221      |    1515.324  |      4.480
       346    |     338.220      |    1515.680  |      4.481
       347    |     338.220      |    1514.092  |      4.477
       348    |     338.222      |    1514.514  |      4.478
       349    |     338.221      |    1521.435  |      4.498
       350    |     338.220      |    1481.136  |      4.379
       351    |     338.221      |    1480.254  |      4.377
       352    |     338.221      |    1479.939  |      4.376
       353    |     338.220      |    1480.728  |      4.378
       354    |     338.221      |    1480.190  |      4.376
       355    |     338.221      |    1479.014  |      4.373
       356    |     338.220      |    1478.584  |      4.372
       357    |     338.222      |    1479.131  |      4.373
       358    |     338.221      |    1480.235  |      4.377
       359    |     338.221      |    1483.505  |      4.386
       360    |     338.221      |    1482.431  |      4.383
       361    |     338.221      |    1481.351  |      4.380
       362    |     338.220      |    1480.105  |      4.376
       363    |     338.221      |    1481.356  |      4.380
       364    |     338.221      |    1523.228  |      4.504
       365    |     338.221      |    1508.648  |      4.461
       366    |     338.221      |    1509.540  |      4.463
       367    |     338.221      |    1510.584  |      4.466
       368    |     338.221      |    1508.983  |      4.462
       369    |     338.221      |    1509.388  |      4.463
       370    |     338.221      |    1510.223  |      4.465
       371    |     338.220      |    1509.895  |      4.464
       372    |     338.221      |    1503.077  |      4.444
       373    |     338.221      |    1503.756  |      4.446
       374    |     338.221      |    1503.754  |      4.446
       375    |     338.220      |    1502.227  |      4.442
       376    |     338.221      |    1500.853  |      4.437
       377    |     338.220      |    1502.244  |      4.442
       378    |     338.219      |    1491.789  |      4.411
       379    |     338.219      |    1489.703  |      4.405
       380    |     338.219      |    1490.081  |      4.406
       381    |     338.219      |    1491.567  |      4.410
       382    |     338.220      |    1495.756  |      4.422
       383    |     338.221      |    1495.376  |      4.421
       384    |     338.221      |    1495.570  |      4.422
       385    |     338.220      |    1496.193  |      4.424
       386    |     338.220      |    1495.040  |      4.420
       387    |     338.220      |    1501.673  |      4.440
       388    |     338.220      |    1501.183  |      4.438
       389    |     338.220      |    1498.848  |      4.432
       390    |     338.221      |    1498.304  |      4.430
       391    |     338.219      |    1498.604  |      4.431
       392    |     338.219      |    1504.410  |      4.448
       393    |     338.219      |    1503.083  |      4.444
       394    |     338.220      |    1503.441  |      4.445
       395    |     338.219      |    1504.499  |      4.448
       396    |     338.219      |    1509.371  |      4.463
       397    |     338.219      |    1504.952  |      4.450
       398    |     338.220      |    1507.774  |      4.458
       399    |     338.220      |    1506.832  |      4.455
       400    |     338.220      |    1517.390  |      4.486
       401    |     338.220      |    1521.899  |      4.500
       402    |     338.220      |    1520.921  |      4.497
       403    |     338.220      |    1519.740  |      4.493
       404    |     338.220      |    1519.556  |      4.493
       405    |     338.221      |    1518.082  |      4.488
       406    |     338.218      |    1498.577  |      4.431
       407    |     338.219      |    1498.752  |      4.431
       408    |     338.219      |    1498.549  |      4.431
       409    |     338.219      |    1505.972  |      4.453
       410    |     338.219      |    1505.254  |      4.451
       411    |     338.219      |    1504.961  |      4.450
       412    |     338.219      |    1505.690  |      4.452
       413    |     338.219      |    1505.472  |      4.451
       414    |     338.220      |    1505.276  |      4.451
       415    |     338.219      |    1506.724  |      4.455
       416    |     338.219      |    1505.994  |      4.453
       417    |     338.220      |    1502.030  |      4.441
       418    |     338.220      |    1503.028  |      4.444
       419    |     338.220      |    1502.637  |      4.443
       420    |     338.221      |    1515.440  |      4.481
       421    |     338.220      |    1518.880  |      4.491
       422    |     338.220      |    1518.532  |      4.490
       423    |     338.220      |    1519.749  |      4.493
       424    |     338.221      |    1520.045  |      4.494
       425    |     338.220      |    1513.239  |      4.474
       426    |     338.219      |    1513.962  |      4.476
       427    |     338.219      |    1512.248  |      4.471
       428    |     338.220      |    1513.227  |      4.474
       429    |     338.219      |    1516.344  |      4.483
       430    |     338.220      |    1516.186  |      4.483
       431    |     338.220      |    1506.563  |      4.454
       432    |     338.220      |    1501.077  |      4.438
       433    |     338.220      |    1499.921  |      4.435
       434    |     338.221      |    1492.895  |      4.414
       435    |     338.219      |    1492.513  |      4.413
       436    |     338.220      |    1493.444  |      4.416
       437    |     338.221      |    1493.479  |      4.416
       438    |     338.220      |    1493.926  |      4.417
       439    |     338.220      |    1492.729  |      4.413
       440    |     338.220      |    1493.059  |      4.414
       441    |     338.220      |    1494.424  |      4.418
       442    |     338.220      |    1497.970  |      4.429
       443    |     338.220      |    1509.406  |      4.463
       444    |     338.220      |    1509.520  |      4.463
       445    |     338.220      |    1506.832  |      4.455
       446    |     338.219      |    1507.700  |      4.458
       447    |     338.220      |    1506.791  |      4.455
       448    |     338.220      |    1503.894  |      4.446
       449    |     338.219      |    1504.108  |      4.447
       450    |     338.219      |    1504.656  |      4.449
       451    |     338.220      |    1504.499  |      4.448
       452    |     338.220      |    1506.638  |      4.455
       453    |     338.219      |    1504.726  |      4.449
       454    |     338.220      |    1504.088  |      4.447
       455    |     338.220      |    1505.951  |      4.453
       456    |     338.220      |    1510.961  |      4.467
       457    |     338.220      |    1508.430  |      4.460
       458    |     338.219      |    1514.271  |      4.477
       459    |     338.220      |    1507.168  |      4.456
       460    |     338.219      |    1508.087  |      4.459
       461    |     338.220      |    1513.576  |      4.475
       462    |     338.220      |    1483.611  |      4.387
       463    |     338.219      |    1483.340  |      4.386
       464    |     338.219      |    1483.801  |      4.387
       465    |     338.220      |    1483.498  |      4.386
       466    |     338.219      |    1483.621  |      4.387
       467    |     338.220      |    1483.457  |      4.386
       468    |     338.219      |    1481.561  |      4.380
       469    |     338.220      |    1484.990  |      4.391
       470    |     338.220      |    1485.474  |      4.392
       471    |     338.220      |    1485.631  |      4.393
       472    |     338.220      |    1485.996  |      4.394
       473    |     338.220      |    1481.296  |      4.380
       474    |     338.219      |    1480.331  |      4.377
       475    |     338.219      |    1481.873  |      4.381
       476    |     338.220      |    1483.331  |      4.386
       477    |     338.220      |    1479.570  |      4.375
       478    |     338.218      |    1480.097  |      4.376
       479    |     338.219      |    1480.699  |      4.378
       480    |     338.219      |    1479.837  |      4.375
       481    |     338.219      |    1482.858  |      4.384
       482    |     338.220      |    1482.295  |      4.383
       483    |     338.220      |    1482.565  |      4.383
       484    |     338.219      |    1482.434  |      4.383
       485    |     338.220      |    1484.476  |      4.389
       486    |     338.221      |    1484.029  |      4.388
       487    |     338.220      |    1482.426  |      4.383
       488    |     338.219      |    1481.420  |      4.380
       489    |     338.219      |    1482.773  |      4.384
       490    |     338.220      |    1499.861  |      4.435
       491    |     338.220      |    1492.723  |      4.413
       492    |     338.220      |    1487.121  |      4.397
       493    |     338.221      |    1488.084  |      4.400
       494    |     338.219      |    1487.205  |      4.397
       495    |     338.218      |    1488.177  |      4.400
       496    |     338.220      |    1488.737  |      4.402
       497    |     338.218      |    1484.351  |      4.389
       498    |     338.220      |    1486.748  |      4.396
       499    |     338.220      |    1489.563  |      4.404
       500    |     338.220      |    1489.719  |      4.405
       501    |     338.219      |    1487.042  |      4.397
       502    |     338.219      |    1488.948  |      4.402
       503    |     338.219      |    1498.839  |      4.432
       504    |     338.220      |    1481.059  |      4.379
       505    |     338.220      |    1480.267  |      4.377
       506    |     338.220      |    1481.276  |      4.380
       507    |     338.220      |    1480.673  |      4.378
       508    |     338.221      |    1480.031  |      4.376
       509    |     338.220      |    1480.178  |      4.376
       510    |     338.221      |    1479.294  |      4.374
       511    |     338.221      |    1478.511  |      4.371
       512    |     338.220      |    1480.907  |      4.379
       513    |     338.220      |    1483.453  |      4.386
       514    |     338.220      |    1481.969  |      4.382
       515    |     338.221      |    1479.685  |      4.375
       516    |     338.219      |    1487.668  |      4.399
       517    |     338.221      |    1481.047  |      4.379
       518    |     338.220      |    1494.933  |      4.420
       519    |     338.220      |    1490.192  |      4.406
       520    |     338.220      |    1493.969  |      4.417
       521    |     338.220      |    1496.250  |      4.424
       522    |     338.220      |    1494.986  |      4.420
       523    |     338.220      |    1493.775  |      4.417
       524    |     338.220      |    1494.210  |      4.418
       525    |     338.219      |    1492.799  |      4.414
       526    |     338.220      |    1493.431  |      4.416
       527    |     338.221      |    1497.543  |      4.428
       528    |     338.221      |    1496.284  |      4.424
       529    |     338.220      |    1497.712  |      4.428
       530    |     338.220      |    1496.740  |      4.425
       531    |     338.219      |    1495.214  |      4.421
       532    |     338.222      |    1492.117  |      4.412
       533    |     338.221      |    1488.661  |      4.401
       534    |     338.220      |    1488.404  |      4.401
       535    |     338.220      |    1491.234  |      4.409
       536    |     338.221      |    1490.541  |      4.407
       537    |     338.221      |    1486.717  |      4.396
       538    |     338.220      |    1484.783  |      4.390
       539    |     338.221      |    1485.778  |      4.393
       540    |     338.221      |    1484.936  |      4.390
       541    |     338.221      |    1484.626  |      4.390
       542    |     338.220      |    1482.268  |      4.383
       543    |     338.221      |    1481.628  |      4.381
       544    |     338.220      |    1481.344  |      4.380
       545    |     338.222      |    1486.648  |      4.395
       546    |     338.220      |    1493.988  |      4.417
       547    |     338.221      |    1494.193  |      4.418
       548    |     338.221      |    1493.571  |      4.416
       549    |     338.221      |    1496.477  |      4.425
       550    |     338.220      |    1496.085  |      4.423
       551    |     338.220      |    1492.182  |      4.412
       552    |     338.221      |    1495.684  |      4.422
       553    |     338.221      |    1494.174  |      4.418
       554    |     338.221      |    1494.308  |      4.418
       555    |     338.221      |    1494.768  |      4.419
       556    |     338.222      |    1482.811  |      4.384
       557    |     338.221      |    1483.577  |      4.386
       558    |     338.221      |    1484.797  |      4.390
       559    |     338.221      |    1487.709  |      4.399
       560    |     338.220      |    1485.096  |      4.391
       561    |     338.219      |    1482.964  |      4.385
       562    |     338.220      |    1487.166  |      4.397
       563    |     338.220      |    1495.609  |      4.422
       564    |     338.220      |    1495.170  |      4.421
       565    |     338.219      |    1493.144  |      4.415
       566    |     338.219      |    1493.374  |      4.415
       567    |     338.220      |    1493.096  |      4.415
       568    |     338.220      |    1492.695  |      4.413
       569    |     338.220      |    1493.029  |      4.414
       570    |     338.220      |    1494.319  |      4.418
       571    |     338.221      |    1494.256  |      4.418
       572    |     338.220      |    1492.141  |      4.412
       573    |     338.219      |    1494.456  |      4.419
       574    |     338.219      |    1499.599  |      4.434
       575    |     338.219      |    1497.306  |      4.427
       576    |     338.219      |    1504.616  |      4.449
       577    |     338.220      |    1500.571  |      4.437
       578    |     338.219      |    1505.531  |      4.451
       579    |     338.220      |    1499.133  |      4.432
       580    |     338.219      |    1511.018  |      4.468
       581    |     338.219      |    1509.828  |      4.464
       582    |     338.220      |    1508.919  |      4.461
       583    |     338.221      |    1508.813  |      4.461
       584    |     338.219      |    1514.587  |      4.478
       585    |     338.219      |    1513.721  |      4.476
       586    |     338.219      |    1513.655  |      4.475
       587    |     338.219      |    1513.056  |      4.474
       588    |     338.220      |    1498.132  |      4.429
       589    |     338.221      |    1498.785  |      4.431
       590    |     338.219      |    1499.733  |      4.434
       591    |     338.219      |    1493.994  |      4.417
       592    |     338.219      |    1497.086  |      4.426
       593    |     338.219      |    1495.322  |      4.421
       594    |     338.220      |    1494.064  |      4.417
       595    |     338.221      |    1493.672  |      4.416
       596    |     338.220      |    1493.770  |      4.417
       597    |     338.220      |    1491.967  |      4.411
       598    |     338.220      |    1490.174  |      4.406
       599    |     338.220      |    1491.264  |      4.409
       600    |     338.220      |    1492.320  |      4.412
       601    |     338.220      |    1489.089  |      4.403
       602    |     338.220      |    1494.636  |      4.419
       603    |     338.220      |    1492.962  |      4.414
       604    |     338.219      |    1496.634  |      4.425
       605    |     338.220      |    1501.147  |      4.438
       606    |     338.220      |    1500.923  |      4.438
       607    |     338.220      |    1503.097  |      4.444
       608    |     338.219      |    1501.355  |      4.439
       609    |     338.220      |    1502.223  |      4.442
       610    |     338.219      |    1501.045  |      4.438
       611    |     338.219      |    1499.358  |      4.433
       612    |     338.221      |    1500.238  |      4.436
       613    |     338.219      |    1499.963  |      4.435
       614    |     338.220      |    1501.794  |      4.440
       615    |     338.219      |    1495.167  |      4.421
       616    |     338.221      |    1496.383  |      4.424
       617    |     338.220      |    1510.146  |      4.465
       618    |     338.220      |    1513.118  |      4.474
       619    |     338.220      |    1513.244  |      4.474
       620    |     338.219      |    1511.298  |      4.468
       621    |     338.219      |    1512.232  |      4.471
       622    |     338.221      |    1512.379  |      4.472
       623    |     338.221      |    1510.441  |      4.466
       624    |     338.221      |    1510.421  |      4.466
       625    |     338.220      |    1510.276  |      4.465
       626    |     338.220      |    1510.439  |      4.466
       627    |     338.220      |    1510.004  |      4.465
       628    |     338.220      |    1511.215  |      4.468
       629    |     338.220      |    1511.410  |      4.469
       630    |     338.219      |    1503.165  |      4.444
       631    |     338.219      |    1504.773  |      4.449
       632    |     338.220      |    1507.406  |      4.457
       633    |     338.220      |    1505.691  |      4.452
       634    |     338.218      |    1505.035  |      4.450
       635    |     338.219      |    1510.834  |      4.467
       636    |     338.220      |    1504.894  |      4.449
       637    |     338.220      |    1509.946  |      4.464
       638    |     338.220      |    1508.715  |      4.461
       639    |     338.219      |    1497.609  |      4.428
       640    |     338.221      |    1490.674  |      4.407
       641    |     338.220      |    1490.334  |      4.406
       642    |     338.221      |    1497.987  |      4.429
       643    |     338.220      |    1502.674  |      4.443
       644    |     338.220      |    1478.579  |      4.372
       645    |     338.220      |    1478.870  |      4.373
       646    |     338.220      |    1478.400  |      4.371
       647    |     338.220      |    1476.907  |      4.367
       648    |     338.220      |    1475.321  |      4.362
       649    |     338.220      |    1475.019  |      4.361
       650    |     338.220      |    1477.345  |      4.368
       651    |     338.220      |    1477.823  |      4.369
       652    |     338.220      |    1477.162  |      4.367
       653    |     338.220      |    1477.414  |      4.368
       654    |     338.220      |    1476.374  |      4.365
       655    |     338.221      |    1475.725  |      4.363
       656    |     338.220      |    1475.943  |      4.364
       657    |     338.220      |    1477.719  |      4.369
       658    |     338.220      |    1488.587  |      4.401
       659    |     338.220      |    1487.815  |      4.399
       660    |     338.220      |    1488.904  |      4.402
       661    |     338.220      |    1491.054  |      4.409
       662    |     338.220      |    1489.143  |      4.403
       663    |     338.221      |    1491.312  |      4.409
       664    |     338.219      |    1491.066  |      4.409
       665    |     338.220      |    1490.656  |      4.407
       666    |     338.220      |    1489.826  |      4.405
       667    |     338.220      |    1490.668  |      4.407
       668    |     338.220      |    1490.366  |      4.407
       669    |     338.219      |    1488.745  |      4.402
       670    |     338.219      |    1487.131  |      4.397
       671    |     338.221      |    1488.892  |      4.402
       672    |     338.220      |    1489.989  |      4.405
       673    |     338.220      |    1487.369  |      4.398
       674    |     338.220      |    1486.165  |      4.394
       675    |     338.221      |    1494.862  |      4.420
       676    |     338.220      |    1494.999  |      4.420
       677    |     338.221      |    1495.023  |      4.420
       678    |     338.220      |    1495.506  |      4.422
       679    |     338.221      |    1495.546  |      4.422
       680    |     338.219      |    1496.062  |      4.423
       681    |     338.221      |    1495.770  |      4.422
       682    |     338.220      |    1496.135  |      4.424
       683    |     338.221      |    1496.089  |      4.423
       684    |     338.221      |    1496.325  |      4.424
       685    |     338.221      |    1496.600  |      4.425
       686    |     338.219      |    1513.706  |      4.476
       687    |     338.219      |    1502.846  |      4.443
       688    |     338.220      |    1503.750  |      4.446
       689    |     338.220      |    1514.683  |      4.478
       690    |     338.219      |    1515.387  |      4.480
       691    |     338.219      |    1512.634  |      4.472
       692    |     338.218      |    1506.693  |      4.455
       693    |     338.219      |    1497.760  |      4.428
       694    |     338.219      |    1501.167  |      4.438
       695    |     338.220      |    1502.717  |      4.443
       696    |     338.219      |    1511.638  |      4.469
       697    |     338.219      |    1500.922  |      4.438
       698    |     338.219      |    1500.758  |      4.437
       699    |     338.219      |    1507.120  |      4.456
       700    |     338.220      |    1500.690  |      4.437
       701    |     338.220      |    1500.800  |      4.437
       702    |     338.219      |    1500.783  |      4.437
       703    |     338.220      |    1502.730  |      4.443
       704    |     338.219      |    1502.423  |      4.442
       705    |     338.220      |    1501.414  |      4.439
       706    |     338.221      |    1501.100  |      4.438
       707    |     338.220      |    1498.618  |      4.431
       708    |     338.221      |    1499.626  |      4.434
       709    |     338.219      |    1500.230  |      4.436
       710    |     338.220      |    1502.596  |      4.443
       711    |     338.219      |    1501.679  |      4.440
       712    |     338.221      |    1497.397  |      4.427
       713    |     338.219      |    1496.460  |      4.425
       714    |     338.220      |    1504.554  |      4.448
       715    |     338.219      |    1504.132  |      4.447
       716    |     338.219      |    1501.775  |      4.440
       717    |     338.218      |    1500.762  |      4.437
       718    |     338.219      |    1500.970  |      4.438
       719    |     338.219      |    1499.863  |      4.435
       720    |     338.219      |    1500.023  |      4.435
       721    |     338.220      |    1500.970  |      4.438
       722    |     338.220      |    1499.502  |      4.434
       723    |     338.220      |    1502.094  |      4.441
       724    |     338.220      |    1503.904  |      4.447
       725    |     338.220      |    1503.523  |      4.445
       726    |     338.219      |    1505.627  |      4.452
       727    |     338.220      |    1489.031  |      4.403
       728    |     338.220      |    1483.471  |      4.386
       729    |     338.220      |    1483.994  |      4.388
       730    |     338.220      |    1485.601  |      4.392
       731    |     338.220      |    1484.720  |      4.390
       732    |     338.221      |    1485.669  |      4.393
       733    |     338.220      |    1486.525  |      4.395
       734    |     338.221      |    1484.913  |      4.390
       735    |     338.221      |    1485.483  |      4.392
       736    |     338.221      |    1486.460  |      4.395
       737    |     338.221      |    1486.033  |      4.394
       738    |     338.221      |    1487.911  |      4.399
       739    |     338.219      |    1487.281  |      4.397
       740    |     338.220      |    1483.679  |      4.387
       741    |     338.220      |    1481.643  |      4.381
       742    |     338.219      |    1510.200  |      4.465
       743    |     338.219      |    1511.835  |      4.470
       744    |     338.220      |    1504.017  |      4.447
       745    |     338.220      |    1507.486  |      4.457
       746    |     338.220      |    1508.576  |      4.460
       747    |     338.220      |    1517.203  |      4.486
       748    |     338.220      |    1513.808  |      4.476
       749    |     338.219      |    1513.578  |      4.475
       750    |     338.219      |    1516.857  |      4.485
       751    |     338.220      |    1518.722  |      4.490
       752    |     338.220      |    1517.746  |      4.487
       753    |     338.220      |    1518.294  |      4.489
       754    |     338.219      |    1510.444  |      4.466
       755    |     338.220      |    1506.663  |      4.455
       756    |     338.218      |    1500.004  |      4.435
       757    |     338.217      |    1500.212  |      4.436
       758    |     338.218      |    1500.635  |      4.437
       759    |     338.219      |    1500.058  |      4.435
       760    |     338.218      |    1500.034  |      4.435
       761    |     338.217      |    1500.615  |      4.437
       762    |     338.217      |    1499.494  |      4.434
       763    |     338.218      |    1498.555  |      4.431
       764    |     338.219      |    1498.863  |      4.432
       765    |     338.218      |    1501.295  |      4.439
       766    |     338.218      |    1500.914  |      4.438
       767    |     338.217      |    1498.502  |      4.431
       768    |     338.218      |    1498.795  |      4.431
       769    |     338.218      |    1500.700  |      4.437
       770    |     338.218      |    1512.126  |      4.471
       771    |     338.219      |    1512.015  |      4.471
       772    |     338.218      |    1510.312  |      4.465
       773    |     338.218      |    1508.864  |      4.461
       774    |     338.218      |    1508.789  |      4.461
       775    |     338.218      |    1509.389  |      4.463
       776    |     338.218      |    1508.935  |      4.461
       777    |     338.219      |    1509.508  |      4.463
       778    |     338.218      |    1512.461  |      4.472
       779    |     338.218      |    1513.329  |      4.474
       780    |     338.217      |    1512.283  |      4.471
       781    |     338.218      |    1512.829  |      4.473
       782    |     338.219      |    1496.032  |      4.423
       783    |     338.218      |    1514.064  |      4.477
       784    |     338.219      |    1493.142  |      4.415
       785    |     338.220      |    1493.190  |      4.415
       786    |     338.219      |    1496.177  |      4.424
       787    |     338.218      |    1496.349  |      4.424
       788    |     338.220      |    1494.585  |      4.419
       789    |     338.219      |    1491.238  |      4.409
       790    |     338.219      |    1495.548  |      4.422
       791    |     338.219      |    1495.956  |      4.423
       792    |     338.219      |    1498.442  |      4.430
       793    |     338.219      |    1498.725  |      4.431
       794    |     338.218      |    1490.847  |      4.408
       795    |     338.219      |    1492.580  |      4.413
       796    |     338.220      |    1492.720  |      4.413
       797    |     338.218      |    1493.280  |      4.415
       798    |     338.218      |    1491.409  |      4.410
       799    |     338.219      |    1496.165  |      4.424
       800    |     338.217      |    1496.530  |      4.425
       801    |     338.218      |    1483.213  |      4.385
       802    |     338.216      |    1480.572  |      4.378
       803    |     338.218      |    1480.184  |      4.376
       804    |     338.217      |    1483.433  |      4.386
       805    |     338.218      |    1483.337  |      4.386
       806    |     338.218      |    1482.575  |      4.383
       807    |     338.218      |    1483.072  |      4.385
       808    |     338.218      |    1478.664  |      4.372
       809    |     338.218      |    1476.955  |      4.367
       810    |     338.218      |    1478.200  |      4.371
       811    |     338.218      |    1482.592  |      4.384
       812    |     338.218      |    1481.480  |      4.380
       813    |     338.218      |    1484.062  |      4.388
       814    |     338.219      |    1484.286  |      4.389
       815    |     338.219      |    1483.435  |      4.386
       816    |     338.218      |    1481.582  |      4.381
       817    |     338.219      |    1476.466  |      4.365
       818    |     338.218      |    1475.959  |      4.364
       819    |     338.219      |    1476.044  |      4.364
       820    |     338.219      |    1476.954  |      4.367
       821    |     338.219      |    1476.432  |      4.365
       822    |     338.217      |    1476.689  |      4.366
       823    |     338.218      |    1478.230  |      4.371
       824    |     338.218      |    1479.886  |      4.376
       825    |     338.218      |    1482.390  |      4.383
       826    |     338.218      |    1489.043  |      4.403
       827    |     338.219      |    1483.592  |      4.386
       828    |     338.219      |    1482.205  |      4.382
       829    |     338.218      |    1482.090  |      4.382
       830    |     338.218      |    1481.234  |      4.380
       831    |     338.218      |    1480.397  |      4.377
       832    |     338.218      |    1479.216  |      4.374
       833    |     338.218      |    1479.019  |      4.373
       834    |     338.217      |    1478.690  |      4.372
       835    |     338.219      |    1477.644  |      4.369
       836    |     338.219      |    1475.803  |      4.363
       837    |     338.217      |    1491.352  |      4.409
       838    |     338.218      |    1489.247  |      4.403
       839    |     338.218      |    1491.092  |      4.409
       840    |     338.218      |    1490.761  |      4.408
       841    |     338.218      |    1489.932  |      4.405
       842    |     338.219      |    1491.111  |      4.409
       843    |     338.218      |    1492.093  |      4.412
       844    |     338.219      |    1491.925  |      4.411
       845    |     338.219      |    1490.805  |      4.408
       846    |     338.219      |    1489.385  |      4.404
       847    |     338.218      |    1493.121  |      4.415
       848    |     338.219      |    1494.056  |      4.417
       849    |     338.218      |    1495.113  |      4.421
       850    |     338.219      |    1490.053  |      4.406
       851    |     338.218      |    1486.105  |      4.394
       852    |     338.219      |    1483.799  |      4.387
       853    |     338.218      |    1494.258  |      4.418
       854    |     338.219      |    1481.879  |      4.381
       855    |     338.219      |    1488.791  |      4.402
       856    |     338.218      |    1488.521  |      4.401
       857    |     338.218      |    1488.287  |      4.400
       858    |     338.218      |    1487.620  |      4.398
       859    |     338.219      |    1487.102  |      4.397
       860    |     338.218      |    1486.083  |      4.394
       861    |     338.219      |    1484.130  |      4.388
       862    |     338.219      |    1485.052  |      4.391
       863    |     338.219      |    1487.096  |      4.397
       864    |     338.218      |    1486.761  |      4.396
       865    |     338.219      |    1484.750  |      4.390
       866    |     338.218      |    1485.798  |      4.393
       867    |     338.219      |    1483.643  |      4.387
       868    |     338.219      |    1503.600  |      4.446
       869    |     338.219      |    1501.602  |      4.440
       870    |     338.218      |    1501.239  |      4.439
       871    |     338.220      |    1499.079  |      4.432
       872    |     338.219      |    1500.747  |      4.437
       873    |     338.219      |    1500.065  |      4.435
       874    |     338.217      |    1500.525  |      4.437
       875    |     338.217      |    1499.401  |      4.433
       876    |     338.219      |    1502.846  |      4.443
       877    |     338.220      |    1506.790  |      4.455
       878    |     338.219      |    1506.589  |      4.454
       879    |     338.219      |    1500.305  |      4.436
       880    |     338.219      |    1497.356  |      4.427
       881    |     338.218      |    1494.839  |      4.420
       882    |     338.218      |    1501.883  |      4.441
       883    |     338.219      |    1505.552  |      4.451
       884    |     338.219      |    1507.536  |      4.457
       885    |     338.219      |    1504.249  |      4.448
       886    |     338.218      |    1503.937  |      4.447
       887    |     338.218      |    1499.889  |      4.435
       888    |     338.219      |    1490.093  |      4.406
       889    |     338.219      |    1504.816  |      4.449
       890    |     338.219      |    1504.140  |      4.447
       891    |     338.218      |    1506.035  |      4.453
       892    |     338.218      |    1506.361  |      4.454
       893    |     338.219      |    1504.703  |      4.449
       894    |     338.219      |    1504.864  |      4.449
       895    |     338.219      |    1504.323  |      4.448
       896    |     338.219      |    1508.618  |      4.460
       897    |     338.219      |    1509.855  |      4.464
       898    |     338.219      |    1504.466  |      4.448
       899    |     338.219      |    1488.205  |      4.400
       900    |     338.219      |    1507.011  |      4.456
       901    |     338.218      |    1508.248  |      4.459
       902    |     338.219      |    1512.246  |      4.471
       903    |     338.219      |    1505.677  |      4.452
       904    |     338.219      |    1506.712  |      4.455
       905    |     338.219      |    1505.691  |      4.452
       906    |     338.220      |    1504.328  |      4.448
       907    |     338.219      |    1500.977  |      4.438
       908    |     338.218      |    1496.900  |      4.426
       909    |     338.219      |    1501.220  |      4.439
       910    |     338.217      |    1482.759  |      4.384
       911    |     338.218      |    1481.745  |      4.381
       912    |     338.217      |    1484.366  |      4.389
       913    |     338.218      |    1483.046  |      4.385
       914    |     338.217      |    1482.298  |      4.383
       915    |     338.218      |    1484.340  |      4.389
       916    |     338.218      |    1484.501  |      4.389
       917    |     338.217      |    1483.063  |      4.385
       918    |     338.217      |    1482.914  |      4.384
       919    |     338.218      |    1484.034  |      4.388
       920    |     338.218      |    1484.179  |      4.388
       921    |     338.218      |    1486.305  |      4.395
       922    |     338.217      |    1478.515  |      4.371
       923    |     338.218      |    1476.211  |      4.365
       924    |     338.217      |    1484.630  |      4.390
       925    |     338.218      |    1482.052  |      4.382
       926    |     338.218      |    1485.707  |      4.393
       927    |     338.218      |    1483.962  |      4.388
       928    |     338.218      |    1481.956  |      4.382
       929    |     338.217      |    1485.883  |      4.393
       930    |     338.218      |    1487.177  |      4.397
       931    |     338.219      |    1487.090  |      4.397
       932    |     338.218      |    1486.335  |      4.395
       933    |     338.218      |    1483.254  |      4.385
       934    |     338.218      |    1483.496  |      4.386
       935    |     338.218      |    1484.975  |      4.391
       936    |     338.217      |    1483.122  |      4.385
       937    |     338.218      |    1480.474  |      4.377
       938    |     338.217      |    1499.070  |      4.432
       939    |     338.218      |    1498.760  |      4.431
       940    |     338.218      |    1499.047  |      4.432
       941    |     338.219      |    1488.535  |      4.401
       942    |     338.217      |    1494.311  |      4.418
       943    |     338.219      |    1496.853  |      4.426
       944    |     338.217      |    1497.204  |      4.427
       945    |     338.217      |    1499.391  |      4.433
       946    |     338.218      |    1500.046  |      4.435
       947    |     338.217      |    1499.270  |      4.433
       948    |     338.219      |    1499.472  |      4.433
       949    |     338.218      |    1499.686  |      4.434
       950    |     338.218      |    1499.518  |      4.434
       951    |     338.218      |    1494.249  |      4.418
       952    |     338.218      |    1489.857  |      4.405
       953    |     338.219      |    1504.312  |      4.448
       954    |     338.218      |    1504.662  |      4.449
       955    |     338.218      |    1508.593  |      4.460
       956    |     338.217      |    1494.373  |      4.418
       957    |     338.219      |    1499.735  |      4.434
       958    |     338.218      |    1504.928  |      4.450
       959    |     338.219      |    1515.352  |      4.480
       960    |     338.219      |    1513.194  |      4.474
       961    |     338.218      |    1510.409  |      4.466
       962    |     338.219      |    1515.944  |      4.482
       963    |     338.218      |    1516.414  |      4.484
       964    |     338.218      |    1512.113  |      4.471
       965    |     338.220      |    1513.655  |      4.475
       966    |     338.218      |    1479.685  |      4.375
       967    |     338.218      |    1480.173  |      4.376
       968    |     338.218      |    1480.838  |      4.378
       969    |     338.218      |    1479.499  |      4.374
       970    |     338.219      |    1478.444  |      4.371
       971    |     338.218      |    1479.060  |      4.373
       972    |     338.218      |    1479.198  |      4.374
       973    |     338.218      |    1477.314  |      4.368
       974    |     338.219      |    1478.206  |      4.371
       975    |     338.218      |    1475.173  |      4.362
       976    |     338.218      |    1474.247  |      4.359
       977    |     338.218      |    1473.795  |      4.358
       978    |     338.219      |    1470.760  |      4.349
       979    |     338.219      |    1471.767  |      4.352
       980    |     338.218      |    1482.586  |      4.384
       981    |     338.218      |    1481.607  |      4.381
       982    |     338.218      |    1479.944  |      4.376
       983    |     338.218      |    1478.949  |      4.373
       984    |     338.219      |    1477.812  |      4.369
       985    |     338.218      |    1481.144  |      4.379
       986    |     338.219      |    1479.669  |      4.375
       987    |     338.219      |    1481.235  |      4.380
       988    |     338.218      |    1481.402  |      4.380
       989    |     338.219      |    1480.501  |      4.377
       990    |     338.219      |    1480.737  |      4.378
       991    |     338.220      |    1481.479  |      4.380
       992    |     338.218      |    1478.351  |      4.371
       993    |     338.219      |    1478.454  |      4.371
       994    |     338.218      |    1501.392  |      4.439
       995    |     338.219      |    1506.303  |      4.454
       996    |     338.219      |    1493.099  |      4.415
       997    |     338.218      |    1487.613  |      4.398
       998    |     338.218      |    1496.313  |      4.424
       999    |     338.219      |    1496.963  |      4.426
      1000    |     338.220      |    1497.250  |      4.427
      1001    |     338.219      |    1495.291  |      4.421
      1002    |     338.219      |    1497.476  |      4.428
      1003    |     338.218      |    1494.186  |      4.418
      1004    |     338.219      |    1491.449  |      4.410
      1005    |     338.219      |    1493.546  |      4.416
      1006    |     338.218      |    1492.791  |      4.414
      1007    |     338.219      |    1490.854  |      4.408
      1008    |     338.218      |    1488.669  |      4.402
      1009    |     338.218      |    1494.266  |      4.418
      1010    |     338.219      |    1501.173  |      4.438
      1011    |     338.220      |    1496.023  |      4.423
      1012    |     338.219      |    1498.432  |      4.430
      1013    |     338.218      |    1502.398  |      4.442
      1014    |     338.219      |    1500.288  |      4.436
      1015    |     338.219      |    1497.993  |      4.429
      1016    |     338.219      |    1498.358  |      4.430
      1017    |     338.218      |    1510.561  |      4.466
      1018    |     338.219      |    1507.806  |      4.458
      1019    |     338.219      |    1508.515  |      4.460
      1020    |     338.219      |    1512.373  |      4.472
      1021    |     338.219      |    1511.702  |      4.470
      1022    |     338.217      |    1482.203  |      4.382
      1023    |     338.217      |    1484.059  |      4.388
      1024    |     338.219      |    1483.790  |      4.387
      1025    |     338.218      |    1483.684  |      4.387
      1026    |     338.217      |    1483.704  |      4.387
      1027    |     338.219      |    1485.355  |      4.392
      1028    |     338.219      |    1484.373  |      4.389
      1029    |     338.218      |    1482.513  |      4.383
      1030    |     338.219      |    1482.836  |      4.384
      1031    |     338.218      |    1482.178  |      4.382
      1032    |     338.219      |    1482.143  |      4.382
      1033    |     338.218      |    1481.089  |      4.379
      1034    |     338.218      |    1482.012  |      4.382
      1035    |     338.219      |    1482.411  |      4.383
      1036    |     338.218      |    1480.139  |      4.376
      1037    |     338.219      |    1483.149  |      4.385
      1038    |     338.219      |    1480.883  |      4.378
      1039    |     338.219      |    1478.642  |      4.372
      1040    |     338.218      |    1483.196  |      4.385
      1041    |     338.217      |    1484.920  |      4.390
      1042    |     338.219      |    1484.695  |      4.390
      1043    |     338.218      |    1480.983  |      4.379
      1044    |     338.218      |    1480.738  |      4.378
      1045    |     338.218      |    1480.564  |      4.378
      1046    |     338.220      |    1479.106  |      4.373
      1047    |     338.218      |    1479.422  |      4.374
      1048    |     338.219      |    1481.417  |      4.380
      1049    |     338.219      |    1481.684  |      4.381
      1050    |     338.218      |    1511.374  |      4.469
      1051    |     338.218      |    1511.178  |      4.468
      1052    |     338.218      |    1511.169  |      4.468
      1053    |     338.218      |    1511.168  |      4.468
      1054    |     338.219      |    1511.416  |      4.469
      1055    |     338.218      |    1512.396  |      4.472
      1056    |     338.218      |    1511.747  |      4.470
      1057    |     338.219      |    1503.803  |      4.446
      1058    |     338.218      |    1500.722  |      4.437
      1059    |     338.218      |    1498.606  |      4.431
      1060    |     338.218      |    1494.743  |      4.419
      1061    |     338.218      |    1491.561  |      4.410
      1062    |     338.217      |    1502.276  |      4.442
      1063    |     338.218      |    1497.980  |      4.429
      1064    |     338.220      |    1495.035  |      4.420
      1065    |     338.218      |    1497.623  |      4.428
      1066    |     338.218      |    1480.874  |      4.378
      1067    |     338.219      |    1479.825  |      4.375
      1068    |     338.220      |    1480.142  |      4.376
      1069    |     338.219      |    1478.519  |      4.371
      1070    |     338.218      |    1493.668  |      4.416
      1071    |     338.219      |    1494.347  |      4.418
      1072    |     338.219      |    1494.889  |      4.420
      1073    |     338.219      |    1494.140  |      4.418
      1074    |     338.219      |    1499.435  |      4.433
      1075    |     338.219      |    1498.907  |      4.432
      1076    |     338.218      |    1498.389  |      4.430
      1077    |     338.219      |    1499.197  |      4.433
      1078    |     338.218      |    1476.352  |      4.365
      1079    |     338.218      |    1473.231  |      4.356
      1080    |     338.218      |    1473.681  |      4.357
      1081    |     338.218      |    1472.365  |      4.353
      1082    |     338.219      |    1473.060  |      4.355
      1083    |     338.218      |    1471.899  |      4.352
      1084    |     338.218      |    1472.316  |      4.353
      1085    |     338.218      |    1473.801  |      4.358
      1086    |     338.219      |    1474.076  |      4.358
      1087    |     338.219      |    1474.338  |      4.359
      1088    |     338.219      |    1473.961  |      4.358
      1089    |     338.219      |    1474.857  |      4.361
      1090    |     338.220      |    1467.677  |      4.339
      1091    |     338.218      |    1469.309  |      4.344
      1092    |     338.219      |    1469.113  |      4.344
      1093    |     338.219      |    1468.184  |      4.341
      1094    |     338.219      |    1468.180  |      4.341
      1095    |     338.219      |    1467.255  |      4.338
      1096    |     338.218      |    1467.931  |      4.340
      1097    |     338.219      |    1468.448  |      4.342
      1098    |     338.219      |    1469.079  |      4.344
      1099    |     338.219      |    1470.965  |      4.349
      1100    |     338.219      |    1472.432  |      4.353
      1101    |     338.219      |    1468.937  |      4.343
      1102    |     338.218      |    1467.638  |      4.339
      1103    |     338.218      |    1469.916  |      4.346
      1104    |     338.220      |    1469.019  |      4.343
      1105    |     338.219      |    1470.817  |      4.349
      1106    |     338.218      |    1501.516  |      4.439
      1107    |     338.218      |    1495.454  |      4.422
      1108    |     338.219      |    1495.871  |      4.423
      1109    |     338.218      |    1493.141  |      4.415
      1110    |     338.219      |    1494.903  |      4.420
      1111    |     338.218      |    1499.659  |      4.434
      1112    |     338.219      |    1503.156  |      4.444
      1113    |     338.218      |    1497.101  |      4.426
      1114    |     338.219      |    1491.994  |      4.411
      1115    |     338.219      |    1490.163  |      4.406
      1116    |     338.218      |    1496.406  |      4.424
      1117    |     338.218      |    1495.492  |      4.422
      1118    |     338.220      |    1497.013  |      4.426
      1119    |     338.219      |    1505.766  |      4.452
      1120    |     338.219      |    1474.715  |      4.360
      1121    |     338.220      |    1474.119  |      4.358
      1122    |     338.219      |    1475.438  |      4.362
      1123    |     338.220      |    1475.210  |      4.362
      1124    |     338.219      |    1470.791  |      4.349
      1125    |     338.220      |    1472.118  |      4.353
      1126    |     338.219      |    1470.716  |      4.348
      1127    |     338.219      |    1471.720  |      4.351
      1128    |     338.219      |    1473.153  |      4.356
      1129    |     338.219      |    1472.450  |      4.354
      1130    |     338.219      |    1472.264  |      4.353
      1131    |     338.219      |    1472.159  |      4.353
      1132    |     338.218      |    1474.025  |      4.358
      1133    |     338.219      |    1474.878  |      4.361
      1134    |     338.217      |    1482.891  |      4.384
      1135    |     338.216      |    1478.864  |      4.373
      1136    |     338.216      |    1482.321  |      4.383
      1137    |     338.218      |    1479.836  |      4.375
      1138    |     338.216      |    1476.198  |      4.365
      1139    |     338.216      |    1473.836  |      4.358
      1140    |     338.217      |    1475.947  |      4.364
      1141    |     338.216      |    1474.575  |      4.360
      1142    |     338.218      |    1477.277  |      4.368
      1143    |     338.216      |    1477.778  |      4.369
      1144    |     338.217      |    1480.326  |      4.377
      1145    |     338.216      |    1479.834  |      4.375
      1146    |     338.216      |    1478.925  |      4.373
      1147    |     338.215      |    1479.769  |      4.375
      1148    |     338.218      |    1491.882  |      4.411
      1149    |     338.218      |    1495.181  |      4.421
      1150    |     338.216      |    1492.150  |      4.412
      1151    |     338.217      |    1490.721  |      4.408
      1152    |     338.218      |    1490.455  |      4.407
      1153    |     338.218      |    1489.174  |      4.403
      1154    |     338.217      |    1489.016  |      4.403
      1155    |     338.218      |    1488.795  |      4.402
      1156    |     338.218      |    1489.235  |      4.403
      1157    |     338.218      |    1484.690  |      4.390
      1158    |     338.218      |    1485.905  |      4.393
      1159    |     338.218      |    1479.738  |      4.375
      1160    |     338.219      |    1477.912  |      4.370
      1161    |     338.218      |    1482.273  |      4.383
      1162    |     338.217      |    1497.447  |      4.427
      1163    |     338.217      |    1493.671  |      4.416
      1164    |     338.218      |    1503.123  |      4.444
      1165    |     338.218      |    1502.753  |      4.443
      1166    |     338.218      |    1506.570  |      4.454
      1167    |     338.218      |    1519.847  |      4.494
      1168    |     338.217      |    1519.721  |      4.493
      1169    |     338.218      |    1518.484  |      4.490
      1170    |     338.218      |    1518.142  |      4.489
      1171    |     338.219      |    1517.917  |      4.488
      1172    |     338.217      |    1517.141  |      4.486
      1173    |     338.217      |    1517.071  |      4.485
      1174    |     338.217      |    1515.559  |      4.481
      1175    |     338.218      |    1515.732  |      4.482
      1176    |     338.218      |    1491.599  |      4.410
      1177    |     338.219      |    1492.209  |      4.412
      1178    |     338.218      |    1491.337  |      4.409
      1179    |     338.219      |    1490.851  |      4.408
      1180    |     338.218      |    1492.136  |      4.412
      1181    |     338.218      |    1495.981  |      4.423
      1182    |     338.219      |    1497.612  |      4.428
      1183    |     338.219      |    1494.650  |      4.419
      1184    |     338.218      |    1494.844  |      4.420
      1185    |     338.218      |    1483.196  |      4.385
      1186    |     338.218      |    1480.381  |      4.377
      1187    |     338.219      |    1490.299  |      4.406
      1188    |     338.217      |    1490.941  |      4.408
      1189    |     338.218      |    1490.980  |      4.408
      1190    |     338.217      |    1490.599  |      4.407
      1191    |     338.217      |    1491.846  |      4.411
      1192    |     338.218      |    1489.854  |      4.405
      1193    |     338.218      |    1489.034  |      4.403
      1194    |     338.218      |    1489.773  |      4.405
      1195    |     338.218      |    1489.117  |      4.403
      1196    |     338.218      |    1489.243  |      4.403
      1197    |     338.218      |    1485.486  |      4.392
      1198    |     338.218      |    1487.045  |      4.397
      1199    |     338.217      |    1487.467  |      4.398
      1200    |     338.218      |    1484.801  |      4.390
      1201    |     338.218      |    1481.017  |      4.379
      1202    |     338.218      |    1481.517  |      4.380
      1203    |     338.217      |    1486.337  |      4.395
      1204    |     338.218      |    1508.564  |      4.460
      1205    |     338.218      |    1515.561  |      4.481
      1206    |     338.218      |    1508.430  |      4.460
      1207    |     338.218      |    1486.527  |      4.395
      1208    |     338.218      |    1486.513  |      4.395
      1209    |     338.218      |    1497.067  |      4.426
      1210    |     338.219      |    1508.128  |      4.459
      1211    |     338.218      |    1507.917  |      4.458
      1212    |     338.218      |    1507.327  |      4.457
      1213    |     338.219      |    1506.053  |      4.453
      1214    |     338.218      |    1506.192  |      4.453
      1215    |     338.218      |    1506.064  |      4.453
      1216    |     338.218      |    1506.606  |      4.455
      1217    |     338.218      |    1505.499  |      4.451
      1218    |     338.218      |    1467.220  |      4.338
      1219    |     338.218      |    1468.672  |      4.342
      1220    |     338.218      |    1467.364  |      4.339
      1221    |     338.218      |    1467.785  |      4.340
      1222    |     338.218      |    1466.850  |      4.337
      1223    |     338.218      |    1469.320  |      4.344
      1224    |     338.218      |    1471.998  |      4.352
      1225    |     338.218      |    1473.792  |      4.358
      1226    |     338.218      |    1470.396  |      4.347
      1227    |     338.217      |    1469.829  |      4.346
      1228    |     338.219      |    1467.841  |      4.340
      1229    |     338.218      |    1468.587  |      4.342
      1230    |     338.217      |    1470.382  |      4.347
      1231    |     338.218      |    1470.584  |      4.348
      1232    |     338.218      |    1471.147  |      4.350
      1233    |     338.219      |    1470.071  |      4.347
      1234    |     338.219      |    1466.584  |      4.336
      1235    |     338.218      |    1467.015  |      4.337
      1236    |     338.218      |    1465.879  |      4.334
      1237    |     338.218      |    1465.681  |      4.334
      1238    |     338.219      |    1466.460  |      4.336
      1239    |     338.218      |    1465.238  |      4.332
      1240    |     338.219      |    1466.804  |      4.337
      1241    |     338.219      |    1465.300  |      4.332
      1242    |     338.219      |    1461.031  |      4.320
      1243    |     338.219      |    1463.228  |      4.326
      1244    |     338.219      |    1467.829  |      4.340
      1245    |     338.219      |    1468.034  |      4.340
      1246    |     338.217      |    1504.980  |      4.450
      1247    |     338.218      |    1502.126  |      4.441
      1248    |     338.218      |    1488.952  |      4.402
      1249    |     338.217      |    1485.432  |      4.392
      1250    |     338.219      |    1493.279  |      4.415
      1251    |     338.218      |    1493.450  |      4.416
      1252    |     338.218      |    1498.043  |      4.429
      1253    |     338.218      |    1497.870  |      4.429
      1254    |     338.218      |    1497.870  |      4.429
      1255    |     338.217      |    1496.913  |      4.426
      1256    |     338.218      |    1497.337  |      4.427
      1257    |     338.218      |    1496.801  |      4.426
      1258    |     338.218      |    1503.572  |      4.446
      1259    |     338.218      |    1505.148  |      4.450
      1260    |     338.218      |    1494.756  |      4.420
      1261    |     338.218      |    1495.835  |      4.423
      1262    |     338.219      |    1495.219  |      4.421
      1263    |     338.217      |    1495.111  |      4.421
      1264    |     338.217      |    1496.897  |      4.426
      1265    |     338.218      |    1494.342  |      4.418
      1266    |     338.217      |    1496.367  |      4.424
      1267    |     338.219      |    1497.532  |      4.428
      1268    |     338.217      |    1497.880  |      4.429
      1269    |     338.218      |    1485.060  |      4.391
      1270    |     338.218      |    1494.892  |      4.420
      1271    |     338.218      |    1493.520  |      4.416
      1272    |     338.219      |    1499.079  |      4.432
      1273    |     338.218      |    1497.853  |      4.429
      1274    |     338.219      |    1483.722  |      4.387
      1275    |     338.218      |    1483.492  |      4.386
      1276    |     338.219      |    1478.403  |      4.371
      1277    |     338.218      |    1478.609  |      4.372
      1278    |     338.218      |    1476.794  |      4.366
      1279    |     338.218      |    1476.336  |      4.365
      1280    |     338.217      |    1476.271  |      4.365
      1281    |     338.219      |    1475.553  |      4.363
      1282    |     338.218      |    1475.116  |      4.361
      1283    |     338.218      |    1475.295  |      4.362
      1284    |     338.218      |    1474.855  |      4.361
      1285    |     338.218      |    1472.139  |      4.353
      1286    |     338.218      |    1473.869  |      4.358
      1287    |     338.219      |    1473.992  |      4.358
      1288    |     338.218      |    1504.199  |      4.447
      1289    |     338.218      |    1501.965  |      4.441
      1290    |     338.219      |    1496.035  |      4.423
      1291    |     338.218      |    1499.374  |      4.433
      1292    |     338.218      |    1497.589  |      4.428
      1293    |     338.219      |    1486.835  |      4.396
      1294    |     338.218      |    1487.989  |      4.400
      1295    |     338.219      |    1485.572  |      4.392
      1296    |     338.218      |    1487.986  |      4.399
      1297    |     338.218      |    1511.804  |      4.470
      1298    |     338.219      |    1511.530  |      4.469
      1299    |     338.218      |    1521.087  |      4.497
      1300    |     338.218      |    1522.084  |      4.500
      1301    |     338.218      |    1522.095  |      4.500
      1302    |     338.217      |    1508.300  |      4.460
      1303    |     338.218      |    1509.851  |      4.464
      1304    |     338.218      |    1509.097  |      4.462
      1305    |     338.218      |    1510.067  |      4.465
      1306    |     338.219      |    1509.294  |      4.462
      1307    |     338.218      |    1508.392  |      4.460
      1308    |     338.218      |    1510.447  |      4.466
      1309    |     338.219      |    1509.698  |      4.464
      1310    |     338.218      |    1491.282  |      4.409
      1311    |     338.218      |    1500.617  |      4.437
      1312    |     338.219      |    1507.063  |      4.456
      1313    |     338.217      |    1508.589  |      4.460
      1314    |     338.217      |    1512.815  |      4.473
      1315    |     338.218      |    1513.516  |      4.475
      1316    |     338.218      |    1506.171  |      4.453
      1317    |     338.219      |    1504.076  |      4.447
      1318    |     338.218      |    1504.061  |      4.447
      1319    |     338.219      |    1503.371  |      4.445
      1320    |     338.218      |    1503.564  |      4.446
      1321    |     338.218      |    1503.528  |      4.445
      1322    |     338.219      |    1501.921  |      4.441
      1323    |     338.219      |    1500.147  |      4.435
      1324    |     338.219      |    1499.864  |      4.435
      1325    |     338.218      |    1500.233  |      4.436
      1326    |     338.219      |    1503.473  |      4.445
      1327    |     338.219      |    1497.733  |      4.428
      1328    |     338.219      |    1496.541  |      4.425
      1329    |     338.219      |    1496.409  |      4.424
      1330    |     338.218      |    1520.215  |      4.495
      1331    |     338.218      |    1506.561  |      4.454
      1332    |     338.217      |    1521.354  |      4.498
      1333    |     338.217      |    1520.776  |      4.496
      1334    |     338.219      |    1519.564  |      4.493
      1335    |     338.218      |    1519.992  |      4.494
      1336    |     338.218      |    1520.385  |      4.495
      1337    |     338.219      |    1518.752  |      4.490
      1338    |     338.217      |    1518.143  |      4.489
      1339    |     338.217      |    1520.670  |      4.496
      1340    |     338.218      |    1520.242  |      4.495
      1341    |     338.219      |    1520.380  |      4.495
      1342    |     338.219      |    1518.805  |      4.491
      1343    |     338.219      |    1521.501  |      4.499
      1344    |     338.220      |    1514.930  |      4.479
      1345    |     338.217      |    1512.180  |      4.471
      1346    |     338.220      |    1511.843  |      4.470
      1347    |     338.219      |    1511.508  |      4.469
      1348    |     338.219      |    1510.003  |      4.465
      1349    |     338.218      |    1511.116  |      4.468
      1350    |     338.219      |    1504.110  |      4.447
      1351    |     338.220      |    1519.541  |      4.493
      1352    |     338.219      |    1520.077  |      4.494
      1353    |     338.219      |    1516.059  |      4.482
      1354    |     338.218      |    1515.525  |      4.481
      1355    |     338.220      |    1514.887  |      4.479
      1356    |     338.220      |    1515.237  |      4.480
      1357    |     338.218      |    1514.055  |      4.477
      1358    |     338.217      |    1529.682  |      4.523
      1359    |     338.218      |    1530.255  |      4.524
      1360    |     338.218      |    1530.176  |      4.524
      1361    |     338.217      |    1528.361  |      4.519
      1362    |     338.217      |    1512.698  |      4.473
      1363    |     338.218      |    1528.852  |      4.520
      1364    |     338.218      |    1531.688  |      4.529
      1365    |     338.218      |    1528.865  |      4.520
      1366    |     338.218      |    1514.622  |      4.478
      1367    |     338.217      |    1522.868  |      4.503
      1368    |     338.216      |    1521.774  |      4.499
      1369    |     338.219      |    1522.572  |      4.502
      1370    |     338.217      |    1522.484  |      4.501
      1371    |     338.218      |    1524.095  |      4.506
      1372    |     338.219      |    1515.222  |      4.480
      1373    |     338.219      |    1514.542  |      4.478
      1374    |     338.218      |    1517.950  |      4.488
      1375    |     338.219      |    1519.462  |      4.493
      1376    |     338.219      |    1519.348  |      4.492
      1377    |     338.220      |    1518.439  |      4.490
      1378    |     338.219      |    1522.843  |      4.503
      1379    |     338.219      |    1523.406  |      4.504
      1380    |     338.219      |    1522.828  |      4.502
      1381    |     338.219      |    1521.947  |      4.500
      1382    |     338.219      |    1516.693  |      4.484
      1383    |     338.219      |    1527.151  |      4.515
      1384    |     338.218      |    1529.805  |      4.523
      1385    |     338.218      |    1527.893  |      4.517
      1386    |     338.218      |    1525.641  |      4.511
      1387    |     338.218      |    1529.946  |      4.524
      1388    |     338.217      |    1530.049  |      4.524
      1389    |     338.218      |    1530.326  |      4.525
      1390    |     338.218      |    1530.079  |      4.524
      1391    |     338.218      |    1528.572  |      4.519
      1392    |     338.218      |    1529.159  |      4.521
      1393    |     338.218      |    1528.038  |      4.518
      1394    |     338.218      |    1527.053  |      4.515
      1395    |     338.218      |    1527.785  |      4.517
      1396    |     338.217      |    1527.212  |      4.515
      1397    |     338.218      |    1527.187  |      4.515
      1398    |     338.218      |    1514.132  |      4.477
      1399    |     338.218      |    1501.862  |      4.441
      1400    |     338.218      |    1505.127  |      4.450
      1401    |     338.218      |    1514.528  |      4.478
      1402    |     338.219      |    1514.456  |      4.478
      1403    |     338.218      |    1514.704  |      4.478
      1404    |     338.218      |    1514.383  |      4.478
      1405    |     338.218      |    1513.945  |      4.476
      1406    |     338.219      |    1513.336  |      4.474
      1407    |     338.217      |    1514.425  |      4.478
      1408    |     338.219      |    1522.986  |      4.503
      1409    |     338.219      |    1520.648  |      4.496
      1410    |     338.219      |    1520.895  |      4.497
      1411    |     338.219      |    1519.067  |      4.491
      1412    |     338.219      |    1510.811  |      4.467
      1413    |     338.218      |    1530.089  |      4.524
      1414    |     338.217      |    1487.767  |      4.399
      1415    |     338.219      |    1490.523  |      4.407
      1416    |     338.217      |    1486.727  |      4.396
      1417    |     338.217      |    1486.622  |      4.395
      1418    |     338.218      |    1488.077  |      4.400
      1419    |     338.218      |    1488.408  |      4.401
      1420    |     338.218      |    1488.709  |      4.402
      1421    |     338.218      |    1487.233  |      4.397
      1422    |     338.218      |    1487.068  |      4.397
      1423    |     338.218      |    1487.355  |      4.398
      1424    |     338.219      |    1487.688  |      4.399
      1425    |     338.219      |    1485.948  |      4.393
      1426    |     338.218      |    1483.952  |      4.388
      1427    |     338.218      |    1484.396  |      4.389
      1428    |     338.218      |    1527.763  |      4.517
      1429    |     338.218      |    1521.907  |      4.500
      1430    |     338.219      |    1513.264  |      4.474
      1431    |     338.219      |    1513.931  |      4.476
      1432    |     338.220      |    1514.353  |      4.477
      1433    |     338.218      |    1514.670  |      4.478
      1434    |     338.218      |    1513.332  |      4.474
      1435    |     338.220      |    1513.586  |      4.475
      1436    |     338.218      |    1511.694  |      4.470
      1437    |     338.219      |    1512.832  |      4.473
      1438    |     338.219      |    1533.389  |      4.534
      1439    |     338.219      |    1532.202  |      4.530
      1440    |     338.219      |    1531.359  |      4.528
      1441    |     338.220      |    1531.245  |      4.527
      1442    |     338.218      |    1514.480  |      4.478
      1443    |     338.217      |    1514.238  |      4.477
      1444    |     338.218      |    1513.947  |      4.476
      1445    |     338.218      |    1513.250  |      4.474
      1446    |     338.218      |    1514.014  |      4.476
      1447    |     338.218      |    1513.351  |      4.474
      1448    |     338.219      |    1513.944  |      4.476
      1449    |     338.218      |    1514.035  |      4.477
      1450    |     338.217      |    1512.806  |      4.473
      1451    |     338.219      |    1514.686  |      4.478
      1452    |     338.218      |    1515.907  |      4.482
      1453    |     338.218      |    1515.232  |      4.480
      1454    |     338.218      |    1501.899  |      4.441
      1455    |     338.219      |    1494.108  |      4.418
      1456    |     338.218      |    1526.839  |      4.514
      1457    |     338.219      |    1515.804  |      4.482
      1458    |     338.219      |    1521.575  |      4.499
      1459    |     338.220      |    1527.240  |      4.516
      1460    |     338.220      |    1528.836  |      4.520
      1461    |     338.220      |    1528.311  |      4.519
      1462    |     338.219      |    1527.614  |      4.517
      1463    |     338.219      |    1530.131  |      4.524
      1464    |     338.219      |    1531.613  |      4.528
      1465    |     338.219      |    1544.402  |      4.566
      1466    |     338.219      |    1542.561  |      4.561
      1467    |     338.218      |    1542.377  |      4.560
      1468    |     338.219      |    1543.198  |      4.563
      1469    |     338.218      |    1545.226  |      4.569
      1470    |     338.217      |    1537.312  |      4.545
      1471    |     338.217      |    1536.803  |      4.544
      1472    |     338.217      |    1537.449  |      4.546
      1473    |     338.218      |    1537.965  |      4.547
      1474    |     338.219      |    1537.476  |      4.546
      1475    |     338.218      |    1537.803  |      4.547
      1476    |     338.218      |    1538.579  |      4.549
      1477    |     338.218      |    1536.035  |      4.542
      1478    |     338.218      |    1537.277  |      4.545
      1479    |     338.219      |    1533.568  |      4.534
      1480    |     338.218      |    1529.142  |      4.521
      1481    |     338.218      |    1501.176  |      4.438
      1482    |     338.217      |    1502.875  |      4.444
      1483    |     338.219      |    1504.093  |      4.447
      1484    |     338.217      |    1515.660  |      4.481
      1485    |     338.219      |    1518.201  |      4.489
      1486    |     338.219      |    1518.484  |      4.490
      1487    |     338.219      |    1517.676  |      4.487
      1488    |     338.219      |    1519.030  |      4.491
      1489    |     338.219      |    1521.107  |      4.497
      1490    |     338.219      |    1510.868  |      4.467
      1491    |     338.219      |    1507.104  |      4.456
      1492    |     338.219      |    1506.690  |      4.455
      1493    |     338.218      |    1521.501  |      4.499
      1494    |     338.219      |    1521.342  |      4.498
      1495    |     338.219      |    1524.142  |      4.506
      1496    |     338.218      |    1534.091  |      4.536
      1497    |     338.219      |    1531.576  |      4.528
      1498    |     338.219      |    1535.530  |      4.540
      1499    |     338.218      |    1532.739  |      4.532
      1500    |     338.219      |    1532.263  |      4.530
      1501    |     338.219      |    1534.199  |      4.536
      1502    |     338.217      |    1532.981  |      4.533
      1503    |     338.218      |    1533.831  |      4.535
      1504    |     338.218      |    1534.690  |      4.538
      1505    |     338.218      |    1534.174  |      4.536
      1506    |     338.217      |    1533.303  |      4.533
      1507    |     338.218      |    1535.373  |      4.540
      1508    |     338.219      |    1516.840  |      4.485
      1509    |     338.219      |    1533.552  |      4.534
      1510    |     338.218      |    1523.889  |      4.506
      1511    |     338.219      |    1522.008  |      4.500
      1512    |     338.219      |    1511.143  |      4.468
      1513    |     338.219      |    1513.305  |      4.474
      1514    |     338.219      |    1517.316  |      4.486
      1515    |     338.218      |    1518.134  |      4.489
      1516    |     338.219      |    1518.957  |      4.491
      1517    |     338.219      |    1519.169  |      4.492
      1518    |     338.219      |    1520.070  |      4.494
      1519    |     338.218      |    1519.400  |      4.492
      1520    |     338.218      |    1515.177  |      4.480
      1521    |     338.218      |    1514.006  |      4.476
      1522    |     338.218      |    1512.257  |      4.471
      1523    |     338.220      |    1513.643  |      4.475
      1524    |     338.219      |    1523.205  |      4.504
      1525    |     338.219      |    1523.244  |      4.504
      1526    |     338.217      |    1528.369  |      4.519
      1527    |     338.219      |    1529.113  |      4.521
      1528    |     338.219      |    1527.807  |      4.517
      1529    |     338.218      |    1528.763  |      4.520
      1530    |     338.217      |    1527.922  |      4.518
      1531    |     338.218      |    1528.078  |      4.518
      1532    |     338.219      |    1527.750  |      4.517
      1533    |     338.219      |    1532.070  |      4.530
      1534    |     338.218      |    1532.190  |      4.530
      1535    |     338.218      |    1528.921  |      4.521
      1536    |     338.220      |    1528.781  |      4.520
      1537    |     338.218      |    1520.094  |      4.494
      1538    |     338.218      |    1521.447  |      4.498
      1539    |     338.219      |    1515.294  |      4.480
      1540    |     338.219      |    1494.235  |      4.418
      1541    |     338.219      |    1494.639  |      4.419
      1542    |     338.219      |    1495.284  |      4.421
      1543    |     338.219      |    1495.644  |      4.422
      1544    |     338.220      |    1496.059  |      4.423
      1545    |     338.219      |    1498.886  |      4.432
      1546    |     338.219      |    1496.273  |      4.424
      1547    |     338.219      |    1496.878  |      4.426
      1548    |     338.219      |    1496.445  |      4.424
      1549    |     338.220      |    1495.655  |      4.422
      1550    |     338.219      |    1495.417  |      4.421
      1551    |     338.219      |    1493.203  |      4.415
      1552    |     338.220      |    1493.946  |      4.417
      1553    |     338.219      |    1494.766  |      4.420
      1554    |     338.218      |    1505.671  |      4.452
      1555    |     338.220      |    1502.619  |      4.443
      1556    |     338.219      |    1511.428  |      4.469
      1557    |     338.220      |    1511.869  |      4.470
      1558    |     338.219      |    1509.332  |      4.463
      1559    |     338.220      |    1511.004  |      4.468
      1560    |     338.218      |    1507.196  |      4.456
      1561    |     338.219      |    1504.620  |      4.449
      1562    |     338.219      |    1497.117  |      4.426
      1563    |     338.219      |    1496.437  |      4.424
      1564    |     338.219      |    1503.840  |      4.446
      1565    |     338.219      |    1502.977  |      4.444
      1566    |     338.219      |    1502.803  |      4.443
      1567    |     338.218      |    1505.267  |      4.451
      1568    |     338.219      |    1518.754  |      4.490
      1569    |     338.219      |    1514.902  |      4.479
      1570    |     338.219      |    1515.537  |      4.481
      1571    |     338.219      |    1515.372  |      4.480
      1572    |     338.220      |    1515.178  |      4.480
      1573    |     338.219      |    1501.894  |      4.441
      1574    |     338.219      |    1509.141  |      4.462
      1575    |     338.219      |    1521.448  |      4.498
      1576    |     338.218      |    1520.414  |      4.495
      1577    |     338.219      |    1520.563  |      4.496
      1578    |     338.220      |    1520.608  |      4.496
      1579    |     338.219      |    1520.053  |      4.494
      1580    |     338.219      |    1520.190  |      4.495
      1581    |     338.219      |    1522.739  |      4.502
      1582    |     338.218      |    1508.753  |      4.461
      1583    |     338.217      |    1507.567  |      4.457
      1584    |     338.217      |    1507.609  |      4.458
      1585    |     338.218      |    1506.499  |      4.454
      1586    |     338.218      |    1507.294  |      4.457
      1587    |     338.218      |    1506.912  |      4.455
      1588    |     338.218      |    1508.644  |      4.461
      1589    |     338.217      |    1508.312  |      4.460
      1590    |     338.218      |    1506.765  |      4.455
      1591    |     338.217      |    1503.450  |      4.445
      1592    |     338.217      |    1505.238  |      4.451
      1593    |     338.218      |    1505.763  |      4.452
      1594    |     338.218      |    1506.609  |      4.455
      1595    |     338.218      |    1506.475  |      4.454
      1596    |     338.218      |    1536.317  |      4.542
      1597    |     338.218      |    1534.201  |      4.536
      1598    |     338.218      |    1533.065  |      4.533
      1599    |     338.217      |    1529.041  |      4.521
      1600    |     338.219      |    1532.026  |      4.530
      1601    |     338.219      |    1532.581  |      4.531
      1602    |     338.218      |    1531.618  |      4.528
      1603    |     338.218      |    1533.997  |      4.536
      1604    |     338.219      |    1534.490  |      4.537
      1605    |     338.218      |    1529.264  |      4.522
      1606    |     338.219      |    1530.125  |      4.524
      1607    |     338.219      |    1527.273  |      4.516
      1608    |     338.218      |    1525.916  |      4.512
      1609    |     338.218      |    1518.236  |      4.489
      1610    |     338.217      |    1515.085  |      4.480
      1611    |     338.218      |    1520.619  |      4.496
      1612    |     338.217      |    1530.729  |      4.526
      1613    |     338.219      |    1531.096  |      4.527
      1614    |     338.218      |    1531.401  |      4.528
      1615    |     338.218      |    1530.930  |      4.526
      1616    |     338.218      |    1530.519  |      4.525
      1617    |     338.218      |    1531.079  |      4.527
      1618    |     338.218      |    1532.381  |      4.531
      1619    |     338.218      |    1532.483  |      4.531
      1620    |     338.217      |    1529.491  |      4.522
      1621    |     338.218      |    1528.712  |      4.520
      1622    |     338.218      |    1527.675  |      4.517
      1623    |     338.218      |    1528.399  |      4.519
      1624    |     338.218      |    1526.829  |      4.514
      1625    |     338.219      |    1527.107  |      4.515
      1626    |     338.219      |    1526.304  |      4.513
      1627    |     338.218      |    1526.380  |      4.513
      1628    |     338.219      |    1524.905  |      4.509
      1629    |     338.217      |    1523.433  |      4.504
      1630    |     338.219      |    1525.152  |      4.509
      1631    |     338.219      |    1522.649  |      4.502
      1632    |     338.218      |    1526.092  |      4.512
      1633    |     338.218      |    1525.906  |      4.512
      1634    |     338.219      |    1521.542  |      4.499
      1635    |     338.219      |    1519.261  |      4.492
      1636    |     338.218      |    1518.320  |      4.489
      1637    |     338.218      |    1519.737  |      4.493
      1638    |     338.220      |    1543.912  |      4.565
      1639    |     338.220      |    1544.419  |      4.566
      1640    |     338.218      |    1546.172  |      4.572
      1641    |     338.220      |    1546.038  |      4.571
      1642    |     338.219      |    1534.859  |      4.538
      1643    |     338.220      |    1533.454  |      4.534
      1644    |     338.219      |    1533.946  |      4.535
      1645    |     338.219      |    1534.978  |      4.538
      1646    |     338.219      |    1525.729  |      4.511
      1647    |     338.220      |    1519.309  |      4.492
      1648    |     338.220      |    1496.511  |      4.425
      1649    |     338.220      |    1496.530  |      4.425
      1650    |     338.221      |    1496.463  |      4.425
      1651    |     338.220      |    1497.817  |      4.429
 -------------|------------------|--------------|------------------
 Total        |  558738.092      | 2481103.408  |      4.441
 -------------|------------------|--------------|------------------
 Minimum      |     338.215      |    1461.031  |      4.320
 -------------|------------------|--------------|------------------
 Maximum      |     338.222      |    1546.172  |      4.572
 -------------|------------------|--------------|------------------
 Average      |     338.219      |    1501.879  |      4.441
 
 Detailed timing for proc :           0
 --------------------------
 Section                     Elapsed Time (s)  Elapsed Time (%)  CPU Time(s)  
 CPU Time (%)  CPU/Elapsed  Frequency
 nemo_init                         97.217            28.744       52.805         3.537        0.543          1
 scripremap_read_sgl               29.310             8.666       27.811         1.863        0.949          8
 icedyn_rhg                         7.109             2.102       50.565         3.387        7.113        240
 tra_qsr                            4.897             1.448        6.146         0.412        1.255        240
 dyn_spg_ts                         4.531             1.340       36.007         2.412        7.947        240
 tra_ldf_iso                        3.572             1.056       28.332         1.898        7.931        240
 iom_put_p3d_dp                     3.572             1.056       31.299         2.097        8.763       7440
 stp_ctl                            3.410             1.008       18.054         1.209        5.295        240
 parinter_init                      3.334             0.986        3.314         0.222        0.994          8
 tra_adv_fct                        2.929             0.866       23.196         1.554        7.920        240
 sbc_stokes                         2.600             0.769       20.554         1.377        7.906        240
 dyn_ldf                            2.383             0.705       19.050         1.276        7.993        240
 nonosc                             2.339             0.691       18.814         1.260        8.044        480
 ldf_slp                            2.314             0.684       18.477         1.238        7.985        240
 stp                                2.267             0.670        5.281         0.354        2.329        240
 sbc_hbp                            2.186             0.646        4.957         0.332        2.267        240
 dyn_nxt                            2.167             0.641       17.303         1.159        7.985        240
 dom_vvl_sf_swp                     2.017             0.596       15.937         1.068        7.903        240
 dyn_vor                            1.637             0.484       12.982         0.870        7.931        240
 tra_nxt                            1.610             0.476       12.879         0.863        8.001        240
 icestp                             1.526             0.451       11.856         0.794        7.769        240
 ice_dyn_adv_pra                    1.512             0.447       12.133         0.813        8.024        240
 ice_thd_main                       1.190             0.352        9.507         0.637        7.992        240
 dia_wri                            1.112             0.329        8.072         0.541        7.260        240
 dom_vvl_sf_nxt                     1.110             0.328        8.560         0.573        7.710        480
 icecor                             1.098             0.325        8.664         0.580        7.891        480
 zdf_phy                            1.096             0.324        9.638         0.646        8.791        240
 dom_hgr                            0.964             0.285        2.244         0.150        2.328          1
 dyn_zdf                            0.890             0.263        6.949         0.465        7.808        240
 zdf_tke_tke                        0.873             0.258        6.296         0.422        7.208        240
 sbc                                0.838             0.248        4.421         0.296        5.278        240
 tra_zdf_imp                        0.803             0.238        5.699         0.382        7.094        240
 dyn_zad                            0.771             0.228        6.213         0.416        8.053        240
 zdf_tmx                            0.754             0.223        3.885         0.260        5.154        240
 icewri                             0.739             0.219        5.667         0.380        7.667        240
 tra_adv                            0.720             0.213        5.718         0.383        7.946        240
 ice_dyn_adv_pra_adv_y              0.718             0.212        5.744         0.385        8.005       3120
 wzv                                0.715             0.211        5.834         0.391        8.159        480
 div_hor                            0.697             0.206        4.977         0.333        7.143        480
 dyn_keg                            0.619             0.183        5.000         0.335        8.073        240
 zdf_sh2                            0.560             0.166        4.253         0.285        7.594        240
 iceupdate_tau                      0.539             0.159        3.488         0.234        6.471        240
 zdf_ddm                            0.530             0.157        4.006         0.268        7.558        240
 ice_dyn_adv_pra_adv_x              0.523             0.155        5.158         0.346        9.855       3120
 bn2                                0.495             0.146        4.068         0.273        8.211        480
 tmx_itf                            0.486             0.144        3.740         0.251        7.689        240
 dyn_hpg                            0.457             0.135        3.714         0.249        8.122        240
 dia_hth                            0.448             0.133        3.444         0.231        7.680        240
 parinter_write                     0.448             0.132        0.040         0.003        0.090          8
 stp_oceandyn                       0.396             0.117        3.525         0.236        8.899        240
 icedyn_rdgrft                      0.382             0.113        3.108         0.208        8.131        240
 rab_3d                             0.379             0.112        3.132         0.210        8.272        480
 zdf_tke_avn                        0.339             0.100        2.901         0.194        8.554        240
 tra_bbl                            0.307             0.091        2.348         0.157        7.658        240
 eos-pot                            0.303             0.090        2.480         0.166        8.179        506
 day                                0.273             0.081        1.493         0.100        5.460        240
 zps_hde                            0.266             0.079        2.136         0.143        8.028        240
 sbc_rnf                            0.266             0.079        1.563         0.105        5.873        240
 stp_tracers                        0.252             0.075        1.926         0.129        7.634        240
 ice_thd_jllopp                     0.246             0.073        1.618         0.108        6.574        240
 zdf_evd                            0.226             0.067        1.187         0.080        5.247        240
 eos2d                              0.210             0.062        1.795         0.120        8.562        480
 tra_bbc                            0.204             0.060        1.653         0.111        8.110        240
 iceupdate_flx                      0.199             0.059        0.609         0.041        3.062        240
 parinter_fld_mult                  0.195             0.058        1.537         0.103        7.862        219
 zdf_mxl                            0.159             0.047        0.969         0.065        6.098        240
 nemogcmcoup_coupinit               0.154             0.045        0.153         0.010        0.994          1
 rab_2d                             0.150             0.044        1.260         0.084        8.376        240
 tra_zdf                            0.135             0.040        1.590         0.107       11.749        240
 tra_sbc                            0.134             0.040        1.012         0.068        7.575        240
 ssh_nxt                            0.124             0.037        1.025         0.069        8.240        240
 eos-insitu                         0.116             0.034        0.954         0.064        8.188        240
 ice_dyn                            0.085             0.025        0.611         0.041        7.227        240
 scripremap_dealloc                 0.077             0.023        0.077         0.005        0.997          8
 icedyn_adv                         0.075             0.022        0.807         0.054       10.824        240
 nemogcmcoup_lim2_update            0.068             0.020        0.538         0.036        7.967         24
 sbc_sglcpl_rcv                     0.054             0.016        0.465         0.031        8.558        240
 sbc_ssm                            0.052             0.015        0.268         0.018        5.148        240
 iceitd_rem                         0.040             0.012        0.665         0.045       16.718        240
 ice_strengh                        0.035             0.010        0.377         0.025       10.696        240
 iceitd_reb                         0.033             0.010        0.629         0.042       18.937        480
 nemogcmcoup_lim2_get               0.031             0.009        0.258         0.017        8.438         25
 sbc_wave_sglexe                    0.030             0.009        0.269         0.018        9.121        240
 parinter_read                      0.029             0.008        0.054         0.004        1.887          8
 stp_nxt                            0.028             0.008        0.262         0.018        9.350        240
 icethd                             0.027             0.008        0.145         0.010        5.274        240
 zdf_drg                            0.026             0.008        0.275         0.018       10.432        240
 icealb                             0.023             0.007        0.235         0.016       10.398        480
 ice_dyn_adv_pra_icemax4D           0.022             0.007        0.056         0.004        2.504        480
 ice_dyn_adv_pra_Hbig               0.020             0.006        0.041         0.003        2.111        240
 sbc_sglcpl_ice_flx                 0.019             0.006        0.251         0.017       13.068        240
 stp_thermodyn                      0.018             0.005        0.079         0.005        4.391        240
 stp_lateral                        0.012             0.004        0.080         0.005        6.414        240
 nemogcmcoup_wam_update             0.012             0.004        0.108         0.007        8.762         24
 sbc_wstress                        0.011             0.003        0.150         0.010       13.083        240
 stp_diag                           0.009             0.003        0.047         0.003        4.966        240
 dia_ar5                            0.009             0.003        0.043         0.003        4.746        240
 ssh_swp                            0.009             0.003        0.134         0.009       15.307        240
 nemogcmcoup_wam_update_s           0.008             0.002        0.072         0.005        8.672         24
 dyn_adv                            0.007             0.002        0.044         0.003        6.341        240
 sbc_sglcpl_ice_init                0.004             0.001        0.004         0.000        1.002          1
 nemogcmcoup_wam_get                0.003             0.001        0.030         0.002        8.806         24
 icesbc                             0.003             0.001        0.092         0.006       33.249        480
 nemogcmcoup_wam_coupinit           0.002             0.001        0.006         0.000        2.682          1
 scripremap_alloc                   0.002             0.001        0.003         0.000        1.927          8
 tra_ldf                            0.001             0.000        0.148         0.010      107.773        240
 
 Detailed CPU timing for proc :           0
 ------------------------------
 Section                     CPU Time (s)      CPU Time (%)      Elapsed (s)  
 ELapsed (%)   CPU/Elapsed  Frequency
 nemo_init                         52.805             3.537       97.217        28.744        0.543          1
 icedyn_rhg                        50.565             3.387        7.109         2.102        7.113        240
 dyn_spg_ts                        36.007             2.412        4.531         1.340        7.947        240
 iom_put_p3d_dp                    31.299             2.097        3.572         1.056        8.763       7440
 tra_ldf_iso                       28.332             1.898        3.572         1.056        7.931        240
 scripremap_read_sgl               27.811             1.863       29.310         8.666        0.949          8
 tra_adv_fct                       23.196             1.554        2.929         0.866        7.920        240
 sbc_stokes                        20.554             1.377        2.600         0.769        7.906        240
 dyn_ldf                           19.050             1.276        2.383         0.705        7.993        240
 nonosc                            18.814             1.260        2.339         0.691        8.044        480
 ldf_slp                           18.477             1.238        2.314         0.684        7.985        240
 stp_ctl                           18.054             1.209        3.410         1.008        5.295        240
 dyn_nxt                           17.303             1.159        2.167         0.641        7.985        240
 dom_vvl_sf_swp                    15.937             1.068        2.017         0.596        7.903        240
 dyn_vor                           12.982             0.870        1.637         0.484        7.931        240
 tra_nxt                           12.879             0.863        1.610         0.476        8.001        240
 ice_dyn_adv_pra                   12.133             0.813        1.512         0.447        8.024        240
 icestp                            11.856             0.794        1.526         0.451        7.769        240
 zdf_phy                            9.638             0.646        1.096         0.324        8.791        240
 ice_thd_main                       9.507             0.637        1.190         0.352        7.992        240
 icecor                             8.664             0.580        1.098         0.325        7.891        480
 dom_vvl_sf_nxt                     8.560             0.573        1.110         0.328        7.710        480
 dia_wri                            8.072             0.541        1.112         0.329        7.260        240
 dyn_zdf                            6.949             0.465        0.890         0.263        7.808        240
 zdf_tke_tke                        6.296             0.422        0.873         0.258        7.208        240
 dyn_zad                            6.213             0.416        0.771         0.228        8.053        240
 tra_qsr                            6.146             0.412        4.897         1.448        1.255        240
 wzv                                5.834             0.391        0.715         0.211        8.159        480
 ice_dyn_adv_pra_adv_y              5.744             0.385        0.718         0.212        8.005       3120
 tra_adv                            5.718             0.383        0.720         0.213        7.946        240
 tra_zdf_imp                        5.699             0.382        0.803         0.238        7.094        240
 icewri                             5.667             0.380        0.739         0.219        7.667        240
 stp                                5.281             0.354        2.267         0.670        2.329        240
 ice_dyn_adv_pra_adv_x              5.158             0.346        0.523         0.155        9.855       3120
 dyn_keg                            5.000             0.335        0.619         0.183        8.073        240
 div_hor                            4.977             0.333        0.697         0.206        7.143        480
 sbc_hbp                            4.957             0.332        2.186         0.646        2.267        240
 sbc                                4.421             0.296        0.838         0.248        5.278        240
 zdf_sh2                            4.253             0.285        0.560         0.166        7.594        240
 bn2                                4.068             0.273        0.495         0.146        8.211        480
 zdf_ddm                            4.006             0.268        0.530         0.157        7.558        240
 zdf_tmx                            3.885             0.260        0.754         0.223        5.154        240
 tmx_itf                            3.740             0.251        0.486         0.144        7.689        240
 dyn_hpg                            3.714             0.249        0.457         0.135        8.122        240
 stp_oceandyn                       3.525             0.236        0.396         0.117        8.899        240
 iceupdate_tau                      3.488             0.234        0.539         0.159        6.471        240
 dia_hth                            3.444             0.231        0.448         0.133        7.680        240
 parinter_init                      3.314             0.222        3.334         0.986        0.994          8
 rab_3d                             3.132             0.210        0.379         0.112        8.272        480
 icedyn_rdgrft                      3.108             0.208        0.382         0.113        8.131        240
 zdf_tke_avn                        2.901             0.194        0.339         0.100        8.554        240
 eos-pot                            2.480             0.166        0.303         0.090        8.179        506
 tra_bbl                            2.348             0.157        0.307         0.091        7.658        240
 dom_hgr                            2.244             0.150        0.964         0.285        2.328          1
 zps_hde                            2.136             0.143        0.266         0.079        8.028        240
 stp_tracers                        1.926             0.129        0.252         0.075        7.634        240
 eos2d                              1.795             0.120        0.210         0.062        8.562        480
 tra_bbc                            1.653             0.111        0.204         0.060        8.110        240
 ice_thd_jllopp                     1.618             0.108        0.246         0.073        6.574        240
 tra_zdf                            1.590             0.107        0.135         0.040       11.749        240
 sbc_rnf                            1.563             0.105        0.266         0.079        5.873        240
 parinter_fld_mult                  1.537             0.103        0.195         0.058        7.862        219
 day                                1.493             0.100        0.273         0.081        5.460        240
 rab_2d                             1.260             0.084        0.150         0.044        8.376        240
 zdf_evd                            1.187             0.080        0.226         0.067        5.247        240
 ssh_nxt                            1.025             0.069        0.124         0.037        8.240        240
 tra_sbc                            1.012             0.068        0.134         0.040        7.575        240
 zdf_mxl                            0.969             0.065        0.159         0.047        6.098        240
 eos-insitu                         0.954             0.064        0.116         0.034        8.188        240
 icedyn_adv                         0.807             0.054        0.075         0.022       10.824        240
 iceitd_rem                         0.665             0.045        0.040         0.012       16.718        240
 iceitd_reb                         0.629             0.042        0.033         0.010       18.937        480
 ice_dyn                            0.611             0.041        0.085         0.025        7.227        240
 iceupdate_flx                      0.609             0.041        0.199         0.059        3.062        240
 nemogcmcoup_lim2_update            0.538             0.036        0.068         0.020        7.967         24
 sbc_sglcpl_rcv                     0.465             0.031        0.054         0.016        8.558        240
 ice_strengh                        0.377             0.025        0.035         0.010       10.696        240
 zdf_drg                            0.275             0.018        0.026         0.008       10.432        240
 sbc_wave_sglexe                    0.269             0.018        0.030         0.009        9.121        240
 sbc_ssm                            0.268             0.018        0.052         0.015        5.148        240
 stp_nxt                            0.262             0.018        0.028         0.008        9.350        240
 nemogcmcoup_lim2_get               0.258             0.017        0.031         0.009        8.438         25
 sbc_sglcpl_ice_flx                 0.251             0.017        0.019         0.006       13.068        240
 icealb                             0.235             0.016        0.023         0.007       10.398        480
 nemogcmcoup_coupinit               0.153             0.010        0.154         0.045        0.994          1
 sbc_wstress                        0.150             0.010        0.011         0.003       13.083        240
 tra_ldf                            0.148             0.010        0.001         0.000      107.773        240
 icethd                             0.145             0.010        0.027         0.008        5.274        240
 ssh_swp                            0.134             0.009        0.009         0.003       15.307        240
 nemogcmcoup_wam_update             0.108             0.007        0.012         0.004        8.762         24
 icesbc                             0.092             0.006        0.003         0.001       33.249        480
 stp_lateral                        0.080             0.005        0.012         0.004        6.414        240
 stp_thermodyn                      0.079             0.005        0.018         0.005        4.391        240
 scripremap_dealloc                 0.077             0.005        0.077         0.023        0.997          8
 nemogcmcoup_wam_update_s           0.072             0.005        0.008         0.002        8.672         24
 ice_dyn_adv_pra_icemax4D           0.056             0.004        0.022         0.007        2.504        480
 parinter_read                      0.054             0.004        0.029         0.008        1.887          8
 stp_diag                           0.047             0.003        0.009         0.003        4.966        240
 dyn_adv                            0.044             0.003        0.007         0.002        6.341        240
 dia_ar5                            0.043             0.003        0.009         0.003        4.746        240
 ice_dyn_adv_pra_Hbig               0.041             0.003        0.020         0.006        2.111        240
 parinter_write                     0.040             0.003        0.448         0.132        0.090          8
 nemogcmcoup_wam_get                0.030             0.002        0.003         0.001        8.806         24
 nemogcmcoup_wam_coupinit           0.006             0.000        0.002         0.001        2.682          1
 sbc_sglcpl_ice_init                0.004             0.000        0.004         0.001        1.002          1
 scripremap_alloc                   0.003             0.000        0.002         0.001        1.927          8
 
 Inclusive timing for proc :           0
 ---------------------------
 Section                     Elapsed Time (s)      % of total        
 CPU Time (s)      CPU/Elapsed      Frequency
 nemo_init                         98.186           100.000            55.054             0.561              1
 stp                               79.637            81.109           554.117             6.958            240
 scripremap_read_sgl               29.311            29.853            27.814             0.949              8
 nemogcmcoup_coupinit              24.751            25.209            22.916             0.926              1
 stp_sbc                           22.629            23.048           158.340             6.997            240
 sbc                               22.628            23.046           158.328             6.997            240
 stp_tracers                       16.564            16.870            98.594             5.952            240
 icestp                            16.335            16.637           122.978             7.528            240
 stp_oceandyn                      14.508            14.776           115.514             7.962            240
 ice_dyn                           10.709            10.907            79.185             7.394            240
 nemogcmcoup_wam_coupinit           8.604             8.762             8.542             0.993              1
 icedyn_rhg                         7.153             7.285            50.942             7.122            240
 tra_adv                            6.081             6.193            48.436             7.966            240
 stp_nxt                            5.851             5.959            46.516             7.951            240
 tra_adv_fct                        5.280             5.377            42.010             7.957            240
 stp_vertical                       5.180             5.276            39.055             7.540            240
 zdf_phy                            5.178             5.274            39.036             7.539            240
 stp_diag                           5.086             5.180            40.550             7.972            240
 tra_qsr                            4.901             4.992             6.146             1.254            240
 dia_wri                            4.586             4.671            36.566             7.973            240
 dyn_spg                            4.529             4.613            36.091             7.969            240
 dyn_spg_ts                         4.526             4.610            36.069             7.969            240
 iom_put_p3d_dp                     3.699             3.768            31.299             8.461           7440
 tra_ldf                            3.582             3.648            28.480             7.951            240
 tra_ldf_iso                        3.576             3.643            28.332             7.922            240
 stp_ctl                            3.414             3.477            18.054             5.289            240
 parinter_init                      3.334             3.396             3.314             0.994              8
 icedyn_adv                         3.009             3.065            23.978             7.968            240
 stp_lateral                        2.943             2.998            23.441             7.964            240
 ice_dyn_adv_pra                    2.931             2.985            23.171             7.907            240
 sbc_wave_sglexe                    2.716             2.767            21.646             7.969            240
 sbc_stokes                         2.683             2.732            21.376             7.968            240
 icethd                             2.599             2.647            20.724             7.975            240
 dyn_ldf                            2.387             2.431            19.050             7.979            240
 sbc_hbp                            2.377             2.421             6.533             2.748            240
 nonosc                             2.347             2.390            18.814             8.016            480
 ldf_slp                            2.318             2.361            18.477             7.971            240
 dyn_nxt                            2.171             2.211            17.303             7.970            240
 dom_vvl_sf_swp                     2.021             2.058            15.937             7.887            240
 dyn_vor                            1.641             1.671            12.982             7.912            240
 tra_nxt                            1.614             1.644            12.879             7.980            240
 dyn_adv                            1.410             1.436            11.257             7.983            240
 zdf_tmx                            1.277             1.301             8.019             6.279            240
 ice_thd_main                       1.194             1.216             9.507             7.964            240
 icecor                             1.148             1.169             9.293             8.098            480
 dom_vvl_sf_nxt                     1.118             1.139             8.560             7.653            480
 dom_hgr                            0.964             0.982             2.244             2.328              1
 tra_zdf                            0.947             0.964             7.289             7.698            240
 stp_thermodyn                      0.913             0.930             7.280             7.975            240
 dyn_zdf                            0.893             0.910             6.949             7.780            240
 zdf_tke_tke                        0.878             0.894             6.296             7.174            240
 tra_zdf_imp                        0.807             0.822             5.699             7.058            240
 icewri                             0.787             0.802             6.294             7.998            240
 dyn_zad                            0.776             0.790             6.213             8.010            240
 ice_dyn_adv_pra_adv_y              0.771             0.785             5.744             7.450           3120
 wzv                                0.723             0.737             5.834             8.066            480
 div_hor                            0.707             0.720             5.689             8.050            480
 dyn_keg                            0.624             0.635             5.000             8.020            240
 ice_dyn_adv_pra_adv_x              0.577             0.588             5.158             8.941           3120
 zdf_sh2                            0.564             0.575             4.253             7.539            240
 iceupdate_tau                      0.543             0.553             3.488             6.422            240
 zdf_ddm                            0.534             0.544             4.006             7.500            240
 bn2                                0.504             0.513             4.068             8.077            480
 tmx_itf                            0.490             0.500             3.740             7.625            240
 ssh_nxt                            0.490             0.499             3.936             8.029            240
 zps_hde                            0.488             0.497             3.930             8.054            240
 dia_hth                            0.483             0.492             3.879             8.028            240
 dyn_hpg                            0.461             0.470             3.714             8.050            240
 tra_bbl                            0.453             0.462             3.638             8.025            240
 parinter_write                     0.448             0.456             0.040             0.089              8
 rab_3d                             0.387             0.394             3.132             8.096            480
 icedyn_rdgrft                      0.386             0.393             3.108             8.045            240
 zdf_tke_avn                        0.343             0.350             2.901             8.452            240
 eos-pot                            0.312             0.318             2.480             7.952            506
 zdf_evd                            0.287             0.292             2.318             8.082            240
 day                                0.277             0.283             1.493             5.379            240
 sbc_rnf                            0.267             0.272             1.571             5.877            240
 ice_thd_jllopp                     0.250             0.255             1.618             6.465            240
 eos2d                              0.218             0.222             1.795             8.239            480
 tra_bbc                            0.206             0.210             1.667             8.101            240
 parinter_fld_mult                  0.199             0.203             1.537             7.713            219
 zdf_mxl                            0.164             0.167             1.330             8.116            240
 rab_2d                             0.155             0.157             1.260             8.153            240
 tra_sbc                            0.138             0.140             1.012             7.348            240
 eos-insitu                         0.121             0.123             0.954             7.908            240
 iceupdate_flx                      0.116             0.118             0.956             8.235            240
 nemogcmcoup_lim2_update            0.104             0.106             0.836             7.996             24
 nemogcmcoup_wam_update             0.082             0.084             0.660             8.026             24
 scripremap_dealloc                 0.077             0.078             0.077             0.996              8
 nemogcmcoup_lim2_get               0.067             0.069             0.504             7.481             25
 sbc_sglcpl_rcv                     0.056             0.057             0.475             8.514            240
 icesbc                             0.052             0.052             0.475             9.214            480
 iceitd_rem                         0.044             0.045             0.665            15.151            240
 iceitd_reb                         0.041             0.042             0.629            15.178            480
 sbc_ssm                            0.039             0.040             0.344             8.710            240
 ice_strengh                        0.039             0.040             0.377             9.578            240
 icealb                             0.031             0.031             0.235             7.625            480
 ice_dyn_adv_pra_icemax4D           0.031             0.031             0.056             1.830            480
 zdf_drg                            0.030             0.031             0.275             9.022            240
 parinter_read                      0.029             0.029             0.054             1.878              8
 nemogcmcoup_wam_get                0.029             0.029             0.226             7.879             24
 ice_dyn_adv_pra_Hbig               0.024             0.024             0.041             1.743            240
 sbc_sglcpl_ice_flx                 0.023             0.023             0.254            11.077            240
 sbc_wstress                        0.016             0.016             0.150             9.631            240
 ssh_swp                            0.013             0.013             0.134            10.418            240
 nemogcmcoup_wam_update_s           0.012             0.013             0.103             8.318             24
 ice_dyn_adv_pra_icemax3D           0.012             0.012             0.038             3.150            960
 sbc_isf_div                        0.006             0.006             0.673           117.215            480
 nemogcmcoup_update                 0.005             0.005             0.039             8.595             24
 sbc_sglcpl_ice_init                0.004             0.004             0.004             0.998              1
 dia_ar5                            0.004             0.004             0.059            16.825            240
 ice_thd_do                         0.004             0.004             0.043            12.361            240
 eos_pt_from_ct                     0.003             0.003             0.013             4.103            266
 scripremap_alloc                   0.002             0.002             0.003             1.962              8
 sbc_sglcpl_ice_tau                 0.001             0.001             0.043            31.338            240
 
 Inclusive timing for proc :           0
 ---------------------------
 Section                     Elapsed Time (s)      % of total        
 CPU Time (s)      CPU/Elapsed      Frequency
 nemo_init                         98.186           100.000            55.054             0.561              1
 stp                               79.637            81.109           554.117             6.958            240
 scripremap_read_sgl               29.311            29.853            27.814             0.949              8
 nemogcmcoup_coupinit              24.751            25.209            22.916             0.926              1
 stp_sbc                           22.629            23.048           158.340             6.997            240
 sbc                               22.628            23.046           158.328             6.997            240
 stp_tracers                       16.564            16.870            98.594             5.952            240
 icestp                            16.335            16.637           122.978             7.528            240
 stp_oceandyn                      14.508            14.776           115.514             7.962            240
 ice_dyn                           10.709            10.907            79.185             7.394            240
 nemogcmcoup_wam_coupinit           8.604             8.762             8.542             0.993              1
 icedyn_rhg                         7.153             7.285            50.942             7.122            240
 tra_adv                            6.081             6.193            48.436             7.966            240
 stp_nxt                            5.851             5.959            46.516             7.951            240
 tra_adv_fct                        5.280             5.377            42.010             7.957            240
 stp_vertical                       5.180             5.276            39.055             7.540            240
 zdf_phy                            5.178             5.274            39.036             7.539            240
 stp_diag                           5.086             5.180            40.550             7.972            240
 tra_qsr                            4.901             4.992             6.146             1.254            240
 dia_wri                            4.586             4.671            36.566             7.973            240
 dyn_spg                            4.529             4.613            36.091             7.969            240
 dyn_spg_ts                         4.526             4.610            36.069             7.969            240
 iom_put_p3d_dp                     3.699             3.768            31.299             8.461           7440
 tra_ldf                            3.582             3.648            28.480             7.951            240
 tra_ldf_iso                        3.576             3.643            28.332             7.922            240
 stp_ctl                            3.414             3.477            18.054             5.289            240
 parinter_init                      3.334             3.396             3.314             0.994              8
 icedyn_adv                         3.009             3.065            23.978             7.968            240
 stp_lateral                        2.943             2.998            23.441             7.964            240
 ice_dyn_adv_pra                    2.931             2.985            23.171             7.907            240
 sbc_wave_sglexe                    2.716             2.767            21.646             7.969            240
 sbc_stokes                         2.683             2.732            21.376             7.968            240
 icethd                             2.599             2.647            20.724             7.975            240
 dyn_ldf                            2.387             2.431            19.050             7.979            240
 sbc_hbp                            2.377             2.421             6.533             2.748            240
 nonosc                             2.347             2.390            18.814             8.016            480
 ldf_slp                            2.318             2.361            18.477             7.971            240
 dyn_nxt                            2.171             2.211            17.303             7.970            240
 dom_vvl_sf_swp                     2.021             2.058            15.937             7.887            240
 dyn_vor                            1.641             1.671            12.982             7.912            240
 tra_nxt                            1.614             1.644            12.879             7.980            240
 dyn_adv                            1.410             1.436            11.257             7.983            240
 zdf_tmx                            1.277             1.301             8.019             6.279            240
 ice_thd_main                       1.194             1.216             9.507             7.964            240
 icecor                             1.148             1.169             9.293             8.098            480
 dom_vvl_sf_nxt                     1.118             1.139             8.560             7.653            480
 dom_hgr                            0.964             0.982             2.244             2.328              1
 tra_zdf                            0.947             0.964             7.289             7.698            240
 stp_thermodyn                      0.913             0.930             7.280             7.975            240
 dyn_zdf                            0.893             0.910             6.949             7.780            240
 zdf_tke_tke                        0.878             0.894             6.296             7.174            240
 tra_zdf_imp                        0.807             0.822             5.699             7.058            240
 icewri                             0.787             0.802             6.294             7.998            240
 dyn_zad                            0.776             0.790             6.213             8.010            240
 ice_dyn_adv_pra_adv_y              0.771             0.785             5.744             7.450           3120
 wzv                                0.723             0.737             5.834             8.066            480
 div_hor                            0.707             0.720             5.689             8.050            480
 dyn_keg                            0.624             0.635             5.000             8.020            240
 ice_dyn_adv_pra_adv_x              0.577             0.588             5.158             8.941           3120
 zdf_sh2                            0.564             0.575             4.253             7.539            240
 iceupdate_tau                      0.543             0.553             3.488             6.422            240
 zdf_ddm                            0.534             0.544             4.006             7.500            240
 bn2                                0.504             0.513             4.068             8.077            480
 tmx_itf                            0.490             0.500             3.740             7.625            240
 ssh_nxt                            0.490             0.499             3.936             8.029            240
 zps_hde                            0.488             0.497             3.930             8.054            240
 dia_hth                            0.483             0.492             3.879             8.028            240
 dyn_hpg                            0.461             0.470             3.714             8.050            240
 tra_bbl                            0.453             0.462             3.638             8.025            240
 parinter_write                     0.448             0.456             0.040             0.089              8
 rab_3d                             0.387             0.394             3.132             8.096            480
 icedyn_rdgrft                      0.386             0.393             3.108             8.045            240
 zdf_tke_avn                        0.343             0.350             2.901             8.452            240
 eos-pot                            0.312             0.318             2.480             7.952            506
 zdf_evd                            0.287             0.292             2.318             8.082            240
 day                                0.277             0.283             1.493             5.379            240
 sbc_rnf                            0.267             0.272             1.571             5.877            240
 ice_thd_jllopp                     0.250             0.255             1.618             6.465            240
 eos2d                              0.218             0.222             1.795             8.239            480
 tra_bbc                            0.206             0.210             1.667             8.101            240
 parinter_fld_mult                  0.199             0.203             1.537             7.713            219
 zdf_mxl                            0.164             0.167             1.330             8.116            240
 rab_2d                             0.155             0.157             1.260             8.153            240
 tra_sbc                            0.138             0.140             1.012             7.348            240
 eos-insitu                         0.121             0.123             0.954             7.908            240
 iceupdate_flx                      0.116             0.118             0.956             8.235            240
 nemogcmcoup_lim2_update            0.104             0.106             0.836             7.996             24
 nemogcmcoup_wam_update             0.082             0.084             0.660             8.026             24
 scripremap_dealloc                 0.077             0.078             0.077             0.996              8
 nemogcmcoup_lim2_get               0.067             0.069             0.504             7.481             25
 sbc_sglcpl_rcv                     0.056             0.057             0.475             8.514            240
 icesbc                             0.052             0.052             0.475             9.214            480
 iceitd_rem                         0.044             0.045             0.665            15.151            240
 iceitd_reb                         0.041             0.042             0.629            15.178            480
 sbc_ssm                            0.039             0.040             0.344             8.710            240
 ice_strengh                        0.039             0.040             0.377             9.578            240
 icealb                             0.031             0.031             0.235             7.625            480
 ice_dyn_adv_pra_icemax4D           0.031             0.031             0.056             1.830            480
 zdf_drg                            0.030             0.031             0.275             9.022            240
 parinter_read                      0.029             0.029             0.054             1.878              8
 nemogcmcoup_wam_get                0.029             0.029             0.226             7.879             24
 ice_dyn_adv_pra_Hbig               0.024             0.024             0.041             1.743            240
 sbc_sglcpl_ice_flx                 0.023             0.023             0.254            11.077            240
 sbc_wstress                        0.016             0.016             0.150             9.631            240
 ssh_swp                            0.013             0.013             0.134            10.418            240
 nemogcmcoup_wam_update_s           0.012             0.013             0.103             8.318             24
 ice_dyn_adv_pra_icemax3D           0.012             0.012             0.038             3.150            960
 sbc_isf_div                        0.006             0.006             0.673           117.215            480
 nemogcmcoup_update                 0.005             0.005             0.039             8.595             24
 sbc_sglcpl_ice_init                0.004             0.004             0.004             0.998              1
 dia_ar5                            0.004             0.004             0.059            16.825            240
 ice_thd_do                         0.004             0.004             0.043            12.361            240
 eos_pt_from_ct                     0.003             0.003             0.013             4.103            266
 scripremap_alloc                   0.002             0.002             0.003             1.962              8
 sbc_sglcpl_ice_tau                 0.001             0.001             0.043            31.338            240
 
 Inclusive CPU time for proc :           0
 -----------------------------
 Section                     CPU time (s)          % of total        
 Elapsed Time (s)  CPU/Elapsed      Frequency
 stp                              554.117           100.000            79.637             6.958            240
 stp_sbc                          158.340            28.575            22.629             6.997            240
 sbc                              158.328            28.573            22.628             6.997            240
 icestp                           122.978            22.194            16.335             7.528            240
 stp_oceandyn                     115.514            20.846            14.508             7.962            240
 stp_tracers                       98.594            17.793            16.564             5.952            240
 ice_dyn                           79.185            14.290            10.709             7.394            240
 nemo_init                         55.054             9.935            98.186             0.561              1
 icedyn_rhg                        50.942             9.193             7.153             7.122            240
 tra_adv                           48.436             8.741             6.081             7.966            240
 stp_nxt                           46.516             8.395             5.851             7.951            240
 tra_adv_fct                       42.010             7.581             5.280             7.957            240
 stp_diag                          40.550             7.318             5.086             7.972            240
 stp_vertical                      39.055             7.048             5.180             7.540            240
 zdf_phy                           39.036             7.045             5.178             7.539            240
 dia_wri                           36.566             6.599             4.586             7.973            240
 dyn_spg                           36.091             6.513             4.529             7.969            240
 dyn_spg_ts                        36.069             6.509             4.526             7.969            240
 iom_put_p3d_dp                    31.299             5.648             3.699             8.461           7440
 tra_ldf                           28.480             5.140             3.582             7.951            240
 tra_ldf_iso                       28.332             5.113             3.576             7.922            240
 scripremap_read_sgl               27.814             5.020            29.311             0.949              8
 icedyn_adv                        23.978             4.327             3.009             7.968            240
 stp_lateral                       23.441             4.230             2.943             7.964            240
 ice_dyn_adv_pra                   23.171             4.182             2.931             7.907            240
 nemogcmcoup_coupinit              22.916             4.136            24.751             0.926              1
 sbc_wave_sglexe                   21.646             3.906             2.716             7.969            240
 sbc_stokes                        21.376             3.858             2.683             7.968            240
 icethd                            20.724             3.740             2.599             7.975            240
 dyn_ldf                           19.050             3.438             2.387             7.979            240
 nonosc                            18.814             3.395             2.347             8.016            480
 ldf_slp                           18.477             3.334             2.318             7.971            240
 stp_ctl                           18.054             3.258             3.414             5.289            240
 dyn_nxt                           17.303             3.123             2.171             7.970            240
 dom_vvl_sf_swp                    15.937             2.876             2.021             7.887            240
 dyn_vor                           12.982             2.343             1.641             7.912            240
 tra_nxt                           12.879             2.324             1.614             7.980            240
 dyn_adv                           11.257             2.032             1.410             7.983            240
 ice_thd_main                       9.507             1.716             1.194             7.964            240
 icecor                             9.293             1.677             1.148             8.098            480
 dom_vvl_sf_nxt                     8.560             1.545             1.118             7.653            480
 nemogcmcoup_wam_coupinit           8.542             1.541             8.604             0.993              1
 zdf_tmx                            8.019             1.447             1.277             6.279            240
 tra_zdf                            7.289             1.315             0.947             7.698            240
 stp_thermodyn                      7.280             1.314             0.913             7.975            240
 dyn_zdf                            6.949             1.254             0.893             7.780            240
 sbc_hbp                            6.533             1.179             2.377             2.748            240
 zdf_tke_tke                        6.296             1.136             0.878             7.174            240
 icewri                             6.294             1.136             0.787             7.998            240
 dyn_zad                            6.213             1.121             0.776             8.010            240
 tra_qsr                            6.146             1.109             4.901             1.254            240
 wzv                                5.834             1.053             0.723             8.066            480
 ice_dyn_adv_pra_adv_y              5.744             1.037             0.771             7.450           3120
 tra_zdf_imp                        5.699             1.029             0.807             7.058            240
 div_hor                            5.689             1.027             0.707             8.050            480
 ice_dyn_adv_pra_adv_x              5.158             0.931             0.577             8.941           3120
 dyn_keg                            5.000             0.902             0.624             8.020            240
 zdf_sh2                            4.253             0.768             0.564             7.539            240
 bn2                                4.068             0.734             0.504             8.077            480
 zdf_ddm                            4.006             0.723             0.534             7.500            240
 ssh_nxt                            3.936             0.710             0.490             8.029            240
 zps_hde                            3.930             0.709             0.488             8.054            240
 dia_hth                            3.879             0.700             0.483             8.028            240
 tmx_itf                            3.740             0.675             0.490             7.625            240
 dyn_hpg                            3.714             0.670             0.461             8.050            240
 tra_bbl                            3.638             0.656             0.453             8.025            240
 iceupdate_tau                      3.488             0.629             0.543             6.422            240
 parinter_init                      3.314             0.598             3.334             0.994              8
 rab_3d                             3.132             0.565             0.387             8.096            480
 icedyn_rdgrft                      3.108             0.561             0.386             8.045            240
 zdf_tke_avn                        2.901             0.524             0.343             8.452            240
 eos-pot                            2.480             0.448             0.312             7.952            506
 zdf_evd                            2.318             0.418             0.287             8.082            240
 dom_hgr                            2.244             0.405             0.964             2.328              1
 eos2d                              1.795             0.324             0.218             8.239            480
 tra_bbc                            1.667             0.301             0.206             8.101            240
 ice_thd_jllopp                     1.618             0.292             0.250             6.465            240
 sbc_rnf                            1.571             0.284             0.267             5.877            240
 parinter_fld_mult                  1.537             0.277             0.199             7.713            219
 day                                1.493             0.269             0.277             5.379            240
 zdf_mxl                            1.330             0.240             0.164             8.116            240
 rab_2d                             1.260             0.227             0.155             8.153            240
 tra_sbc                            1.012             0.183             0.138             7.348            240
 iceupdate_flx                      0.956             0.172             0.116             8.235            240
 eos-insitu                         0.954             0.172             0.121             7.908            240
 nemogcmcoup_lim2_update            0.836             0.151             0.104             7.996             24
 sbc_isf_div                        0.673             0.121             0.006           117.215            480
 iceitd_rem                         0.665             0.120             0.044            15.151            240
 nemogcmcoup_wam_update             0.660             0.119             0.082             8.026             24
 iceitd_reb                         0.629             0.114             0.041            15.178            480
 nemogcmcoup_lim2_get               0.504             0.091             0.067             7.481             25
 icesbc                             0.475             0.086             0.052             9.214            480
 sbc_sglcpl_rcv                     0.475             0.086             0.056             8.514            240
 ice_strengh                        0.377             0.068             0.039             9.578            240
 sbc_ssm                            0.344             0.062             0.039             8.710            240
 zdf_drg                            0.275             0.050             0.030             9.022            240
 sbc_sglcpl_ice_flx                 0.254             0.046             0.023            11.077            240
 icealb                             0.235             0.042             0.031             7.625            480
 nemogcmcoup_wam_get                0.226             0.041             0.029             7.879             24
 sbc_wstress                        0.150             0.027             0.016             9.631            240
 ssh_swp                            0.134             0.024             0.013            10.418            240
 nemogcmcoup_wam_update_s           0.103             0.019             0.012             8.318             24
 scripremap_dealloc                 0.077             0.014             0.077             0.996              8
 dia_ar5                            0.059             0.011             0.004            16.825            240
 ice_dyn_adv_pra_icemax4D           0.056             0.010             0.031             1.830            480
 parinter_read                      0.054             0.010             0.029             1.878              8
 ice_thd_do                         0.043             0.008             0.004            12.361            240
 sbc_sglcpl_ice_tau                 0.043             0.008             0.001            31.338            240
 ice_dyn_adv_pra_Hbig               0.041             0.007             0.024             1.743            240
 parinter_write                     0.040             0.007             0.448             0.089              8
 nemogcmcoup_update                 0.039             0.007             0.005             8.595             24
 ice_dyn_adv_pra_icemax3D           0.038             0.007             0.012             3.150            960
 eos_pt_from_ct                     0.013             0.002             0.003             4.103            266
 sbc_sglcpl_ice_init                0.004             0.001             0.004             0.998              1
 scripremap_alloc                   0.003             0.001             0.002             1.962              8
 
 Timing started on 19/01/2026 at 16:04:14 MET +01:00 from GMT
 Timing   ended on 19/01/2026 at 16:09:53 MET +01:00 from GMT
  
  Report on time spent on waiting MPI messages 
     total timing measured between nit000+1 and nitend-1 
     warning: includes restarts writing time if output before nitend... 
  
     Computing       time :    0.000000                    on MPI rank :        1
     Waiting lbc_lnk time :    0.000000 ( 0.0 %)           on MPI rank :        1
     Waiting  global time :    0.000000 ( 0.0 %)           on MPI rank :        1
     Total           time :  166.423948 (SYPD:     1.410 ) on MPI rank :        1
     Computing       time :    0.000000                    on MPI rank :        2
     Waiting lbc_lnk time :    0.000000 ( 0.0 %)           on MPI rank :        2
     Waiting  global time :    0.000000 ( 0.0 %)           on MPI rank :        2
     Total           time :  166.421083 (SYPD:     1.411 ) on MPI rank :        2
     Computing       time :    0.000000                    on MPI rank :        3
     Waiting lbc_lnk time :    0.000000 ( 0.0 %)           on MPI rank :        3
     Waiting  global time :    0.000000 ( 0.0 %)           on MPI rank :        3
     Total           time :  166.421756 (SYPD:     1.411 ) on MPI rank :        3
     Computing       time :    0.000000                    on MPI rank :        4
     Waiting lbc_lnk time :    0.000000 ( 0.0 %)           on MPI rank :        4
     Waiting  global time :    0.000000 ( 0.0 %)           on MPI rank :        4
     Total           time :  166.421110 (SYPD:     1.411 ) on MPI rank :        4
     Computing       time :    0.000000                    on MPI rank :        5
     Waiting lbc_lnk time :    0.000000 ( 0.0 %)           on MPI rank :        5
     Waiting  global time :    0.000000 ( 0.0 %)           on MPI rank :        5
     Total           time :  166.421971 (SYPD:     1.411 ) on MPI rank :        5
     Computing       time :    0.000000                    on MPI rank :        6
     Waiting lbc_lnk time :    0.000000 ( 0.0 %)           on MPI rank :        6
     Waiting  global time :    0.000000 ( 0.0 %)           on MPI rank :        6
     Total           time :  166.421584 (SYPD:     1.411 ) on MPI rank :        6
     Computing       time :    0.000000                    on MPI rank :        7
     Waiting lbc_lnk time :    0.000000 ( 0.0 %)           on MPI rank :        7
     Waiting  global time :    0.000000 ( 0.0 %)           on MPI rank :        7
     Total           time :  166.422072 (SYPD:     1.411 ) on MPI rank :        7
     Computing       time :    0.000000                    on MPI rank :        8
     Waiting lbc_lnk time :    0.000000 ( 0.0 %)           on MPI rank :        8
     Waiting  global time :    0.000000 ( 0.0 %)           on MPI rank :        8
     Total           time :  166.421074 (SYPD:     1.411 ) on MPI rank :        8
     Computing       time :    0.000000                    on MPI rank :        9
     Waiting lbc_lnk time :    0.000000 ( 0.0 %)           on MPI rank :        9
     Waiting  global time :    0.000000 ( 0.0 %)           on MPI rank :        9
     Total           time :  166.421468 (SYPD:     1.411 ) on MPI rank :        9
     Computing       time :    0.000000                    on MPI rank :       10
     Waiting lbc_lnk time :    0.000000 ( 0.0 %)           on MPI rank :       10
     Waiting  global time :    0.000000 ( 0.0 %)           on MPI rank :       10
     Total           time :  166.421876 (SYPD:     1.411 ) on MPI rank :       10
     Computing       time :    0.000000                    on MPI rank :       11
     Waiting lbc_lnk time :    0.000000 ( 0.0 %)           on MPI rank :       11
     Waiting  global time :    0.000000 ( 0.0 %)           on MPI rank :       11
     Total           time :  166.422119 (SYPD:     1.411 ) on MPI rank :       11
     Computing       time :    0.000000                    on MPI rank :       12
     Waiting lbc_lnk time :    0.000000 ( 0.0 %)           on MPI rank :       12
     Waiting  global time :    0.000000 ( 0.0 %)           on MPI rank :       12
     Total           time :  166.422602 (SYPD:     1.411 ) on MPI rank :       12
     Computing       time :    0.000000                    on MPI rank :       13
     Waiting lbc_lnk time :    0.000000 ( 0.0 %)           on MPI rank :       13
     Waiting  global time :    0.000000 ( 0.0 %)           on MPI rank :       13
     Total           time :  166.421829 (SYPD:     1.411 ) on MPI rank :       13
     Computing       time :    0.000000                    on MPI rank :       14
     Waiting lbc_lnk time :    0.000000 ( 0.0 %)           on MPI rank :       14
     Waiting  global time :    0.000000 ( 0.0 %)           on MPI rank :       14
     Total           time :  166.421719 (SYPD:     1.411 ) on MPI rank :       14
     Computing       time :    0.000000                    on MPI rank :       15
     Waiting lbc_lnk time :    0.000000 ( 0.0 %)           on MPI rank :       15
     Waiting  global time :    0.000000 ( 0.0 %)           on MPI rank :       15
     Total           time :  166.421831 (SYPD:     1.411 ) on MPI rank :       15
     Computing       time :    0.000000                    on MPI rank :       16
     Waiting lbc_lnk time :    0.000000 ( 0.0 %)           on MPI rank :       16
     Waiting  global time :    0.000000 ( 0.0 %)           on MPI rank :       16
     Total           time :  166.421761 (SYPD:     1.411 ) on MPI rank :       16
     Computing       time :    0.000000                    on MPI rank :       17
     Waiting lbc_lnk time :    0.000000 ( 0.0 %)           on MPI rank :       17
     Waiting  global time :    0.000000 ( 0.0 %)           on MPI rank :       17
     Total           time :  166.422515 (SYPD:     1.411 ) on MPI rank :       17
     Computing       time :    0.000000                    on MPI rank :       18
     Waiting lbc_lnk time :    0.000000 ( 0.0 %)           on MPI rank :       18
     Waiting  global time :    0.000000 ( 0.0 %)           on MPI rank :       18
     Total           time :  166.422466 (SYPD:     1.411 ) on MPI rank :       18
     Computing       time :    0.000000                    on MPI rank :       19
     Waiting lbc_lnk time :    0.000000 ( 0.0 %)           on MPI rank :       19
     Waiting  global time :    0.000000 ( 0.0 %)           on MPI rank :       19
     Total           time :  166.422485 (SYPD:     1.411 ) on MPI rank :       19
     Computing       time :    0.000000                    on MPI rank :       20
     Waiting lbc_lnk time :    0.000000 ( 0.0 %)           on MPI rank :       20
     Waiting  global time :    0.000000 ( 0.0 %)           on MPI rank :       20
     Total           time :  166.422156 (SYPD:     1.411 ) on MPI rank :       20
     Computing       time :    0.000000                    on MPI rank :       21
     Waiting lbc_lnk time :    0.000000 ( 0.0 %)           on MPI rank :       21
     Waiting  global time :    0.000000 ( 0.0 %)           on MPI rank :       21
     Total           time :  166.421750 (SYPD:     1.411 ) on MPI rank :       21
     Computing       time :    0.000000                    on MPI rank :       22
     Waiting lbc_lnk time :    0.000000 ( 0.0 %)           on MPI rank :       22
     Waiting  global time :    0.000000 ( 0.0 %)           on MPI rank :       22
     Total           time :  166.421618 (SYPD:     1.411 ) on MPI rank :       22
     Computing       time :    0.000000                    on MPI rank :       23
     Waiting lbc_lnk time :    0.000000 ( 0.0 %)           on MPI rank :       23
     Waiting  global time :    0.000000 ( 0.0 %)           on MPI rank :       23
     Total           time :  166.422112 (SYPD:     1.411 ) on MPI rank :       23
     Computing       time :    0.000000                    on MPI rank :       24
     Waiting lbc_lnk time :    0.000000 ( 0.0 %)           on MPI rank :       24
     Waiting  global time :    0.000000 ( 0.0 %)           on MPI rank :       24
     Total           time :  166.421998 (SYPD:     1.411 ) on MPI rank :       24
     Computing       time :    0.000000                    on MPI rank :       25
     Waiting lbc_lnk time :    0.000000 ( 0.0 %)           on MPI rank :       25
     Waiting  global time :    0.000000 ( 0.0 %)           on MPI rank :       25
     Total           time :  166.421162 (SYPD:     1.411 ) on MPI rank :       25
     Computing       time :    0.000000                    on MPI rank :       26
     Waiting lbc_lnk time :    0.000000 ( 0.0 %)           on MPI rank :       26
     Waiting  global time :    0.000000 ( 0.0 %)           on MPI rank :       26
     Total           time :  166.421793 (SYPD:     1.411 ) on MPI rank :       26
     Computing       time :    0.000000                    on MPI rank :       27
     Waiting lbc_lnk time :    0.000000 ( 0.0 %)           on MPI rank :       27
     Waiting  global time :    0.000000 ( 0.0 %)           on MPI rank :       27
     Total           time :  166.421446 (SYPD:     1.411 ) on MPI rank :       27
     Computing       time :    0.000000                    on MPI rank :       28
     Waiting lbc_lnk time :    0.000000 ( 0.0 %)           on MPI rank :       28
     Waiting  global time :    0.000000 ( 0.0 %)           on MPI rank :       28
     Total           time :  166.421312 (SYPD:     1.411 ) on MPI rank :       28
     Computing       time :    0.000000                    on MPI rank :       29
     Waiting lbc_lnk time :    0.000000 ( 0.0 %)           on MPI rank :       29
     Waiting  global time :    0.000000 ( 0.0 %)           on MPI rank :       29
     Total           time :  166.404084 (SYPD:     1.411 ) on MPI rank :       29
     Computing       time :    0.000000                    on MPI rank :       30
     Waiting lbc_lnk time :    0.000000 ( 0.0 %)           on MPI rank :       30
     Waiting  global time :    0.000000 ( 0.0 %)           on MPI rank :       30
     Total           time :  166.421473 (SYPD:     1.411 ) on MPI rank :       30
     Computing       time :    0.000000                    on MPI rank :       31
     Waiting lbc_lnk time :    0.000000 ( 0.0 %)           on MPI rank :       31
     Waiting  global time :    0.000000 ( 0.0 %)           on MPI rank :       31
     Total           time :  166.421666 (SYPD:     1.411 ) on MPI rank :       31
     Computing       time :    0.000000                    on MPI rank :       32
     Waiting lbc_lnk time :    0.000000 ( 0.0 %)           on MPI rank :       32
     Waiting  global time :    0.000000 ( 0.0 %)           on MPI rank :       32
     Total           time :  166.421369 (SYPD:     1.411 ) on MPI rank :       32
     Computing       time :    0.000000                    on MPI rank :       33
     Waiting lbc_lnk time :    0.000000 ( 0.0 %)           on MPI rank :       33
     Waiting  global time :    0.000000 ( 0.0 %)           on MPI rank :       33
     Total           time :  166.421919 (SYPD:     1.411 ) on MPI rank :       33
     Computing       time :    0.000000                    on MPI rank :       34
     Waiting lbc_lnk time :    0.000000 ( 0.0 %)           on MPI rank :       34
     Waiting  global time :    0.000000 ( 0.0 %)           on MPI rank :       34
     Total           time :  166.422269 (SYPD:     1.411 ) on MPI rank :       34
     Computing       time :    0.000000                    on MPI rank :       35
     Waiting lbc_lnk time :    0.000000 ( 0.0 %)           on MPI rank :       35
     Waiting  global time :    0.000000 ( 0.0 %)           on MPI rank :       35
     Total           time :  166.420784 (SYPD:     1.411 ) on MPI rank :       35
     Computing       time :    0.000000                    on MPI rank :       36
     Waiting lbc_lnk time :    0.000000 ( 0.0 %)           on MPI rank :       36
     Waiting  global time :    0.000000 ( 0.0 %)           on MPI rank :       36
     Total           time :  166.403108 (SYPD:     1.411 ) on MPI rank :       36
     Computing       time :    0.000000                    on MPI rank :       37
     Waiting lbc_lnk time :    0.000000 ( 0.0 %)           on MPI rank :       37
     Waiting  global time :    0.000000 ( 0.0 %)           on MPI rank :       37
     Total           time :  166.421676 (SYPD:     1.411 ) on MPI rank :       37
     Computing       time :    0.000000                    on MPI rank :       38
     Waiting lbc_lnk time :    0.000000 ( 0.0 %)           on MPI rank :       38
     Waiting  global time :    0.000000 ( 0.0 %)           on MPI rank :       38
     Total           time :  166.421680 (SYPD:     1.411 ) on MPI rank :       38
     Computing       time :    0.000000                    on MPI rank :       39
     Waiting lbc_lnk time :    0.000000 ( 0.0 %)           on MPI rank :       39
     Waiting  global time :    0.000000 ( 0.0 %)           on MPI rank :       39
     Total           time :  166.421895 (SYPD:     1.411 ) on MPI rank :       39
     Computing       time :    0.000000                    on MPI rank :       40
     Waiting lbc_lnk time :    0.000000 ( 0.0 %)           on MPI rank :       40
     Waiting  global time :    0.000000 ( 0.0 %)           on MPI rank :       40
     Total           time :  166.421460 (SYPD:     1.411 ) on MPI rank :       40
     Computing       time :    0.000000                    on MPI rank :       41
     Waiting lbc_lnk time :    0.000000 ( 0.0 %)           on MPI rank :       41
     Waiting  global time :    0.000000 ( 0.0 %)           on MPI rank :       41
     Total           time :  166.421872 (SYPD:     1.411 ) on MPI rank :       41
     Computing       time :    0.000000                    on MPI rank :       42
     Waiting lbc_lnk time :    0.000000 ( 0.0 %)           on MPI rank :       42
     Waiting  global time :    0.000000 ( 0.0 %)           on MPI rank :       42
     Total           time :  166.420399 (SYPD:     1.411 ) on MPI rank :       42
     Computing       time :    0.000000                    on MPI rank :       43
     Waiting lbc_lnk time :    0.000000 ( 0.0 %)           on MPI rank :       43
     Waiting  global time :    0.000000 ( 0.0 %)           on MPI rank :       43
     Total           time :  166.422472 (SYPD:     1.411 ) on MPI rank :       43
     Computing       time :    0.000000                    on MPI rank :       44
     Waiting lbc_lnk time :    0.000000 ( 0.0 %)           on MPI rank :       44
     Waiting  global time :    0.000000 ( 0.0 %)           on MPI rank :       44
     Total           time :  166.421894 (SYPD:     1.411 ) on MPI rank :       44
     Computing       time :    0.000000                    on MPI rank :       45
     Waiting lbc_lnk time :    0.000000 ( 0.0 %)           on MPI rank :       45
     Waiting  global time :    0.000000 ( 0.0 %)           on MPI rank :       45
     Total           time :  166.421630 (SYPD:     1.411 ) on MPI rank :       45
     Computing       time :    0.000000                    on MPI rank :       46
     Waiting lbc_lnk time :    0.000000 ( 0.0 %)           on MPI rank :       46
     Waiting  global time :    0.000000 ( 0.0 %)           on MPI rank :       46
     Total           time :  166.421458 (SYPD:     1.411 ) on MPI rank :       46
     Computing       time :    0.000000                    on MPI rank :       47
     Waiting lbc_lnk time :    0.000000 ( 0.0 %)           on MPI rank :       47
     Waiting  global time :    0.000000 ( 0.0 %)           on MPI rank :       47
     Total           time :  166.421796 (SYPD:     1.411 ) on MPI rank :       47
     Computing       time :    0.000000                    on MPI rank :       48
     Waiting lbc_lnk time :    0.000000 ( 0.0 %)           on MPI rank :       48
     Waiting  global time :    0.000000 ( 0.0 %)           on MPI rank :       48
     Total           time :  166.422116 (SYPD:     1.411 ) on MPI rank :       48
     Computing       time :    0.000000                    on MPI rank :       49
     Waiting lbc_lnk time :    0.000000 ( 0.0 %)           on MPI rank :       49
     Waiting  global time :    0.000000 ( 0.0 %)           on MPI rank :       49
     Total           time :  166.399353 (SYPD:     1.411 ) on MPI rank :       49
     Computing       time :    0.000000                    on MPI rank :       50
     Waiting lbc_lnk time :    0.000000 ( 0.0 %)           on MPI rank :       50
     Waiting  global time :    0.000000 ( 0.0 %)           on MPI rank :       50
     Total           time :  166.421922 (SYPD:     1.411 ) on MPI rank :       50
     Computing       time :    0.000000                    on MPI rank :       51
     Waiting lbc_lnk time :    0.000000 ( 0.0 %)           on MPI rank :       51
     Waiting  global time :    0.000000 ( 0.0 %)           on MPI rank :       51
     Total           time :  166.421887 (SYPD:     1.411 ) on MPI rank :       51
     Computing       time :    0.000000                    on MPI rank :       52
     Waiting lbc_lnk time :    0.000000 ( 0.0 %)           on MPI rank :       52
     Waiting  global time :    0.000000 ( 0.0 %)           on MPI rank :       52
     Total           time :  166.399789 (SYPD:     1.411 ) on MPI rank :       52
     Computing       time :    0.000000                    on MPI rank :       53
     Waiting lbc_lnk time :    0.000000 ( 0.0 %)           on MPI rank :       53
     Waiting  global time :    0.000000 ( 0.0 %)           on MPI rank :       53
     Total           time :  166.421978 (SYPD:     1.411 ) on MPI rank :       53
     Computing       time :    0.000000                    on MPI rank :       54
     Waiting lbc_lnk time :    0.000000 ( 0.0 %)           on MPI rank :       54
     Waiting  global time :    0.000000 ( 0.0 %)           on MPI rank :       54
     Total           time :  166.391137 (SYPD:     1.411 ) on MPI rank :       54
     Computing       time :    0.000000                    on MPI rank :       55
     Waiting lbc_lnk time :    0.000000 ( 0.0 %)           on MPI rank :       55
     Waiting  global time :    0.000000 ( 0.0 %)           on MPI rank :       55
     Total           time :  166.399521 (SYPD:     1.411 ) on MPI rank :       55
     Computing       time :    0.000000                    on MPI rank :       56
     Waiting lbc_lnk time :    0.000000 ( 0.0 %)           on MPI rank :       56
     Waiting  global time :    0.000000 ( 0.0 %)           on MPI rank :       56
     Total           time :  166.391368 (SYPD:     1.411 ) on MPI rank :       56
     Computing       time :    0.000000                    on MPI rank :       57
     Waiting lbc_lnk time :    0.000000 ( 0.0 %)           on MPI rank :       57
     Waiting  global time :    0.000000 ( 0.0 %)           on MPI rank :       57
     Total           time :  166.420763 (SYPD:     1.411 ) on MPI rank :       57
     Computing       time :    0.000000                    on MPI rank :       58
     Waiting lbc_lnk time :    0.000000 ( 0.0 %)           on MPI rank :       58
     Waiting  global time :    0.000000 ( 0.0 %)           on MPI rank :       58
     Total           time :  166.421970 (SYPD:     1.411 ) on MPI rank :       58
     Computing       time :    0.000000                    on MPI rank :       59
     Waiting lbc_lnk time :    0.000000 ( 0.0 %)           on MPI rank :       59
     Waiting  global time :    0.000000 ( 0.0 %)           on MPI rank :       59
     Total           time :  166.422640 (SYPD:     1.411 ) on MPI rank :       59
     Computing       time :    0.000000                    on MPI rank :       60
     Waiting lbc_lnk time :    0.000000 ( 0.0 %)           on MPI rank :       60
     Waiting  global time :    0.000000 ( 0.0 %)           on MPI rank :       60
     Total           time :  166.421434 (SYPD:     1.411 ) on MPI rank :       60
     Computing       time :    0.000000                    on MPI rank :       61
     Waiting lbc_lnk time :    0.000000 ( 0.0 %)           on MPI rank :       61
     Waiting  global time :    0.000000 ( 0.0 %)           on MPI rank :       61
     Total           time :  166.394192 (SYPD:     1.411 ) on MPI rank :       61
     Computing       time :    0.000000                    on MPI rank :       62
     Waiting lbc_lnk time :    0.000000 ( 0.0 %)           on MPI rank :       62
     Waiting  global time :    0.000000 ( 0.0 %)           on MPI rank :       62
     Total           time :  166.421802 (SYPD:     1.411 ) on MPI rank :       62
     Computing       time :    0.000000                    on MPI rank :       63
     Waiting lbc_lnk time :    0.000000 ( 0.0 %)           on MPI rank :       63
     Waiting  global time :    0.000000 ( 0.0 %)           on MPI rank :       63
     Total           time :  166.421653 (SYPD:     1.411 ) on MPI rank :       63
     Computing       time :    0.000000                    on MPI rank :       64
     Waiting lbc_lnk time :    0.000000 ( 0.0 %)           on MPI rank :       64
     Waiting  global time :    0.000000 ( 0.0 %)           on MPI rank :       64
     Total           time :  166.421620 (SYPD:     1.411 ) on MPI rank :       64
     Computing       time :    0.000000                    on MPI rank :       65
     Waiting lbc_lnk time :    0.000000 ( 0.0 %)           on MPI rank :       65
     Waiting  global time :    0.000000 ( 0.0 %)           on MPI rank :       65
     Total           time :  166.421642 (SYPD:     1.411 ) on MPI rank :       65
     Computing       time :    0.000000                    on MPI rank :       66
     Waiting lbc_lnk time :    0.000000 ( 0.0 %)           on MPI rank :       66
     Waiting  global time :    0.000000 ( 0.0 %)           on MPI rank :       66
     Total           time :  166.394366 (SYPD:     1.411 ) on MPI rank :       66
     Computing       time :    0.000000                    on MPI rank :       67
     Waiting lbc_lnk time :    0.000000 ( 0.0 %)           on MPI rank :       67
     Waiting  global time :    0.000000 ( 0.0 %)           on MPI rank :       67
     Total           time :  166.422246 (SYPD:     1.411 ) on MPI rank :       67
     Computing       time :    0.000000                    on MPI rank :       68
     Waiting lbc_lnk time :    0.000000 ( 0.0 %)           on MPI rank :       68
     Waiting  global time :    0.000000 ( 0.0 %)           on MPI rank :       68
     Total           time :  166.421937 (SYPD:     1.411 ) on MPI rank :       68
     Computing       time :    0.000000                    on MPI rank :       69
     Waiting lbc_lnk time :    0.000000 ( 0.0 %)           on MPI rank :       69
     Waiting  global time :    0.000000 ( 0.0 %)           on MPI rank :       69
     Total           time :  166.422236 (SYPD:     1.411 ) on MPI rank :       69
     Computing       time :    0.000000                    on MPI rank :       70
     Waiting lbc_lnk time :    0.000000 ( 0.0 %)           on MPI rank :       70
     Waiting  global time :    0.000000 ( 0.0 %)           on MPI rank :       70
     Total           time :  166.422246 (SYPD:     1.411 ) on MPI rank :       70
     Computing       time :    0.000000                    on MPI rank :       71
     Waiting lbc_lnk time :    0.000000 ( 0.0 %)           on MPI rank :       71
     Waiting  global time :    0.000000 ( 0.0 %)           on MPI rank :       71
     Total           time :  166.421903 (SYPD:     1.411 ) on MPI rank :       71
     Computing       time :    0.000000                    on MPI rank :       72
     Waiting lbc_lnk time :    0.000000 ( 0.0 %)           on MPI rank :       72
     Waiting  global time :    0.000000 ( 0.0 %)           on MPI rank :       72
     Total           time :  166.422640 (SYPD:     1.411 ) on MPI rank :       72
     Computing       time :    0.000000                    on MPI rank :       73
     Waiting lbc_lnk time :    0.000000 ( 0.0 %)           on MPI rank :       73
     Waiting  global time :    0.000000 ( 0.0 %)           on MPI rank :       73
     Total           time :  166.421791 (SYPD:     1.411 ) on MPI rank :       73
     Computing       time :    0.000000                    on MPI rank :       74
     Waiting lbc_lnk time :    0.000000 ( 0.0 %)           on MPI rank :       74
     Waiting  global time :    0.000000 ( 0.0 %)           on MPI rank :       74
     Total           time :  166.422394 (SYPD:     1.411 ) on MPI rank :       74
     Computing       time :    0.000000                    on MPI rank :       75
     Waiting lbc_lnk time :    0.000000 ( 0.0 %)           on MPI rank :       75
     Waiting  global time :    0.000000 ( 0.0 %)           on MPI rank :       75
     Total           time :  166.422103 (SYPD:     1.411 ) on MPI rank :       75
     Computing       time :    0.000000                    on MPI rank :       76
     Waiting lbc_lnk time :    0.000000 ( 0.0 %)           on MPI rank :       76
     Waiting  global time :    0.000000 ( 0.0 %)           on MPI rank :       76
     Total           time :  166.421634 (SYPD:     1.411 ) on MPI rank :       76
     Computing       time :    0.000000                    on MPI rank :       77
     Waiting lbc_lnk time :    0.000000 ( 0.0 %)           on MPI rank :       77
     Waiting  global time :    0.000000 ( 0.0 %)           on MPI rank :       77
     Total           time :  166.421841 (SYPD:     1.411 ) on MPI rank :       77
     Computing       time :    0.000000                    on MPI rank :       78
     Waiting lbc_lnk time :    0.000000 ( 0.0 %)           on MPI rank :       78
     Waiting  global time :    0.000000 ( 0.0 %)           on MPI rank :       78
     Total           time :  166.422280 (SYPD:     1.411 ) on MPI rank :       78
     Computing       time :    0.000000                    on MPI rank :       79
     Waiting lbc_lnk time :    0.000000 ( 0.0 %)           on MPI rank :       79
     Waiting  global time :    0.000000 ( 0.0 %)           on MPI rank :       79
     Total           time :  166.422102 (SYPD:     1.411 ) on MPI rank :       79
     Computing       time :    0.000000                    on MPI rank :       80
     Waiting lbc_lnk time :    0.000000 ( 0.0 %)           on MPI rank :       80
     Waiting  global time :    0.000000 ( 0.0 %)           on MPI rank :       80
     Total           time :  166.421912 (SYPD:     1.411 ) on MPI rank :       80
     Computing       time :    0.000000                    on MPI rank :       81
     Waiting lbc_lnk time :    0.000000 ( 0.0 %)           on MPI rank :       81
     Waiting  global time :    0.000000 ( 0.0 %)           on MPI rank :       81
     Total           time :  166.421968 (SYPD:     1.411 ) on MPI rank :       81
     Computing       time :    0.000000                    on MPI rank :       82
     Waiting lbc_lnk time :    0.000000 ( 0.0 %)           on MPI rank :       82
     Waiting  global time :    0.000000 ( 0.0 %)           on MPI rank :       82
     Total           time :  166.422043 (SYPD:     1.411 ) on MPI rank :       82
     Computing       time :    0.000000                    on MPI rank :       83
     Waiting lbc_lnk time :    0.000000 ( 0.0 %)           on MPI rank :       83
     Waiting  global time :    0.000000 ( 0.0 %)           on MPI rank :       83
     Total           time :  166.421408 (SYPD:     1.411 ) on MPI rank :       83
     Computing       time :    0.000000                    on MPI rank :       84
     Waiting lbc_lnk time :    0.000000 ( 0.0 %)           on MPI rank :       84
     Waiting  global time :    0.000000 ( 0.0 %)           on MPI rank :       84
     Total           time :  166.422419 (SYPD:     1.411 ) on MPI rank :       84
     Computing       time :    0.000000                    on MPI rank :       85
     Waiting lbc_lnk time :    0.000000 ( 0.0 %)           on MPI rank :       85
     Waiting  global time :    0.000000 ( 0.0 %)           on MPI rank :       85
     Total           time :  166.421046 (SYPD:     1.411 ) on MPI rank :       85
     Computing       time :    0.000000                    on MPI rank :       86
     Waiting lbc_lnk time :    0.000000 ( 0.0 %)           on MPI rank :       86
     Waiting  global time :    0.000000 ( 0.0 %)           on MPI rank :       86
     Total           time :  166.421456 (SYPD:     1.411 ) on MPI rank :       86
     Computing       time :    0.000000                    on MPI rank :       87
     Waiting lbc_lnk time :    0.000000 ( 0.0 %)           on MPI rank :       87
     Waiting  global time :    0.000000 ( 0.0 %)           on MPI rank :       87
     Total           time :  166.421785 (SYPD:     1.411 ) on MPI rank :       87
     Computing       time :    0.000000                    on MPI rank :       88
     Waiting lbc_lnk time :    0.000000 ( 0.0 %)           on MPI rank :       88
     Waiting  global time :    0.000000 ( 0.0 %)           on MPI rank :       88
     Total           time :  166.421125 (SYPD:     1.411 ) on MPI rank :       88
     Computing       time :    0.000000                    on MPI rank :       89
     Waiting lbc_lnk time :    0.000000 ( 0.0 %)           on MPI rank :       89
     Waiting  global time :    0.000000 ( 0.0 %)           on MPI rank :       89
     Total           time :  166.421712 (SYPD:     1.411 ) on MPI rank :       89
     Computing       time :    0.000000                    on MPI rank :       90
     Waiting lbc_lnk time :    0.000000 ( 0.0 %)           on MPI rank :       90
     Waiting  global time :    0.000000 ( 0.0 %)           on MPI rank :       90
     Total           time :  166.421437 (SYPD:     1.411 ) on MPI rank :       90
     Computing       time :    0.000000                    on MPI rank :       91
     Waiting lbc_lnk time :    0.000000 ( 0.0 %)           on MPI rank :       91
     Waiting  global time :    0.000000 ( 0.0 %)           on MPI rank :       91
     Total           time :  166.421205 (SYPD:     1.411 ) on MPI rank :       91
     Computing       time :    0.000000                    on MPI rank :       92
     Waiting lbc_lnk time :    0.000000 ( 0.0 %)           on MPI rank :       92
     Waiting  global time :    0.000000 ( 0.0 %)           on MPI rank :       92
     Total           time :  166.422316 (SYPD:     1.411 ) on MPI rank :       92
     Computing       time :    0.000000                    on MPI rank :       93
     Waiting lbc_lnk time :    0.000000 ( 0.0 %)           on MPI rank :       93
     Waiting  global time :    0.000000 ( 0.0 %)           on MPI rank :       93
     Total           time :  166.422749 (SYPD:     1.411 ) on MPI rank :       93
     Computing       time :    0.000000                    on MPI rank :       94
     Waiting lbc_lnk time :    0.000000 ( 0.0 %)           on MPI rank :       94
     Waiting  global time :    0.000000 ( 0.0 %)           on MPI rank :       94
     Total           time :  166.421910 (SYPD:     1.411 ) on MPI rank :       94
     Computing       time :    0.000000                    on MPI rank :       95
     Waiting lbc_lnk time :    0.000000 ( 0.0 %)           on MPI rank :       95
     Waiting  global time :    0.000000 ( 0.0 %)           on MPI rank :       95
     Total           time :  166.422127 (SYPD:     1.411 ) on MPI rank :       95
     Computing       time :    0.000000                    on MPI rank :       96
     Waiting lbc_lnk time :    0.000000 ( 0.0 %)           on MPI rank :       96
     Waiting  global time :    0.000000 ( 0.0 %)           on MPI rank :       96
     Total           time :  166.421500 (SYPD:     1.411 ) on MPI rank :       96
     Computing       time :    0.000000                    on MPI rank :       97
     Waiting lbc_lnk time :    0.000000 ( 0.0 %)           on MPI rank :       97
     Waiting  global time :    0.000000 ( 0.0 %)           on MPI rank :       97
     Total           time :  166.421640 (SYPD:     1.411 ) on MPI rank :       97
     Computing       time :    0.000000                    on MPI rank :       98
     Waiting lbc_lnk time :    0.000000 ( 0.0 %)           on MPI rank :       98
     Waiting  global time :    0.000000 ( 0.0 %)           on MPI rank :       98
     Total           time :  166.421950 (SYPD:     1.411 ) on MPI rank :       98
     Computing       time :    0.000000                    on MPI rank :       99
     Waiting lbc_lnk time :    0.000000 ( 0.0 %)           on MPI rank :       99
     Waiting  global time :    0.000000 ( 0.0 %)           on MPI rank :       99
     Total           time :  166.421938 (SYPD:     1.411 ) on MPI rank :       99
     Computing       time :    0.000000                    on MPI rank :      100
     Waiting lbc_lnk time :    0.000000 ( 0.0 %)           on MPI rank :      100
     Waiting  global time :    0.000000 ( 0.0 %)           on MPI rank :      100
     Total           time :  166.422105 (SYPD:     1.411 ) on MPI rank :      100
     Computing       time :    0.000000                    on MPI rank :      101
     Waiting lbc_lnk time :    0.000000 ( 0.0 %)           on MPI rank :      101
     Waiting  global time :    0.000000 ( 0.0 %)           on MPI rank :      101
     Total           time :  166.421997 (SYPD:     1.411 ) on MPI rank :      101
     Computing       time :    0.000000                    on MPI rank :      102
     Waiting lbc_lnk time :    0.000000 ( 0.0 %)           on MPI rank :      102
     Waiting  global time :    0.000000 ( 0.0 %)           on MPI rank :      102
     Total           time :  166.421516 (SYPD:     1.411 ) on MPI rank :      102
     Computing       time :    0.000000                    on MPI rank :      103
     Waiting lbc_lnk time :    0.000000 ( 0.0 %)           on MPI rank :      103
     Waiting  global time :    0.000000 ( 0.0 %)           on MPI rank :      103
     Total           time :  166.421569 (SYPD:     1.411 ) on MPI rank :      103
     Computing       time :    0.000000                    on MPI rank :      104
     Waiting lbc_lnk time :    0.000000 ( 0.0 %)           on MPI rank :      104
     Waiting  global time :    0.000000 ( 0.0 %)           on MPI rank :      104
     Total           time :  166.422248 (SYPD:     1.411 ) on MPI rank :      104
     Computing       time :    0.000000                    on MPI rank :      105
     Waiting lbc_lnk time :    0.000000 ( 0.0 %)           on MPI rank :      105
     Waiting  global time :    0.000000 ( 0.0 %)           on MPI rank :      105
     Total           time :  166.422155 (SYPD:     1.411 ) on MPI rank :      105
     Computing       time :    0.000000                    on MPI rank :      106
     Waiting lbc_lnk time :    0.000000 ( 0.0 %)           on MPI rank :      106
     Waiting  global time :    0.000000 ( 0.0 %)           on MPI rank :      106
     Total           time :  166.422038 (SYPD:     1.411 ) on MPI rank :      106
     Computing       time :    0.000000                    on MPI rank :      107
     Waiting lbc_lnk time :    0.000000 ( 0.0 %)           on MPI rank :      107
     Waiting  global time :    0.000000 ( 0.0 %)           on MPI rank :      107
     Total           time :  166.422224 (SYPD:     1.411 ) on MPI rank :      107
     Computing       time :    0.000000                    on MPI rank :      108
     Waiting lbc_lnk time :    0.000000 ( 0.0 %)           on MPI rank :      108
     Waiting  global time :    0.000000 ( 0.0 %)           on MPI rank :      108
     Total           time :  166.422284 (SYPD:     1.411 ) on MPI rank :      108
     Computing       time :    0.000000                    on MPI rank :      109
     Waiting lbc_lnk time :    0.000000 ( 0.0 %)           on MPI rank :      109
     Waiting  global time :    0.000000 ( 0.0 %)           on MPI rank :      109
     Total           time :  166.421480 (SYPD:     1.411 ) on MPI rank :      109
     Computing       time :    0.000000                    on MPI rank :      110
     Waiting lbc_lnk time :    0.000000 ( 0.0 %)           on MPI rank :      110
     Waiting  global time :    0.000000 ( 0.0 %)           on MPI rank :      110
     Total           time :  166.421935 (SYPD:     1.411 ) on MPI rank :      110
     Computing       time :    0.000000                    on MPI rank :      111
     Waiting lbc_lnk time :    0.000000 ( 0.0 %)           on MPI rank :      111
     Waiting  global time :    0.000000 ( 0.0 %)           on MPI rank :      111
     Total           time :  166.422422 (SYPD:     1.411 ) on MPI rank :      111
     Computing       time :    0.000000                    on MPI rank :      112
     Waiting lbc_lnk time :    0.000000 ( 0.0 %)           on MPI rank :      112
     Waiting  global time :    0.000000 ( 0.0 %)           on MPI rank :      112
     Total           time :  166.421624 (SYPD:     1.411 ) on MPI rank :      112
     Computing       time :    0.000000                    on MPI rank :      113
     Waiting lbc_lnk time :    0.000000 ( 0.0 %)           on MPI rank :      113
     Waiting  global time :    0.000000 ( 0.0 %)           on MPI rank :      113
     Total           time :  166.421216 (SYPD:     1.411 ) on MPI rank :      113
     Computing       time :    0.000000                    on MPI rank :      114
     Waiting lbc_lnk time :    0.000000 ( 0.0 %)           on MPI rank :      114
     Waiting  global time :    0.000000 ( 0.0 %)           on MPI rank :      114
     Total           time :  166.422114 (SYPD:     1.411 ) on MPI rank :      114
     Computing       time :    0.000000                    on MPI rank :      115
     Waiting lbc_lnk time :    0.000000 ( 0.0 %)           on MPI rank :      115
     Waiting  global time :    0.000000 ( 0.0 %)           on MPI rank :      115
     Total           time :  166.422338 (SYPD:     1.411 ) on MPI rank :      115
     Computing       time :    0.000000                    on MPI rank :      116
     Waiting lbc_lnk time :    0.000000 ( 0.0 %)           on MPI rank :      116
     Waiting  global time :    0.000000 ( 0.0 %)           on MPI rank :      116
     Total           time :  166.422263 (SYPD:     1.411 ) on MPI rank :      116
     Computing       time :    0.000000                    on MPI rank :      117
     Waiting lbc_lnk time :    0.000000 ( 0.0 %)           on MPI rank :      117
     Waiting  global time :    0.000000 ( 0.0 %)           on MPI rank :      117
     Total           time :  166.422242 (SYPD:     1.411 ) on MPI rank :      117
     Computing       time :    0.000000                    on MPI rank :      118
     Waiting lbc_lnk time :    0.000000 ( 0.0 %)           on MPI rank :      118
     Waiting  global time :    0.000000 ( 0.0 %)           on MPI rank :      118
     Total           time :  166.422525 (SYPD:     1.411 ) on MPI rank :      118
     Computing       time :    0.000000                    on MPI rank :      119
     Waiting lbc_lnk time :    0.000000 ( 0.0 %)           on MPI rank :      119
     Waiting  global time :    0.000000 ( 0.0 %)           on MPI rank :      119
     Total           time :  166.422085 (SYPD:     1.411 ) on MPI rank :      119
     Computing       time :    0.000000                    on MPI rank :      120
     Waiting lbc_lnk time :    0.000000 ( 0.0 %)           on MPI rank :      120
     Waiting  global time :    0.000000 ( 0.0 %)           on MPI rank :      120
     Total           time :  166.422010 (SYPD:     1.411 ) on MPI rank :      120
     Computing       time :    0.000000                    on MPI rank :      121
     Waiting lbc_lnk time :    0.000000 ( 0.0 %)           on MPI rank :      121
     Waiting  global time :    0.000000 ( 0.0 %)           on MPI rank :      121
     Total           time :  166.422018 (SYPD:     1.411 ) on MPI rank :      121
     Computing       time :    0.000000                    on MPI rank :      122
     Waiting lbc_lnk time :    0.000000 ( 0.0 %)           on MPI rank :      122
     Waiting  global time :    0.000000 ( 0.0 %)           on MPI rank :      122
     Total           time :  166.421863 (SYPD:     1.411 ) on MPI rank :      122
     Computing       time :    0.000000                    on MPI rank :      123
     Waiting lbc_lnk time :    0.000000 ( 0.0 %)           on MPI rank :      123
     Waiting  global time :    0.000000 ( 0.0 %)           on MPI rank :      123
     Total           time :  166.421725 (SYPD:     1.411 ) on MPI rank :      123
     Computing       time :    0.000000                    on MPI rank :      124
     Waiting lbc_lnk time :    0.000000 ( 0.0 %)           on MPI rank :      124
     Waiting  global time :    0.000000 ( 0.0 %)           on MPI rank :      124
     Total           time :  166.422554 (SYPD:     1.411 ) on MPI rank :      124
     Computing       time :    0.000000                    on MPI rank :      125
     Waiting lbc_lnk time :    0.000000 ( 0.0 %)           on MPI rank :      125
     Waiting  global time :    0.000000 ( 0.0 %)           on MPI rank :      125
     Total           time :  166.421908 (SYPD:     1.411 ) on MPI rank :      125
     Computing       time :    0.000000                    on MPI rank :      126
     Waiting lbc_lnk time :    0.000000 ( 0.0 %)           on MPI rank :      126
     Waiting  global time :    0.000000 ( 0.0 %)           on MPI rank :      126
     Total           time :  166.421910 (SYPD:     1.411 ) on MPI rank :      126
     Computing       time :    0.000000                    on MPI rank :      127
     Waiting lbc_lnk time :    0.000000 ( 0.0 %)           on MPI rank :      127
     Waiting  global time :    0.000000 ( 0.0 %)           on MPI rank :      127
     Total           time :  166.421447 (SYPD:     1.411 ) on MPI rank :      127
     Computing       time :    0.000000                    on MPI rank :      128
     Waiting lbc_lnk time :    0.000000 ( 0.0 %)           on MPI rank :      128
     Waiting  global time :    0.000000 ( 0.0 %)           on MPI rank :      128
     Total           time :  166.421575 (SYPD:     1.411 ) on MPI rank :      128
     Computing       time :    0.000000                    on MPI rank :      129
     Waiting lbc_lnk time :    0.000000 ( 0.0 %)           on MPI rank :      129
     Waiting  global time :    0.000000 ( 0.0 %)           on MPI rank :      129
     Total           time :  166.421763 (SYPD:     1.411 ) on MPI rank :      129
     Computing       time :    0.000000                    on MPI rank :      130
     Waiting lbc_lnk time :    0.000000 ( 0.0 %)           on MPI rank :      130
     Waiting  global time :    0.000000 ( 0.0 %)           on MPI rank :      130
     Total           time :  166.421224 (SYPD:     1.411 ) on MPI rank :      130
     Computing       time :    0.000000                    on MPI rank :      131
     Waiting lbc_lnk time :    0.000000 ( 0.0 %)           on MPI rank :      131
     Waiting  global time :    0.000000 ( 0.0 %)           on MPI rank :      131
     Total           time :  166.421833 (SYPD:     1.411 ) on MPI rank :      131
     Computing       time :    0.000000                    on MPI rank :      132
     Waiting lbc_lnk time :    0.000000 ( 0.0 %)           on MPI rank :      132
     Waiting  global time :    0.000000 ( 0.0 %)           on MPI rank :      132
     Total           time :  166.422012 (SYPD:     1.411 ) on MPI rank :      132
     Computing       time :    0.000000                    on MPI rank :      133
     Waiting lbc_lnk time :    0.000000 ( 0.0 %)           on MPI rank :      133
     Waiting  global time :    0.000000 ( 0.0 %)           on MPI rank :      133
     Total           time :  166.421146 (SYPD:     1.411 ) on MPI rank :      133
     Computing       time :    0.000000                    on MPI rank :      134
     Waiting lbc_lnk time :    0.000000 ( 0.0 %)           on MPI rank :      134
     Waiting  global time :    0.000000 ( 0.0 %)           on MPI rank :      134
     Total           time :  166.421909 (SYPD:     1.411 ) on MPI rank :      134
     Computing       time :    0.000000                    on MPI rank :      135
     Waiting lbc_lnk time :    0.000000 ( 0.0 %)           on MPI rank :      135
     Waiting  global time :    0.000000 ( 0.0 %)           on MPI rank :      135
     Total           time :  166.422004 (SYPD:     1.411 ) on MPI rank :      135
     Computing       time :    0.000000                    on MPI rank :      136
     Waiting lbc_lnk time :    0.000000 ( 0.0 %)           on MPI rank :      136
     Waiting  global time :    0.000000 ( 0.0 %)           on MPI rank :      136
     Total           time :  166.422372 (SYPD:     1.411 ) on MPI rank :      136
     Computing       time :    0.000000                    on MPI rank :      137
     Waiting lbc_lnk time :    0.000000 ( 0.0 %)           on MPI rank :      137
     Waiting  global time :    0.000000 ( 0.0 %)           on MPI rank :      137
     Total           time :  166.421885 (SYPD:     1.411 ) on MPI rank :      137
     Computing       time :    0.000000                    on MPI rank :      138
     Waiting lbc_lnk time :    0.000000 ( 0.0 %)           on MPI rank :      138
     Waiting  global time :    0.000000 ( 0.0 %)           on MPI rank :      138
     Total           time :  166.421273 (SYPD:     1.411 ) on MPI rank :      138
     Computing       time :    0.000000                    on MPI rank :      139
     Waiting lbc_lnk time :    0.000000 ( 0.0 %)           on MPI rank :      139
     Waiting  global time :    0.000000 ( 0.0 %)           on MPI rank :      139
     Total           time :  166.421980 (SYPD:     1.411 ) on MPI rank :      139
     Computing       time :    0.000000                    on MPI rank :      140
     Waiting lbc_lnk time :    0.000000 ( 0.0 %)           on MPI rank :      140
     Waiting  global time :    0.000000 ( 0.0 %)           on MPI rank :      140
     Total           time :  166.421413 (SYPD:     1.411 ) on MPI rank :      140
     Computing       time :    0.000000                    on MPI rank :      141
     Waiting lbc_lnk time :    0.000000 ( 0.0 %)           on MPI rank :      141
     Waiting  global time :    0.000000 ( 0.0 %)           on MPI rank :      141
     Total           time :  166.422325 (SYPD:     1.411 ) on MPI rank :      141
     Computing       time :    0.000000                    on MPI rank :      142
     Waiting lbc_lnk time :    0.000000 ( 0.0 %)           on MPI rank :      142
     Waiting  global time :    0.000000 ( 0.0 %)           on MPI rank :      142
     Total           time :  166.422303 (SYPD:     1.411 ) on MPI rank :      142
     Computing       time :    0.000000                    on MPI rank :      143
     Waiting lbc_lnk time :    0.000000 ( 0.0 %)           on MPI rank :      143
     Waiting  global time :    0.000000 ( 0.0 %)           on MPI rank :      143
     Total           time :  166.422303 (SYPD:     1.411 ) on MPI rank :      143
     Computing       time :    0.000000                    on MPI rank :      144
     Waiting lbc_lnk time :    0.000000 ( 0.0 %)           on MPI rank :      144
     Waiting  global time :    0.000000 ( 0.0 %)           on MPI rank :      144
     Total           time :  166.421920 (SYPD:     1.411 ) on MPI rank :      144
     Computing       time :    0.000000                    on MPI rank :      145
     Waiting lbc_lnk time :    0.000000 ( 0.0 %)           on MPI rank :      145
     Waiting  global time :    0.000000 ( 0.0 %)           on MPI rank :      145
     Total           time :  166.422338 (SYPD:     1.411 ) on MPI rank :      145
     Computing       time :    0.000000                    on MPI rank :      146
     Waiting lbc_lnk time :    0.000000 ( 0.0 %)           on MPI rank :      146
     Waiting  global time :    0.000000 ( 0.0 %)           on MPI rank :      146
     Total           time :  166.421825 (SYPD:     1.411 ) on MPI rank :      146
     Computing       time :    0.000000                    on MPI rank :      147
     Waiting lbc_lnk time :    0.000000 ( 0.0 %)           on MPI rank :      147
     Waiting  global time :    0.000000 ( 0.0 %)           on MPI rank :      147
     Total           time :  166.422409 (SYPD:     1.411 ) on MPI rank :      147
     Computing       time :    0.000000                    on MPI rank :      148
     Waiting lbc_lnk time :    0.000000 ( 0.0 %)           on MPI rank :      148
     Waiting  global time :    0.000000 ( 0.0 %)           on MPI rank :      148
     Total           time :  166.422593 (SYPD:     1.411 ) on MPI rank :      148
     Computing       time :    0.000000                    on MPI rank :      149
     Waiting lbc_lnk time :    0.000000 ( 0.0 %)           on MPI rank :      149
     Waiting  global time :    0.000000 ( 0.0 %)           on MPI rank :      149
     Total           time :  166.422954 (SYPD:     1.411 ) on MPI rank :      149
     Computing       time :    0.000000                    on MPI rank :      150
     Waiting lbc_lnk time :    0.000000 ( 0.0 %)           on MPI rank :      150
     Waiting  global time :    0.000000 ( 0.0 %)           on MPI rank :      150
     Total           time :  166.422162 (SYPD:     1.411 ) on MPI rank :      150
     Computing       time :    0.000000                    on MPI rank :      151
     Waiting lbc_lnk time :    0.000000 ( 0.0 %)           on MPI rank :      151
     Waiting  global time :    0.000000 ( 0.0 %)           on MPI rank :      151
     Total           time :  166.422430 (SYPD:     1.411 ) on MPI rank :      151
     Computing       time :    0.000000                    on MPI rank :      152
     Waiting lbc_lnk time :    0.000000 ( 0.0 %)           on MPI rank :      152
     Waiting  global time :    0.000000 ( 0.0 %)           on MPI rank :      152
     Total           time :  166.422724 (SYPD:     1.411 ) on MPI rank :      152
     Computing       time :    0.000000                    on MPI rank :      153
     Waiting lbc_lnk time :    0.000000 ( 0.0 %)           on MPI rank :      153
     Waiting  global time :    0.000000 ( 0.0 %)           on MPI rank :      153
     Total           time :  166.422582 (SYPD:     1.411 ) on MPI rank :      153
     Computing       time :    0.000000                    on MPI rank :      154
     Waiting lbc_lnk time :    0.000000 ( 0.0 %)           on MPI rank :      154
     Waiting  global time :    0.000000 ( 0.0 %)           on MPI rank :      154
     Total           time :  166.422145 (SYPD:     1.411 ) on MPI rank :      154
     Computing       time :    0.000000                    on MPI rank :      155
     Waiting lbc_lnk time :    0.000000 ( 0.0 %)           on MPI rank :      155
     Waiting  global time :    0.000000 ( 0.0 %)           on MPI rank :      155
     Total           time :  166.421485 (SYPD:     1.411 ) on MPI rank :      155
     Computing       time :    0.000000                    on MPI rank :      156
     Waiting lbc_lnk time :    0.000000 ( 0.0 %)           on MPI rank :      156
     Waiting  global time :    0.000000 ( 0.0 %)           on MPI rank :      156
     Total           time :  166.422542 (SYPD:     1.411 ) on MPI rank :      156
     Computing       time :    0.000000                    on MPI rank :      157
     Waiting lbc_lnk time :    0.000000 ( 0.0 %)           on MPI rank :      157
     Waiting  global time :    0.000000 ( 0.0 %)           on MPI rank :      157
     Total           time :  166.421895 (SYPD:     1.411 ) on MPI rank :      157
     Computing       time :    0.000000                    on MPI rank :      158
     Waiting lbc_lnk time :    0.000000 ( 0.0 %)           on MPI rank :      158
     Waiting  global time :    0.000000 ( 0.0 %)           on MPI rank :      158
     Total           time :  166.422220 (SYPD:     1.411 ) on MPI rank :      158
     Computing       time :    0.000000                    on MPI rank :      159
     Waiting lbc_lnk time :    0.000000 ( 0.0 %)           on MPI rank :      159
     Waiting  global time :    0.000000 ( 0.0 %)           on MPI rank :      159
     Total           time :  166.421947 (SYPD:     1.411 ) on MPI rank :      159
     Computing       time :    0.000000                    on MPI rank :      160
     Waiting lbc_lnk time :    0.000000 ( 0.0 %)           on MPI rank :      160
     Waiting  global time :    0.000000 ( 0.0 %)           on MPI rank :      160
     Total           time :  166.421412 (SYPD:     1.411 ) on MPI rank :      160
     Computing       time :    0.000000                    on MPI rank :      161
     Waiting lbc_lnk time :    0.000000 ( 0.0 %)           on MPI rank :      161
     Waiting  global time :    0.000000 ( 0.0 %)           on MPI rank :      161
     Total           time :  166.422361 (SYPD:     1.411 ) on MPI rank :      161
     Computing       time :    0.000000                    on MPI rank :      162
     Waiting lbc_lnk time :    0.000000 ( 0.0 %)           on MPI rank :      162
     Waiting  global time :    0.000000 ( 0.0 %)           on MPI rank :      162
     Total           time :  166.421597 (SYPD:     1.411 ) on MPI rank :      162
     Computing       time :    0.000000                    on MPI rank :      163
     Waiting lbc_lnk time :    0.000000 ( 0.0 %)           on MPI rank :      163
     Waiting  global time :    0.000000 ( 0.0 %)           on MPI rank :      163
     Total           time :  166.422129 (SYPD:     1.411 ) on MPI rank :      163
     Computing       time :    0.000000                    on MPI rank :      164
     Waiting lbc_lnk time :    0.000000 ( 0.0 %)           on MPI rank :      164
     Waiting  global time :    0.000000 ( 0.0 %)           on MPI rank :      164
     Total           time :  166.421482 (SYPD:     1.411 ) on MPI rank :      164
     Computing       time :    0.000000                    on MPI rank :      165
     Waiting lbc_lnk time :    0.000000 ( 0.0 %)           on MPI rank :      165
     Waiting  global time :    0.000000 ( 0.0 %)           on MPI rank :      165
     Total           time :  166.421864 (SYPD:     1.411 ) on MPI rank :      165
     Computing       time :    0.000000                    on MPI rank :      166
     Waiting lbc_lnk time :    0.000000 ( 0.0 %)           on MPI rank :      166
     Waiting  global time :    0.000000 ( 0.0 %)           on MPI rank :      166
     Total           time :  166.422147 (SYPD:     1.411 ) on MPI rank :      166
     Computing       time :    0.000000                    on MPI rank :      167
     Waiting lbc_lnk time :    0.000000 ( 0.0 %)           on MPI rank :      167
     Waiting  global time :    0.000000 ( 0.0 %)           on MPI rank :      167
     Total           time :  166.421112 (SYPD:     1.411 ) on MPI rank :      167
     Computing       time :    0.000000                    on MPI rank :      168
     Waiting lbc_lnk time :    0.000000 ( 0.0 %)           on MPI rank :      168
     Waiting  global time :    0.000000 ( 0.0 %)           on MPI rank :      168
     Total           time :  166.421667 (SYPD:     1.411 ) on MPI rank :      168
     Computing       time :    0.000000                    on MPI rank :      169
     Waiting lbc_lnk time :    0.000000 ( 0.0 %)           on MPI rank :      169
     Waiting  global time :    0.000000 ( 0.0 %)           on MPI rank :      169
     Total           time :  166.421278 (SYPD:     1.411 ) on MPI rank :      169
     Computing       time :    0.000000                    on MPI rank :      170
     Waiting lbc_lnk time :    0.000000 ( 0.0 %)           on MPI rank :      170
     Waiting  global time :    0.000000 ( 0.0 %)           on MPI rank :      170
     Total           time :  166.421688 (SYPD:     1.411 ) on MPI rank :      170
     Computing       time :    0.000000                    on MPI rank :      171
     Waiting lbc_lnk time :    0.000000 ( 0.0 %)           on MPI rank :      171
     Waiting  global time :    0.000000 ( 0.0 %)           on MPI rank :      171
     Total           time :  166.421508 (SYPD:     1.411 ) on MPI rank :      171
     Computing       time :    0.000000                    on MPI rank :      172
     Waiting lbc_lnk time :    0.000000 ( 0.0 %)           on MPI rank :      172
     Waiting  global time :    0.000000 ( 0.0 %)           on MPI rank :      172
     Total           time :  166.421903 (SYPD:     1.411 ) on MPI rank :      172
     Computing       time :    0.000000                    on MPI rank :      173
     Waiting lbc_lnk time :    0.000000 ( 0.0 %)           on MPI rank :      173
     Waiting  global time :    0.000000 ( 0.0 %)           on MPI rank :      173
     Total           time :  166.421735 (SYPD:     1.411 ) on MPI rank :      173
     Computing       time :    0.000000                    on MPI rank :      174
     Waiting lbc_lnk time :    0.000000 ( 0.0 %)           on MPI rank :      174
     Waiting  global time :    0.000000 ( 0.0 %)           on MPI rank :      174
     Total           time :  166.421065 (SYPD:     1.411 ) on MPI rank :      174
     Computing       time :    0.000000                    on MPI rank :      175
     Waiting lbc_lnk time :    0.000000 ( 0.0 %)           on MPI rank :      175
     Waiting  global time :    0.000000 ( 0.0 %)           on MPI rank :      175
     Total           time :  166.421642 (SYPD:     1.411 ) on MPI rank :      175
     Computing       time :    0.000000                    on MPI rank :      176
     Waiting lbc_lnk time :    0.000000 ( 0.0 %)           on MPI rank :      176
     Waiting  global time :    0.000000 ( 0.0 %)           on MPI rank :      176
     Total           time :  166.422134 (SYPD:     1.411 ) on MPI rank :      176
     Computing       time :    0.000000                    on MPI rank :      177
     Waiting lbc_lnk time :    0.000000 ( 0.0 %)           on MPI rank :      177
     Waiting  global time :    0.000000 ( 0.0 %)           on MPI rank :      177
     Total           time :  166.422709 (SYPD:     1.411 ) on MPI rank :      177
     Computing       time :    0.000000                    on MPI rank :      178
     Waiting lbc_lnk time :    0.000000 ( 0.0 %)           on MPI rank :      178
     Waiting  global time :    0.000000 ( 0.0 %)           on MPI rank :      178
     Total           time :  166.422290 (SYPD:     1.411 ) on MPI rank :      178
     Computing       time :    0.000000                    on MPI rank :      179
     Waiting lbc_lnk time :    0.000000 ( 0.0 %)           on MPI rank :      179
     Waiting  global time :    0.000000 ( 0.0 %)           on MPI rank :      179
     Total           time :  166.422303 (SYPD:     1.411 ) on MPI rank :      179
     Computing       time :    0.000000                    on MPI rank :      180
     Waiting lbc_lnk time :    0.000000 ( 0.0 %)           on MPI rank :      180
     Waiting  global time :    0.000000 ( 0.0 %)           on MPI rank :      180
     Total           time :  166.422120 (SYPD:     1.411 ) on MPI rank :      180
     Computing       time :    0.000000                    on MPI rank :      181
     Waiting lbc_lnk time :    0.000000 ( 0.0 %)           on MPI rank :      181
     Waiting  global time :    0.000000 ( 0.0 %)           on MPI rank :      181
     Total           time :  166.422154 (SYPD:     1.411 ) on MPI rank :      181
     Computing       time :    0.000000                    on MPI rank :      182
     Waiting lbc_lnk time :    0.000000 ( 0.0 %)           on MPI rank :      182
     Waiting  global time :    0.000000 ( 0.0 %)           on MPI rank :      182
     Total           time :  166.421424 (SYPD:     1.411 ) on MPI rank :      182
     Computing       time :    0.000000                    on MPI rank :      183
     Waiting lbc_lnk time :    0.000000 ( 0.0 %)           on MPI rank :      183
     Waiting  global time :    0.000000 ( 0.0 %)           on MPI rank :      183
     Total           time :  166.405583 (SYPD:     1.411 ) on MPI rank :      183
     Computing       time :    0.000000                    on MPI rank :      184
     Waiting lbc_lnk time :    0.000000 ( 0.0 %)           on MPI rank :      184
     Waiting  global time :    0.000000 ( 0.0 %)           on MPI rank :      184
     Total           time :  166.421802 (SYPD:     1.411 ) on MPI rank :      184
     Computing       time :    0.000000                    on MPI rank :      185
     Waiting lbc_lnk time :    0.000000 ( 0.0 %)           on MPI rank :      185
     Waiting  global time :    0.000000 ( 0.0 %)           on MPI rank :      185
     Total           time :  166.421144 (SYPD:     1.411 ) on MPI rank :      185
     Computing       time :    0.000000                    on MPI rank :      186
     Waiting lbc_lnk time :    0.000000 ( 0.0 %)           on MPI rank :      186
     Waiting  global time :    0.000000 ( 0.0 %)           on MPI rank :      186
     Total           time :  166.421646 (SYPD:     1.411 ) on MPI rank :      186
     Computing       time :    0.000000                    on MPI rank :      187
     Waiting lbc_lnk time :    0.000000 ( 0.0 %)           on MPI rank :      187
     Waiting  global time :    0.000000 ( 0.0 %)           on MPI rank :      187
     Total           time :  166.422162 (SYPD:     1.411 ) on MPI rank :      187
     Computing       time :    0.000000                    on MPI rank :      188
     Waiting lbc_lnk time :    0.000000 ( 0.0 %)           on MPI rank :      188
     Waiting  global time :    0.000000 ( 0.0 %)           on MPI rank :      188
     Total           time :  166.421791 (SYPD:     1.411 ) on MPI rank :      188
     Computing       time :    0.000000                    on MPI rank :      189
     Waiting lbc_lnk time :    0.000000 ( 0.0 %)           on MPI rank :      189
     Waiting  global time :    0.000000 ( 0.0 %)           on MPI rank :      189
     Total           time :  166.421318 (SYPD:     1.411 ) on MPI rank :      189
     Computing       time :    0.000000                    on MPI rank :      190
     Waiting lbc_lnk time :    0.000000 ( 0.0 %)           on MPI rank :      190
     Waiting  global time :    0.000000 ( 0.0 %)           on MPI rank :      190
     Total           time :  166.421158 (SYPD:     1.411 ) on MPI rank :      190
     Computing       time :    0.000000                    on MPI rank :      191
     Waiting lbc_lnk time :    0.000000 ( 0.0 %)           on MPI rank :      191
     Waiting  global time :    0.000000 ( 0.0 %)           on MPI rank :      191
     Total           time :  166.421765 (SYPD:     1.411 ) on MPI rank :      191
     Computing       time :    0.000000                    on MPI rank :      192
     Waiting lbc_lnk time :    0.000000 ( 0.0 %)           on MPI rank :      192
     Waiting  global time :    0.000000 ( 0.0 %)           on MPI rank :      192
     Total           time :  166.422144 (SYPD:     1.411 ) on MPI rank :      192
     Computing       time :    0.000000                    on MPI rank :      193
     Waiting lbc_lnk time :    0.000000 ( 0.0 %)           on MPI rank :      193
     Waiting  global time :    0.000000 ( 0.0 %)           on MPI rank :      193
     Total           time :  166.421755 (SYPD:     1.411 ) on MPI rank :      193
     Computing       time :    0.000000                    on MPI rank :      194
     Waiting lbc_lnk time :    0.000000 ( 0.0 %)           on MPI rank :      194
     Waiting  global time :    0.000000 ( 0.0 %)           on MPI rank :      194
     Total           time :  166.421791 (SYPD:     1.411 ) on MPI rank :      194
     Computing       time :    0.000000                    on MPI rank :      195
     Waiting lbc_lnk time :    0.000000 ( 0.0 %)           on MPI rank :      195
     Waiting  global time :    0.000000 ( 0.0 %)           on MPI rank :      195
     Total           time :  166.422195 (SYPD:     1.411 ) on MPI rank :      195
     Computing       time :    0.000000                    on MPI rank :      196
     Waiting lbc_lnk time :    0.000000 ( 0.0 %)           on MPI rank :      196
     Waiting  global time :    0.000000 ( 0.0 %)           on MPI rank :      196
     Total           time :  166.422501 (SYPD:     1.411 ) on MPI rank :      196
     Computing       time :    0.000000                    on MPI rank :      197
     Waiting lbc_lnk time :    0.000000 ( 0.0 %)           on MPI rank :      197
     Waiting  global time :    0.000000 ( 0.0 %)           on MPI rank :      197
     Total           time :  166.421290 (SYPD:     1.411 ) on MPI rank :      197
     Computing       time :    0.000000                    on MPI rank :      198
     Waiting lbc_lnk time :    0.000000 ( 0.0 %)           on MPI rank :      198
     Waiting  global time :    0.000000 ( 0.0 %)           on MPI rank :      198
     Total           time :  166.421092 (SYPD:     1.411 ) on MPI rank :      198
     Computing       time :    0.000000                    on MPI rank :      199
     Waiting lbc_lnk time :    0.000000 ( 0.0 %)           on MPI rank :      199
     Waiting  global time :    0.000000 ( 0.0 %)           on MPI rank :      199
     Total           time :  166.422217 (SYPD:     1.411 ) on MPI rank :      199
     Computing       time :    0.000000                    on MPI rank :      200
     Waiting lbc_lnk time :    0.000000 ( 0.0 %)           on MPI rank :      200
     Waiting  global time :    0.000000 ( 0.0 %)           on MPI rank :      200
     Total           time :  166.422561 (SYPD:     1.411 ) on MPI rank :      200
     Computing       time :    0.000000                    on MPI rank :      201
     Waiting lbc_lnk time :    0.000000 ( 0.0 %)           on MPI rank :      201
     Waiting  global time :    0.000000 ( 0.0 %)           on MPI rank :      201
     Total           time :  166.421130 (SYPD:     1.411 ) on MPI rank :      201
     Computing       time :    0.000000                    on MPI rank :      202
     Waiting lbc_lnk time :    0.000000 ( 0.0 %)           on MPI rank :      202
     Waiting  global time :    0.000000 ( 0.0 %)           on MPI rank :      202
     Total           time :  166.421902 (SYPD:     1.411 ) on MPI rank :      202
     Computing       time :    0.000000                    on MPI rank :      203
     Waiting lbc_lnk time :    0.000000 ( 0.0 %)           on MPI rank :      203
     Waiting  global time :    0.000000 ( 0.0 %)           on MPI rank :      203
     Total           time :  166.421741 (SYPD:     1.411 ) on MPI rank :      203
     Computing       time :    0.000000                    on MPI rank :      204
     Waiting lbc_lnk time :    0.000000 ( 0.0 %)           on MPI rank :      204
     Waiting  global time :    0.000000 ( 0.0 %)           on MPI rank :      204
     Total           time :  166.422079 (SYPD:     1.411 ) on MPI rank :      204
     Computing       time :    0.000000                    on MPI rank :      205
     Waiting lbc_lnk time :    0.000000 ( 0.0 %)           on MPI rank :      205
     Waiting  global time :    0.000000 ( 0.0 %)           on MPI rank :      205
     Total           time :  166.422108 (SYPD:     1.411 ) on MPI rank :      205
     Computing       time :    0.000000                    on MPI rank :      206
     Waiting lbc_lnk time :    0.000000 ( 0.0 %)           on MPI rank :      206
     Waiting  global time :    0.000000 ( 0.0 %)           on MPI rank :      206
     Total           time :  166.421473 (SYPD:     1.411 ) on MPI rank :      206
     Computing       time :    0.000000                    on MPI rank :      207
     Waiting lbc_lnk time :    0.000000 ( 0.0 %)           on MPI rank :      207
     Waiting  global time :    0.000000 ( 0.0 %)           on MPI rank :      207
     Total           time :  166.422074 (SYPD:     1.411 ) on MPI rank :      207
     Computing       time :    0.000000                    on MPI rank :      208
     Waiting lbc_lnk time :    0.000000 ( 0.0 %)           on MPI rank :      208
     Waiting  global time :    0.000000 ( 0.0 %)           on MPI rank :      208
     Total           time :  166.421971 (SYPD:     1.411 ) on MPI rank :      208
     Computing       time :    0.000000                    on MPI rank :      209
     Waiting lbc_lnk time :    0.000000 ( 0.0 %)           on MPI rank :      209
     Waiting  global time :    0.000000 ( 0.0 %)           on MPI rank :      209
     Total           time :  166.421646 (SYPD:     1.411 ) on MPI rank :      209
     Computing       time :    0.000000                    on MPI rank :      210
     Waiting lbc_lnk time :    0.000000 ( 0.0 %)           on MPI rank :      210
     Waiting  global time :    0.000000 ( 0.0 %)           on MPI rank :      210
     Total           time :  166.421677 (SYPD:     1.411 ) on MPI rank :      210
     Computing       time :    0.000000                    on MPI rank :      211
     Waiting lbc_lnk time :    0.000000 ( 0.0 %)           on MPI rank :      211
     Waiting  global time :    0.000000 ( 0.0 %)           on MPI rank :      211
     Total           time :  166.421421 (SYPD:     1.411 ) on MPI rank :      211
     Computing       time :    0.000000                    on MPI rank :      212
     Waiting lbc_lnk time :    0.000000 ( 0.0 %)           on MPI rank :      212
     Waiting  global time :    0.000000 ( 0.0 %)           on MPI rank :      212
     Total           time :  166.421995 (SYPD:     1.411 ) on MPI rank :      212
     Computing       time :    0.000000                    on MPI rank :      213
     Waiting lbc_lnk time :    0.000000 ( 0.0 %)           on MPI rank :      213
     Waiting  global time :    0.000000 ( 0.0 %)           on MPI rank :      213
     Total           time :  166.421986 (SYPD:     1.411 ) on MPI rank :      213
     Computing       time :    0.000000                    on MPI rank :      214
     Waiting lbc_lnk time :    0.000000 ( 0.0 %)           on MPI rank :      214
     Waiting  global time :    0.000000 ( 0.0 %)           on MPI rank :      214
     Total           time :  166.421516 (SYPD:     1.411 ) on MPI rank :      214
     Computing       time :    0.000000                    on MPI rank :      215
     Waiting lbc_lnk time :    0.000000 ( 0.0 %)           on MPI rank :      215
     Waiting  global time :    0.000000 ( 0.0 %)           on MPI rank :      215
     Total           time :  166.421870 (SYPD:     1.411 ) on MPI rank :      215
     Computing       time :    0.000000                    on MPI rank :      216
     Waiting lbc_lnk time :    0.000000 ( 0.0 %)           on MPI rank :      216
     Waiting  global time :    0.000000 ( 0.0 %)           on MPI rank :      216
     Total           time :  166.421503 (SYPD:     1.411 ) on MPI rank :      216
     Computing       time :    0.000000                    on MPI rank :      217
     Waiting lbc_lnk time :    0.000000 ( 0.0 %)           on MPI rank :      217
     Waiting  global time :    0.000000 ( 0.0 %)           on MPI rank :      217
     Total           time :  166.421462 (SYPD:     1.411 ) on MPI rank :      217
     Computing       time :    0.000000                    on MPI rank :      218
     Waiting lbc_lnk time :    0.000000 ( 0.0 %)           on MPI rank :      218
     Waiting  global time :    0.000000 ( 0.0 %)           on MPI rank :      218
     Total           time :  166.422104 (SYPD:     1.411 ) on MPI rank :      218
     Computing       time :    0.000000                    on MPI rank :      219
     Waiting lbc_lnk time :    0.000000 ( 0.0 %)           on MPI rank :      219
     Waiting  global time :    0.000000 ( 0.0 %)           on MPI rank :      219
     Total           time :  166.421539 (SYPD:     1.411 ) on MPI rank :      219
     Computing       time :    0.000000                    on MPI rank :      220
     Waiting lbc_lnk time :    0.000000 ( 0.0 %)           on MPI rank :      220
     Waiting  global time :    0.000000 ( 0.0 %)           on MPI rank :      220
     Total           time :  166.421641 (SYPD:     1.411 ) on MPI rank :      220
     Computing       time :    0.000000                    on MPI rank :      221
     Waiting lbc_lnk time :    0.000000 ( 0.0 %)           on MPI rank :      221
     Waiting  global time :    0.000000 ( 0.0 %)           on MPI rank :      221
     Total           time :  166.421385 (SYPD:     1.411 ) on MPI rank :      221
     Computing       time :    0.000000                    on MPI rank :      222
     Waiting lbc_lnk time :    0.000000 ( 0.0 %)           on MPI rank :      222
     Waiting  global time :    0.000000 ( 0.0 %)           on MPI rank :      222
     Total           time :  166.421243 (SYPD:     1.411 ) on MPI rank :      222
     Computing       time :    0.000000                    on MPI rank :      223
     Waiting lbc_lnk time :    0.000000 ( 0.0 %)           on MPI rank :      223
     Waiting  global time :    0.000000 ( 0.0 %)           on MPI rank :      223
     Total           time :  166.422017 (SYPD:     1.411 ) on MPI rank :      223
     Computing       time :    0.000000                    on MPI rank :      224
     Waiting lbc_lnk time :    0.000000 ( 0.0 %)           on MPI rank :      224
     Waiting  global time :    0.000000 ( 0.0 %)           on MPI rank :      224
     Total           time :  166.422321 (SYPD:     1.411 ) on MPI rank :      224
     Computing       time :    0.000000                    on MPI rank :      225
     Waiting lbc_lnk time :    0.000000 ( 0.0 %)           on MPI rank :      225
     Waiting  global time :    0.000000 ( 0.0 %)           on MPI rank :      225
     Total           time :  166.422073 (SYPD:     1.411 ) on MPI rank :      225
     Computing       time :    0.000000                    on MPI rank :      226
     Waiting lbc_lnk time :    0.000000 ( 0.0 %)           on MPI rank :      226
     Waiting  global time :    0.000000 ( 0.0 %)           on MPI rank :      226
     Total           time :  166.422217 (SYPD:     1.411 ) on MPI rank :      226
     Computing       time :    0.000000                    on MPI rank :      227
     Waiting lbc_lnk time :    0.000000 ( 0.0 %)           on MPI rank :      227
     Waiting  global time :    0.000000 ( 0.0 %)           on MPI rank :      227
     Total           time :  166.421221 (SYPD:     1.411 ) on MPI rank :      227
     Computing       time :    0.000000                    on MPI rank :      228
     Waiting lbc_lnk time :    0.000000 ( 0.0 %)           on MPI rank :      228
     Waiting  global time :    0.000000 ( 0.0 %)           on MPI rank :      228
     Total           time :  166.422642 (SYPD:     1.411 ) on MPI rank :      228
     Computing       time :    0.000000                    on MPI rank :      229
     Waiting lbc_lnk time :    0.000000 ( 0.0 %)           on MPI rank :      229
     Waiting  global time :    0.000000 ( 0.0 %)           on MPI rank :      229
     Total           time :  166.422018 (SYPD:     1.411 ) on MPI rank :      229
     Computing       time :    0.000000                    on MPI rank :      230
     Waiting lbc_lnk time :    0.000000 ( 0.0 %)           on MPI rank :      230
     Waiting  global time :    0.000000 ( 0.0 %)           on MPI rank :      230
     Total           time :  166.422113 (SYPD:     1.411 ) on MPI rank :      230
     Computing       time :    0.000000                    on MPI rank :      231
     Waiting lbc_lnk time :    0.000000 ( 0.0 %)           on MPI rank :      231
     Waiting  global time :    0.000000 ( 0.0 %)           on MPI rank :      231
     Total           time :  166.422099 (SYPD:     1.411 ) on MPI rank :      231
     Computing       time :    0.000000                    on MPI rank :      232
     Waiting lbc_lnk time :    0.000000 ( 0.0 %)           on MPI rank :      232
     Waiting  global time :    0.000000 ( 0.0 %)           on MPI rank :      232
     Total           time :  166.422304 (SYPD:     1.411 ) on MPI rank :      232
     Computing       time :    0.000000                    on MPI rank :      233
     Waiting lbc_lnk time :    0.000000 ( 0.0 %)           on MPI rank :      233
     Waiting  global time :    0.000000 ( 0.0 %)           on MPI rank :      233
     Total           time :  166.422055 (SYPD:     1.411 ) on MPI rank :      233
     Computing       time :    0.000000                    on MPI rank :      234
     Waiting lbc_lnk time :    0.000000 ( 0.0 %)           on MPI rank :      234
     Waiting  global time :    0.000000 ( 0.0 %)           on MPI rank :      234
     Total           time :  166.421247 (SYPD:     1.411 ) on MPI rank :      234
     Computing       time :    0.000000                    on MPI rank :      235
     Waiting lbc_lnk time :    0.000000 ( 0.0 %)           on MPI rank :      235
     Waiting  global time :    0.000000 ( 0.0 %)           on MPI rank :      235
     Total           time :  166.421895 (SYPD:     1.411 ) on MPI rank :      235
     Computing       time :    0.000000                    on MPI rank :      236
     Waiting lbc_lnk time :    0.000000 ( 0.0 %)           on MPI rank :      236
     Waiting  global time :    0.000000 ( 0.0 %)           on MPI rank :      236
     Total           time :  166.421991 (SYPD:     1.411 ) on MPI rank :      236
     Computing       time :    0.000000                    on MPI rank :      237
     Waiting lbc_lnk time :    0.000000 ( 0.0 %)           on MPI rank :      237
     Waiting  global time :    0.000000 ( 0.0 %)           on MPI rank :      237
     Total           time :  166.421980 (SYPD:     1.411 ) on MPI rank :      237
     Computing       time :    0.000000                    on MPI rank :      238
     Waiting lbc_lnk time :    0.000000 ( 0.0 %)           on MPI rank :      238
     Waiting  global time :    0.000000 ( 0.0 %)           on MPI rank :      238
     Total           time :  166.421743 (SYPD:     1.411 ) on MPI rank :      238
     Computing       time :    0.000000                    on MPI rank :      239
     Waiting lbc_lnk time :    0.000000 ( 0.0 %)           on MPI rank :      239
     Waiting  global time :    0.000000 ( 0.0 %)           on MPI rank :      239
     Total           time :  166.421486 (SYPD:     1.411 ) on MPI rank :      239
     Computing       time :    0.000000                    on MPI rank :      240
     Waiting lbc_lnk time :    0.000000 ( 0.0 %)           on MPI rank :      240
     Waiting  global time :    0.000000 ( 0.0 %)           on MPI rank :      240
     Total           time :  166.421581 (SYPD:     1.411 ) on MPI rank :      240
     Computing       time :    0.000000                    on MPI rank :      241
     Waiting lbc_lnk time :    0.000000 ( 0.0 %)           on MPI rank :      241
     Waiting  global time :    0.000000 ( 0.0 %)           on MPI rank :      241
     Total           time :  166.422187 (SYPD:     1.411 ) on MPI rank :      241
     Computing       time :    0.000000                    on MPI rank :      242
     Waiting lbc_lnk time :    0.000000 ( 0.0 %)           on MPI rank :      242
     Waiting  global time :    0.000000 ( 0.0 %)           on MPI rank :      242
     Total           time :  166.420783 (SYPD:     1.411 ) on MPI rank :      242
     Computing       time :    0.000000                    on MPI rank :      243
     Waiting lbc_lnk time :    0.000000 ( 0.0 %)           on MPI rank :      243
     Waiting  global time :    0.000000 ( 0.0 %)           on MPI rank :      243
     Total           time :  166.421683 (SYPD:     1.411 ) on MPI rank :      243
     Computing       time :    0.000000                    on MPI rank :      244
     Waiting lbc_lnk time :    0.000000 ( 0.0 %)           on MPI rank :      244
     Waiting  global time :    0.000000 ( 0.0 %)           on MPI rank :      244
     Total           time :  166.421388 (SYPD:     1.411 ) on MPI rank :      244
     Computing       time :    0.000000                    on MPI rank :      245
     Waiting lbc_lnk time :    0.000000 ( 0.0 %)           on MPI rank :      245
     Waiting  global time :    0.000000 ( 0.0 %)           on MPI rank :      245
     Total           time :  166.420925 (SYPD:     1.411 ) on MPI rank :      245
     Computing       time :    0.000000                    on MPI rank :      246
     Waiting lbc_lnk time :    0.000000 ( 0.0 %)           on MPI rank :      246
     Waiting  global time :    0.000000 ( 0.0 %)           on MPI rank :      246
     Total           time :  166.422572 (SYPD:     1.411 ) on MPI rank :      246
     Computing       time :    0.000000                    on MPI rank :      247
     Waiting lbc_lnk time :    0.000000 ( 0.0 %)           on MPI rank :      247
     Waiting  global time :    0.000000 ( 0.0 %)           on MPI rank :      247
     Total           time :  166.421233 (SYPD:     1.411 ) on MPI rank :      247
     Computing       time :    0.000000                    on MPI rank :      248
     Waiting lbc_lnk time :    0.000000 ( 0.0 %)           on MPI rank :      248
     Waiting  global time :    0.000000 ( 0.0 %)           on MPI rank :      248
     Total           time :  166.421930 (SYPD:     1.411 ) on MPI rank :      248
     Computing       time :    0.000000                    on MPI rank :      249
     Waiting lbc_lnk time :    0.000000 ( 0.0 %)           on MPI rank :      249
     Waiting  global time :    0.000000 ( 0.0 %)           on MPI rank :      249
     Total           time :  166.421999 (SYPD:     1.411 ) on MPI rank :      249
     Computing       time :    0.000000                    on MPI rank :      250
     Waiting lbc_lnk time :    0.000000 ( 0.0 %)           on MPI rank :      250
     Waiting  global time :    0.000000 ( 0.0 %)           on MPI rank :      250
     Total           time :  166.421644 (SYPD:     1.411 ) on MPI rank :      250
     Computing       time :    0.000000                    on MPI rank :      251
     Waiting lbc_lnk time :    0.000000 ( 0.0 %)           on MPI rank :      251
     Waiting  global time :    0.000000 ( 0.0 %)           on MPI rank :      251
     Total           time :  166.421968 (SYPD:     1.411 ) on MPI rank :      251
     Computing       time :    0.000000                    on MPI rank :      252
     Waiting lbc_lnk time :    0.000000 ( 0.0 %)           on MPI rank :      252
     Waiting  global time :    0.000000 ( 0.0 %)           on MPI rank :      252
     Total           time :  166.422720 (SYPD:     1.411 ) on MPI rank :      252
     Computing       time :    0.000000                    on MPI rank :      253
     Waiting lbc_lnk time :    0.000000 ( 0.0 %)           on MPI rank :      253
     Waiting  global time :    0.000000 ( 0.0 %)           on MPI rank :      253
     Total           time :  166.421510 (SYPD:     1.411 ) on MPI rank :      253
     Computing       time :    0.000000                    on MPI rank :      254
     Waiting lbc_lnk time :    0.000000 ( 0.0 %)           on MPI rank :      254
     Waiting  global time :    0.000000 ( 0.0 %)           on MPI rank :      254
     Total           time :  166.421611 (SYPD:     1.411 ) on MPI rank :      254
     Computing       time :    0.000000                    on MPI rank :      255
     Waiting lbc_lnk time :    0.000000 ( 0.0 %)           on MPI rank :      255
     Waiting  global time :    0.000000 ( 0.0 %)           on MPI rank :      255
     Total           time :  166.421770 (SYPD:     1.411 ) on MPI rank :      255
     Computing       time :    0.000000                    on MPI rank :      256
     Waiting lbc_lnk time :    0.000000 ( 0.0 %)           on MPI rank :      256
     Waiting  global time :    0.000000 ( 0.0 %)           on MPI rank :      256
     Total           time :  166.421336 (SYPD:     1.411 ) on MPI rank :      256
     Computing       time :    0.000000                    on MPI rank :      257
     Waiting lbc_lnk time :    0.000000 ( 0.0 %)           on MPI rank :      257
     Waiting  global time :    0.000000 ( 0.0 %)           on MPI rank :      257
     Total           time :  166.421592 (SYPD:     1.411 ) on MPI rank :      257
     Computing       time :    0.000000                    on MPI rank :      258
     Waiting lbc_lnk time :    0.000000 ( 0.0 %)           on MPI rank :      258
     Waiting  global time :    0.000000 ( 0.0 %)           on MPI rank :      258
     Total           time :  166.421861 (SYPD:     1.411 ) on MPI rank :      258
     Computing       time :    0.000000                    on MPI rank :      259
     Waiting lbc_lnk time :    0.000000 ( 0.0 %)           on MPI rank :      259
     Waiting  global time :    0.000000 ( 0.0 %)           on MPI rank :      259
     Total           time :  166.421418 (SYPD:     1.411 ) on MPI rank :      259
     Computing       time :    0.000000                    on MPI rank :      260
     Waiting lbc_lnk time :    0.000000 ( 0.0 %)           on MPI rank :      260
     Waiting  global time :    0.000000 ( 0.0 %)           on MPI rank :      260
     Total           time :  166.421546 (SYPD:     1.411 ) on MPI rank :      260
     Computing       time :    0.000000                    on MPI rank :      261
     Waiting lbc_lnk time :    0.000000 ( 0.0 %)           on MPI rank :      261
     Waiting  global time :    0.000000 ( 0.0 %)           on MPI rank :      261
     Total           time :  166.421680 (SYPD:     1.411 ) on MPI rank :      261
     Computing       time :    0.000000                    on MPI rank :      262
     Waiting lbc_lnk time :    0.000000 ( 0.0 %)           on MPI rank :      262
     Waiting  global time :    0.000000 ( 0.0 %)           on MPI rank :      262
     Total           time :  166.422054 (SYPD:     1.411 ) on MPI rank :      262
     Computing       time :    0.000000                    on MPI rank :      263
     Waiting lbc_lnk time :    0.000000 ( 0.0 %)           on MPI rank :      263
     Waiting  global time :    0.000000 ( 0.0 %)           on MPI rank :      263
     Total           time :  166.422242 (SYPD:     1.411 ) on MPI rank :      263
     Computing       time :    0.000000                    on MPI rank :      264
     Waiting lbc_lnk time :    0.000000 ( 0.0 %)           on MPI rank :      264
     Waiting  global time :    0.000000 ( 0.0 %)           on MPI rank :      264
     Total           time :  166.422521 (SYPD:     1.411 ) on MPI rank :      264
     Computing       time :    0.000000                    on MPI rank :      265
     Waiting lbc_lnk time :    0.000000 ( 0.0 %)           on MPI rank :      265
     Waiting  global time :    0.000000 ( 0.0 %)           on MPI rank :      265
     Total           time :  166.421513 (SYPD:     1.411 ) on MPI rank :      265
     Computing       time :    0.000000                    on MPI rank :      266
     Waiting lbc_lnk time :    0.000000 ( 0.0 %)           on MPI rank :      266
     Waiting  global time :    0.000000 ( 0.0 %)           on MPI rank :      266
     Total           time :  166.421590 (SYPD:     1.411 ) on MPI rank :      266
     Computing       time :    0.000000                    on MPI rank :      267
     Waiting lbc_lnk time :    0.000000 ( 0.0 %)           on MPI rank :      267
     Waiting  global time :    0.000000 ( 0.0 %)           on MPI rank :      267
     Total           time :  166.405038 (SYPD:     1.411 ) on MPI rank :      267
     Computing       time :    0.000000                    on MPI rank :      268
     Waiting lbc_lnk time :    0.000000 ( 0.0 %)           on MPI rank :      268
     Waiting  global time :    0.000000 ( 0.0 %)           on MPI rank :      268
     Total           time :  166.422188 (SYPD:     1.411 ) on MPI rank :      268
     Computing       time :    0.000000                    on MPI rank :      269
     Waiting lbc_lnk time :    0.000000 ( 0.0 %)           on MPI rank :      269
     Waiting  global time :    0.000000 ( 0.0 %)           on MPI rank :      269
     Total           time :  166.421982 (SYPD:     1.411 ) on MPI rank :      269
     Computing       time :    0.000000                    on MPI rank :      270
     Waiting lbc_lnk time :    0.000000 ( 0.0 %)           on MPI rank :      270
     Waiting  global time :    0.000000 ( 0.0 %)           on MPI rank :      270
     Total           time :  166.421782 (SYPD:     1.411 ) on MPI rank :      270
     Computing       time :    0.000000                    on MPI rank :      271
     Waiting lbc_lnk time :    0.000000 ( 0.0 %)           on MPI rank :      271
     Waiting  global time :    0.000000 ( 0.0 %)           on MPI rank :      271
     Total           time :  166.421082 (SYPD:     1.411 ) on MPI rank :      271
     Computing       time :    0.000000                    on MPI rank :      272
     Waiting lbc_lnk time :    0.000000 ( 0.0 %)           on MPI rank :      272
     Waiting  global time :    0.000000 ( 0.0 %)           on MPI rank :      272
     Total           time :  166.422216 (SYPD:     1.411 ) on MPI rank :      272
     Computing       time :    0.000000                    on MPI rank :      273
     Waiting lbc_lnk time :    0.000000 ( 0.0 %)           on MPI rank :      273
     Waiting  global time :    0.000000 ( 0.0 %)           on MPI rank :      273
     Total           time :  166.404960 (SYPD:     1.411 ) on MPI rank :      273
     Computing       time :    0.000000                    on MPI rank :      274
     Waiting lbc_lnk time :    0.000000 ( 0.0 %)           on MPI rank :      274
     Waiting  global time :    0.000000 ( 0.0 %)           on MPI rank :      274
     Total           time :  166.405327 (SYPD:     1.411 ) on MPI rank :      274
     Computing       time :    0.000000                    on MPI rank :      275
     Waiting lbc_lnk time :    0.000000 ( 0.0 %)           on MPI rank :      275
     Waiting  global time :    0.000000 ( 0.0 %)           on MPI rank :      275
     Total           time :  166.421691 (SYPD:     1.411 ) on MPI rank :      275
     Computing       time :    0.000000                    on MPI rank :      276
     Waiting lbc_lnk time :    0.000000 ( 0.0 %)           on MPI rank :      276
     Waiting  global time :    0.000000 ( 0.0 %)           on MPI rank :      276
     Total           time :  166.421553 (SYPD:     1.411 ) on MPI rank :      276
     Computing       time :    0.000000                    on MPI rank :      277
     Waiting lbc_lnk time :    0.000000 ( 0.0 %)           on MPI rank :      277
     Waiting  global time :    0.000000 ( 0.0 %)           on MPI rank :      277
     Total           time :  166.422278 (SYPD:     1.411 ) on MPI rank :      277
     Computing       time :    0.000000                    on MPI rank :      278
     Waiting lbc_lnk time :    0.000000 ( 0.0 %)           on MPI rank :      278
     Waiting  global time :    0.000000 ( 0.0 %)           on MPI rank :      278
     Total           time :  166.421959 (SYPD:     1.411 ) on MPI rank :      278
     Computing       time :    0.000000                    on MPI rank :      279
     Waiting lbc_lnk time :    0.000000 ( 0.0 %)           on MPI rank :      279
     Waiting  global time :    0.000000 ( 0.0 %)           on MPI rank :      279
     Total           time :  166.421817 (SYPD:     1.411 ) on MPI rank :      279
     Computing       time :    0.000000                    on MPI rank :      280
     Waiting lbc_lnk time :    0.000000 ( 0.0 %)           on MPI rank :      280
     Waiting  global time :    0.000000 ( 0.0 %)           on MPI rank :      280
     Total           time :  166.421740 (SYPD:     1.411 ) on MPI rank :      280
     Computing       time :    0.000000                    on MPI rank :      281
     Waiting lbc_lnk time :    0.000000 ( 0.0 %)           on MPI rank :      281
     Waiting  global time :    0.000000 ( 0.0 %)           on MPI rank :      281
     Total           time :  166.422189 (SYPD:     1.411 ) on MPI rank :      281
     Computing       time :    0.000000                    on MPI rank :      282
     Waiting lbc_lnk time :    0.000000 ( 0.0 %)           on MPI rank :      282
     Waiting  global time :    0.000000 ( 0.0 %)           on MPI rank :      282
     Total           time :  166.421857 (SYPD:     1.411 ) on MPI rank :      282
     Computing       time :    0.000000                    on MPI rank :      283
     Waiting lbc_lnk time :    0.000000 ( 0.0 %)           on MPI rank :      283
     Waiting  global time :    0.000000 ( 0.0 %)           on MPI rank :      283
     Total           time :  166.421397 (SYPD:     1.411 ) on MPI rank :      283
     Computing       time :    0.000000                    on MPI rank :      284
     Waiting lbc_lnk time :    0.000000 ( 0.0 %)           on MPI rank :      284
     Waiting  global time :    0.000000 ( 0.0 %)           on MPI rank :      284
     Total           time :  166.421792 (SYPD:     1.411 ) on MPI rank :      284
     Computing       time :    0.000000                    on MPI rank :      285
     Waiting lbc_lnk time :    0.000000 ( 0.0 %)           on MPI rank :      285
     Waiting  global time :    0.000000 ( 0.0 %)           on MPI rank :      285
     Total           time :  166.421689 (SYPD:     1.411 ) on MPI rank :      285
     Computing       time :    0.000000                    on MPI rank :      286
     Waiting lbc_lnk time :    0.000000 ( 0.0 %)           on MPI rank :      286
     Waiting  global time :    0.000000 ( 0.0 %)           on MPI rank :      286
     Total           time :  166.421416 (SYPD:     1.411 ) on MPI rank :      286
     Computing       time :    0.000000                    on MPI rank :      287
     Waiting lbc_lnk time :    0.000000 ( 0.0 %)           on MPI rank :      287
     Waiting  global time :    0.000000 ( 0.0 %)           on MPI rank :      287
     Total           time :  166.421825 (SYPD:     1.411 ) on MPI rank :      287
     Computing       time :    0.000000                    on MPI rank :      288
     Waiting lbc_lnk time :    0.000000 ( 0.0 %)           on MPI rank :      288
     Waiting  global time :    0.000000 ( 0.0 %)           on MPI rank :      288
     Total           time :  166.421756 (SYPD:     1.411 ) on MPI rank :      288
     Computing       time :    0.000000                    on MPI rank :      289
     Waiting lbc_lnk time :    0.000000 ( 0.0 %)           on MPI rank :      289
     Waiting  global time :    0.000000 ( 0.0 %)           on MPI rank :      289
     Total           time :  166.421373 (SYPD:     1.411 ) on MPI rank :      289
     Computing       time :    0.000000                    on MPI rank :      290
     Waiting lbc_lnk time :    0.000000 ( 0.0 %)           on MPI rank :      290
     Waiting  global time :    0.000000 ( 0.0 %)           on MPI rank :      290
     Total           time :  166.421766 (SYPD:     1.411 ) on MPI rank :      290
     Computing       time :    0.000000                    on MPI rank :      291
     Waiting lbc_lnk time :    0.000000 ( 0.0 %)           on MPI rank :      291
     Waiting  global time :    0.000000 ( 0.0 %)           on MPI rank :      291
     Total           time :  166.421008 (SYPD:     1.411 ) on MPI rank :      291
     Computing       time :    0.000000                    on MPI rank :      292
     Waiting lbc_lnk time :    0.000000 ( 0.0 %)           on MPI rank :      292
     Waiting  global time :    0.000000 ( 0.0 %)           on MPI rank :      292
     Total           time :  166.421943 (SYPD:     1.411 ) on MPI rank :      292
     Computing       time :    0.000000                    on MPI rank :      293
     Waiting lbc_lnk time :    0.000000 ( 0.0 %)           on MPI rank :      293
     Waiting  global time :    0.000000 ( 0.0 %)           on MPI rank :      293
     Total           time :  166.421803 (SYPD:     1.411 ) on MPI rank :      293
     Computing       time :    0.000000                    on MPI rank :      294
     Waiting lbc_lnk time :    0.000000 ( 0.0 %)           on MPI rank :      294
     Waiting  global time :    0.000000 ( 0.0 %)           on MPI rank :      294
     Total           time :  166.421664 (SYPD:     1.411 ) on MPI rank :      294
     Computing       time :    0.000000                    on MPI rank :      295
     Waiting lbc_lnk time :    0.000000 ( 0.0 %)           on MPI rank :      295
     Waiting  global time :    0.000000 ( 0.0 %)           on MPI rank :      295
     Total           time :  166.421890 (SYPD:     1.411 ) on MPI rank :      295
     Computing       time :    0.000000                    on MPI rank :      296
     Waiting lbc_lnk time :    0.000000 ( 0.0 %)           on MPI rank :      296
     Waiting  global time :    0.000000 ( 0.0 %)           on MPI rank :      296
     Total           time :  166.422226 (SYPD:     1.411 ) on MPI rank :      296
     Computing       time :    0.000000                    on MPI rank :      297
     Waiting lbc_lnk time :    0.000000 ( 0.0 %)           on MPI rank :      297
     Waiting  global time :    0.000000 ( 0.0 %)           on MPI rank :      297
     Total           time :  166.421863 (SYPD:     1.411 ) on MPI rank :      297
     Computing       time :    0.000000                    on MPI rank :      298
     Waiting lbc_lnk time :    0.000000 ( 0.0 %)           on MPI rank :      298
     Waiting  global time :    0.000000 ( 0.0 %)           on MPI rank :      298
     Total           time :  166.421911 (SYPD:     1.411 ) on MPI rank :      298
     Computing       time :    0.000000                    on MPI rank :      299
     Waiting lbc_lnk time :    0.000000 ( 0.0 %)           on MPI rank :      299
     Waiting  global time :    0.000000 ( 0.0 %)           on MPI rank :      299
     Total           time :  166.423018 (SYPD:     1.411 ) on MPI rank :      299
     Computing       time :    0.000000                    on MPI rank :      300
     Waiting lbc_lnk time :    0.000000 ( 0.0 %)           on MPI rank :      300
     Waiting  global time :    0.000000 ( 0.0 %)           on MPI rank :      300
     Total           time :  166.422207 (SYPD:     1.411 ) on MPI rank :      300
     Computing       time :    0.000000                    on MPI rank :      301
     Waiting lbc_lnk time :    0.000000 ( 0.0 %)           on MPI rank :      301
     Waiting  global time :    0.000000 ( 0.0 %)           on MPI rank :      301
     Total           time :  166.422188 (SYPD:     1.411 ) on MPI rank :      301
     Computing       time :    0.000000                    on MPI rank :      302
     Waiting lbc_lnk time :    0.000000 ( 0.0 %)           on MPI rank :      302
     Waiting  global time :    0.000000 ( 0.0 %)           on MPI rank :      302
     Total           time :  166.422201 (SYPD:     1.411 ) on MPI rank :      302
     Computing       time :    0.000000                    on MPI rank :      303
     Waiting lbc_lnk time :    0.000000 ( 0.0 %)           on MPI rank :      303
     Waiting  global time :    0.000000 ( 0.0 %)           on MPI rank :      303
     Total           time :  166.422221 (SYPD:     1.411 ) on MPI rank :      303
     Computing       time :    0.000000                    on MPI rank :      304
     Waiting lbc_lnk time :    0.000000 ( 0.0 %)           on MPI rank :      304
     Waiting  global time :    0.000000 ( 0.0 %)           on MPI rank :      304
     Total           time :  166.422572 (SYPD:     1.411 ) on MPI rank :      304
     Computing       time :    0.000000                    on MPI rank :      305
     Waiting lbc_lnk time :    0.000000 ( 0.0 %)           on MPI rank :      305
     Waiting  global time :    0.000000 ( 0.0 %)           on MPI rank :      305
     Total           time :  166.421980 (SYPD:     1.411 ) on MPI rank :      305
     Computing       time :    0.000000                    on MPI rank :      306
     Waiting lbc_lnk time :    0.000000 ( 0.0 %)           on MPI rank :      306
     Waiting  global time :    0.000000 ( 0.0 %)           on MPI rank :      306
     Total           time :  166.422145 (SYPD:     1.411 ) on MPI rank :      306
     Computing       time :    0.000000                    on MPI rank :      307
     Waiting lbc_lnk time :    0.000000 ( 0.0 %)           on MPI rank :      307
     Waiting  global time :    0.000000 ( 0.0 %)           on MPI rank :      307
     Total           time :  166.422435 (SYPD:     1.411 ) on MPI rank :      307
     Computing       time :    0.000000                    on MPI rank :      308
     Waiting lbc_lnk time :    0.000000 ( 0.0 %)           on MPI rank :      308
     Waiting  global time :    0.000000 ( 0.0 %)           on MPI rank :      308
     Total           time :  166.421810 (SYPD:     1.411 ) on MPI rank :      308
     Computing       time :    0.000000                    on MPI rank :      309
     Waiting lbc_lnk time :    0.000000 ( 0.0 %)           on MPI rank :      309
     Waiting  global time :    0.000000 ( 0.0 %)           on MPI rank :      309
     Total           time :  166.421213 (SYPD:     1.411 ) on MPI rank :      309
     Computing       time :    0.000000                    on MPI rank :      310
     Waiting lbc_lnk time :    0.000000 ( 0.0 %)           on MPI rank :      310
     Waiting  global time :    0.000000 ( 0.0 %)           on MPI rank :      310
     Total           time :  166.421491 (SYPD:     1.411 ) on MPI rank :      310
     Computing       time :    0.000000                    on MPI rank :      311
     Waiting lbc_lnk time :    0.000000 ( 0.0 %)           on MPI rank :      311
     Waiting  global time :    0.000000 ( 0.0 %)           on MPI rank :      311
     Total           time :  166.421914 (SYPD:     1.411 ) on MPI rank :      311
     Computing       time :    0.000000                    on MPI rank :      312
     Waiting lbc_lnk time :    0.000000 ( 0.0 %)           on MPI rank :      312
     Waiting  global time :    0.000000 ( 0.0 %)           on MPI rank :      312
     Total           time :  166.421759 (SYPD:     1.411 ) on MPI rank :      312
     Computing       time :    0.000000                    on MPI rank :      313
     Waiting lbc_lnk time :    0.000000 ( 0.0 %)           on MPI rank :      313
     Waiting  global time :    0.000000 ( 0.0 %)           on MPI rank :      313
     Total           time :  166.421763 (SYPD:     1.411 ) on MPI rank :      313
     Computing       time :    0.000000                    on MPI rank :      314
     Waiting lbc_lnk time :    0.000000 ( 0.0 %)           on MPI rank :      314
     Waiting  global time :    0.000000 ( 0.0 %)           on MPI rank :      314
     Total           time :  166.421363 (SYPD:     1.411 ) on MPI rank :      314
     Computing       time :    0.000000                    on MPI rank :      315
     Waiting lbc_lnk time :    0.000000 ( 0.0 %)           on MPI rank :      315
     Waiting  global time :    0.000000 ( 0.0 %)           on MPI rank :      315
     Total           time :  166.421985 (SYPD:     1.411 ) on MPI rank :      315
     Computing       time :    0.000000                    on MPI rank :      316
     Waiting lbc_lnk time :    0.000000 ( 0.0 %)           on MPI rank :      316
     Waiting  global time :    0.000000 ( 0.0 %)           on MPI rank :      316
     Total           time :  166.421767 (SYPD:     1.411 ) on MPI rank :      316
     Computing       time :    0.000000                    on MPI rank :      317
     Waiting lbc_lnk time :    0.000000 ( 0.0 %)           on MPI rank :      317
     Waiting  global time :    0.000000 ( 0.0 %)           on MPI rank :      317
     Total           time :  166.421248 (SYPD:     1.411 ) on MPI rank :      317
     Computing       time :    0.000000                    on MPI rank :      318
     Waiting lbc_lnk time :    0.000000 ( 0.0 %)           on MPI rank :      318
     Waiting  global time :    0.000000 ( 0.0 %)           on MPI rank :      318
     Total           time :  166.421694 (SYPD:     1.411 ) on MPI rank :      318
     Computing       time :    0.000000                    on MPI rank :      319
     Waiting lbc_lnk time :    0.000000 ( 0.0 %)           on MPI rank :      319
     Waiting  global time :    0.000000 ( 0.0 %)           on MPI rank :      319
     Total           time :  166.421642 (SYPD:     1.411 ) on MPI rank :      319
     Computing       time :    0.000000                    on MPI rank :      320
     Waiting lbc_lnk time :    0.000000 ( 0.0 %)           on MPI rank :      320
     Waiting  global time :    0.000000 ( 0.0 %)           on MPI rank :      320
     Total           time :  166.422530 (SYPD:     1.411 ) on MPI rank :      320
     Computing       time :    0.000000                    on MPI rank :      321
     Waiting lbc_lnk time :    0.000000 ( 0.0 %)           on MPI rank :      321
     Waiting  global time :    0.000000 ( 0.0 %)           on MPI rank :      321
     Total           time :  166.422650 (SYPD:     1.411 ) on MPI rank :      321
     Computing       time :    0.000000                    on MPI rank :      322
     Waiting lbc_lnk time :    0.000000 ( 0.0 %)           on MPI rank :      322
     Waiting  global time :    0.000000 ( 0.0 %)           on MPI rank :      322
     Total           time :  166.421782 (SYPD:     1.411 ) on MPI rank :      322
     Computing       time :    0.000000                    on MPI rank :      323
     Waiting lbc_lnk time :    0.000000 ( 0.0 %)           on MPI rank :      323
     Waiting  global time :    0.000000 ( 0.0 %)           on MPI rank :      323
     Total           time :  166.421772 (SYPD:     1.411 ) on MPI rank :      323
     Computing       time :    0.000000                    on MPI rank :      324
     Waiting lbc_lnk time :    0.000000 ( 0.0 %)           on MPI rank :      324
     Waiting  global time :    0.000000 ( 0.0 %)           on MPI rank :      324
     Total           time :  166.422190 (SYPD:     1.411 ) on MPI rank :      324
     Computing       time :    0.000000                    on MPI rank :      325
     Waiting lbc_lnk time :    0.000000 ( 0.0 %)           on MPI rank :      325
     Waiting  global time :    0.000000 ( 0.0 %)           on MPI rank :      325
     Total           time :  166.421084 (SYPD:     1.411 ) on MPI rank :      325
     Computing       time :    0.000000                    on MPI rank :      326
     Waiting lbc_lnk time :    0.000000 ( 0.0 %)           on MPI rank :      326
     Waiting  global time :    0.000000 ( 0.0 %)           on MPI rank :      326
     Total           time :  166.421524 (SYPD:     1.411 ) on MPI rank :      326
     Computing       time :    0.000000                    on MPI rank :      327
     Waiting lbc_lnk time :    0.000000 ( 0.0 %)           on MPI rank :      327
     Waiting  global time :    0.000000 ( 0.0 %)           on MPI rank :      327
     Total           time :  166.421537 (SYPD:     1.411 ) on MPI rank :      327
     Computing       time :    0.000000                    on MPI rank :      328
     Waiting lbc_lnk time :    0.000000 ( 0.0 %)           on MPI rank :      328
     Waiting  global time :    0.000000 ( 0.0 %)           on MPI rank :      328
     Total           time :  166.421552 (SYPD:     1.411 ) on MPI rank :      328
     Computing       time :    0.000000                    on MPI rank :      329
     Waiting lbc_lnk time :    0.000000 ( 0.0 %)           on MPI rank :      329
     Waiting  global time :    0.000000 ( 0.0 %)           on MPI rank :      329
     Total           time :  166.420803 (SYPD:     1.411 ) on MPI rank :      329
     Computing       time :    0.000000                    on MPI rank :      330
     Waiting lbc_lnk time :    0.000000 ( 0.0 %)           on MPI rank :      330
     Waiting  global time :    0.000000 ( 0.0 %)           on MPI rank :      330
     Total           time :  166.420801 (SYPD:     1.411 ) on MPI rank :      330
     Computing       time :    0.000000                    on MPI rank :      331
     Waiting lbc_lnk time :    0.000000 ( 0.0 %)           on MPI rank :      331
     Waiting  global time :    0.000000 ( 0.0 %)           on MPI rank :      331
     Total           time :  166.421532 (SYPD:     1.411 ) on MPI rank :      331
     Computing       time :    0.000000                    on MPI rank :      332
     Waiting lbc_lnk time :    0.000000 ( 0.0 %)           on MPI rank :      332
     Waiting  global time :    0.000000 ( 0.0 %)           on MPI rank :      332
     Total           time :  166.421487 (SYPD:     1.411 ) on MPI rank :      332
     Computing       time :    0.000000                    on MPI rank :      333
     Waiting lbc_lnk time :    0.000000 ( 0.0 %)           on MPI rank :      333
     Waiting  global time :    0.000000 ( 0.0 %)           on MPI rank :      333
     Total           time :  166.422659 (SYPD:     1.411 ) on MPI rank :      333
     Computing       time :    0.000000                    on MPI rank :      334
     Waiting lbc_lnk time :    0.000000 ( 0.0 %)           on MPI rank :      334
     Waiting  global time :    0.000000 ( 0.0 %)           on MPI rank :      334
     Total           time :  166.422539 (SYPD:     1.411 ) on MPI rank :      334
     Computing       time :    0.000000                    on MPI rank :      335
     Waiting lbc_lnk time :    0.000000 ( 0.0 %)           on MPI rank :      335
     Waiting  global time :    0.000000 ( 0.0 %)           on MPI rank :      335
     Total           time :  166.422445 (SYPD:     1.411 ) on MPI rank :      335
     Computing       time :    0.000000                    on MPI rank :      336
     Waiting lbc_lnk time :    0.000000 ( 0.0 %)           on MPI rank :      336
     Waiting  global time :    0.000000 ( 0.0 %)           on MPI rank :      336
     Total           time :  166.422086 (SYPD:     1.411 ) on MPI rank :      336
     Computing       time :    0.000000                    on MPI rank :      337
     Waiting lbc_lnk time :    0.000000 ( 0.0 %)           on MPI rank :      337
     Waiting  global time :    0.000000 ( 0.0 %)           on MPI rank :      337
     Total           time :  166.421357 (SYPD:     1.411 ) on MPI rank :      337
     Computing       time :    0.000000                    on MPI rank :      338
     Waiting lbc_lnk time :    0.000000 ( 0.0 %)           on MPI rank :      338
     Waiting  global time :    0.000000 ( 0.0 %)           on MPI rank :      338
     Total           time :  166.421792 (SYPD:     1.411 ) on MPI rank :      338
     Computing       time :    0.000000                    on MPI rank :      339
     Waiting lbc_lnk time :    0.000000 ( 0.0 %)           on MPI rank :      339
     Waiting  global time :    0.000000 ( 0.0 %)           on MPI rank :      339
     Total           time :  166.421702 (SYPD:     1.411 ) on MPI rank :      339
     Computing       time :    0.000000                    on MPI rank :      340
     Waiting lbc_lnk time :    0.000000 ( 0.0 %)           on MPI rank :      340
     Waiting  global time :    0.000000 ( 0.0 %)           on MPI rank :      340
     Total           time :  166.421855 (SYPD:     1.411 ) on MPI rank :      340
     Computing       time :    0.000000                    on MPI rank :      341
     Waiting lbc_lnk time :    0.000000 ( 0.0 %)           on MPI rank :      341
     Waiting  global time :    0.000000 ( 0.0 %)           on MPI rank :      341
     Total           time :  166.421770 (SYPD:     1.411 ) on MPI rank :      341
     Computing       time :    0.000000                    on MPI rank :      342
     Waiting lbc_lnk time :    0.000000 ( 0.0 %)           on MPI rank :      342
     Waiting  global time :    0.000000 ( 0.0 %)           on MPI rank :      342
     Total           time :  166.421158 (SYPD:     1.411 ) on MPI rank :      342
     Computing       time :    0.000000                    on MPI rank :      343
     Waiting lbc_lnk time :    0.000000 ( 0.0 %)           on MPI rank :      343
     Waiting  global time :    0.000000 ( 0.0 %)           on MPI rank :      343
     Total           time :  166.422244 (SYPD:     1.411 ) on MPI rank :      343
     Computing       time :    0.000000                    on MPI rank :      344
     Waiting lbc_lnk time :    0.000000 ( 0.0 %)           on MPI rank :      344
     Waiting  global time :    0.000000 ( 0.0 %)           on MPI rank :      344
     Total           time :  166.422887 (SYPD:     1.411 ) on MPI rank :      344
     Computing       time :    0.000000                    on MPI rank :      345
     Waiting lbc_lnk time :    0.000000 ( 0.0 %)           on MPI rank :      345
     Waiting  global time :    0.000000 ( 0.0 %)           on MPI rank :      345
     Total           time :  166.422300 (SYPD:     1.411 ) on MPI rank :      345
     Computing       time :    0.000000                    on MPI rank :      346
     Waiting lbc_lnk time :    0.000000 ( 0.0 %)           on MPI rank :      346
     Waiting  global time :    0.000000 ( 0.0 %)           on MPI rank :      346
     Total           time :  166.422412 (SYPD:     1.411 ) on MPI rank :      346
     Computing       time :    0.000000                    on MPI rank :      347
     Waiting lbc_lnk time :    0.000000 ( 0.0 %)           on MPI rank :      347
     Waiting  global time :    0.000000 ( 0.0 %)           on MPI rank :      347
     Total           time :  166.421919 (SYPD:     1.411 ) on MPI rank :      347
     Computing       time :    0.000000                    on MPI rank :      348
     Waiting lbc_lnk time :    0.000000 ( 0.0 %)           on MPI rank :      348
     Waiting  global time :    0.000000 ( 0.0 %)           on MPI rank :      348
     Total           time :  166.421624 (SYPD:     1.411 ) on MPI rank :      348
     Computing       time :    0.000000                    on MPI rank :      349
     Waiting lbc_lnk time :    0.000000 ( 0.0 %)           on MPI rank :      349
     Waiting  global time :    0.000000 ( 0.0 %)           on MPI rank :      349
     Total           time :  166.422499 (SYPD:     1.411 ) on MPI rank :      349
     Computing       time :    0.000000                    on MPI rank :      350
     Waiting lbc_lnk time :    0.000000 ( 0.0 %)           on MPI rank :      350
     Waiting  global time :    0.000000 ( 0.0 %)           on MPI rank :      350
     Total           time :  166.422114 (SYPD:     1.411 ) on MPI rank :      350
     Computing       time :    0.000000                    on MPI rank :      351
     Waiting lbc_lnk time :    0.000000 ( 0.0 %)           on MPI rank :      351
     Waiting  global time :    0.000000 ( 0.0 %)           on MPI rank :      351
     Total           time :  166.421492 (SYPD:     1.411 ) on MPI rank :      351
     Computing       time :    0.000000                    on MPI rank :      352
     Waiting lbc_lnk time :    0.000000 ( 0.0 %)           on MPI rank :      352
     Waiting  global time :    0.000000 ( 0.0 %)           on MPI rank :      352
     Total           time :  166.422206 (SYPD:     1.411 ) on MPI rank :      352
     Computing       time :    0.000000                    on MPI rank :      353
     Waiting lbc_lnk time :    0.000000 ( 0.0 %)           on MPI rank :      353
     Waiting  global time :    0.000000 ( 0.0 %)           on MPI rank :      353
     Total           time :  166.422099 (SYPD:     1.411 ) on MPI rank :      353
     Computing       time :    0.000000                    on MPI rank :      354
     Waiting lbc_lnk time :    0.000000 ( 0.0 %)           on MPI rank :      354
     Waiting  global time :    0.000000 ( 0.0 %)           on MPI rank :      354
     Total           time :  166.421761 (SYPD:     1.411 ) on MPI rank :      354
     Computing       time :    0.000000                    on MPI rank :      355
     Waiting lbc_lnk time :    0.000000 ( 0.0 %)           on MPI rank :      355
     Waiting  global time :    0.000000 ( 0.0 %)           on MPI rank :      355
     Total           time :  166.393416 (SYPD:     1.411 ) on MPI rank :      355
     Computing       time :    0.000000                    on MPI rank :      356
     Waiting lbc_lnk time :    0.000000 ( 0.0 %)           on MPI rank :      356
     Waiting  global time :    0.000000 ( 0.0 %)           on MPI rank :      356
     Total           time :  166.422064 (SYPD:     1.411 ) on MPI rank :      356
     Computing       time :    0.000000                    on MPI rank :      357
     Waiting lbc_lnk time :    0.000000 ( 0.0 %)           on MPI rank :      357
     Waiting  global time :    0.000000 ( 0.0 %)           on MPI rank :      357
     Total           time :  166.421297 (SYPD:     1.411 ) on MPI rank :      357
     Computing       time :    0.000000                    on MPI rank :      358
     Waiting lbc_lnk time :    0.000000 ( 0.0 %)           on MPI rank :      358
     Waiting  global time :    0.000000 ( 0.0 %)           on MPI rank :      358
     Total           time :  166.422599 (SYPD:     1.411 ) on MPI rank :      358
     Computing       time :    0.000000                    on MPI rank :      359
     Waiting lbc_lnk time :    0.000000 ( 0.0 %)           on MPI rank :      359
     Waiting  global time :    0.000000 ( 0.0 %)           on MPI rank :      359
     Total           time :  166.422226 (SYPD:     1.411 ) on MPI rank :      359
     Computing       time :    0.000000                    on MPI rank :      360
     Waiting lbc_lnk time :    0.000000 ( 0.0 %)           on MPI rank :      360
     Waiting  global time :    0.000000 ( 0.0 %)           on MPI rank :      360
     Total           time :  166.421865 (SYPD:     1.411 ) on MPI rank :      360
     Computing       time :    0.000000                    on MPI rank :      361
     Waiting lbc_lnk time :    0.000000 ( 0.0 %)           on MPI rank :      361
     Waiting  global time :    0.000000 ( 0.0 %)           on MPI rank :      361
     Total           time :  166.421983 (SYPD:     1.411 ) on MPI rank :      361
     Computing       time :    0.000000                    on MPI rank :      362
     Waiting lbc_lnk time :    0.000000 ( 0.0 %)           on MPI rank :      362
     Waiting  global time :    0.000000 ( 0.0 %)           on MPI rank :      362
     Total           time :  166.422085 (SYPD:     1.411 ) on MPI rank :      362
     Computing       time :    0.000000                    on MPI rank :      363
     Waiting lbc_lnk time :    0.000000 ( 0.0 %)           on MPI rank :      363
     Waiting  global time :    0.000000 ( 0.0 %)           on MPI rank :      363
     Total           time :  166.422243 (SYPD:     1.411 ) on MPI rank :      363
     Computing       time :    0.000000                    on MPI rank :      364
     Waiting lbc_lnk time :    0.000000 ( 0.0 %)           on MPI rank :      364
     Waiting  global time :    0.000000 ( 0.0 %)           on MPI rank :      364
     Total           time :  166.422541 (SYPD:     1.411 ) on MPI rank :      364
     Computing       time :    0.000000                    on MPI rank :      365
     Waiting lbc_lnk time :    0.000000 ( 0.0 %)           on MPI rank :      365
     Waiting  global time :    0.000000 ( 0.0 %)           on MPI rank :      365
     Total           time :  166.391634 (SYPD:     1.411 ) on MPI rank :      365
     Computing       time :    0.000000                    on MPI rank :      366
     Waiting lbc_lnk time :    0.000000 ( 0.0 %)           on MPI rank :      366
     Waiting  global time :    0.000000 ( 0.0 %)           on MPI rank :      366
     Total           time :  166.422013 (SYPD:     1.411 ) on MPI rank :      366
     Computing       time :    0.000000                    on MPI rank :      367
     Waiting lbc_lnk time :    0.000000 ( 0.0 %)           on MPI rank :      367
     Waiting  global time :    0.000000 ( 0.0 %)           on MPI rank :      367
     Total           time :  166.391337 (SYPD:     1.411 ) on MPI rank :      367
     Computing       time :    0.000000                    on MPI rank :      368
     Waiting lbc_lnk time :    0.000000 ( 0.0 %)           on MPI rank :      368
     Waiting  global time :    0.000000 ( 0.0 %)           on MPI rank :      368
     Total           time :  166.421773 (SYPD:     1.411 ) on MPI rank :      368
     Computing       time :    0.000000                    on MPI rank :      369
     Waiting lbc_lnk time :    0.000000 ( 0.0 %)           on MPI rank :      369
     Waiting  global time :    0.000000 ( 0.0 %)           on MPI rank :      369
     Total           time :  166.421734 (SYPD:     1.411 ) on MPI rank :      369
     Computing       time :    0.000000                    on MPI rank :      370
     Waiting lbc_lnk time :    0.000000 ( 0.0 %)           on MPI rank :      370
     Waiting  global time :    0.000000 ( 0.0 %)           on MPI rank :      370
     Total           time :  166.421749 (SYPD:     1.411 ) on MPI rank :      370
     Computing       time :    0.000000                    on MPI rank :      371
     Waiting lbc_lnk time :    0.000000 ( 0.0 %)           on MPI rank :      371
     Waiting  global time :    0.000000 ( 0.0 %)           on MPI rank :      371
     Total           time :  166.391682 (SYPD:     1.411 ) on MPI rank :      371
     Computing       time :    0.000000                    on MPI rank :      372
     Waiting lbc_lnk time :    0.000000 ( 0.0 %)           on MPI rank :      372
     Waiting  global time :    0.000000 ( 0.0 %)           on MPI rank :      372
     Total           time :  166.421733 (SYPD:     1.411 ) on MPI rank :      372
     Computing       time :    0.000000                    on MPI rank :      373
     Waiting lbc_lnk time :    0.000000 ( 0.0 %)           on MPI rank :      373
     Waiting  global time :    0.000000 ( 0.0 %)           on MPI rank :      373
     Total           time :  166.421952 (SYPD:     1.411 ) on MPI rank :      373
     Computing       time :    0.000000                    on MPI rank :      374
     Waiting lbc_lnk time :    0.000000 ( 0.0 %)           on MPI rank :      374
     Waiting  global time :    0.000000 ( 0.0 %)           on MPI rank :      374
     Total           time :  166.422343 (SYPD:     1.411 ) on MPI rank :      374
     Computing       time :    0.000000                    on MPI rank :      375
     Waiting lbc_lnk time :    0.000000 ( 0.0 %)           on MPI rank :      375
     Waiting  global time :    0.000000 ( 0.0 %)           on MPI rank :      375
     Total           time :  166.422219 (SYPD:     1.411 ) on MPI rank :      375
     Computing       time :    0.000000                    on MPI rank :      376
     Waiting lbc_lnk time :    0.000000 ( 0.0 %)           on MPI rank :      376
     Waiting  global time :    0.000000 ( 0.0 %)           on MPI rank :      376
     Total           time :  166.422109 (SYPD:     1.411 ) on MPI rank :      376
     Computing       time :    0.000000                    on MPI rank :      377
     Waiting lbc_lnk time :    0.000000 ( 0.0 %)           on MPI rank :      377
     Waiting  global time :    0.000000 ( 0.0 %)           on MPI rank :      377
     Total           time :  166.422153 (SYPD:     1.411 ) on MPI rank :      377
     Computing       time :    0.000000                    on MPI rank :      378
     Waiting lbc_lnk time :    0.000000 ( 0.0 %)           on MPI rank :      378
     Waiting  global time :    0.000000 ( 0.0 %)           on MPI rank :      378
     Total           time :  166.421580 (SYPD:     1.411 ) on MPI rank :      378
     Computing       time :    0.000000                    on MPI rank :      379
     Waiting lbc_lnk time :    0.000000 ( 0.0 %)           on MPI rank :      379
     Waiting  global time :    0.000000 ( 0.0 %)           on MPI rank :      379
     Total           time :  166.421799 (SYPD:     1.411 ) on MPI rank :      379
     Computing       time :    0.000000                    on MPI rank :      380
     Waiting lbc_lnk time :    0.000000 ( 0.0 %)           on MPI rank :      380
     Waiting  global time :    0.000000 ( 0.0 %)           on MPI rank :      380
     Total           time :  166.421544 (SYPD:     1.411 ) on MPI rank :      380
     Computing       time :    0.000000                    on MPI rank :      381
     Waiting lbc_lnk time :    0.000000 ( 0.0 %)           on MPI rank :      381
     Waiting  global time :    0.000000 ( 0.0 %)           on MPI rank :      381
     Total           time :  166.421508 (SYPD:     1.411 ) on MPI rank :      381
     Computing       time :    0.000000                    on MPI rank :      382
     Waiting lbc_lnk time :    0.000000 ( 0.0 %)           on MPI rank :      382
     Waiting  global time :    0.000000 ( 0.0 %)           on MPI rank :      382
     Total           time :  166.421552 (SYPD:     1.411 ) on MPI rank :      382
     Computing       time :    0.000000                    on MPI rank :      383
     Waiting lbc_lnk time :    0.000000 ( 0.0 %)           on MPI rank :      383
     Waiting  global time :    0.000000 ( 0.0 %)           on MPI rank :      383
     Total           time :  166.421711 (SYPD:     1.411 ) on MPI rank :      383
     Computing       time :    0.000000                    on MPI rank :      384
     Waiting lbc_lnk time :    0.000000 ( 0.0 %)           on MPI rank :      384
     Waiting  global time :    0.000000 ( 0.0 %)           on MPI rank :      384
     Total           time :  166.422381 (SYPD:     1.411 ) on MPI rank :      384
     Computing       time :    0.000000                    on MPI rank :      385
     Waiting lbc_lnk time :    0.000000 ( 0.0 %)           on MPI rank :      385
     Waiting  global time :    0.000000 ( 0.0 %)           on MPI rank :      385
     Total           time :  166.422003 (SYPD:     1.411 ) on MPI rank :      385
     Computing       time :    0.000000                    on MPI rank :      386
     Waiting lbc_lnk time :    0.000000 ( 0.0 %)           on MPI rank :      386
     Waiting  global time :    0.000000 ( 0.0 %)           on MPI rank :      386
     Total           time :  166.421808 (SYPD:     1.411 ) on MPI rank :      386
     Computing       time :    0.000000                    on MPI rank :      387
     Waiting lbc_lnk time :    0.000000 ( 0.0 %)           on MPI rank :      387
     Waiting  global time :    0.000000 ( 0.0 %)           on MPI rank :      387
     Total           time :  166.421995 (SYPD:     1.411 ) on MPI rank :      387
     Computing       time :    0.000000                    on MPI rank :      388
     Waiting lbc_lnk time :    0.000000 ( 0.0 %)           on MPI rank :      388
     Waiting  global time :    0.000000 ( 0.0 %)           on MPI rank :      388
     Total           time :  166.421994 (SYPD:     1.411 ) on MPI rank :      388
     Computing       time :    0.000000                    on MPI rank :      389
     Waiting lbc_lnk time :    0.000000 ( 0.0 %)           on MPI rank :      389
     Waiting  global time :    0.000000 ( 0.0 %)           on MPI rank :      389
     Total           time :  166.421375 (SYPD:     1.411 ) on MPI rank :      389
     Computing       time :    0.000000                    on MPI rank :      390
     Waiting lbc_lnk time :    0.000000 ( 0.0 %)           on MPI rank :      390
     Waiting  global time :    0.000000 ( 0.0 %)           on MPI rank :      390
     Total           time :  166.422147 (SYPD:     1.411 ) on MPI rank :      390
     Computing       time :    0.000000                    on MPI rank :      391
     Waiting lbc_lnk time :    0.000000 ( 0.0 %)           on MPI rank :      391
     Waiting  global time :    0.000000 ( 0.0 %)           on MPI rank :      391
     Total           time :  166.420845 (SYPD:     1.411 ) on MPI rank :      391
     Computing       time :    0.000000                    on MPI rank :      392
     Waiting lbc_lnk time :    0.000000 ( 0.0 %)           on MPI rank :      392
     Waiting  global time :    0.000000 ( 0.0 %)           on MPI rank :      392
     Total           time :  166.421391 (SYPD:     1.411 ) on MPI rank :      392
     Computing       time :    0.000000                    on MPI rank :      393
     Waiting lbc_lnk time :    0.000000 ( 0.0 %)           on MPI rank :      393
     Waiting  global time :    0.000000 ( 0.0 %)           on MPI rank :      393
     Total           time :  166.421352 (SYPD:     1.411 ) on MPI rank :      393
     Computing       time :    0.000000                    on MPI rank :      394
     Waiting lbc_lnk time :    0.000000 ( 0.0 %)           on MPI rank :      394
     Waiting  global time :    0.000000 ( 0.0 %)           on MPI rank :      394
     Total           time :  166.421442 (SYPD:     1.411 ) on MPI rank :      394
     Computing       time :    0.000000                    on MPI rank :      395
     Waiting lbc_lnk time :    0.000000 ( 0.0 %)           on MPI rank :      395
     Waiting  global time :    0.000000 ( 0.0 %)           on MPI rank :      395
     Total           time :  166.421864 (SYPD:     1.411 ) on MPI rank :      395
     Computing       time :    0.000000                    on MPI rank :      396
     Waiting lbc_lnk time :    0.000000 ( 0.0 %)           on MPI rank :      396
     Waiting  global time :    0.000000 ( 0.0 %)           on MPI rank :      396
     Total           time :  166.421262 (SYPD:     1.411 ) on MPI rank :      396
     Computing       time :    0.000000                    on MPI rank :      397
     Waiting lbc_lnk time :    0.000000 ( 0.0 %)           on MPI rank :      397
     Waiting  global time :    0.000000 ( 0.0 %)           on MPI rank :      397
     Total           time :  166.421474 (SYPD:     1.411 ) on MPI rank :      397
     Computing       time :    0.000000                    on MPI rank :      398
     Waiting lbc_lnk time :    0.000000 ( 0.0 %)           on MPI rank :      398
     Waiting  global time :    0.000000 ( 0.0 %)           on MPI rank :      398
     Total           time :  166.421203 (SYPD:     1.411 ) on MPI rank :      398
     Computing       time :    0.000000                    on MPI rank :      399
     Waiting lbc_lnk time :    0.000000 ( 0.0 %)           on MPI rank :      399
     Waiting  global time :    0.000000 ( 0.0 %)           on MPI rank :      399
     Total           time :  166.421638 (SYPD:     1.411 ) on MPI rank :      399
     Computing       time :    0.000000                    on MPI rank :      400
     Waiting lbc_lnk time :    0.000000 ( 0.0 %)           on MPI rank :      400
     Waiting  global time :    0.000000 ( 0.0 %)           on MPI rank :      400
     Total           time :  166.421727 (SYPD:     1.411 ) on MPI rank :      400
     Computing       time :    0.000000                    on MPI rank :      401
     Waiting lbc_lnk time :    0.000000 ( 0.0 %)           on MPI rank :      401
     Waiting  global time :    0.000000 ( 0.0 %)           on MPI rank :      401
     Total           time :  166.422239 (SYPD:     1.411 ) on MPI rank :      401
     Computing       time :    0.000000                    on MPI rank :      402
     Waiting lbc_lnk time :    0.000000 ( 0.0 %)           on MPI rank :      402
     Waiting  global time :    0.000000 ( 0.0 %)           on MPI rank :      402
     Total           time :  166.421609 (SYPD:     1.411 ) on MPI rank :      402
     Computing       time :    0.000000                    on MPI rank :      403
     Waiting lbc_lnk time :    0.000000 ( 0.0 %)           on MPI rank :      403
     Waiting  global time :    0.000000 ( 0.0 %)           on MPI rank :      403
     Total           time :  166.421832 (SYPD:     1.411 ) on MPI rank :      403
     Computing       time :    0.000000                    on MPI rank :      404
     Waiting lbc_lnk time :    0.000000 ( 0.0 %)           on MPI rank :      404
     Waiting  global time :    0.000000 ( 0.0 %)           on MPI rank :      404
     Total           time :  166.421410 (SYPD:     1.411 ) on MPI rank :      404
     Computing       time :    0.000000                    on MPI rank :      405
     Waiting lbc_lnk time :    0.000000 ( 0.0 %)           on MPI rank :      405
     Waiting  global time :    0.000000 ( 0.0 %)           on MPI rank :      405
     Total           time :  166.421835 (SYPD:     1.411 ) on MPI rank :      405
     Computing       time :    0.000000                    on MPI rank :      406
     Waiting lbc_lnk time :    0.000000 ( 0.0 %)           on MPI rank :      406
     Waiting  global time :    0.000000 ( 0.0 %)           on MPI rank :      406
     Total           time :  166.421991 (SYPD:     1.411 ) on MPI rank :      406
     Computing       time :    0.000000                    on MPI rank :      407
     Waiting lbc_lnk time :    0.000000 ( 0.0 %)           on MPI rank :      407
     Waiting  global time :    0.000000 ( 0.0 %)           on MPI rank :      407
     Total           time :  166.420612 (SYPD:     1.411 ) on MPI rank :      407
     Computing       time :    0.000000                    on MPI rank :      408
     Waiting lbc_lnk time :    0.000000 ( 0.0 %)           on MPI rank :      408
     Waiting  global time :    0.000000 ( 0.0 %)           on MPI rank :      408
     Total           time :  166.420982 (SYPD:     1.411 ) on MPI rank :      408
     Computing       time :    0.000000                    on MPI rank :      409
     Waiting lbc_lnk time :    0.000000 ( 0.0 %)           on MPI rank :      409
     Waiting  global time :    0.000000 ( 0.0 %)           on MPI rank :      409
     Total           time :  166.421597 (SYPD:     1.411 ) on MPI rank :      409
     Computing       time :    0.000000                    on MPI rank :      410
     Waiting lbc_lnk time :    0.000000 ( 0.0 %)           on MPI rank :      410
     Waiting  global time :    0.000000 ( 0.0 %)           on MPI rank :      410
     Total           time :  166.421354 (SYPD:     1.411 ) on MPI rank :      410
     Computing       time :    0.000000                    on MPI rank :      411
     Waiting lbc_lnk time :    0.000000 ( 0.0 %)           on MPI rank :      411
     Waiting  global time :    0.000000 ( 0.0 %)           on MPI rank :      411
     Total           time :  166.421393 (SYPD:     1.411 ) on MPI rank :      411
     Computing       time :    0.000000                    on MPI rank :      412
     Waiting lbc_lnk time :    0.000000 ( 0.0 %)           on MPI rank :      412
     Waiting  global time :    0.000000 ( 0.0 %)           on MPI rank :      412
     Total           time :  166.421290 (SYPD:     1.411 ) on MPI rank :      412
     Computing       time :    0.000000                    on MPI rank :      413
     Waiting lbc_lnk time :    0.000000 ( 0.0 %)           on MPI rank :      413
     Waiting  global time :    0.000000 ( 0.0 %)           on MPI rank :      413
     Total           time :  166.421546 (SYPD:     1.411 ) on MPI rank :      413
     Computing       time :    0.000000                    on MPI rank :      414
     Waiting lbc_lnk time :    0.000000 ( 0.0 %)           on MPI rank :      414
     Waiting  global time :    0.000000 ( 0.0 %)           on MPI rank :      414
     Total           time :  166.421611 (SYPD:     1.411 ) on MPI rank :      414
     Computing       time :    0.000000                    on MPI rank :      415
     Waiting lbc_lnk time :    0.000000 ( 0.0 %)           on MPI rank :      415
     Waiting  global time :    0.000000 ( 0.0 %)           on MPI rank :      415
     Total           time :  166.422242 (SYPD:     1.411 ) on MPI rank :      415
     Computing       time :    0.000000                    on MPI rank :      416
     Waiting lbc_lnk time :    0.000000 ( 0.0 %)           on MPI rank :      416
     Waiting  global time :    0.000000 ( 0.0 %)           on MPI rank :      416
     Total           time :  166.421536 (SYPD:     1.411 ) on MPI rank :      416
     Computing       time :    0.000000                    on MPI rank :      417
     Waiting lbc_lnk time :    0.000000 ( 0.0 %)           on MPI rank :      417
     Waiting  global time :    0.000000 ( 0.0 %)           on MPI rank :      417
     Total           time :  166.421838 (SYPD:     1.411 ) on MPI rank :      417
     Computing       time :    0.000000                    on MPI rank :      418
     Waiting lbc_lnk time :    0.000000 ( 0.0 %)           on MPI rank :      418
     Waiting  global time :    0.000000 ( 0.0 %)           on MPI rank :      418
     Total           time :  166.422289 (SYPD:     1.411 ) on MPI rank :      418
     Computing       time :    0.000000                    on MPI rank :      419
     Waiting lbc_lnk time :    0.000000 ( 0.0 %)           on MPI rank :      419
     Waiting  global time :    0.000000 ( 0.0 %)           on MPI rank :      419
     Total           time :  166.422361 (SYPD:     1.411 ) on MPI rank :      419
     Computing       time :    0.000000                    on MPI rank :      420
     Waiting lbc_lnk time :    0.000000 ( 0.0 %)           on MPI rank :      420
     Waiting  global time :    0.000000 ( 0.0 %)           on MPI rank :      420
     Total           time :  166.422401 (SYPD:     1.411 ) on MPI rank :      420
     Computing       time :    0.000000                    on MPI rank :      421
     Waiting lbc_lnk time :    0.000000 ( 0.0 %)           on MPI rank :      421
     Waiting  global time :    0.000000 ( 0.0 %)           on MPI rank :      421
     Total           time :  166.421530 (SYPD:     1.411 ) on MPI rank :      421
     Computing       time :    0.000000                    on MPI rank :      422
     Waiting lbc_lnk time :    0.000000 ( 0.0 %)           on MPI rank :      422
     Waiting  global time :    0.000000 ( 0.0 %)           on MPI rank :      422
     Total           time :  166.421452 (SYPD:     1.411 ) on MPI rank :      422
     Computing       time :    0.000000                    on MPI rank :      423
     Waiting lbc_lnk time :    0.000000 ( 0.0 %)           on MPI rank :      423
     Waiting  global time :    0.000000 ( 0.0 %)           on MPI rank :      423
     Total           time :  166.403680 (SYPD:     1.411 ) on MPI rank :      423
     Computing       time :    0.000000                    on MPI rank :      424
     Waiting lbc_lnk time :    0.000000 ( 0.0 %)           on MPI rank :      424
     Waiting  global time :    0.000000 ( 0.0 %)           on MPI rank :      424
     Total           time :  166.395024 (SYPD:     1.411 ) on MPI rank :      424
     Computing       time :    0.000000                    on MPI rank :      425
     Waiting lbc_lnk time :    0.000000 ( 0.0 %)           on MPI rank :      425
     Waiting  global time :    0.000000 ( 0.0 %)           on MPI rank :      425
     Total           time :  166.422193 (SYPD:     1.411 ) on MPI rank :      425
     Computing       time :    0.000000                    on MPI rank :      426
     Waiting lbc_lnk time :    0.000000 ( 0.0 %)           on MPI rank :      426
     Waiting  global time :    0.000000 ( 0.0 %)           on MPI rank :      426
     Total           time :  166.421442 (SYPD:     1.411 ) on MPI rank :      426
     Computing       time :    0.000000                    on MPI rank :      427
     Waiting lbc_lnk time :    0.000000 ( 0.0 %)           on MPI rank :      427
     Waiting  global time :    0.000000 ( 0.0 %)           on MPI rank :      427
     Total           time :  166.394778 (SYPD:     1.411 ) on MPI rank :      427
     Computing       time :    0.000000                    on MPI rank :      428
     Waiting lbc_lnk time :    0.000000 ( 0.0 %)           on MPI rank :      428
     Waiting  global time :    0.000000 ( 0.0 %)           on MPI rank :      428
     Total           time :  166.421460 (SYPD:     1.411 ) on MPI rank :      428
     Computing       time :    0.000000                    on MPI rank :      429
     Waiting lbc_lnk time :    0.000000 ( 0.0 %)           on MPI rank :      429
     Waiting  global time :    0.000000 ( 0.0 %)           on MPI rank :      429
     Total           time :  166.404008 (SYPD:     1.411 ) on MPI rank :      429
     Computing       time :    0.000000                    on MPI rank :      430
     Waiting lbc_lnk time :    0.000000 ( 0.0 %)           on MPI rank :      430
     Waiting  global time :    0.000000 ( 0.0 %)           on MPI rank :      430
     Total           time :  166.421397 (SYPD:     1.411 ) on MPI rank :      430
     Computing       time :    0.000000                    on MPI rank :      431
     Waiting lbc_lnk time :    0.000000 ( 0.0 %)           on MPI rank :      431
     Waiting  global time :    0.000000 ( 0.0 %)           on MPI rank :      431
     Total           time :  166.404018 (SYPD:     1.411 ) on MPI rank :      431
     Computing       time :    0.000000                    on MPI rank :      432
     Waiting lbc_lnk time :    0.000000 ( 0.0 %)           on MPI rank :      432
     Waiting  global time :    0.000000 ( 0.0 %)           on MPI rank :      432
     Total           time :  166.421705 (SYPD:     1.411 ) on MPI rank :      432
     Computing       time :    0.000000                    on MPI rank :      433
     Waiting lbc_lnk time :    0.000000 ( 0.0 %)           on MPI rank :      433
     Waiting  global time :    0.000000 ( 0.0 %)           on MPI rank :      433
     Total           time :  166.421784 (SYPD:     1.411 ) on MPI rank :      433
     Computing       time :    0.000000                    on MPI rank :      434
     Waiting lbc_lnk time :    0.000000 ( 0.0 %)           on MPI rank :      434
     Waiting  global time :    0.000000 ( 0.0 %)           on MPI rank :      434
     Total           time :  166.421628 (SYPD:     1.411 ) on MPI rank :      434
     Computing       time :    0.000000                    on MPI rank :      435
     Waiting lbc_lnk time :    0.000000 ( 0.0 %)           on MPI rank :      435
     Waiting  global time :    0.000000 ( 0.0 %)           on MPI rank :      435
     Total           time :  166.422123 (SYPD:     1.411 ) on MPI rank :      435
     Computing       time :    0.000000                    on MPI rank :      436
     Waiting lbc_lnk time :    0.000000 ( 0.0 %)           on MPI rank :      436
     Waiting  global time :    0.000000 ( 0.0 %)           on MPI rank :      436
     Total           time :  166.387269 (SYPD:     1.411 ) on MPI rank :      436
     Computing       time :    0.000000                    on MPI rank :      437
     Waiting lbc_lnk time :    0.000000 ( 0.0 %)           on MPI rank :      437
     Waiting  global time :    0.000000 ( 0.0 %)           on MPI rank :      437
     Total           time :  166.422229 (SYPD:     1.411 ) on MPI rank :      437
     Computing       time :    0.000000                    on MPI rank :      438
     Waiting lbc_lnk time :    0.000000 ( 0.0 %)           on MPI rank :      438
     Waiting  global time :    0.000000 ( 0.0 %)           on MPI rank :      438
     Total           time :  166.421995 (SYPD:     1.411 ) on MPI rank :      438
     Computing       time :    0.000000                    on MPI rank :      439
     Waiting lbc_lnk time :    0.000000 ( 0.0 %)           on MPI rank :      439
     Waiting  global time :    0.000000 ( 0.0 %)           on MPI rank :      439
     Total           time :  166.421989 (SYPD:     1.411 ) on MPI rank :      439
     Computing       time :    0.000000                    on MPI rank :      440
     Waiting lbc_lnk time :    0.000000 ( 0.0 %)           on MPI rank :      440
     Waiting  global time :    0.000000 ( 0.0 %)           on MPI rank :      440
     Total           time :  166.421860 (SYPD:     1.411 ) on MPI rank :      440
     Computing       time :    0.000000                    on MPI rank :      441
     Waiting lbc_lnk time :    0.000000 ( 0.0 %)           on MPI rank :      441
     Waiting  global time :    0.000000 ( 0.0 %)           on MPI rank :      441
     Total           time :  166.421701 (SYPD:     1.411 ) on MPI rank :      441
     Computing       time :    0.000000                    on MPI rank :      442
     Waiting lbc_lnk time :    0.000000 ( 0.0 %)           on MPI rank :      442
     Waiting  global time :    0.000000 ( 0.0 %)           on MPI rank :      442
     Total           time :  166.422152 (SYPD:     1.411 ) on MPI rank :      442
     Computing       time :    0.000000                    on MPI rank :      443
     Waiting lbc_lnk time :    0.000000 ( 0.0 %)           on MPI rank :      443
     Waiting  global time :    0.000000 ( 0.0 %)           on MPI rank :      443
     Total           time :  166.421626 (SYPD:     1.411 ) on MPI rank :      443
     Computing       time :    0.000000                    on MPI rank :      444
     Waiting lbc_lnk time :    0.000000 ( 0.0 %)           on MPI rank :      444
     Waiting  global time :    0.000000 ( 0.0 %)           on MPI rank :      444
     Total           time :  166.387618 (SYPD:     1.411 ) on MPI rank :      444
     Computing       time :    0.000000                    on MPI rank :      445
     Waiting lbc_lnk time :    0.000000 ( 0.0 %)           on MPI rank :      445
     Waiting  global time :    0.000000 ( 0.0 %)           on MPI rank :      445
     Total           time :  166.421820 (SYPD:     1.411 ) on MPI rank :      445
     Computing       time :    0.000000                    on MPI rank :      446
     Waiting lbc_lnk time :    0.000000 ( 0.0 %)           on MPI rank :      446
     Waiting  global time :    0.000000 ( 0.0 %)           on MPI rank :      446
     Total           time :  166.387368 (SYPD:     1.411 ) on MPI rank :      446
     Computing       time :    0.000000                    on MPI rank :      447
     Waiting lbc_lnk time :    0.000000 ( 0.0 %)           on MPI rank :      447
     Waiting  global time :    0.000000 ( 0.0 %)           on MPI rank :      447
     Total           time :  166.421372 (SYPD:     1.411 ) on MPI rank :      447
     Computing       time :    0.000000                    on MPI rank :      448
     Waiting lbc_lnk time :    0.000000 ( 0.0 %)           on MPI rank :      448
     Waiting  global time :    0.000000 ( 0.0 %)           on MPI rank :      448
     Total           time :  166.387732 (SYPD:     1.411 ) on MPI rank :      448
     Computing       time :    0.000000                    on MPI rank :      449
     Waiting lbc_lnk time :    0.000000 ( 0.0 %)           on MPI rank :      449
     Waiting  global time :    0.000000 ( 0.0 %)           on MPI rank :      449
     Total           time :  166.421494 (SYPD:     1.411 ) on MPI rank :      449
     Computing       time :    0.000000                    on MPI rank :      450
     Waiting lbc_lnk time :    0.000000 ( 0.0 %)           on MPI rank :      450
     Waiting  global time :    0.000000 ( 0.0 %)           on MPI rank :      450
     Total           time :  166.421495 (SYPD:     1.411 ) on MPI rank :      450
     Computing       time :    0.000000                    on MPI rank :      451
     Waiting lbc_lnk time :    0.000000 ( 0.0 %)           on MPI rank :      451
     Waiting  global time :    0.000000 ( 0.0 %)           on MPI rank :      451
     Total           time :  166.420941 (SYPD:     1.411 ) on MPI rank :      451
     Computing       time :    0.000000                    on MPI rank :      452
     Waiting lbc_lnk time :    0.000000 ( 0.0 %)           on MPI rank :      452
     Waiting  global time :    0.000000 ( 0.0 %)           on MPI rank :      452
     Total           time :  166.421502 (SYPD:     1.411 ) on MPI rank :      452
     Computing       time :    0.000000                    on MPI rank :      453
     Waiting lbc_lnk time :    0.000000 ( 0.0 %)           on MPI rank :      453
     Waiting  global time :    0.000000 ( 0.0 %)           on MPI rank :      453
     Total           time :  166.421730 (SYPD:     1.411 ) on MPI rank :      453
     Computing       time :    0.000000                    on MPI rank :      454
     Waiting lbc_lnk time :    0.000000 ( 0.0 %)           on MPI rank :      454
     Waiting  global time :    0.000000 ( 0.0 %)           on MPI rank :      454
     Total           time :  166.421210 (SYPD:     1.411 ) on MPI rank :      454
     Computing       time :    0.000000                    on MPI rank :      455
     Waiting lbc_lnk time :    0.000000 ( 0.0 %)           on MPI rank :      455
     Waiting  global time :    0.000000 ( 0.0 %)           on MPI rank :      455
     Total           time :  166.421431 (SYPD:     1.411 ) on MPI rank :      455
     Computing       time :    0.000000                    on MPI rank :      456
     Waiting lbc_lnk time :    0.000000 ( 0.0 %)           on MPI rank :      456
     Waiting  global time :    0.000000 ( 0.0 %)           on MPI rank :      456
     Total           time :  166.421970 (SYPD:     1.411 ) on MPI rank :      456
     Computing       time :    0.000000                    on MPI rank :      457
     Waiting lbc_lnk time :    0.000000 ( 0.0 %)           on MPI rank :      457
     Waiting  global time :    0.000000 ( 0.0 %)           on MPI rank :      457
     Total           time :  166.422240 (SYPD:     1.411 ) on MPI rank :      457
     Computing       time :    0.000000                    on MPI rank :      458
     Waiting lbc_lnk time :    0.000000 ( 0.0 %)           on MPI rank :      458
     Waiting  global time :    0.000000 ( 0.0 %)           on MPI rank :      458
     Total           time :  166.421805 (SYPD:     1.411 ) on MPI rank :      458
     Computing       time :    0.000000                    on MPI rank :      459
     Waiting lbc_lnk time :    0.000000 ( 0.0 %)           on MPI rank :      459
     Waiting  global time :    0.000000 ( 0.0 %)           on MPI rank :      459
     Total           time :  166.421495 (SYPD:     1.411 ) on MPI rank :      459
     Computing       time :    0.000000                    on MPI rank :      460
     Waiting lbc_lnk time :    0.000000 ( 0.0 %)           on MPI rank :      460
     Waiting  global time :    0.000000 ( 0.0 %)           on MPI rank :      460
     Total           time :  166.422176 (SYPD:     1.411 ) on MPI rank :      460
     Computing       time :    0.000000                    on MPI rank :      461
     Waiting lbc_lnk time :    0.000000 ( 0.0 %)           on MPI rank :      461
     Waiting  global time :    0.000000 ( 0.0 %)           on MPI rank :      461
     Total           time :  166.421125 (SYPD:     1.411 ) on MPI rank :      461
     Computing       time :    0.000000                    on MPI rank :      462
     Waiting lbc_lnk time :    0.000000 ( 0.0 %)           on MPI rank :      462
     Waiting  global time :    0.000000 ( 0.0 %)           on MPI rank :      462
     Total           time :  166.421923 (SYPD:     1.411 ) on MPI rank :      462
     Computing       time :    0.000000                    on MPI rank :      463
     Waiting lbc_lnk time :    0.000000 ( 0.0 %)           on MPI rank :      463
     Waiting  global time :    0.000000 ( 0.0 %)           on MPI rank :      463
     Total           time :  166.422020 (SYPD:     1.411 ) on MPI rank :      463
     Computing       time :    0.000000                    on MPI rank :      464
     Waiting lbc_lnk time :    0.000000 ( 0.0 %)           on MPI rank :      464
     Waiting  global time :    0.000000 ( 0.0 %)           on MPI rank :      464
     Total           time :  166.421074 (SYPD:     1.411 ) on MPI rank :      464
     Computing       time :    0.000000                    on MPI rank :      465
     Waiting lbc_lnk time :    0.000000 ( 0.0 %)           on MPI rank :      465
     Waiting  global time :    0.000000 ( 0.0 %)           on MPI rank :      465
     Total           time :  166.421986 (SYPD:     1.411 ) on MPI rank :      465
     Computing       time :    0.000000                    on MPI rank :      466
     Waiting lbc_lnk time :    0.000000 ( 0.0 %)           on MPI rank :      466
     Waiting  global time :    0.000000 ( 0.0 %)           on MPI rank :      466
     Total           time :  166.421999 (SYPD:     1.411 ) on MPI rank :      466
     Computing       time :    0.000000                    on MPI rank :      467
     Waiting lbc_lnk time :    0.000000 ( 0.0 %)           on MPI rank :      467
     Waiting  global time :    0.000000 ( 0.0 %)           on MPI rank :      467
     Total           time :  166.421952 (SYPD:     1.411 ) on MPI rank :      467
     Computing       time :    0.000000                    on MPI rank :      468
     Waiting lbc_lnk time :    0.000000 ( 0.0 %)           on MPI rank :      468
     Waiting  global time :    0.000000 ( 0.0 %)           on MPI rank :      468
     Total           time :  166.422229 (SYPD:     1.411 ) on MPI rank :      468
     Computing       time :    0.000000                    on MPI rank :      469
     Waiting lbc_lnk time :    0.000000 ( 0.0 %)           on MPI rank :      469
     Waiting  global time :    0.000000 ( 0.0 %)           on MPI rank :      469
     Total           time :  166.421242 (SYPD:     1.411 ) on MPI rank :      469
     Computing       time :    0.000000                    on MPI rank :      470
     Waiting lbc_lnk time :    0.000000 ( 0.0 %)           on MPI rank :      470
     Waiting  global time :    0.000000 ( 0.0 %)           on MPI rank :      470
     Total           time :  166.421565 (SYPD:     1.411 ) on MPI rank :      470
     Computing       time :    0.000000                    on MPI rank :      471
     Waiting lbc_lnk time :    0.000000 ( 0.0 %)           on MPI rank :      471
     Waiting  global time :    0.000000 ( 0.0 %)           on MPI rank :      471
     Total           time :  166.422410 (SYPD:     1.411 ) on MPI rank :      471
     Computing       time :    0.000000                    on MPI rank :      472
     Waiting lbc_lnk time :    0.000000 ( 0.0 %)           on MPI rank :      472
     Waiting  global time :    0.000000 ( 0.0 %)           on MPI rank :      472
     Total           time :  166.422230 (SYPD:     1.411 ) on MPI rank :      472
     Computing       time :    0.000000                    on MPI rank :      473
     Waiting lbc_lnk time :    0.000000 ( 0.0 %)           on MPI rank :      473
     Waiting  global time :    0.000000 ( 0.0 %)           on MPI rank :      473
     Total           time :  166.422277 (SYPD:     1.411 ) on MPI rank :      473
     Computing       time :    0.000000                    on MPI rank :      474
     Waiting lbc_lnk time :    0.000000 ( 0.0 %)           on MPI rank :      474
     Waiting  global time :    0.000000 ( 0.0 %)           on MPI rank :      474
     Total           time :  166.422288 (SYPD:     1.411 ) on MPI rank :      474
     Computing       time :    0.000000                    on MPI rank :      475
     Waiting lbc_lnk time :    0.000000 ( 0.0 %)           on MPI rank :      475
     Waiting  global time :    0.000000 ( 0.0 %)           on MPI rank :      475
     Total           time :  166.421897 (SYPD:     1.411 ) on MPI rank :      475
     Computing       time :    0.000000                    on MPI rank :      476
     Waiting lbc_lnk time :    0.000000 ( 0.0 %)           on MPI rank :      476
     Waiting  global time :    0.000000 ( 0.0 %)           on MPI rank :      476
     Total           time :  166.421412 (SYPD:     1.411 ) on MPI rank :      476
     Computing       time :    0.000000                    on MPI rank :      477
     Waiting lbc_lnk time :    0.000000 ( 0.0 %)           on MPI rank :      477
     Waiting  global time :    0.000000 ( 0.0 %)           on MPI rank :      477
     Total           time :  166.421402 (SYPD:     1.411 ) on MPI rank :      477
     Computing       time :    0.000000                    on MPI rank :      478
     Waiting lbc_lnk time :    0.000000 ( 0.0 %)           on MPI rank :      478
     Waiting  global time :    0.000000 ( 0.0 %)           on MPI rank :      478
     Total           time :  166.422009 (SYPD:     1.411 ) on MPI rank :      478
     Computing       time :    0.000000                    on MPI rank :      479
     Waiting lbc_lnk time :    0.000000 ( 0.0 %)           on MPI rank :      479
     Waiting  global time :    0.000000 ( 0.0 %)           on MPI rank :      479
     Total           time :  166.421170 (SYPD:     1.411 ) on MPI rank :      479
     Computing       time :    0.000000                    on MPI rank :      480
     Waiting lbc_lnk time :    0.000000 ( 0.0 %)           on MPI rank :      480
     Waiting  global time :    0.000000 ( 0.0 %)           on MPI rank :      480
     Total           time :  166.421376 (SYPD:     1.411 ) on MPI rank :      480
     Computing       time :    0.000000                    on MPI rank :      481
     Waiting lbc_lnk time :    0.000000 ( 0.0 %)           on MPI rank :      481
     Waiting  global time :    0.000000 ( 0.0 %)           on MPI rank :      481
     Total           time :  166.420908 (SYPD:     1.411 ) on MPI rank :      481
     Computing       time :    0.000000                    on MPI rank :      482
     Waiting lbc_lnk time :    0.000000 ( 0.0 %)           on MPI rank :      482
     Waiting  global time :    0.000000 ( 0.0 %)           on MPI rank :      482
     Total           time :  166.421026 (SYPD:     1.411 ) on MPI rank :      482
     Computing       time :    0.000000                    on MPI rank :      483
     Waiting lbc_lnk time :    0.000000 ( 0.0 %)           on MPI rank :      483
     Waiting  global time :    0.000000 ( 0.0 %)           on MPI rank :      483
     Total           time :  166.421959 (SYPD:     1.411 ) on MPI rank :      483
     Computing       time :    0.000000                    on MPI rank :      484
     Waiting lbc_lnk time :    0.000000 ( 0.0 %)           on MPI rank :      484
     Waiting  global time :    0.000000 ( 0.0 %)           on MPI rank :      484
     Total           time :  166.421683 (SYPD:     1.411 ) on MPI rank :      484
     Computing       time :    0.000000                    on MPI rank :      485
     Waiting lbc_lnk time :    0.000000 ( 0.0 %)           on MPI rank :      485
     Waiting  global time :    0.000000 ( 0.0 %)           on MPI rank :      485
     Total           time :  166.421706 (SYPD:     1.411 ) on MPI rank :      485
     Computing       time :    0.000000                    on MPI rank :      486
     Waiting lbc_lnk time :    0.000000 ( 0.0 %)           on MPI rank :      486
     Waiting  global time :    0.000000 ( 0.0 %)           on MPI rank :      486
     Total           time :  166.421848 (SYPD:     1.411 ) on MPI rank :      486
     Computing       time :    0.000000                    on MPI rank :      487
     Waiting lbc_lnk time :    0.000000 ( 0.0 %)           on MPI rank :      487
     Waiting  global time :    0.000000 ( 0.0 %)           on MPI rank :      487
     Total           time :  166.422264 (SYPD:     1.411 ) on MPI rank :      487
     Computing       time :    0.000000                    on MPI rank :      488
     Waiting lbc_lnk time :    0.000000 ( 0.0 %)           on MPI rank :      488
     Waiting  global time :    0.000000 ( 0.0 %)           on MPI rank :      488
     Total           time :  166.422084 (SYPD:     1.411 ) on MPI rank :      488
     Computing       time :    0.000000                    on MPI rank :      489
     Waiting lbc_lnk time :    0.000000 ( 0.0 %)           on MPI rank :      489
     Waiting  global time :    0.000000 ( 0.0 %)           on MPI rank :      489
     Total           time :  166.421786 (SYPD:     1.411 ) on MPI rank :      489
     Computing       time :    0.000000                    on MPI rank :      490
     Waiting lbc_lnk time :    0.000000 ( 0.0 %)           on MPI rank :      490
     Waiting  global time :    0.000000 ( 0.0 %)           on MPI rank :      490
     Total           time :  166.421426 (SYPD:     1.411 ) on MPI rank :      490
     Computing       time :    0.000000                    on MPI rank :      491
     Waiting lbc_lnk time :    0.000000 ( 0.0 %)           on MPI rank :      491
     Waiting  global time :    0.000000 ( 0.0 %)           on MPI rank :      491
     Total           time :  166.421505 (SYPD:     1.411 ) on MPI rank :      491
     Computing       time :    0.000000                    on MPI rank :      492
     Waiting lbc_lnk time :    0.000000 ( 0.0 %)           on MPI rank :      492
     Waiting  global time :    0.000000 ( 0.0 %)           on MPI rank :      492
     Total           time :  166.421656 (SYPD:     1.411 ) on MPI rank :      492
     Computing       time :    0.000000                    on MPI rank :      493
     Waiting lbc_lnk time :    0.000000 ( 0.0 %)           on MPI rank :      493
     Waiting  global time :    0.000000 ( 0.0 %)           on MPI rank :      493
     Total           time :  166.421930 (SYPD:     1.411 ) on MPI rank :      493
     Computing       time :    0.000000                    on MPI rank :      494
     Waiting lbc_lnk time :    0.000000 ( 0.0 %)           on MPI rank :      494
     Waiting  global time :    0.000000 ( 0.0 %)           on MPI rank :      494
     Total           time :  166.422071 (SYPD:     1.411 ) on MPI rank :      494
     Computing       time :    0.000000                    on MPI rank :      495
     Waiting lbc_lnk time :    0.000000 ( 0.0 %)           on MPI rank :      495
     Waiting  global time :    0.000000 ( 0.0 %)           on MPI rank :      495
     Total           time :  166.421559 (SYPD:     1.411 ) on MPI rank :      495
     Computing       time :    0.000000                    on MPI rank :      496
     Waiting lbc_lnk time :    0.000000 ( 0.0 %)           on MPI rank :      496
     Waiting  global time :    0.000000 ( 0.0 %)           on MPI rank :      496
     Total           time :  166.421263 (SYPD:     1.411 ) on MPI rank :      496
     Computing       time :    0.000000                    on MPI rank :      497
     Waiting lbc_lnk time :    0.000000 ( 0.0 %)           on MPI rank :      497
     Waiting  global time :    0.000000 ( 0.0 %)           on MPI rank :      497
     Total           time :  166.422040 (SYPD:     1.411 ) on MPI rank :      497
     Computing       time :    0.000000                    on MPI rank :      498
     Waiting lbc_lnk time :    0.000000 ( 0.0 %)           on MPI rank :      498
     Waiting  global time :    0.000000 ( 0.0 %)           on MPI rank :      498
     Total           time :  166.421177 (SYPD:     1.411 ) on MPI rank :      498
     Computing       time :    0.000000                    on MPI rank :      499
     Waiting lbc_lnk time :    0.000000 ( 0.0 %)           on MPI rank :      499
     Waiting  global time :    0.000000 ( 0.0 %)           on MPI rank :      499
     Total           time :  166.422057 (SYPD:     1.411 ) on MPI rank :      499
     Computing       time :    0.000000                    on MPI rank :      500
     Waiting lbc_lnk time :    0.000000 ( 0.0 %)           on MPI rank :      500
     Waiting  global time :    0.000000 ( 0.0 %)           on MPI rank :      500
     Total           time :  166.422374 (SYPD:     1.411 ) on MPI rank :      500
     Computing       time :    0.000000                    on MPI rank :      501
     Waiting lbc_lnk time :    0.000000 ( 0.0 %)           on MPI rank :      501
     Waiting  global time :    0.000000 ( 0.0 %)           on MPI rank :      501
     Total           time :  166.422357 (SYPD:     1.411 ) on MPI rank :      501
     Computing       time :    0.000000                    on MPI rank :      502
     Waiting lbc_lnk time :    0.000000 ( 0.0 %)           on MPI rank :      502
     Waiting  global time :    0.000000 ( 0.0 %)           on MPI rank :      502
     Total           time :  166.422048 (SYPD:     1.411 ) on MPI rank :      502
     Computing       time :    0.000000                    on MPI rank :      503
     Waiting lbc_lnk time :    0.000000 ( 0.0 %)           on MPI rank :      503
     Waiting  global time :    0.000000 ( 0.0 %)           on MPI rank :      503
     Total           time :  166.422184 (SYPD:     1.411 ) on MPI rank :      503
     Computing       time :    0.000000                    on MPI rank :      504
     Waiting lbc_lnk time :    0.000000 ( 0.0 %)           on MPI rank :      504
     Waiting  global time :    0.000000 ( 0.0 %)           on MPI rank :      504
     Total           time :  166.421961 (SYPD:     1.411 ) on MPI rank :      504
     Computing       time :    0.000000                    on MPI rank :      505
     Waiting lbc_lnk time :    0.000000 ( 0.0 %)           on MPI rank :      505
     Waiting  global time :    0.000000 ( 0.0 %)           on MPI rank :      505
     Total           time :  166.421652 (SYPD:     1.411 ) on MPI rank :      505
     Computing       time :    0.000000                    on MPI rank :      506
     Waiting lbc_lnk time :    0.000000 ( 0.0 %)           on MPI rank :      506
     Waiting  global time :    0.000000 ( 0.0 %)           on MPI rank :      506
     Total           time :  166.421478 (SYPD:     1.411 ) on MPI rank :      506
     Computing       time :    0.000000                    on MPI rank :      507
     Waiting lbc_lnk time :    0.000000 ( 0.0 %)           on MPI rank :      507
     Waiting  global time :    0.000000 ( 0.0 %)           on MPI rank :      507
     Total           time :  166.422182 (SYPD:     1.411 ) on MPI rank :      507
     Computing       time :    0.000000                    on MPI rank :      508
     Waiting lbc_lnk time :    0.000000 ( 0.0 %)           on MPI rank :      508
     Waiting  global time :    0.000000 ( 0.0 %)           on MPI rank :      508
     Total           time :  166.421683 (SYPD:     1.411 ) on MPI rank :      508
     Computing       time :    0.000000                    on MPI rank :      509
     Waiting lbc_lnk time :    0.000000 ( 0.0 %)           on MPI rank :      509
     Waiting  global time :    0.000000 ( 0.0 %)           on MPI rank :      509
     Total           time :  166.422413 (SYPD:     1.411 ) on MPI rank :      509
     Computing       time :    0.000000                    on MPI rank :      510
     Waiting lbc_lnk time :    0.000000 ( 0.0 %)           on MPI rank :      510
     Waiting  global time :    0.000000 ( 0.0 %)           on MPI rank :      510
     Total           time :  166.422176 (SYPD:     1.411 ) on MPI rank :      510
     Computing       time :    0.000000                    on MPI rank :      511
     Waiting lbc_lnk time :    0.000000 ( 0.0 %)           on MPI rank :      511
     Waiting  global time :    0.000000 ( 0.0 %)           on MPI rank :      511
     Total           time :  166.422181 (SYPD:     1.411 ) on MPI rank :      511
     Computing       time :    0.000000                    on MPI rank :      512
     Waiting lbc_lnk time :    0.000000 ( 0.0 %)           on MPI rank :      512
     Waiting  global time :    0.000000 ( 0.0 %)           on MPI rank :      512
     Total           time :  166.422377 (SYPD:     1.411 ) on MPI rank :      512
     Computing       time :    0.000000                    on MPI rank :      513
     Waiting lbc_lnk time :    0.000000 ( 0.0 %)           on MPI rank :      513
     Waiting  global time :    0.000000 ( 0.0 %)           on MPI rank :      513
     Total           time :  166.421991 (SYPD:     1.411 ) on MPI rank :      513
     Computing       time :    0.000000                    on MPI rank :      514
     Waiting lbc_lnk time :    0.000000 ( 0.0 %)           on MPI rank :      514
     Waiting  global time :    0.000000 ( 0.0 %)           on MPI rank :      514
     Total           time :  166.421982 (SYPD:     1.411 ) on MPI rank :      514
     Computing       time :    0.000000                    on MPI rank :      515
     Waiting lbc_lnk time :    0.000000 ( 0.0 %)           on MPI rank :      515
     Waiting  global time :    0.000000 ( 0.0 %)           on MPI rank :      515
     Total           time :  166.422034 (SYPD:     1.411 ) on MPI rank :      515
     Computing       time :    0.000000                    on MPI rank :      516
     Waiting lbc_lnk time :    0.000000 ( 0.0 %)           on MPI rank :      516
     Waiting  global time :    0.000000 ( 0.0 %)           on MPI rank :      516
     Total           time :  166.422331 (SYPD:     1.411 ) on MPI rank :      516
     Computing       time :    0.000000                    on MPI rank :      517
     Waiting lbc_lnk time :    0.000000 ( 0.0 %)           on MPI rank :      517
     Waiting  global time :    0.000000 ( 0.0 %)           on MPI rank :      517
     Total           time :  166.421822 (SYPD:     1.411 ) on MPI rank :      517
     Computing       time :    0.000000                    on MPI rank :      518
     Waiting lbc_lnk time :    0.000000 ( 0.0 %)           on MPI rank :      518
     Waiting  global time :    0.000000 ( 0.0 %)           on MPI rank :      518
     Total           time :  166.422358 (SYPD:     1.411 ) on MPI rank :      518
     Computing       time :    0.000000                    on MPI rank :      519
     Waiting lbc_lnk time :    0.000000 ( 0.0 %)           on MPI rank :      519
     Waiting  global time :    0.000000 ( 0.0 %)           on MPI rank :      519
     Total           time :  166.422532 (SYPD:     1.411 ) on MPI rank :      519
     Computing       time :    0.000000                    on MPI rank :      520
     Waiting lbc_lnk time :    0.000000 ( 0.0 %)           on MPI rank :      520
     Waiting  global time :    0.000000 ( 0.0 %)           on MPI rank :      520
     Total           time :  166.422108 (SYPD:     1.411 ) on MPI rank :      520
     Computing       time :    0.000000                    on MPI rank :      521
     Waiting lbc_lnk time :    0.000000 ( 0.0 %)           on MPI rank :      521
     Waiting  global time :    0.000000 ( 0.0 %)           on MPI rank :      521
     Total           time :  166.421709 (SYPD:     1.411 ) on MPI rank :      521
     Computing       time :    0.000000                    on MPI rank :      522
     Waiting lbc_lnk time :    0.000000 ( 0.0 %)           on MPI rank :      522
     Waiting  global time :    0.000000 ( 0.0 %)           on MPI rank :      522
     Total           time :  166.422397 (SYPD:     1.411 ) on MPI rank :      522
     Computing       time :    0.000000                    on MPI rank :      523
     Waiting lbc_lnk time :    0.000000 ( 0.0 %)           on MPI rank :      523
     Waiting  global time :    0.000000 ( 0.0 %)           on MPI rank :      523
     Total           time :  166.422097 (SYPD:     1.411 ) on MPI rank :      523
     Computing       time :    0.000000                    on MPI rank :      524
     Waiting lbc_lnk time :    0.000000 ( 0.0 %)           on MPI rank :      524
     Waiting  global time :    0.000000 ( 0.0 %)           on MPI rank :      524
     Total           time :  166.421555 (SYPD:     1.411 ) on MPI rank :      524
     Computing       time :    0.000000                    on MPI rank :      525
     Waiting lbc_lnk time :    0.000000 ( 0.0 %)           on MPI rank :      525
     Waiting  global time :    0.000000 ( 0.0 %)           on MPI rank :      525
     Total           time :  166.421807 (SYPD:     1.411 ) on MPI rank :      525
     Computing       time :    0.000000                    on MPI rank :      526
     Waiting lbc_lnk time :    0.000000 ( 0.0 %)           on MPI rank :      526
     Waiting  global time :    0.000000 ( 0.0 %)           on MPI rank :      526
     Total           time :  166.422030 (SYPD:     1.411 ) on MPI rank :      526
     Computing       time :    0.000000                    on MPI rank :      527
     Waiting lbc_lnk time :    0.000000 ( 0.0 %)           on MPI rank :      527
     Waiting  global time :    0.000000 ( 0.0 %)           on MPI rank :      527
     Total           time :  166.422063 (SYPD:     1.411 ) on MPI rank :      527
     Computing       time :    0.000000                    on MPI rank :      528
     Waiting lbc_lnk time :    0.000000 ( 0.0 %)           on MPI rank :      528
     Waiting  global time :    0.000000 ( 0.0 %)           on MPI rank :      528
     Total           time :  166.422018 (SYPD:     1.411 ) on MPI rank :      528
     Computing       time :    0.000000                    on MPI rank :      529
     Waiting lbc_lnk time :    0.000000 ( 0.0 %)           on MPI rank :      529
     Waiting  global time :    0.000000 ( 0.0 %)           on MPI rank :      529
     Total           time :  166.422892 (SYPD:     1.411 ) on MPI rank :      529
     Computing       time :    0.000000                    on MPI rank :      530
     Waiting lbc_lnk time :    0.000000 ( 0.0 %)           on MPI rank :      530
     Waiting  global time :    0.000000 ( 0.0 %)           on MPI rank :      530
     Total           time :  166.422124 (SYPD:     1.411 ) on MPI rank :      530
     Computing       time :    0.000000                    on MPI rank :      531
     Waiting lbc_lnk time :    0.000000 ( 0.0 %)           on MPI rank :      531
     Waiting  global time :    0.000000 ( 0.0 %)           on MPI rank :      531
     Total           time :  166.421565 (SYPD:     1.411 ) on MPI rank :      531
     Computing       time :    0.000000                    on MPI rank :      532
     Waiting lbc_lnk time :    0.000000 ( 0.0 %)           on MPI rank :      532
     Waiting  global time :    0.000000 ( 0.0 %)           on MPI rank :      532
     Total           time :  166.421905 (SYPD:     1.411 ) on MPI rank :      532
     Computing       time :    0.000000                    on MPI rank :      533
     Waiting lbc_lnk time :    0.000000 ( 0.0 %)           on MPI rank :      533
     Waiting  global time :    0.000000 ( 0.0 %)           on MPI rank :      533
     Total           time :  166.422047 (SYPD:     1.411 ) on MPI rank :      533
     Computing       time :    0.000000                    on MPI rank :      534
     Waiting lbc_lnk time :    0.000000 ( 0.0 %)           on MPI rank :      534
     Waiting  global time :    0.000000 ( 0.0 %)           on MPI rank :      534
     Total           time :  166.422003 (SYPD:     1.411 ) on MPI rank :      534
     Computing       time :    0.000000                    on MPI rank :      535
     Waiting lbc_lnk time :    0.000000 ( 0.0 %)           on MPI rank :      535
     Waiting  global time :    0.000000 ( 0.0 %)           on MPI rank :      535
     Total           time :  166.421286 (SYPD:     1.411 ) on MPI rank :      535
     Computing       time :    0.000000                    on MPI rank :      536
     Waiting lbc_lnk time :    0.000000 ( 0.0 %)           on MPI rank :      536
     Waiting  global time :    0.000000 ( 0.0 %)           on MPI rank :      536
     Total           time :  166.421707 (SYPD:     1.411 ) on MPI rank :      536
     Computing       time :    0.000000                    on MPI rank :      537
     Waiting lbc_lnk time :    0.000000 ( 0.0 %)           on MPI rank :      537
     Waiting  global time :    0.000000 ( 0.0 %)           on MPI rank :      537
     Total           time :  166.422433 (SYPD:     1.411 ) on MPI rank :      537
     Computing       time :    0.000000                    on MPI rank :      538
     Waiting lbc_lnk time :    0.000000 ( 0.0 %)           on MPI rank :      538
     Waiting  global time :    0.000000 ( 0.0 %)           on MPI rank :      538
     Total           time :  166.422337 (SYPD:     1.411 ) on MPI rank :      538
     Computing       time :    0.000000                    on MPI rank :      539
     Waiting lbc_lnk time :    0.000000 ( 0.0 %)           on MPI rank :      539
     Waiting  global time :    0.000000 ( 0.0 %)           on MPI rank :      539
     Total           time :  166.422340 (SYPD:     1.411 ) on MPI rank :      539
     Computing       time :    0.000000                    on MPI rank :      540
     Waiting lbc_lnk time :    0.000000 ( 0.0 %)           on MPI rank :      540
     Waiting  global time :    0.000000 ( 0.0 %)           on MPI rank :      540
     Total           time :  166.422225 (SYPD:     1.411 ) on MPI rank :      540
     Computing       time :    0.000000                    on MPI rank :      541
     Waiting lbc_lnk time :    0.000000 ( 0.0 %)           on MPI rank :      541
     Waiting  global time :    0.000000 ( 0.0 %)           on MPI rank :      541
     Total           time :  166.422666 (SYPD:     1.411 ) on MPI rank :      541
     Computing       time :    0.000000                    on MPI rank :      542
     Waiting lbc_lnk time :    0.000000 ( 0.0 %)           on MPI rank :      542
     Waiting  global time :    0.000000 ( 0.0 %)           on MPI rank :      542
     Total           time :  166.422876 (SYPD:     1.411 ) on MPI rank :      542
     Computing       time :    0.000000                    on MPI rank :      543
     Waiting lbc_lnk time :    0.000000 ( 0.0 %)           on MPI rank :      543
     Waiting  global time :    0.000000 ( 0.0 %)           on MPI rank :      543
     Total           time :  166.422138 (SYPD:     1.411 ) on MPI rank :      543
     Computing       time :    0.000000                    on MPI rank :      544
     Waiting lbc_lnk time :    0.000000 ( 0.0 %)           on MPI rank :      544
     Waiting  global time :    0.000000 ( 0.0 %)           on MPI rank :      544
     Total           time :  166.422647 (SYPD:     1.411 ) on MPI rank :      544
     Computing       time :    0.000000                    on MPI rank :      545
     Waiting lbc_lnk time :    0.000000 ( 0.0 %)           on MPI rank :      545
     Waiting  global time :    0.000000 ( 0.0 %)           on MPI rank :      545
     Total           time :  166.422020 (SYPD:     1.411 ) on MPI rank :      545
     Computing       time :    0.000000                    on MPI rank :      546
     Waiting lbc_lnk time :    0.000000 ( 0.0 %)           on MPI rank :      546
     Waiting  global time :    0.000000 ( 0.0 %)           on MPI rank :      546
     Total           time :  166.422956 (SYPD:     1.411 ) on MPI rank :      546
     Computing       time :    0.000000                    on MPI rank :      547
     Waiting lbc_lnk time :    0.000000 ( 0.0 %)           on MPI rank :      547
     Waiting  global time :    0.000000 ( 0.0 %)           on MPI rank :      547
     Total           time :  166.421776 (SYPD:     1.411 ) on MPI rank :      547
     Computing       time :    0.000000                    on MPI rank :      548
     Waiting lbc_lnk time :    0.000000 ( 0.0 %)           on MPI rank :      548
     Waiting  global time :    0.000000 ( 0.0 %)           on MPI rank :      548
     Total           time :  166.422470 (SYPD:     1.411 ) on MPI rank :      548
     Computing       time :    0.000000                    on MPI rank :      549
     Waiting lbc_lnk time :    0.000000 ( 0.0 %)           on MPI rank :      549
     Waiting  global time :    0.000000 ( 0.0 %)           on MPI rank :      549
     Total           time :  166.422191 (SYPD:     1.411 ) on MPI rank :      549
     Computing       time :    0.000000                    on MPI rank :      550
     Waiting lbc_lnk time :    0.000000 ( 0.0 %)           on MPI rank :      550
     Waiting  global time :    0.000000 ( 0.0 %)           on MPI rank :      550
     Total           time :  166.422578 (SYPD:     1.411 ) on MPI rank :      550
     Computing       time :    0.000000                    on MPI rank :      551
     Waiting lbc_lnk time :    0.000000 ( 0.0 %)           on MPI rank :      551
     Waiting  global time :    0.000000 ( 0.0 %)           on MPI rank :      551
     Total           time :  166.422236 (SYPD:     1.411 ) on MPI rank :      551
     Computing       time :    0.000000                    on MPI rank :      552
     Waiting lbc_lnk time :    0.000000 ( 0.0 %)           on MPI rank :      552
     Waiting  global time :    0.000000 ( 0.0 %)           on MPI rank :      552
     Total           time :  166.421998 (SYPD:     1.411 ) on MPI rank :      552
     Computing       time :    0.000000                    on MPI rank :      553
     Waiting lbc_lnk time :    0.000000 ( 0.0 %)           on MPI rank :      553
     Waiting  global time :    0.000000 ( 0.0 %)           on MPI rank :      553
     Total           time :  166.422511 (SYPD:     1.411 ) on MPI rank :      553
     Computing       time :    0.000000                    on MPI rank :      554
     Waiting lbc_lnk time :    0.000000 ( 0.0 %)           on MPI rank :      554
     Waiting  global time :    0.000000 ( 0.0 %)           on MPI rank :      554
     Total           time :  166.422402 (SYPD:     1.411 ) on MPI rank :      554
     Computing       time :    0.000000                    on MPI rank :      555
     Waiting lbc_lnk time :    0.000000 ( 0.0 %)           on MPI rank :      555
     Waiting  global time :    0.000000 ( 0.0 %)           on MPI rank :      555
     Total           time :  166.422659 (SYPD:     1.411 ) on MPI rank :      555
     Computing       time :    0.000000                    on MPI rank :      556
     Waiting lbc_lnk time :    0.000000 ( 0.0 %)           on MPI rank :      556
     Waiting  global time :    0.000000 ( 0.0 %)           on MPI rank :      556
     Total           time :  166.422461 (SYPD:     1.411 ) on MPI rank :      556
     Computing       time :    0.000000                    on MPI rank :      557
     Waiting lbc_lnk time :    0.000000 ( 0.0 %)           on MPI rank :      557
     Waiting  global time :    0.000000 ( 0.0 %)           on MPI rank :      557
     Total           time :  166.423049 (SYPD:     1.411 ) on MPI rank :      557
     Computing       time :    0.000000                    on MPI rank :      558
     Waiting lbc_lnk time :    0.000000 ( 0.0 %)           on MPI rank :      558
     Waiting  global time :    0.000000 ( 0.0 %)           on MPI rank :      558
     Total           time :  166.422192 (SYPD:     1.411 ) on MPI rank :      558
     Computing       time :    0.000000                    on MPI rank :      559
     Waiting lbc_lnk time :    0.000000 ( 0.0 %)           on MPI rank :      559
     Waiting  global time :    0.000000 ( 0.0 %)           on MPI rank :      559
     Total           time :  166.421426 (SYPD:     1.411 ) on MPI rank :      559
     Computing       time :    0.000000                    on MPI rank :      560
     Waiting lbc_lnk time :    0.000000 ( 0.0 %)           on MPI rank :      560
     Waiting  global time :    0.000000 ( 0.0 %)           on MPI rank :      560
     Total           time :  166.422373 (SYPD:     1.411 ) on MPI rank :      560
     Computing       time :    0.000000                    on MPI rank :      561
     Waiting lbc_lnk time :    0.000000 ( 0.0 %)           on MPI rank :      561
     Waiting  global time :    0.000000 ( 0.0 %)           on MPI rank :      561
     Total           time :  166.421592 (SYPD:     1.411 ) on MPI rank :      561
     Computing       time :    0.000000                    on MPI rank :      562
     Waiting lbc_lnk time :    0.000000 ( 0.0 %)           on MPI rank :      562
     Waiting  global time :    0.000000 ( 0.0 %)           on MPI rank :      562
     Total           time :  166.421232 (SYPD:     1.411 ) on MPI rank :      562
     Computing       time :    0.000000                    on MPI rank :      563
     Waiting lbc_lnk time :    0.000000 ( 0.0 %)           on MPI rank :      563
     Waiting  global time :    0.000000 ( 0.0 %)           on MPI rank :      563
     Total           time :  166.421218 (SYPD:     1.411 ) on MPI rank :      563
     Computing       time :    0.000000                    on MPI rank :      564
     Waiting lbc_lnk time :    0.000000 ( 0.0 %)           on MPI rank :      564
     Waiting  global time :    0.000000 ( 0.0 %)           on MPI rank :      564
     Total           time :  166.421767 (SYPD:     1.411 ) on MPI rank :      564
     Computing       time :    0.000000                    on MPI rank :      565
     Waiting lbc_lnk time :    0.000000 ( 0.0 %)           on MPI rank :      565
     Waiting  global time :    0.000000 ( 0.0 %)           on MPI rank :      565
     Total           time :  166.421710 (SYPD:     1.411 ) on MPI rank :      565
     Computing       time :    0.000000                    on MPI rank :      566
     Waiting lbc_lnk time :    0.000000 ( 0.0 %)           on MPI rank :      566
     Waiting  global time :    0.000000 ( 0.0 %)           on MPI rank :      566
     Total           time :  166.421576 (SYPD:     1.411 ) on MPI rank :      566
     Computing       time :    0.000000                    on MPI rank :      567
     Waiting lbc_lnk time :    0.000000 ( 0.0 %)           on MPI rank :      567
     Waiting  global time :    0.000000 ( 0.0 %)           on MPI rank :      567
     Total           time :  166.421534 (SYPD:     1.411 ) on MPI rank :      567
     Computing       time :    0.000000                    on MPI rank :      568
     Waiting lbc_lnk time :    0.000000 ( 0.0 %)           on MPI rank :      568
     Waiting  global time :    0.000000 ( 0.0 %)           on MPI rank :      568
     Total           time :  166.421408 (SYPD:     1.411 ) on MPI rank :      568
     Computing       time :    0.000000                    on MPI rank :      569
     Waiting lbc_lnk time :    0.000000 ( 0.0 %)           on MPI rank :      569
     Waiting  global time :    0.000000 ( 0.0 %)           on MPI rank :      569
     Total           time :  166.421175 (SYPD:     1.411 ) on MPI rank :      569
     Computing       time :    0.000000                    on MPI rank :      570
     Waiting lbc_lnk time :    0.000000 ( 0.0 %)           on MPI rank :      570
     Waiting  global time :    0.000000 ( 0.0 %)           on MPI rank :      570
     Total           time :  166.421381 (SYPD:     1.411 ) on MPI rank :      570
     Computing       time :    0.000000                    on MPI rank :      571
     Waiting lbc_lnk time :    0.000000 ( 0.0 %)           on MPI rank :      571
     Waiting  global time :    0.000000 ( 0.0 %)           on MPI rank :      571
     Total           time :  166.421249 (SYPD:     1.411 ) on MPI rank :      571
     Computing       time :    0.000000                    on MPI rank :      572
     Waiting lbc_lnk time :    0.000000 ( 0.0 %)           on MPI rank :      572
     Waiting  global time :    0.000000 ( 0.0 %)           on MPI rank :      572
     Total           time :  166.421941 (SYPD:     1.411 ) on MPI rank :      572
     Computing       time :    0.000000                    on MPI rank :      573
     Waiting lbc_lnk time :    0.000000 ( 0.0 %)           on MPI rank :      573
     Waiting  global time :    0.000000 ( 0.0 %)           on MPI rank :      573
     Total           time :  166.421210 (SYPD:     1.411 ) on MPI rank :      573
     Computing       time :    0.000000                    on MPI rank :      574
     Waiting lbc_lnk time :    0.000000 ( 0.0 %)           on MPI rank :      574
     Waiting  global time :    0.000000 ( 0.0 %)           on MPI rank :      574
     Total           time :  166.420855 (SYPD:     1.411 ) on MPI rank :      574
     Computing       time :    0.000000                    on MPI rank :      575
     Waiting lbc_lnk time :    0.000000 ( 0.0 %)           on MPI rank :      575
     Waiting  global time :    0.000000 ( 0.0 %)           on MPI rank :      575
     Total           time :  166.421441 (SYPD:     1.411 ) on MPI rank :      575
     Computing       time :    0.000000                    on MPI rank :      576
     Waiting lbc_lnk time :    0.000000 ( 0.0 %)           on MPI rank :      576
     Waiting  global time :    0.000000 ( 0.0 %)           on MPI rank :      576
     Total           time :  166.422064 (SYPD:     1.411 ) on MPI rank :      576
     Computing       time :    0.000000                    on MPI rank :      577
     Waiting lbc_lnk time :    0.000000 ( 0.0 %)           on MPI rank :      577
     Waiting  global time :    0.000000 ( 0.0 %)           on MPI rank :      577
     Total           time :  166.420894 (SYPD:     1.411 ) on MPI rank :      577
     Computing       time :    0.000000                    on MPI rank :      578
     Waiting lbc_lnk time :    0.000000 ( 0.0 %)           on MPI rank :      578
     Waiting  global time :    0.000000 ( 0.0 %)           on MPI rank :      578
     Total           time :  166.421409 (SYPD:     1.411 ) on MPI rank :      578
     Computing       time :    0.000000                    on MPI rank :      579
     Waiting lbc_lnk time :    0.000000 ( 0.0 %)           on MPI rank :      579
     Waiting  global time :    0.000000 ( 0.0 %)           on MPI rank :      579
     Total           time :  166.421774 (SYPD:     1.411 ) on MPI rank :      579
     Computing       time :    0.000000                    on MPI rank :      580
     Waiting lbc_lnk time :    0.000000 ( 0.0 %)           on MPI rank :      580
     Waiting  global time :    0.000000 ( 0.0 %)           on MPI rank :      580
     Total           time :  166.421774 (SYPD:     1.411 ) on MPI rank :      580
     Computing       time :    0.000000                    on MPI rank :      581
     Waiting lbc_lnk time :    0.000000 ( 0.0 %)           on MPI rank :      581
     Waiting  global time :    0.000000 ( 0.0 %)           on MPI rank :      581
     Total           time :  166.422149 (SYPD:     1.411 ) on MPI rank :      581
     Computing       time :    0.000000                    on MPI rank :      582
     Waiting lbc_lnk time :    0.000000 ( 0.0 %)           on MPI rank :      582
     Waiting  global time :    0.000000 ( 0.0 %)           on MPI rank :      582
     Total           time :  166.421377 (SYPD:     1.411 ) on MPI rank :      582
     Computing       time :    0.000000                    on MPI rank :      583
     Waiting lbc_lnk time :    0.000000 ( 0.0 %)           on MPI rank :      583
     Waiting  global time :    0.000000 ( 0.0 %)           on MPI rank :      583
     Total           time :  166.422060 (SYPD:     1.411 ) on MPI rank :      583
     Computing       time :    0.000000                    on MPI rank :      584
     Waiting lbc_lnk time :    0.000000 ( 0.0 %)           on MPI rank :      584
     Waiting  global time :    0.000000 ( 0.0 %)           on MPI rank :      584
     Total           time :  166.422491 (SYPD:     1.411 ) on MPI rank :      584
     Computing       time :    0.000000                    on MPI rank :      585
     Waiting lbc_lnk time :    0.000000 ( 0.0 %)           on MPI rank :      585
     Waiting  global time :    0.000000 ( 0.0 %)           on MPI rank :      585
     Total           time :  166.422024 (SYPD:     1.411 ) on MPI rank :      585
     Computing       time :    0.000000                    on MPI rank :      586
     Waiting lbc_lnk time :    0.000000 ( 0.0 %)           on MPI rank :      586
     Waiting  global time :    0.000000 ( 0.0 %)           on MPI rank :      586
     Total           time :  166.421087 (SYPD:     1.411 ) on MPI rank :      586
     Computing       time :    0.000000                    on MPI rank :      587
     Waiting lbc_lnk time :    0.000000 ( 0.0 %)           on MPI rank :      587
     Waiting  global time :    0.000000 ( 0.0 %)           on MPI rank :      587
     Total           time :  166.422065 (SYPD:     1.411 ) on MPI rank :      587
     Computing       time :    0.000000                    on MPI rank :      588
     Waiting lbc_lnk time :    0.000000 ( 0.0 %)           on MPI rank :      588
     Waiting  global time :    0.000000 ( 0.0 %)           on MPI rank :      588
     Total           time :  166.421764 (SYPD:     1.411 ) on MPI rank :      588
     Computing       time :    0.000000                    on MPI rank :      589
     Waiting lbc_lnk time :    0.000000 ( 0.0 %)           on MPI rank :      589
     Waiting  global time :    0.000000 ( 0.0 %)           on MPI rank :      589
     Total           time :  166.421529 (SYPD:     1.411 ) on MPI rank :      589
     Computing       time :    0.000000                    on MPI rank :      590
     Waiting lbc_lnk time :    0.000000 ( 0.0 %)           on MPI rank :      590
     Waiting  global time :    0.000000 ( 0.0 %)           on MPI rank :      590
     Total           time :  166.421980 (SYPD:     1.411 ) on MPI rank :      590
     Computing       time :    0.000000                    on MPI rank :      591
     Waiting lbc_lnk time :    0.000000 ( 0.0 %)           on MPI rank :      591
     Waiting  global time :    0.000000 ( 0.0 %)           on MPI rank :      591
     Total           time :  166.420752 (SYPD:     1.411 ) on MPI rank :      591
     Computing       time :    0.000000                    on MPI rank :      592
     Waiting lbc_lnk time :    0.000000 ( 0.0 %)           on MPI rank :      592
     Waiting  global time :    0.000000 ( 0.0 %)           on MPI rank :      592
     Total           time :  166.421109 (SYPD:     1.411 ) on MPI rank :      592
     Computing       time :    0.000000                    on MPI rank :      593
     Waiting lbc_lnk time :    0.000000 ( 0.0 %)           on MPI rank :      593
     Waiting  global time :    0.000000 ( 0.0 %)           on MPI rank :      593
     Total           time :  166.421704 (SYPD:     1.411 ) on MPI rank :      593
     Computing       time :    0.000000                    on MPI rank :      594
     Waiting lbc_lnk time :    0.000000 ( 0.0 %)           on MPI rank :      594
     Waiting  global time :    0.000000 ( 0.0 %)           on MPI rank :      594
     Total           time :  166.421826 (SYPD:     1.411 ) on MPI rank :      594
     Computing       time :    0.000000                    on MPI rank :      595
     Waiting lbc_lnk time :    0.000000 ( 0.0 %)           on MPI rank :      595
     Waiting  global time :    0.000000 ( 0.0 %)           on MPI rank :      595
     Total           time :  166.421382 (SYPD:     1.411 ) on MPI rank :      595
     Computing       time :    0.000000                    on MPI rank :      596
     Waiting lbc_lnk time :    0.000000 ( 0.0 %)           on MPI rank :      596
     Waiting  global time :    0.000000 ( 0.0 %)           on MPI rank :      596
     Total           time :  166.422612 (SYPD:     1.411 ) on MPI rank :      596
     Computing       time :    0.000000                    on MPI rank :      597
     Waiting lbc_lnk time :    0.000000 ( 0.0 %)           on MPI rank :      597
     Waiting  global time :    0.000000 ( 0.0 %)           on MPI rank :      597
     Total           time :  166.422257 (SYPD:     1.411 ) on MPI rank :      597
     Computing       time :    0.000000                    on MPI rank :      598
     Waiting lbc_lnk time :    0.000000 ( 0.0 %)           on MPI rank :      598
     Waiting  global time :    0.000000 ( 0.0 %)           on MPI rank :      598
     Total           time :  166.421555 (SYPD:     1.411 ) on MPI rank :      598
     Computing       time :    0.000000                    on MPI rank :      599
     Waiting lbc_lnk time :    0.000000 ( 0.0 %)           on MPI rank :      599
     Waiting  global time :    0.000000 ( 0.0 %)           on MPI rank :      599
     Total           time :  166.421824 (SYPD:     1.411 ) on MPI rank :      599
     Computing       time :    0.000000                    on MPI rank :      600
     Waiting lbc_lnk time :    0.000000 ( 0.0 %)           on MPI rank :      600
     Waiting  global time :    0.000000 ( 0.0 %)           on MPI rank :      600
     Total           time :  166.422272 (SYPD:     1.411 ) on MPI rank :      600
     Computing       time :    0.000000                    on MPI rank :      601
     Waiting lbc_lnk time :    0.000000 ( 0.0 %)           on MPI rank :      601
     Waiting  global time :    0.000000 ( 0.0 %)           on MPI rank :      601
     Total           time :  166.421949 (SYPD:     1.411 ) on MPI rank :      601
     Computing       time :    0.000000                    on MPI rank :      602
     Waiting lbc_lnk time :    0.000000 ( 0.0 %)           on MPI rank :      602
     Waiting  global time :    0.000000 ( 0.0 %)           on MPI rank :      602
     Total           time :  166.422489 (SYPD:     1.411 ) on MPI rank :      602
     Computing       time :    0.000000                    on MPI rank :      603
     Waiting lbc_lnk time :    0.000000 ( 0.0 %)           on MPI rank :      603
     Waiting  global time :    0.000000 ( 0.0 %)           on MPI rank :      603
     Total           time :  166.421817 (SYPD:     1.411 ) on MPI rank :      603
     Computing       time :    0.000000                    on MPI rank :      604
     Waiting lbc_lnk time :    0.000000 ( 0.0 %)           on MPI rank :      604
     Waiting  global time :    0.000000 ( 0.0 %)           on MPI rank :      604
     Total           time :  166.422480 (SYPD:     1.411 ) on MPI rank :      604
     Computing       time :    0.000000                    on MPI rank :      605
     Waiting lbc_lnk time :    0.000000 ( 0.0 %)           on MPI rank :      605
     Waiting  global time :    0.000000 ( 0.0 %)           on MPI rank :      605
     Total           time :  166.421076 (SYPD:     1.411 ) on MPI rank :      605
     Computing       time :    0.000000                    on MPI rank :      606
     Waiting lbc_lnk time :    0.000000 ( 0.0 %)           on MPI rank :      606
     Waiting  global time :    0.000000 ( 0.0 %)           on MPI rank :      606
     Total           time :  166.421571 (SYPD:     1.411 ) on MPI rank :      606
     Computing       time :    0.000000                    on MPI rank :      607
     Waiting lbc_lnk time :    0.000000 ( 0.0 %)           on MPI rank :      607
     Waiting  global time :    0.000000 ( 0.0 %)           on MPI rank :      607
     Total           time :  166.421956 (SYPD:     1.411 ) on MPI rank :      607
     Computing       time :    0.000000                    on MPI rank :      608
     Waiting lbc_lnk time :    0.000000 ( 0.0 %)           on MPI rank :      608
     Waiting  global time :    0.000000 ( 0.0 %)           on MPI rank :      608
     Total           time :  166.421780 (SYPD:     1.411 ) on MPI rank :      608
     Computing       time :    0.000000                    on MPI rank :      609
     Waiting lbc_lnk time :    0.000000 ( 0.0 %)           on MPI rank :      609
     Waiting  global time :    0.000000 ( 0.0 %)           on MPI rank :      609
     Total           time :  166.421067 (SYPD:     1.411 ) on MPI rank :      609
     Computing       time :    0.000000                    on MPI rank :      610
     Waiting lbc_lnk time :    0.000000 ( 0.0 %)           on MPI rank :      610
     Waiting  global time :    0.000000 ( 0.0 %)           on MPI rank :      610
     Total           time :  166.422123 (SYPD:     1.411 ) on MPI rank :      610
     Computing       time :    0.000000                    on MPI rank :      611
     Waiting lbc_lnk time :    0.000000 ( 0.0 %)           on MPI rank :      611
     Waiting  global time :    0.000000 ( 0.0 %)           on MPI rank :      611
     Total           time :  166.421881 (SYPD:     1.411 ) on MPI rank :      611
     Computing       time :    0.000000                    on MPI rank :      612
     Waiting lbc_lnk time :    0.000000 ( 0.0 %)           on MPI rank :      612
     Waiting  global time :    0.000000 ( 0.0 %)           on MPI rank :      612
     Total           time :  166.421768 (SYPD:     1.411 ) on MPI rank :      612
     Computing       time :    0.000000                    on MPI rank :      613
     Waiting lbc_lnk time :    0.000000 ( 0.0 %)           on MPI rank :      613
     Waiting  global time :    0.000000 ( 0.0 %)           on MPI rank :      613
     Total           time :  166.422091 (SYPD:     1.411 ) on MPI rank :      613
     Computing       time :    0.000000                    on MPI rank :      614
     Waiting lbc_lnk time :    0.000000 ( 0.0 %)           on MPI rank :      614
     Waiting  global time :    0.000000 ( 0.0 %)           on MPI rank :      614
     Total           time :  166.421109 (SYPD:     1.411 ) on MPI rank :      614
     Computing       time :    0.000000                    on MPI rank :      615
     Waiting lbc_lnk time :    0.000000 ( 0.0 %)           on MPI rank :      615
     Waiting  global time :    0.000000 ( 0.0 %)           on MPI rank :      615
     Total           time :  166.421986 (SYPD:     1.411 ) on MPI rank :      615
     Computing       time :    0.000000                    on MPI rank :      616
     Waiting lbc_lnk time :    0.000000 ( 0.0 %)           on MPI rank :      616
     Waiting  global time :    0.000000 ( 0.0 %)           on MPI rank :      616
     Total           time :  166.421273 (SYPD:     1.411 ) on MPI rank :      616
     Computing       time :    0.000000                    on MPI rank :      617
     Waiting lbc_lnk time :    0.000000 ( 0.0 %)           on MPI rank :      617
     Waiting  global time :    0.000000 ( 0.0 %)           on MPI rank :      617
     Total           time :  166.421920 (SYPD:     1.411 ) on MPI rank :      617
     Computing       time :    0.000000                    on MPI rank :      618
     Waiting lbc_lnk time :    0.000000 ( 0.0 %)           on MPI rank :      618
     Waiting  global time :    0.000000 ( 0.0 %)           on MPI rank :      618
     Total           time :  166.421533 (SYPD:     1.411 ) on MPI rank :      618
     Computing       time :    0.000000                    on MPI rank :      619
     Waiting lbc_lnk time :    0.000000 ( 0.0 %)           on MPI rank :      619
     Waiting  global time :    0.000000 ( 0.0 %)           on MPI rank :      619
     Total           time :  166.404515 (SYPD:     1.411 ) on MPI rank :      619
     Computing       time :    0.000000                    on MPI rank :      620
     Waiting lbc_lnk time :    0.000000 ( 0.0 %)           on MPI rank :      620
     Waiting  global time :    0.000000 ( 0.0 %)           on MPI rank :      620
     Total           time :  166.421479 (SYPD:     1.411 ) on MPI rank :      620
     Computing       time :    0.000000                    on MPI rank :      621
     Waiting lbc_lnk time :    0.000000 ( 0.0 %)           on MPI rank :      621
     Waiting  global time :    0.000000 ( 0.0 %)           on MPI rank :      621
     Total           time :  166.421430 (SYPD:     1.411 ) on MPI rank :      621
     Computing       time :    0.000000                    on MPI rank :      622
     Waiting lbc_lnk time :    0.000000 ( 0.0 %)           on MPI rank :      622
     Waiting  global time :    0.000000 ( 0.0 %)           on MPI rank :      622
     Total           time :  166.421134 (SYPD:     1.411 ) on MPI rank :      622
     Computing       time :    0.000000                    on MPI rank :      623
     Waiting lbc_lnk time :    0.000000 ( 0.0 %)           on MPI rank :      623
     Waiting  global time :    0.000000 ( 0.0 %)           on MPI rank :      623
     Total           time :  166.422380 (SYPD:     1.411 ) on MPI rank :      623
     Computing       time :    0.000000                    on MPI rank :      624
     Waiting lbc_lnk time :    0.000000 ( 0.0 %)           on MPI rank :      624
     Waiting  global time :    0.000000 ( 0.0 %)           on MPI rank :      624
     Total           time :  166.422170 (SYPD:     1.411 ) on MPI rank :      624
     Computing       time :    0.000000                    on MPI rank :      625
     Waiting lbc_lnk time :    0.000000 ( 0.0 %)           on MPI rank :      625
     Waiting  global time :    0.000000 ( 0.0 %)           on MPI rank :      625
     Total           time :  166.421966 (SYPD:     1.411 ) on MPI rank :      625
     Computing       time :    0.000000                    on MPI rank :      626
     Waiting lbc_lnk time :    0.000000 ( 0.0 %)           on MPI rank :      626
     Waiting  global time :    0.000000 ( 0.0 %)           on MPI rank :      626
     Total           time :  166.421731 (SYPD:     1.411 ) on MPI rank :      626
     Computing       time :    0.000000                    on MPI rank :      627
     Waiting lbc_lnk time :    0.000000 ( 0.0 %)           on MPI rank :      627
     Waiting  global time :    0.000000 ( 0.0 %)           on MPI rank :      627
     Total           time :  166.421994 (SYPD:     1.411 ) on MPI rank :      627
     Computing       time :    0.000000                    on MPI rank :      628
     Waiting lbc_lnk time :    0.000000 ( 0.0 %)           on MPI rank :      628
     Waiting  global time :    0.000000 ( 0.0 %)           on MPI rank :      628
     Total           time :  166.421482 (SYPD:     1.411 ) on MPI rank :      628
     Computing       time :    0.000000                    on MPI rank :      629
     Waiting lbc_lnk time :    0.000000 ( 0.0 %)           on MPI rank :      629
     Waiting  global time :    0.000000 ( 0.0 %)           on MPI rank :      629
     Total           time :  166.422013 (SYPD:     1.411 ) on MPI rank :      629
     Computing       time :    0.000000                    on MPI rank :      630
     Waiting lbc_lnk time :    0.000000 ( 0.0 %)           on MPI rank :      630
     Waiting  global time :    0.000000 ( 0.0 %)           on MPI rank :      630
     Total           time :  166.421824 (SYPD:     1.411 ) on MPI rank :      630
     Computing       time :    0.000000                    on MPI rank :      631
     Waiting lbc_lnk time :    0.000000 ( 0.0 %)           on MPI rank :      631
     Waiting  global time :    0.000000 ( 0.0 %)           on MPI rank :      631
     Total           time :  166.421646 (SYPD:     1.411 ) on MPI rank :      631
     Computing       time :    0.000000                    on MPI rank :      632
     Waiting lbc_lnk time :    0.000000 ( 0.0 %)           on MPI rank :      632
     Waiting  global time :    0.000000 ( 0.0 %)           on MPI rank :      632
     Total           time :  166.421878 (SYPD:     1.411 ) on MPI rank :      632
     Computing       time :    0.000000                    on MPI rank :      633
     Waiting lbc_lnk time :    0.000000 ( 0.0 %)           on MPI rank :      633
     Waiting  global time :    0.000000 ( 0.0 %)           on MPI rank :      633
     Total           time :  166.422237 (SYPD:     1.411 ) on MPI rank :      633
     Computing       time :    0.000000                    on MPI rank :      634
     Waiting lbc_lnk time :    0.000000 ( 0.0 %)           on MPI rank :      634
     Waiting  global time :    0.000000 ( 0.0 %)           on MPI rank :      634
     Total           time :  166.421984 (SYPD:     1.411 ) on MPI rank :      634
     Computing       time :    0.000000                    on MPI rank :      635
     Waiting lbc_lnk time :    0.000000 ( 0.0 %)           on MPI rank :      635
     Waiting  global time :    0.000000 ( 0.0 %)           on MPI rank :      635
     Total           time :  166.421264 (SYPD:     1.411 ) on MPI rank :      635
     Computing       time :    0.000000                    on MPI rank :      636
     Waiting lbc_lnk time :    0.000000 ( 0.0 %)           on MPI rank :      636
     Waiting  global time :    0.000000 ( 0.0 %)           on MPI rank :      636
     Total           time :  166.421727 (SYPD:     1.411 ) on MPI rank :      636
     Computing       time :    0.000000                    on MPI rank :      637
     Waiting lbc_lnk time :    0.000000 ( 0.0 %)           on MPI rank :      637
     Waiting  global time :    0.000000 ( 0.0 %)           on MPI rank :      637
     Total           time :  166.421931 (SYPD:     1.411 ) on MPI rank :      637
     Computing       time :    0.000000                    on MPI rank :      638
     Waiting lbc_lnk time :    0.000000 ( 0.0 %)           on MPI rank :      638
     Waiting  global time :    0.000000 ( 0.0 %)           on MPI rank :      638
     Total           time :  166.422172 (SYPD:     1.411 ) on MPI rank :      638
     Computing       time :    0.000000                    on MPI rank :      639
     Waiting lbc_lnk time :    0.000000 ( 0.0 %)           on MPI rank :      639
     Waiting  global time :    0.000000 ( 0.0 %)           on MPI rank :      639
     Total           time :  166.421822 (SYPD:     1.411 ) on MPI rank :      639
     Computing       time :    0.000000                    on MPI rank :      640
     Waiting lbc_lnk time :    0.000000 ( 0.0 %)           on MPI rank :      640
     Waiting  global time :    0.000000 ( 0.0 %)           on MPI rank :      640
     Total           time :  166.421562 (SYPD:     1.411 ) on MPI rank :      640
     Computing       time :    0.000000                    on MPI rank :      641
     Waiting lbc_lnk time :    0.000000 ( 0.0 %)           on MPI rank :      641
     Waiting  global time :    0.000000 ( 0.0 %)           on MPI rank :      641
     Total           time :  166.422617 (SYPD:     1.411 ) on MPI rank :      641
     Computing       time :    0.000000                    on MPI rank :      642
     Waiting lbc_lnk time :    0.000000 ( 0.0 %)           on MPI rank :      642
     Waiting  global time :    0.000000 ( 0.0 %)           on MPI rank :      642
     Total           time :  166.421990 (SYPD:     1.411 ) on MPI rank :      642
     Computing       time :    0.000000                    on MPI rank :      643
     Waiting lbc_lnk time :    0.000000 ( 0.0 %)           on MPI rank :      643
     Waiting  global time :    0.000000 ( 0.0 %)           on MPI rank :      643
     Total           time :  166.422455 (SYPD:     1.411 ) on MPI rank :      643
     Computing       time :    0.000000                    on MPI rank :      644
     Waiting lbc_lnk time :    0.000000 ( 0.0 %)           on MPI rank :      644
     Waiting  global time :    0.000000 ( 0.0 %)           on MPI rank :      644
     Total           time :  166.421757 (SYPD:     1.411 ) on MPI rank :      644
     Computing       time :    0.000000                    on MPI rank :      645
     Waiting lbc_lnk time :    0.000000 ( 0.0 %)           on MPI rank :      645
     Waiting  global time :    0.000000 ( 0.0 %)           on MPI rank :      645
     Total           time :  166.421677 (SYPD:     1.411 ) on MPI rank :      645
     Computing       time :    0.000000                    on MPI rank :      646
     Waiting lbc_lnk time :    0.000000 ( 0.0 %)           on MPI rank :      646
     Waiting  global time :    0.000000 ( 0.0 %)           on MPI rank :      646
     Total           time :  166.421735 (SYPD:     1.411 ) on MPI rank :      646
     Computing       time :    0.000000                    on MPI rank :      647
     Waiting lbc_lnk time :    0.000000 ( 0.0 %)           on MPI rank :      647
     Waiting  global time :    0.000000 ( 0.0 %)           on MPI rank :      647
     Total           time :  166.421227 (SYPD:     1.411 ) on MPI rank :      647
     Computing       time :    0.000000                    on MPI rank :      648
     Waiting lbc_lnk time :    0.000000 ( 0.0 %)           on MPI rank :      648
     Waiting  global time :    0.000000 ( 0.0 %)           on MPI rank :      648
     Total           time :  166.421819 (SYPD:     1.411 ) on MPI rank :      648
     Computing       time :    0.000000                    on MPI rank :      649
     Waiting lbc_lnk time :    0.000000 ( 0.0 %)           on MPI rank :      649
     Waiting  global time :    0.000000 ( 0.0 %)           on MPI rank :      649
     Total           time :  166.421832 (SYPD:     1.411 ) on MPI rank :      649
     Computing       time :    0.000000                    on MPI rank :      650
     Waiting lbc_lnk time :    0.000000 ( 0.0 %)           on MPI rank :      650
     Waiting  global time :    0.000000 ( 0.0 %)           on MPI rank :      650
     Total           time :  166.421665 (SYPD:     1.411 ) on MPI rank :      650
     Computing       time :    0.000000                    on MPI rank :      651
     Waiting lbc_lnk time :    0.000000 ( 0.0 %)           on MPI rank :      651
     Waiting  global time :    0.000000 ( 0.0 %)           on MPI rank :      651
     Total           time :  166.422050 (SYPD:     1.411 ) on MPI rank :      651
     Computing       time :    0.000000                    on MPI rank :      652
     Waiting lbc_lnk time :    0.000000 ( 0.0 %)           on MPI rank :      652
     Waiting  global time :    0.000000 ( 0.0 %)           on MPI rank :      652
     Total           time :  166.422023 (SYPD:     1.411 ) on MPI rank :      652
     Computing       time :    0.000000                    on MPI rank :      653
     Waiting lbc_lnk time :    0.000000 ( 0.0 %)           on MPI rank :      653
     Waiting  global time :    0.000000 ( 0.0 %)           on MPI rank :      653
     Total           time :  166.422045 (SYPD:     1.411 ) on MPI rank :      653
     Computing       time :    0.000000                    on MPI rank :      654
     Waiting lbc_lnk time :    0.000000 ( 0.0 %)           on MPI rank :      654
     Waiting  global time :    0.000000 ( 0.0 %)           on MPI rank :      654
     Total           time :  166.421392 (SYPD:     1.411 ) on MPI rank :      654
     Computing       time :    0.000000                    on MPI rank :      655
     Waiting lbc_lnk time :    0.000000 ( 0.0 %)           on MPI rank :      655
     Waiting  global time :    0.000000 ( 0.0 %)           on MPI rank :      655
     Total           time :  166.421956 (SYPD:     1.411 ) on MPI rank :      655
     Computing       time :    0.000000                    on MPI rank :      656
     Waiting lbc_lnk time :    0.000000 ( 0.0 %)           on MPI rank :      656
     Waiting  global time :    0.000000 ( 0.0 %)           on MPI rank :      656
     Total           time :  166.421983 (SYPD:     1.411 ) on MPI rank :      656
     Computing       time :    0.000000                    on MPI rank :      657
     Waiting lbc_lnk time :    0.000000 ( 0.0 %)           on MPI rank :      657
     Waiting  global time :    0.000000 ( 0.0 %)           on MPI rank :      657
     Total           time :  166.421919 (SYPD:     1.411 ) on MPI rank :      657
     Computing       time :    0.000000                    on MPI rank :      658
     Waiting lbc_lnk time :    0.000000 ( 0.0 %)           on MPI rank :      658
     Waiting  global time :    0.000000 ( 0.0 %)           on MPI rank :      658
     Total           time :  166.421517 (SYPD:     1.411 ) on MPI rank :      658
     Computing       time :    0.000000                    on MPI rank :      659
     Waiting lbc_lnk time :    0.000000 ( 0.0 %)           on MPI rank :      659
     Waiting  global time :    0.000000 ( 0.0 %)           on MPI rank :      659
     Total           time :  166.422153 (SYPD:     1.411 ) on MPI rank :      659
     Computing       time :    0.000000                    on MPI rank :      660
     Waiting lbc_lnk time :    0.000000 ( 0.0 %)           on MPI rank :      660
     Waiting  global time :    0.000000 ( 0.0 %)           on MPI rank :      660
     Total           time :  166.421888 (SYPD:     1.411 ) on MPI rank :      660
     Computing       time :    0.000000                    on MPI rank :      661
     Waiting lbc_lnk time :    0.000000 ( 0.0 %)           on MPI rank :      661
     Waiting  global time :    0.000000 ( 0.0 %)           on MPI rank :      661
     Total           time :  166.421892 (SYPD:     1.411 ) on MPI rank :      661
     Computing       time :    0.000000                    on MPI rank :      662
     Waiting lbc_lnk time :    0.000000 ( 0.0 %)           on MPI rank :      662
     Waiting  global time :    0.000000 ( 0.0 %)           on MPI rank :      662
     Total           time :  166.421958 (SYPD:     1.411 ) on MPI rank :      662
     Computing       time :    0.000000                    on MPI rank :      663
     Waiting lbc_lnk time :    0.000000 ( 0.0 %)           on MPI rank :      663
     Waiting  global time :    0.000000 ( 0.0 %)           on MPI rank :      663
     Total           time :  166.422032 (SYPD:     1.411 ) on MPI rank :      663
     Computing       time :    0.000000                    on MPI rank :      664
     Waiting lbc_lnk time :    0.000000 ( 0.0 %)           on MPI rank :      664
     Waiting  global time :    0.000000 ( 0.0 %)           on MPI rank :      664
     Total           time :  166.422177 (SYPD:     1.411 ) on MPI rank :      664
     Computing       time :    0.000000                    on MPI rank :      665
     Waiting lbc_lnk time :    0.000000 ( 0.0 %)           on MPI rank :      665
     Waiting  global time :    0.000000 ( 0.0 %)           on MPI rank :      665
     Total           time :  166.421557 (SYPD:     1.411 ) on MPI rank :      665
     Computing       time :    0.000000                    on MPI rank :      666
     Waiting lbc_lnk time :    0.000000 ( 0.0 %)           on MPI rank :      666
     Waiting  global time :    0.000000 ( 0.0 %)           on MPI rank :      666
     Total           time :  166.421762 (SYPD:     1.411 ) on MPI rank :      666
     Computing       time :    0.000000                    on MPI rank :      667
     Waiting lbc_lnk time :    0.000000 ( 0.0 %)           on MPI rank :      667
     Waiting  global time :    0.000000 ( 0.0 %)           on MPI rank :      667
     Total           time :  166.422349 (SYPD:     1.411 ) on MPI rank :      667
     Computing       time :    0.000000                    on MPI rank :      668
     Waiting lbc_lnk time :    0.000000 ( 0.0 %)           on MPI rank :      668
     Waiting  global time :    0.000000 ( 0.0 %)           on MPI rank :      668
     Total           time :  166.421484 (SYPD:     1.411 ) on MPI rank :      668
     Computing       time :    0.000000                    on MPI rank :      669
     Waiting lbc_lnk time :    0.000000 ( 0.0 %)           on MPI rank :      669
     Waiting  global time :    0.000000 ( 0.0 %)           on MPI rank :      669
     Total           time :  166.421334 (SYPD:     1.411 ) on MPI rank :      669
     Computing       time :    0.000000                    on MPI rank :      670
     Waiting lbc_lnk time :    0.000000 ( 0.0 %)           on MPI rank :      670
     Waiting  global time :    0.000000 ( 0.0 %)           on MPI rank :      670
     Total           time :  166.421389 (SYPD:     1.411 ) on MPI rank :      670
     Computing       time :    0.000000                    on MPI rank :      671
     Waiting lbc_lnk time :    0.000000 ( 0.0 %)           on MPI rank :      671
     Waiting  global time :    0.000000 ( 0.0 %)           on MPI rank :      671
     Total           time :  166.420245 (SYPD:     1.411 ) on MPI rank :      671
     Computing       time :    0.000000                    on MPI rank :      672
     Waiting lbc_lnk time :    0.000000 ( 0.0 %)           on MPI rank :      672
     Waiting  global time :    0.000000 ( 0.0 %)           on MPI rank :      672
     Total           time :  166.422002 (SYPD:     1.411 ) on MPI rank :      672
     Computing       time :    0.000000                    on MPI rank :      673
     Waiting lbc_lnk time :    0.000000 ( 0.0 %)           on MPI rank :      673
     Waiting  global time :    0.000000 ( 0.0 %)           on MPI rank :      673
     Total           time :  166.421064 (SYPD:     1.411 ) on MPI rank :      673
     Computing       time :    0.000000                    on MPI rank :      674
     Waiting lbc_lnk time :    0.000000 ( 0.0 %)           on MPI rank :      674
     Waiting  global time :    0.000000 ( 0.0 %)           on MPI rank :      674
     Total           time :  166.421346 (SYPD:     1.411 ) on MPI rank :      674
     Computing       time :    0.000000                    on MPI rank :      675
     Waiting lbc_lnk time :    0.000000 ( 0.0 %)           on MPI rank :      675
     Waiting  global time :    0.000000 ( 0.0 %)           on MPI rank :      675
     Total           time :  166.421389 (SYPD:     1.411 ) on MPI rank :      675
     Computing       time :    0.000000                    on MPI rank :      676
     Waiting lbc_lnk time :    0.000000 ( 0.0 %)           on MPI rank :      676
     Waiting  global time :    0.000000 ( 0.0 %)           on MPI rank :      676
     Total           time :  166.421659 (SYPD:     1.411 ) on MPI rank :      676
     Computing       time :    0.000000                    on MPI rank :      677
     Waiting lbc_lnk time :    0.000000 ( 0.0 %)           on MPI rank :      677
     Waiting  global time :    0.000000 ( 0.0 %)           on MPI rank :      677
     Total           time :  166.421724 (SYPD:     1.411 ) on MPI rank :      677
     Computing       time :    0.000000                    on MPI rank :      678
     Waiting lbc_lnk time :    0.000000 ( 0.0 %)           on MPI rank :      678
     Waiting  global time :    0.000000 ( 0.0 %)           on MPI rank :      678
     Total           time :  166.421971 (SYPD:     1.411 ) on MPI rank :      678
     Computing       time :    0.000000                    on MPI rank :      679
     Waiting lbc_lnk time :    0.000000 ( 0.0 %)           on MPI rank :      679
     Waiting  global time :    0.000000 ( 0.0 %)           on MPI rank :      679
     Total           time :  166.421445 (SYPD:     1.411 ) on MPI rank :      679
     Computing       time :    0.000000                    on MPI rank :      680
     Waiting lbc_lnk time :    0.000000 ( 0.0 %)           on MPI rank :      680
     Waiting  global time :    0.000000 ( 0.0 %)           on MPI rank :      680
     Total           time :  166.421965 (SYPD:     1.411 ) on MPI rank :      680
     Computing       time :    0.000000                    on MPI rank :      681
     Waiting lbc_lnk time :    0.000000 ( 0.0 %)           on MPI rank :      681
     Waiting  global time :    0.000000 ( 0.0 %)           on MPI rank :      681
     Total           time :  166.421273 (SYPD:     1.411 ) on MPI rank :      681
     Computing       time :    0.000000                    on MPI rank :      682
     Waiting lbc_lnk time :    0.000000 ( 0.0 %)           on MPI rank :      682
     Waiting  global time :    0.000000 ( 0.0 %)           on MPI rank :      682
     Total           time :  166.422247 (SYPD:     1.411 ) on MPI rank :      682
     Computing       time :    0.000000                    on MPI rank :      683
     Waiting lbc_lnk time :    0.000000 ( 0.0 %)           on MPI rank :      683
     Waiting  global time :    0.000000 ( 0.0 %)           on MPI rank :      683
     Total           time :  166.422093 (SYPD:     1.411 ) on MPI rank :      683
     Computing       time :    0.000000                    on MPI rank :      684
     Waiting lbc_lnk time :    0.000000 ( 0.0 %)           on MPI rank :      684
     Waiting  global time :    0.000000 ( 0.0 %)           on MPI rank :      684
     Total           time :  166.422232 (SYPD:     1.411 ) on MPI rank :      684
     Computing       time :    0.000000                    on MPI rank :      685
     Waiting lbc_lnk time :    0.000000 ( 0.0 %)           on MPI rank :      685
     Waiting  global time :    0.000000 ( 0.0 %)           on MPI rank :      685
     Total           time :  166.421818 (SYPD:     1.411 ) on MPI rank :      685
     Computing       time :    0.000000                    on MPI rank :      686
     Waiting lbc_lnk time :    0.000000 ( 0.0 %)           on MPI rank :      686
     Waiting  global time :    0.000000 ( 0.0 %)           on MPI rank :      686
     Total           time :  166.421744 (SYPD:     1.411 ) on MPI rank :      686
     Computing       time :    0.000000                    on MPI rank :      687
     Waiting lbc_lnk time :    0.000000 ( 0.0 %)           on MPI rank :      687
     Waiting  global time :    0.000000 ( 0.0 %)           on MPI rank :      687
     Total           time :  166.421453 (SYPD:     1.411 ) on MPI rank :      687
     Computing       time :    0.000000                    on MPI rank :      688
     Waiting lbc_lnk time :    0.000000 ( 0.0 %)           on MPI rank :      688
     Waiting  global time :    0.000000 ( 0.0 %)           on MPI rank :      688
     Total           time :  166.421929 (SYPD:     1.411 ) on MPI rank :      688
     Computing       time :    0.000000                    on MPI rank :      689
     Waiting lbc_lnk time :    0.000000 ( 0.0 %)           on MPI rank :      689
     Waiting  global time :    0.000000 ( 0.0 %)           on MPI rank :      689
     Total           time :  166.422369 (SYPD:     1.411 ) on MPI rank :      689
     Computing       time :    0.000000                    on MPI rank :      690
     Waiting lbc_lnk time :    0.000000 ( 0.0 %)           on MPI rank :      690
     Waiting  global time :    0.000000 ( 0.0 %)           on MPI rank :      690
     Total           time :  166.421477 (SYPD:     1.411 ) on MPI rank :      690
     Computing       time :    0.000000                    on MPI rank :      691
     Waiting lbc_lnk time :    0.000000 ( 0.0 %)           on MPI rank :      691
     Waiting  global time :    0.000000 ( 0.0 %)           on MPI rank :      691
     Total           time :  166.421020 (SYPD:     1.411 ) on MPI rank :      691
     Computing       time :    0.000000                    on MPI rank :      692
     Waiting lbc_lnk time :    0.000000 ( 0.0 %)           on MPI rank :      692
     Waiting  global time :    0.000000 ( 0.0 %)           on MPI rank :      692
     Total           time :  166.421533 (SYPD:     1.411 ) on MPI rank :      692
     Computing       time :    0.000000                    on MPI rank :      693
     Waiting lbc_lnk time :    0.000000 ( 0.0 %)           on MPI rank :      693
     Waiting  global time :    0.000000 ( 0.0 %)           on MPI rank :      693
     Total           time :  166.421283 (SYPD:     1.411 ) on MPI rank :      693
     Computing       time :    0.000000                    on MPI rank :      694
     Waiting lbc_lnk time :    0.000000 ( 0.0 %)           on MPI rank :      694
     Waiting  global time :    0.000000 ( 0.0 %)           on MPI rank :      694
     Total           time :  166.421582 (SYPD:     1.411 ) on MPI rank :      694
     Computing       time :    0.000000                    on MPI rank :      695
     Waiting lbc_lnk time :    0.000000 ( 0.0 %)           on MPI rank :      695
     Waiting  global time :    0.000000 ( 0.0 %)           on MPI rank :      695
     Total           time :  166.421245 (SYPD:     1.411 ) on MPI rank :      695
     Computing       time :    0.000000                    on MPI rank :      696
     Waiting lbc_lnk time :    0.000000 ( 0.0 %)           on MPI rank :      696
     Waiting  global time :    0.000000 ( 0.0 %)           on MPI rank :      696
     Total           time :  166.421366 (SYPD:     1.411 ) on MPI rank :      696
     Computing       time :    0.000000                    on MPI rank :      697
     Waiting lbc_lnk time :    0.000000 ( 0.0 %)           on MPI rank :      697
     Waiting  global time :    0.000000 ( 0.0 %)           on MPI rank :      697
     Total           time :  166.421536 (SYPD:     1.411 ) on MPI rank :      697
     Computing       time :    0.000000                    on MPI rank :      698
     Waiting lbc_lnk time :    0.000000 ( 0.0 %)           on MPI rank :      698
     Waiting  global time :    0.000000 ( 0.0 %)           on MPI rank :      698
     Total           time :  166.421756 (SYPD:     1.411 ) on MPI rank :      698
     Computing       time :    0.000000                    on MPI rank :      699
     Waiting lbc_lnk time :    0.000000 ( 0.0 %)           on MPI rank :      699
     Waiting  global time :    0.000000 ( 0.0 %)           on MPI rank :      699
     Total           time :  166.421589 (SYPD:     1.411 ) on MPI rank :      699
     Computing       time :    0.000000                    on MPI rank :      700
     Waiting lbc_lnk time :    0.000000 ( 0.0 %)           on MPI rank :      700
     Waiting  global time :    0.000000 ( 0.0 %)           on MPI rank :      700
     Total           time :  166.421300 (SYPD:     1.411 ) on MPI rank :      700
     Computing       time :    0.000000                    on MPI rank :      701
     Waiting lbc_lnk time :    0.000000 ( 0.0 %)           on MPI rank :      701
     Waiting  global time :    0.000000 ( 0.0 %)           on MPI rank :      701
     Total           time :  166.421529 (SYPD:     1.411 ) on MPI rank :      701
     Computing       time :    0.000000                    on MPI rank :      702
     Waiting lbc_lnk time :    0.000000 ( 0.0 %)           on MPI rank :      702
     Waiting  global time :    0.000000 ( 0.0 %)           on MPI rank :      702
     Total           time :  166.422170 (SYPD:     1.411 ) on MPI rank :      702
     Computing       time :    0.000000                    on MPI rank :      703
     Waiting lbc_lnk time :    0.000000 ( 0.0 %)           on MPI rank :      703
     Waiting  global time :    0.000000 ( 0.0 %)           on MPI rank :      703
     Total           time :  166.421510 (SYPD:     1.411 ) on MPI rank :      703
     Computing       time :    0.000000                    on MPI rank :      704
     Waiting lbc_lnk time :    0.000000 ( 0.0 %)           on MPI rank :      704
     Waiting  global time :    0.000000 ( 0.0 %)           on MPI rank :      704
     Total           time :  166.422145 (SYPD:     1.411 ) on MPI rank :      704
     Computing       time :    0.000000                    on MPI rank :      705
     Waiting lbc_lnk time :    0.000000 ( 0.0 %)           on MPI rank :      705
     Waiting  global time :    0.000000 ( 0.0 %)           on MPI rank :      705
     Total           time :  166.421438 (SYPD:     1.411 ) on MPI rank :      705
     Computing       time :    0.000000                    on MPI rank :      706
     Waiting lbc_lnk time :    0.000000 ( 0.0 %)           on MPI rank :      706
     Waiting  global time :    0.000000 ( 0.0 %)           on MPI rank :      706
     Total           time :  166.421383 (SYPD:     1.411 ) on MPI rank :      706
     Computing       time :    0.000000                    on MPI rank :      707
     Waiting lbc_lnk time :    0.000000 ( 0.0 %)           on MPI rank :      707
     Waiting  global time :    0.000000 ( 0.0 %)           on MPI rank :      707
     Total           time :  166.421957 (SYPD:     1.411 ) on MPI rank :      707
     Computing       time :    0.000000                    on MPI rank :      708
     Waiting lbc_lnk time :    0.000000 ( 0.0 %)           on MPI rank :      708
     Waiting  global time :    0.000000 ( 0.0 %)           on MPI rank :      708
     Total           time :  166.421774 (SYPD:     1.411 ) on MPI rank :      708
     Computing       time :    0.000000                    on MPI rank :      709
     Waiting lbc_lnk time :    0.000000 ( 0.0 %)           on MPI rank :      709
     Waiting  global time :    0.000000 ( 0.0 %)           on MPI rank :      709
     Total           time :  166.422352 (SYPD:     1.411 ) on MPI rank :      709
     Computing       time :    0.000000                    on MPI rank :      710
     Waiting lbc_lnk time :    0.000000 ( 0.0 %)           on MPI rank :      710
     Waiting  global time :    0.000000 ( 0.0 %)           on MPI rank :      710
     Total           time :  166.421512 (SYPD:     1.411 ) on MPI rank :      710
     Computing       time :    0.000000                    on MPI rank :      711
     Waiting lbc_lnk time :    0.000000 ( 0.0 %)           on MPI rank :      711
     Waiting  global time :    0.000000 ( 0.0 %)           on MPI rank :      711
     Total           time :  166.421698 (SYPD:     1.411 ) on MPI rank :      711
     Computing       time :    0.000000                    on MPI rank :      712
     Waiting lbc_lnk time :    0.000000 ( 0.0 %)           on MPI rank :      712
     Waiting  global time :    0.000000 ( 0.0 %)           on MPI rank :      712
     Total           time :  166.420873 (SYPD:     1.411 ) on MPI rank :      712
     Computing       time :    0.000000                    on MPI rank :      713
     Waiting lbc_lnk time :    0.000000 ( 0.0 %)           on MPI rank :      713
     Waiting  global time :    0.000000 ( 0.0 %)           on MPI rank :      713
     Total           time :  166.422172 (SYPD:     1.411 ) on MPI rank :      713
     Computing       time :    0.000000                    on MPI rank :      714
     Waiting lbc_lnk time :    0.000000 ( 0.0 %)           on MPI rank :      714
     Waiting  global time :    0.000000 ( 0.0 %)           on MPI rank :      714
     Total           time :  166.420710 (SYPD:     1.411 ) on MPI rank :      714
     Computing       time :    0.000000                    on MPI rank :      715
     Waiting lbc_lnk time :    0.000000 ( 0.0 %)           on MPI rank :      715
     Waiting  global time :    0.000000 ( 0.0 %)           on MPI rank :      715
     Total           time :  166.422531 (SYPD:     1.411 ) on MPI rank :      715
     Computing       time :    0.000000                    on MPI rank :      716
     Waiting lbc_lnk time :    0.000000 ( 0.0 %)           on MPI rank :      716
     Waiting  global time :    0.000000 ( 0.0 %)           on MPI rank :      716
     Total           time :  166.421442 (SYPD:     1.411 ) on MPI rank :      716
     Computing       time :    0.000000                    on MPI rank :      717
     Waiting lbc_lnk time :    0.000000 ( 0.0 %)           on MPI rank :      717
     Waiting  global time :    0.000000 ( 0.0 %)           on MPI rank :      717
     Total           time :  166.421208 (SYPD:     1.411 ) on MPI rank :      717
     Computing       time :    0.000000                    on MPI rank :      718
     Waiting lbc_lnk time :    0.000000 ( 0.0 %)           on MPI rank :      718
     Waiting  global time :    0.000000 ( 0.0 %)           on MPI rank :      718
     Total           time :  166.421561 (SYPD:     1.411 ) on MPI rank :      718
     Computing       time :    0.000000                    on MPI rank :      719
     Waiting lbc_lnk time :    0.000000 ( 0.0 %)           on MPI rank :      719
     Waiting  global time :    0.000000 ( 0.0 %)           on MPI rank :      719
     Total           time :  166.422050 (SYPD:     1.411 ) on MPI rank :      719
     Computing       time :    0.000000                    on MPI rank :      720
     Waiting lbc_lnk time :    0.000000 ( 0.0 %)           on MPI rank :      720
     Waiting  global time :    0.000000 ( 0.0 %)           on MPI rank :      720
     Total           time :  166.421947 (SYPD:     1.411 ) on MPI rank :      720
     Computing       time :    0.000000                    on MPI rank :      721
     Waiting lbc_lnk time :    0.000000 ( 0.0 %)           on MPI rank :      721
     Waiting  global time :    0.000000 ( 0.0 %)           on MPI rank :      721
     Total           time :  166.421979 (SYPD:     1.411 ) on MPI rank :      721
     Computing       time :    0.000000                    on MPI rank :      722
     Waiting lbc_lnk time :    0.000000 ( 0.0 %)           on MPI rank :      722
     Waiting  global time :    0.000000 ( 0.0 %)           on MPI rank :      722
     Total           time :  166.422436 (SYPD:     1.411 ) on MPI rank :      722
     Computing       time :    0.000000                    on MPI rank :      723
     Waiting lbc_lnk time :    0.000000 ( 0.0 %)           on MPI rank :      723
     Waiting  global time :    0.000000 ( 0.0 %)           on MPI rank :      723
     Total           time :  166.422210 (SYPD:     1.411 ) on MPI rank :      723
     Computing       time :    0.000000                    on MPI rank :      724
     Waiting lbc_lnk time :    0.000000 ( 0.0 %)           on MPI rank :      724
     Waiting  global time :    0.000000 ( 0.0 %)           on MPI rank :      724
     Total           time :  166.422253 (SYPD:     1.411 ) on MPI rank :      724
     Computing       time :    0.000000                    on MPI rank :      725
     Waiting lbc_lnk time :    0.000000 ( 0.0 %)           on MPI rank :      725
     Waiting  global time :    0.000000 ( 0.0 %)           on MPI rank :      725
     Total           time :  166.422398 (SYPD:     1.411 ) on MPI rank :      725
     Computing       time :    0.000000                    on MPI rank :      726
     Waiting lbc_lnk time :    0.000000 ( 0.0 %)           on MPI rank :      726
     Waiting  global time :    0.000000 ( 0.0 %)           on MPI rank :      726
     Total           time :  166.421944 (SYPD:     1.411 ) on MPI rank :      726
     Computing       time :    0.000000                    on MPI rank :      727
     Waiting lbc_lnk time :    0.000000 ( 0.0 %)           on MPI rank :      727
     Waiting  global time :    0.000000 ( 0.0 %)           on MPI rank :      727
     Total           time :  166.421806 (SYPD:     1.411 ) on MPI rank :      727
     Computing       time :    0.000000                    on MPI rank :      728
     Waiting lbc_lnk time :    0.000000 ( 0.0 %)           on MPI rank :      728
     Waiting  global time :    0.000000 ( 0.0 %)           on MPI rank :      728
     Total           time :  166.422204 (SYPD:     1.411 ) on MPI rank :      728
     Computing       time :    0.000000                    on MPI rank :      729
     Waiting lbc_lnk time :    0.000000 ( 0.0 %)           on MPI rank :      729
     Waiting  global time :    0.000000 ( 0.0 %)           on MPI rank :      729
     Total           time :  166.421857 (SYPD:     1.411 ) on MPI rank :      729
     Computing       time :    0.000000                    on MPI rank :      730
     Waiting lbc_lnk time :    0.000000 ( 0.0 %)           on MPI rank :      730
     Waiting  global time :    0.000000 ( 0.0 %)           on MPI rank :      730
     Total           time :  166.421278 (SYPD:     1.411 ) on MPI rank :      730
     Computing       time :    0.000000                    on MPI rank :      731
     Waiting lbc_lnk time :    0.000000 ( 0.0 %)           on MPI rank :      731
     Waiting  global time :    0.000000 ( 0.0 %)           on MPI rank :      731
     Total           time :  166.420607 (SYPD:     1.411 ) on MPI rank :      731
     Computing       time :    0.000000                    on MPI rank :      732
     Waiting lbc_lnk time :    0.000000 ( 0.0 %)           on MPI rank :      732
     Waiting  global time :    0.000000 ( 0.0 %)           on MPI rank :      732
     Total           time :  166.421608 (SYPD:     1.411 ) on MPI rank :      732
     Computing       time :    0.000000                    on MPI rank :      733
     Waiting lbc_lnk time :    0.000000 ( 0.0 %)           on MPI rank :      733
     Waiting  global time :    0.000000 ( 0.0 %)           on MPI rank :      733
     Total           time :  166.422198 (SYPD:     1.411 ) on MPI rank :      733
     Computing       time :    0.000000                    on MPI rank :      734
     Waiting lbc_lnk time :    0.000000 ( 0.0 %)           on MPI rank :      734
     Waiting  global time :    0.000000 ( 0.0 %)           on MPI rank :      734
     Total           time :  166.421304 (SYPD:     1.411 ) on MPI rank :      734
     Computing       time :    0.000000                    on MPI rank :      735
     Waiting lbc_lnk time :    0.000000 ( 0.0 %)           on MPI rank :      735
     Waiting  global time :    0.000000 ( 0.0 %)           on MPI rank :      735
     Total           time :  166.421660 (SYPD:     1.411 ) on MPI rank :      735
     Computing       time :    0.000000                    on MPI rank :      736
     Waiting lbc_lnk time :    0.000000 ( 0.0 %)           on MPI rank :      736
     Waiting  global time :    0.000000 ( 0.0 %)           on MPI rank :      736
     Total           time :  166.422553 (SYPD:     1.411 ) on MPI rank :      736
     Computing       time :    0.000000                    on MPI rank :      737
     Waiting lbc_lnk time :    0.000000 ( 0.0 %)           on MPI rank :      737
     Waiting  global time :    0.000000 ( 0.0 %)           on MPI rank :      737
     Total           time :  166.422383 (SYPD:     1.411 ) on MPI rank :      737
     Computing       time :    0.000000                    on MPI rank :      738
     Waiting lbc_lnk time :    0.000000 ( 0.0 %)           on MPI rank :      738
     Waiting  global time :    0.000000 ( 0.0 %)           on MPI rank :      738
     Total           time :  166.422326 (SYPD:     1.411 ) on MPI rank :      738
     Computing       time :    0.000000                    on MPI rank :      739
     Waiting lbc_lnk time :    0.000000 ( 0.0 %)           on MPI rank :      739
     Waiting  global time :    0.000000 ( 0.0 %)           on MPI rank :      739
     Total           time :  166.421944 (SYPD:     1.411 ) on MPI rank :      739
     Computing       time :    0.000000                    on MPI rank :      740
     Waiting lbc_lnk time :    0.000000 ( 0.0 %)           on MPI rank :      740
     Waiting  global time :    0.000000 ( 0.0 %)           on MPI rank :      740
     Total           time :  166.421804 (SYPD:     1.411 ) on MPI rank :      740
     Computing       time :    0.000000                    on MPI rank :      741
     Waiting lbc_lnk time :    0.000000 ( 0.0 %)           on MPI rank :      741
     Waiting  global time :    0.000000 ( 0.0 %)           on MPI rank :      741
     Total           time :  166.421832 (SYPD:     1.411 ) on MPI rank :      741
     Computing       time :    0.000000                    on MPI rank :      742
     Waiting lbc_lnk time :    0.000000 ( 0.0 %)           on MPI rank :      742
     Waiting  global time :    0.000000 ( 0.0 %)           on MPI rank :      742
     Total           time :  166.422159 (SYPD:     1.411 ) on MPI rank :      742
     Computing       time :    0.000000                    on MPI rank :      743
     Waiting lbc_lnk time :    0.000000 ( 0.0 %)           on MPI rank :      743
     Waiting  global time :    0.000000 ( 0.0 %)           on MPI rank :      743
     Total           time :  166.421514 (SYPD:     1.411 ) on MPI rank :      743
     Computing       time :    0.000000                    on MPI rank :      744
     Waiting lbc_lnk time :    0.000000 ( 0.0 %)           on MPI rank :      744
     Waiting  global time :    0.000000 ( 0.0 %)           on MPI rank :      744
     Total           time :  166.421475 (SYPD:     1.411 ) on MPI rank :      744
     Computing       time :    0.000000                    on MPI rank :      745
     Waiting lbc_lnk time :    0.000000 ( 0.0 %)           on MPI rank :      745
     Waiting  global time :    0.000000 ( 0.0 %)           on MPI rank :      745
     Total           time :  166.422487 (SYPD:     1.411 ) on MPI rank :      745
     Computing       time :    0.000000                    on MPI rank :      746
     Waiting lbc_lnk time :    0.000000 ( 0.0 %)           on MPI rank :      746
     Waiting  global time :    0.000000 ( 0.0 %)           on MPI rank :      746
     Total           time :  166.422367 (SYPD:     1.411 ) on MPI rank :      746
     Computing       time :    0.000000                    on MPI rank :      747
     Waiting lbc_lnk time :    0.000000 ( 0.0 %)           on MPI rank :      747
     Waiting  global time :    0.000000 ( 0.0 %)           on MPI rank :      747
     Total           time :  166.422034 (SYPD:     1.411 ) on MPI rank :      747
     Computing       time :    0.000000                    on MPI rank :      748
     Waiting lbc_lnk time :    0.000000 ( 0.0 %)           on MPI rank :      748
     Waiting  global time :    0.000000 ( 0.0 %)           on MPI rank :      748
     Total           time :  166.422158 (SYPD:     1.411 ) on MPI rank :      748
     Computing       time :    0.000000                    on MPI rank :      749
     Waiting lbc_lnk time :    0.000000 ( 0.0 %)           on MPI rank :      749
     Waiting  global time :    0.000000 ( 0.0 %)           on MPI rank :      749
     Total           time :  166.422615 (SYPD:     1.411 ) on MPI rank :      749
     Computing       time :    0.000000                    on MPI rank :      750
     Waiting lbc_lnk time :    0.000000 ( 0.0 %)           on MPI rank :      750
     Waiting  global time :    0.000000 ( 0.0 %)           on MPI rank :      750
     Total           time :  166.421681 (SYPD:     1.411 ) on MPI rank :      750
     Computing       time :    0.000000                    on MPI rank :      751
     Waiting lbc_lnk time :    0.000000 ( 0.0 %)           on MPI rank :      751
     Waiting  global time :    0.000000 ( 0.0 %)           on MPI rank :      751
     Total           time :  166.421515 (SYPD:     1.411 ) on MPI rank :      751
     Computing       time :    0.000000                    on MPI rank :      752
     Waiting lbc_lnk time :    0.000000 ( 0.0 %)           on MPI rank :      752
     Waiting  global time :    0.000000 ( 0.0 %)           on MPI rank :      752
     Total           time :  166.421900 (SYPD:     1.411 ) on MPI rank :      752
     Computing       time :    0.000000                    on MPI rank :      753
     Waiting lbc_lnk time :    0.000000 ( 0.0 %)           on MPI rank :      753
     Waiting  global time :    0.000000 ( 0.0 %)           on MPI rank :      753
     Total           time :  166.422398 (SYPD:     1.411 ) on MPI rank :      753
     Computing       time :    0.000000                    on MPI rank :      754
     Waiting lbc_lnk time :    0.000000 ( 0.0 %)           on MPI rank :      754
     Waiting  global time :    0.000000 ( 0.0 %)           on MPI rank :      754
     Total           time :  166.422202 (SYPD:     1.411 ) on MPI rank :      754
     Computing       time :    0.000000                    on MPI rank :      755
     Waiting lbc_lnk time :    0.000000 ( 0.0 %)           on MPI rank :      755
     Waiting  global time :    0.000000 ( 0.0 %)           on MPI rank :      755
     Total           time :  166.422153 (SYPD:     1.411 ) on MPI rank :      755
     Computing       time :    0.000000                    on MPI rank :      756
     Waiting lbc_lnk time :    0.000000 ( 0.0 %)           on MPI rank :      756
     Waiting  global time :    0.000000 ( 0.0 %)           on MPI rank :      756
     Total           time :  166.421726 (SYPD:     1.411 ) on MPI rank :      756
     Computing       time :    0.000000                    on MPI rank :      757
     Waiting lbc_lnk time :    0.000000 ( 0.0 %)           on MPI rank :      757
     Waiting  global time :    0.000000 ( 0.0 %)           on MPI rank :      757
     Total           time :  166.421986 (SYPD:     1.411 ) on MPI rank :      757
     Computing       time :    0.000000                    on MPI rank :      758
     Waiting lbc_lnk time :    0.000000 ( 0.0 %)           on MPI rank :      758
     Waiting  global time :    0.000000 ( 0.0 %)           on MPI rank :      758
     Total           time :  166.421250 (SYPD:     1.411 ) on MPI rank :      758
     Computing       time :    0.000000                    on MPI rank :      759
     Waiting lbc_lnk time :    0.000000 ( 0.0 %)           on MPI rank :      759
     Waiting  global time :    0.000000 ( 0.0 %)           on MPI rank :      759
     Total           time :  166.421772 (SYPD:     1.411 ) on MPI rank :      759
     Computing       time :    0.000000                    on MPI rank :      760
     Waiting lbc_lnk time :    0.000000 ( 0.0 %)           on MPI rank :      760
     Waiting  global time :    0.000000 ( 0.0 %)           on MPI rank :      760
     Total           time :  166.422211 (SYPD:     1.411 ) on MPI rank :      760
     Computing       time :    0.000000                    on MPI rank :      761
     Waiting lbc_lnk time :    0.000000 ( 0.0 %)           on MPI rank :      761
     Waiting  global time :    0.000000 ( 0.0 %)           on MPI rank :      761
     Total           time :  166.421745 (SYPD:     1.411 ) on MPI rank :      761
     Computing       time :    0.000000                    on MPI rank :      762
     Waiting lbc_lnk time :    0.000000 ( 0.0 %)           on MPI rank :      762
     Waiting  global time :    0.000000 ( 0.0 %)           on MPI rank :      762
     Total           time :  166.421548 (SYPD:     1.411 ) on MPI rank :      762
     Computing       time :    0.000000                    on MPI rank :      763
     Waiting lbc_lnk time :    0.000000 ( 0.0 %)           on MPI rank :      763
     Waiting  global time :    0.000000 ( 0.0 %)           on MPI rank :      763
     Total           time :  166.421759 (SYPD:     1.411 ) on MPI rank :      763
     Computing       time :    0.000000                    on MPI rank :      764
     Waiting lbc_lnk time :    0.000000 ( 0.0 %)           on MPI rank :      764
     Waiting  global time :    0.000000 ( 0.0 %)           on MPI rank :      764
     Total           time :  166.422004 (SYPD:     1.411 ) on MPI rank :      764
     Computing       time :    0.000000                    on MPI rank :      765
     Waiting lbc_lnk time :    0.000000 ( 0.0 %)           on MPI rank :      765
     Waiting  global time :    0.000000 ( 0.0 %)           on MPI rank :      765
     Total           time :  166.422270 (SYPD:     1.411 ) on MPI rank :      765
     Computing       time :    0.000000                    on MPI rank :      766
     Waiting lbc_lnk time :    0.000000 ( 0.0 %)           on MPI rank :      766
     Waiting  global time :    0.000000 ( 0.0 %)           on MPI rank :      766
     Total           time :  166.422017 (SYPD:     1.411 ) on MPI rank :      766
     Computing       time :    0.000000                    on MPI rank :      767
     Waiting lbc_lnk time :    0.000000 ( 0.0 %)           on MPI rank :      767
     Waiting  global time :    0.000000 ( 0.0 %)           on MPI rank :      767
     Total           time :  166.421993 (SYPD:     1.411 ) on MPI rank :      767
     Computing       time :    0.000000                    on MPI rank :      768
     Waiting lbc_lnk time :    0.000000 ( 0.0 %)           on MPI rank :      768
     Waiting  global time :    0.000000 ( 0.0 %)           on MPI rank :      768
     Total           time :  166.421749 (SYPD:     1.411 ) on MPI rank :      768
     Computing       time :    0.000000                    on MPI rank :      769
     Waiting lbc_lnk time :    0.000000 ( 0.0 %)           on MPI rank :      769
     Waiting  global time :    0.000000 ( 0.0 %)           on MPI rank :      769
     Total           time :  166.421841 (SYPD:     1.411 ) on MPI rank :      769
     Computing       time :    0.000000                    on MPI rank :      770
     Waiting lbc_lnk time :    0.000000 ( 0.0 %)           on MPI rank :      770
     Waiting  global time :    0.000000 ( 0.0 %)           on MPI rank :      770
     Total           time :  166.421811 (SYPD:     1.411 ) on MPI rank :      770
     Computing       time :    0.000000                    on MPI rank :      771
     Waiting lbc_lnk time :    0.000000 ( 0.0 %)           on MPI rank :      771
     Waiting  global time :    0.000000 ( 0.0 %)           on MPI rank :      771
     Total           time :  166.421489 (SYPD:     1.411 ) on MPI rank :      771
     Computing       time :    0.000000                    on MPI rank :      772
     Waiting lbc_lnk time :    0.000000 ( 0.0 %)           on MPI rank :      772
     Waiting  global time :    0.000000 ( 0.0 %)           on MPI rank :      772
     Total           time :  166.421976 (SYPD:     1.411 ) on MPI rank :      772
     Computing       time :    0.000000                    on MPI rank :      773
     Waiting lbc_lnk time :    0.000000 ( 0.0 %)           on MPI rank :      773
     Waiting  global time :    0.000000 ( 0.0 %)           on MPI rank :      773
     Total           time :  166.422364 (SYPD:     1.411 ) on MPI rank :      773
     Computing       time :    0.000000                    on MPI rank :      774
     Waiting lbc_lnk time :    0.000000 ( 0.0 %)           on MPI rank :      774
     Waiting  global time :    0.000000 ( 0.0 %)           on MPI rank :      774
     Total           time :  166.422103 (SYPD:     1.411 ) on MPI rank :      774
     Computing       time :    0.000000                    on MPI rank :      775
     Waiting lbc_lnk time :    0.000000 ( 0.0 %)           on MPI rank :      775
     Waiting  global time :    0.000000 ( 0.0 %)           on MPI rank :      775
     Total           time :  166.421682 (SYPD:     1.411 ) on MPI rank :      775
     Computing       time :    0.000000                    on MPI rank :      776
     Waiting lbc_lnk time :    0.000000 ( 0.0 %)           on MPI rank :      776
     Waiting  global time :    0.000000 ( 0.0 %)           on MPI rank :      776
     Total           time :  166.422144 (SYPD:     1.411 ) on MPI rank :      776
     Computing       time :    0.000000                    on MPI rank :      777
     Waiting lbc_lnk time :    0.000000 ( 0.0 %)           on MPI rank :      777
     Waiting  global time :    0.000000 ( 0.0 %)           on MPI rank :      777
     Total           time :  166.421954 (SYPD:     1.411 ) on MPI rank :      777
     Computing       time :    0.000000                    on MPI rank :      778
     Waiting lbc_lnk time :    0.000000 ( 0.0 %)           on MPI rank :      778
     Waiting  global time :    0.000000 ( 0.0 %)           on MPI rank :      778
     Total           time :  166.422065 (SYPD:     1.411 ) on MPI rank :      778
     Computing       time :    0.000000                    on MPI rank :      779
     Waiting lbc_lnk time :    0.000000 ( 0.0 %)           on MPI rank :      779
     Waiting  global time :    0.000000 ( 0.0 %)           on MPI rank :      779
     Total           time :  166.422009 (SYPD:     1.411 ) on MPI rank :      779
     Computing       time :    0.000000                    on MPI rank :      780
     Waiting lbc_lnk time :    0.000000 ( 0.0 %)           on MPI rank :      780
     Waiting  global time :    0.000000 ( 0.0 %)           on MPI rank :      780
     Total           time :  166.422207 (SYPD:     1.411 ) on MPI rank :      780
     Computing       time :    0.000000                    on MPI rank :      781
     Waiting lbc_lnk time :    0.000000 ( 0.0 %)           on MPI rank :      781
     Waiting  global time :    0.000000 ( 0.0 %)           on MPI rank :      781
     Total           time :  166.421620 (SYPD:     1.411 ) on MPI rank :      781
     Computing       time :    0.000000                    on MPI rank :      782
     Waiting lbc_lnk time :    0.000000 ( 0.0 %)           on MPI rank :      782
     Waiting  global time :    0.000000 ( 0.0 %)           on MPI rank :      782
     Total           time :  166.422199 (SYPD:     1.411 ) on MPI rank :      782
     Computing       time :    0.000000                    on MPI rank :      783
     Waiting lbc_lnk time :    0.000000 ( 0.0 %)           on MPI rank :      783
     Waiting  global time :    0.000000 ( 0.0 %)           on MPI rank :      783
     Total           time :  166.421358 (SYPD:     1.411 ) on MPI rank :      783
     Computing       time :    0.000000                    on MPI rank :      784
     Waiting lbc_lnk time :    0.000000 ( 0.0 %)           on MPI rank :      784
     Waiting  global time :    0.000000 ( 0.0 %)           on MPI rank :      784
     Total           time :  166.421576 (SYPD:     1.411 ) on MPI rank :      784
     Computing       time :    0.000000                    on MPI rank :      785
     Waiting lbc_lnk time :    0.000000 ( 0.0 %)           on MPI rank :      785
     Waiting  global time :    0.000000 ( 0.0 %)           on MPI rank :      785
     Total           time :  166.421260 (SYPD:     1.411 ) on MPI rank :      785
     Computing       time :    0.000000                    on MPI rank :      786
     Waiting lbc_lnk time :    0.000000 ( 0.0 %)           on MPI rank :      786
     Waiting  global time :    0.000000 ( 0.0 %)           on MPI rank :      786
     Total           time :  166.421864 (SYPD:     1.411 ) on MPI rank :      786
     Computing       time :    0.000000                    on MPI rank :      787
     Waiting lbc_lnk time :    0.000000 ( 0.0 %)           on MPI rank :      787
     Waiting  global time :    0.000000 ( 0.0 %)           on MPI rank :      787
     Total           time :  166.421506 (SYPD:     1.411 ) on MPI rank :      787
     Computing       time :    0.000000                    on MPI rank :      788
     Waiting lbc_lnk time :    0.000000 ( 0.0 %)           on MPI rank :      788
     Waiting  global time :    0.000000 ( 0.0 %)           on MPI rank :      788
     Total           time :  166.421786 (SYPD:     1.411 ) on MPI rank :      788
     Computing       time :    0.000000                    on MPI rank :      789
     Waiting lbc_lnk time :    0.000000 ( 0.0 %)           on MPI rank :      789
     Waiting  global time :    0.000000 ( 0.0 %)           on MPI rank :      789
     Total           time :  166.422488 (SYPD:     1.411 ) on MPI rank :      789
     Computing       time :    0.000000                    on MPI rank :      790
     Waiting lbc_lnk time :    0.000000 ( 0.0 %)           on MPI rank :      790
     Waiting  global time :    0.000000 ( 0.0 %)           on MPI rank :      790
     Total           time :  166.421234 (SYPD:     1.411 ) on MPI rank :      790
     Computing       time :    0.000000                    on MPI rank :      791
     Waiting lbc_lnk time :    0.000000 ( 0.0 %)           on MPI rank :      791
     Waiting  global time :    0.000000 ( 0.0 %)           on MPI rank :      791
     Total           time :  166.421734 (SYPD:     1.411 ) on MPI rank :      791
     Computing       time :    0.000000                    on MPI rank :      792
     Waiting lbc_lnk time :    0.000000 ( 0.0 %)           on MPI rank :      792
     Waiting  global time :    0.000000 ( 0.0 %)           on MPI rank :      792
     Total           time :  166.421952 (SYPD:     1.411 ) on MPI rank :      792
     Computing       time :    0.000000                    on MPI rank :      793
     Waiting lbc_lnk time :    0.000000 ( 0.0 %)           on MPI rank :      793
     Waiting  global time :    0.000000 ( 0.0 %)           on MPI rank :      793
     Total           time :  166.421583 (SYPD:     1.411 ) on MPI rank :      793
     Computing       time :    0.000000                    on MPI rank :      794
     Waiting lbc_lnk time :    0.000000 ( 0.0 %)           on MPI rank :      794
     Waiting  global time :    0.000000 ( 0.0 %)           on MPI rank :      794
     Total           time :  166.421951 (SYPD:     1.411 ) on MPI rank :      794
     Computing       time :    0.000000                    on MPI rank :      795
     Waiting lbc_lnk time :    0.000000 ( 0.0 %)           on MPI rank :      795
     Waiting  global time :    0.000000 ( 0.0 %)           on MPI rank :      795
     Total           time :  166.421738 (SYPD:     1.411 ) on MPI rank :      795
     Computing       time :    0.000000                    on MPI rank :      796
     Waiting lbc_lnk time :    0.000000 ( 0.0 %)           on MPI rank :      796
     Waiting  global time :    0.000000 ( 0.0 %)           on MPI rank :      796
     Total           time :  166.422288 (SYPD:     1.411 ) on MPI rank :      796
     Computing       time :    0.000000                    on MPI rank :      797
     Waiting lbc_lnk time :    0.000000 ( 0.0 %)           on MPI rank :      797
     Waiting  global time :    0.000000 ( 0.0 %)           on MPI rank :      797
     Total           time :  166.422396 (SYPD:     1.411 ) on MPI rank :      797
     Computing       time :    0.000000                    on MPI rank :      798
     Waiting lbc_lnk time :    0.000000 ( 0.0 %)           on MPI rank :      798
     Waiting  global time :    0.000000 ( 0.0 %)           on MPI rank :      798
     Total           time :  166.421767 (SYPD:     1.411 ) on MPI rank :      798
     Computing       time :    0.000000                    on MPI rank :      799
     Waiting lbc_lnk time :    0.000000 ( 0.0 %)           on MPI rank :      799
     Waiting  global time :    0.000000 ( 0.0 %)           on MPI rank :      799
     Total           time :  166.421591 (SYPD:     1.411 ) on MPI rank :      799
     Computing       time :    0.000000                    on MPI rank :      800
     Waiting lbc_lnk time :    0.000000 ( 0.0 %)           on MPI rank :      800
     Waiting  global time :    0.000000 ( 0.0 %)           on MPI rank :      800
     Total           time :  166.422675 (SYPD:     1.411 ) on MPI rank :      800
     Computing       time :    0.000000                    on MPI rank :      801
     Waiting lbc_lnk time :    0.000000 ( 0.0 %)           on MPI rank :      801
     Waiting  global time :    0.000000 ( 0.0 %)           on MPI rank :      801
     Total           time :  166.420710 (SYPD:     1.411 ) on MPI rank :      801
     Computing       time :    0.000000                    on MPI rank :      802
     Waiting lbc_lnk time :    0.000000 ( 0.0 %)           on MPI rank :      802
     Waiting  global time :    0.000000 ( 0.0 %)           on MPI rank :      802
     Total           time :  166.421305 (SYPD:     1.411 ) on MPI rank :      802
     Computing       time :    0.000000                    on MPI rank :      803
     Waiting lbc_lnk time :    0.000000 ( 0.0 %)           on MPI rank :      803
     Waiting  global time :    0.000000 ( 0.0 %)           on MPI rank :      803
     Total           time :  166.420694 (SYPD:     1.411 ) on MPI rank :      803
     Computing       time :    0.000000                    on MPI rank :      804
     Waiting lbc_lnk time :    0.000000 ( 0.0 %)           on MPI rank :      804
     Waiting  global time :    0.000000 ( 0.0 %)           on MPI rank :      804
     Total           time :  166.421975 (SYPD:     1.411 ) on MPI rank :      804
     Computing       time :    0.000000                    on MPI rank :      805
     Waiting lbc_lnk time :    0.000000 ( 0.0 %)           on MPI rank :      805
     Waiting  global time :    0.000000 ( 0.0 %)           on MPI rank :      805
     Total           time :  166.421387 (SYPD:     1.411 ) on MPI rank :      805
     Computing       time :    0.000000                    on MPI rank :      806
     Waiting lbc_lnk time :    0.000000 ( 0.0 %)           on MPI rank :      806
     Waiting  global time :    0.000000 ( 0.0 %)           on MPI rank :      806
     Total           time :  166.421938 (SYPD:     1.411 ) on MPI rank :      806
     Computing       time :    0.000000                    on MPI rank :      807
     Waiting lbc_lnk time :    0.000000 ( 0.0 %)           on MPI rank :      807
     Waiting  global time :    0.000000 ( 0.0 %)           on MPI rank :      807
     Total           time :  166.421889 (SYPD:     1.411 ) on MPI rank :      807
     Computing       time :    0.000000                    on MPI rank :      808
     Waiting lbc_lnk time :    0.000000 ( 0.0 %)           on MPI rank :      808
     Waiting  global time :    0.000000 ( 0.0 %)           on MPI rank :      808
     Total           time :  166.422087 (SYPD:     1.411 ) on MPI rank :      808
     Computing       time :    0.000000                    on MPI rank :      809
     Waiting lbc_lnk time :    0.000000 ( 0.0 %)           on MPI rank :      809
     Waiting  global time :    0.000000 ( 0.0 %)           on MPI rank :      809
     Total           time :  166.421755 (SYPD:     1.411 ) on MPI rank :      809
     Computing       time :    0.000000                    on MPI rank :      810
     Waiting lbc_lnk time :    0.000000 ( 0.0 %)           on MPI rank :      810
     Waiting  global time :    0.000000 ( 0.0 %)           on MPI rank :      810
     Total           time :  166.422105 (SYPD:     1.411 ) on MPI rank :      810
     Computing       time :    0.000000                    on MPI rank :      811
     Waiting lbc_lnk time :    0.000000 ( 0.0 %)           on MPI rank :      811
     Waiting  global time :    0.000000 ( 0.0 %)           on MPI rank :      811
     Total           time :  166.422236 (SYPD:     1.411 ) on MPI rank :      811
     Computing       time :    0.000000                    on MPI rank :      812
     Waiting lbc_lnk time :    0.000000 ( 0.0 %)           on MPI rank :      812
     Waiting  global time :    0.000000 ( 0.0 %)           on MPI rank :      812
     Total           time :  166.422327 (SYPD:     1.411 ) on MPI rank :      812
     Computing       time :    0.000000                    on MPI rank :      813
     Waiting lbc_lnk time :    0.000000 ( 0.0 %)           on MPI rank :      813
     Waiting  global time :    0.000000 ( 0.0 %)           on MPI rank :      813
     Total           time :  166.421796 (SYPD:     1.411 ) on MPI rank :      813
     Computing       time :    0.000000                    on MPI rank :      814
     Waiting lbc_lnk time :    0.000000 ( 0.0 %)           on MPI rank :      814
     Waiting  global time :    0.000000 ( 0.0 %)           on MPI rank :      814
     Total           time :  166.421377 (SYPD:     1.411 ) on MPI rank :      814
     Computing       time :    0.000000                    on MPI rank :      815
     Waiting lbc_lnk time :    0.000000 ( 0.0 %)           on MPI rank :      815
     Waiting  global time :    0.000000 ( 0.0 %)           on MPI rank :      815
     Total           time :  166.421844 (SYPD:     1.411 ) on MPI rank :      815
     Computing       time :    0.000000                    on MPI rank :      816
     Waiting lbc_lnk time :    0.000000 ( 0.0 %)           on MPI rank :      816
     Waiting  global time :    0.000000 ( 0.0 %)           on MPI rank :      816
     Total           time :  166.421473 (SYPD:     1.411 ) on MPI rank :      816
     Computing       time :    0.000000                    on MPI rank :      817
     Waiting lbc_lnk time :    0.000000 ( 0.0 %)           on MPI rank :      817
     Waiting  global time :    0.000000 ( 0.0 %)           on MPI rank :      817
     Total           time :  166.421848 (SYPD:     1.411 ) on MPI rank :      817
     Computing       time :    0.000000                    on MPI rank :      818
     Waiting lbc_lnk time :    0.000000 ( 0.0 %)           on MPI rank :      818
     Waiting  global time :    0.000000 ( 0.0 %)           on MPI rank :      818
     Total           time :  166.421865 (SYPD:     1.411 ) on MPI rank :      818
     Computing       time :    0.000000                    on MPI rank :      819
     Waiting lbc_lnk time :    0.000000 ( 0.0 %)           on MPI rank :      819
     Waiting  global time :    0.000000 ( 0.0 %)           on MPI rank :      819
     Total           time :  166.421715 (SYPD:     1.411 ) on MPI rank :      819
     Computing       time :    0.000000                    on MPI rank :      820
     Waiting lbc_lnk time :    0.000000 ( 0.0 %)           on MPI rank :      820
     Waiting  global time :    0.000000 ( 0.0 %)           on MPI rank :      820
     Total           time :  166.422350 (SYPD:     1.411 ) on MPI rank :      820
     Computing       time :    0.000000                    on MPI rank :      821
     Waiting lbc_lnk time :    0.000000 ( 0.0 %)           on MPI rank :      821
     Waiting  global time :    0.000000 ( 0.0 %)           on MPI rank :      821
     Total           time :  166.421930 (SYPD:     1.411 ) on MPI rank :      821
     Computing       time :    0.000000                    on MPI rank :      822
     Waiting lbc_lnk time :    0.000000 ( 0.0 %)           on MPI rank :      822
     Waiting  global time :    0.000000 ( 0.0 %)           on MPI rank :      822
     Total           time :  166.422307 (SYPD:     1.411 ) on MPI rank :      822
     Computing       time :    0.000000                    on MPI rank :      823
     Waiting lbc_lnk time :    0.000000 ( 0.0 %)           on MPI rank :      823
     Waiting  global time :    0.000000 ( 0.0 %)           on MPI rank :      823
     Total           time :  166.421800 (SYPD:     1.411 ) on MPI rank :      823
     Computing       time :    0.000000                    on MPI rank :      824
     Waiting lbc_lnk time :    0.000000 ( 0.0 %)           on MPI rank :      824
     Waiting  global time :    0.000000 ( 0.0 %)           on MPI rank :      824
     Total           time :  166.422229 (SYPD:     1.411 ) on MPI rank :      824
     Computing       time :    0.000000                    on MPI rank :      825
     Waiting lbc_lnk time :    0.000000 ( 0.0 %)           on MPI rank :      825
     Waiting  global time :    0.000000 ( 0.0 %)           on MPI rank :      825
     Total           time :  166.421900 (SYPD:     1.411 ) on MPI rank :      825
     Computing       time :    0.000000                    on MPI rank :      826
     Waiting lbc_lnk time :    0.000000 ( 0.0 %)           on MPI rank :      826
     Waiting  global time :    0.000000 ( 0.0 %)           on MPI rank :      826
     Total           time :  166.421731 (SYPD:     1.411 ) on MPI rank :      826
     Computing       time :    0.000000                    on MPI rank :      827
     Waiting lbc_lnk time :    0.000000 ( 0.0 %)           on MPI rank :      827
     Waiting  global time :    0.000000 ( 0.0 %)           on MPI rank :      827
     Total           time :  166.422143 (SYPD:     1.411 ) on MPI rank :      827
     Computing       time :    0.000000                    on MPI rank :      828
     Waiting lbc_lnk time :    0.000000 ( 0.0 %)           on MPI rank :      828
     Waiting  global time :    0.000000 ( 0.0 %)           on MPI rank :      828
     Total           time :  166.422520 (SYPD:     1.411 ) on MPI rank :      828
     Computing       time :    0.000000                    on MPI rank :      829
     Waiting lbc_lnk time :    0.000000 ( 0.0 %)           on MPI rank :      829
     Waiting  global time :    0.000000 ( 0.0 %)           on MPI rank :      829
     Total           time :  166.422142 (SYPD:     1.411 ) on MPI rank :      829
     Computing       time :    0.000000                    on MPI rank :      830
     Waiting lbc_lnk time :    0.000000 ( 0.0 %)           on MPI rank :      830
     Waiting  global time :    0.000000 ( 0.0 %)           on MPI rank :      830
     Total           time :  166.421683 (SYPD:     1.411 ) on MPI rank :      830
     Computing       time :    0.000000                    on MPI rank :      831
     Waiting lbc_lnk time :    0.000000 ( 0.0 %)           on MPI rank :      831
     Waiting  global time :    0.000000 ( 0.0 %)           on MPI rank :      831
     Total           time :  166.421782 (SYPD:     1.411 ) on MPI rank :      831
     Computing       time :    0.000000                    on MPI rank :      832
     Waiting lbc_lnk time :    0.000000 ( 0.0 %)           on MPI rank :      832
     Waiting  global time :    0.000000 ( 0.0 %)           on MPI rank :      832
     Total           time :  166.422025 (SYPD:     1.411 ) on MPI rank :      832
     Computing       time :    0.000000                    on MPI rank :      833
     Waiting lbc_lnk time :    0.000000 ( 0.0 %)           on MPI rank :      833
     Waiting  global time :    0.000000 ( 0.0 %)           on MPI rank :      833
     Total           time :  166.422174 (SYPD:     1.411 ) on MPI rank :      833
     Computing       time :    0.000000                    on MPI rank :      834
     Waiting lbc_lnk time :    0.000000 ( 0.0 %)           on MPI rank :      834
     Waiting  global time :    0.000000 ( 0.0 %)           on MPI rank :      834
     Total           time :  166.422306 (SYPD:     1.411 ) on MPI rank :      834
     Computing       time :    0.000000                    on MPI rank :      835
     Waiting lbc_lnk time :    0.000000 ( 0.0 %)           on MPI rank :      835
     Waiting  global time :    0.000000 ( 0.0 %)           on MPI rank :      835
     Total           time :  166.421482 (SYPD:     1.411 ) on MPI rank :      835
     Computing       time :    0.000000                    on MPI rank :      836
     Waiting lbc_lnk time :    0.000000 ( 0.0 %)           on MPI rank :      836
     Waiting  global time :    0.000000 ( 0.0 %)           on MPI rank :      836
     Total           time :  166.422479 (SYPD:     1.411 ) on MPI rank :      836
     Computing       time :    0.000000                    on MPI rank :      837
     Waiting lbc_lnk time :    0.000000 ( 0.0 %)           on MPI rank :      837
     Waiting  global time :    0.000000 ( 0.0 %)           on MPI rank :      837
     Total           time :  166.422461 (SYPD:     1.411 ) on MPI rank :      837
     Computing       time :    0.000000                    on MPI rank :      838
     Waiting lbc_lnk time :    0.000000 ( 0.0 %)           on MPI rank :      838
     Waiting  global time :    0.000000 ( 0.0 %)           on MPI rank :      838
     Total           time :  166.421989 (SYPD:     1.411 ) on MPI rank :      838
     Computing       time :    0.000000                    on MPI rank :      839
     Waiting lbc_lnk time :    0.000000 ( 0.0 %)           on MPI rank :      839
     Waiting  global time :    0.000000 ( 0.0 %)           on MPI rank :      839
     Total           time :  166.421964 (SYPD:     1.411 ) on MPI rank :      839
     Computing       time :    0.000000                    on MPI rank :      840
     Waiting lbc_lnk time :    0.000000 ( 0.0 %)           on MPI rank :      840
     Waiting  global time :    0.000000 ( 0.0 %)           on MPI rank :      840
     Total           time :  166.422152 (SYPD:     1.411 ) on MPI rank :      840
     Computing       time :    0.000000                    on MPI rank :      841
     Waiting lbc_lnk time :    0.000000 ( 0.0 %)           on MPI rank :      841
     Waiting  global time :    0.000000 ( 0.0 %)           on MPI rank :      841
     Total           time :  166.420736 (SYPD:     1.411 ) on MPI rank :      841
     Computing       time :    0.000000                    on MPI rank :      842
     Waiting lbc_lnk time :    0.000000 ( 0.0 %)           on MPI rank :      842
     Waiting  global time :    0.000000 ( 0.0 %)           on MPI rank :      842
     Total           time :  166.420994 (SYPD:     1.411 ) on MPI rank :      842
     Computing       time :    0.000000                    on MPI rank :      843
     Waiting lbc_lnk time :    0.000000 ( 0.0 %)           on MPI rank :      843
     Waiting  global time :    0.000000 ( 0.0 %)           on MPI rank :      843
     Total           time :  166.421986 (SYPD:     1.411 ) on MPI rank :      843
     Computing       time :    0.000000                    on MPI rank :      844
     Waiting lbc_lnk time :    0.000000 ( 0.0 %)           on MPI rank :      844
     Waiting  global time :    0.000000 ( 0.0 %)           on MPI rank :      844
     Total           time :  166.421592 (SYPD:     1.411 ) on MPI rank :      844
     Computing       time :    0.000000                    on MPI rank :      845
     Waiting lbc_lnk time :    0.000000 ( 0.0 %)           on MPI rank :      845
     Waiting  global time :    0.000000 ( 0.0 %)           on MPI rank :      845
     Total           time :  166.421952 (SYPD:     1.411 ) on MPI rank :      845
     Computing       time :    0.000000                    on MPI rank :      846
     Waiting lbc_lnk time :    0.000000 ( 0.0 %)           on MPI rank :      846
     Waiting  global time :    0.000000 ( 0.0 %)           on MPI rank :      846
     Total           time :  166.421964 (SYPD:     1.411 ) on MPI rank :      846
     Computing       time :    0.000000                    on MPI rank :      847
     Waiting lbc_lnk time :    0.000000 ( 0.0 %)           on MPI rank :      847
     Waiting  global time :    0.000000 ( 0.0 %)           on MPI rank :      847
     Total           time :  166.422081 (SYPD:     1.411 ) on MPI rank :      847
     Computing       time :    0.000000                    on MPI rank :      848
     Waiting lbc_lnk time :    0.000000 ( 0.0 %)           on MPI rank :      848
     Waiting  global time :    0.000000 ( 0.0 %)           on MPI rank :      848
     Total           time :  166.421671 (SYPD:     1.411 ) on MPI rank :      848
     Computing       time :    0.000000                    on MPI rank :      849
     Waiting lbc_lnk time :    0.000000 ( 0.0 %)           on MPI rank :      849
     Waiting  global time :    0.000000 ( 0.0 %)           on MPI rank :      849
     Total           time :  166.422321 (SYPD:     1.411 ) on MPI rank :      849
     Computing       time :    0.000000                    on MPI rank :      850
     Waiting lbc_lnk time :    0.000000 ( 0.0 %)           on MPI rank :      850
     Waiting  global time :    0.000000 ( 0.0 %)           on MPI rank :      850
     Total           time :  166.421633 (SYPD:     1.411 ) on MPI rank :      850
     Computing       time :    0.000000                    on MPI rank :      851
     Waiting lbc_lnk time :    0.000000 ( 0.0 %)           on MPI rank :      851
     Waiting  global time :    0.000000 ( 0.0 %)           on MPI rank :      851
     Total           time :  166.421972 (SYPD:     1.411 ) on MPI rank :      851
     Computing       time :    0.000000                    on MPI rank :      852
     Waiting lbc_lnk time :    0.000000 ( 0.0 %)           on MPI rank :      852
     Waiting  global time :    0.000000 ( 0.0 %)           on MPI rank :      852
     Total           time :  166.421459 (SYPD:     1.411 ) on MPI rank :      852
     Computing       time :    0.000000                    on MPI rank :      853
     Waiting lbc_lnk time :    0.000000 ( 0.0 %)           on MPI rank :      853
     Waiting  global time :    0.000000 ( 0.0 %)           on MPI rank :      853
     Total           time :  166.421902 (SYPD:     1.411 ) on MPI rank :      853
     Computing       time :    0.000000                    on MPI rank :      854
     Waiting lbc_lnk time :    0.000000 ( 0.0 %)           on MPI rank :      854
     Waiting  global time :    0.000000 ( 0.0 %)           on MPI rank :      854
     Total           time :  166.421564 (SYPD:     1.411 ) on MPI rank :      854
     Computing       time :    0.000000                    on MPI rank :      855
     Waiting lbc_lnk time :    0.000000 ( 0.0 %)           on MPI rank :      855
     Waiting  global time :    0.000000 ( 0.0 %)           on MPI rank :      855
     Total           time :  166.422125 (SYPD:     1.411 ) on MPI rank :      855
     Computing       time :    0.000000                    on MPI rank :      856
     Waiting lbc_lnk time :    0.000000 ( 0.0 %)           on MPI rank :      856
     Waiting  global time :    0.000000 ( 0.0 %)           on MPI rank :      856
     Total           time :  166.422085 (SYPD:     1.411 ) on MPI rank :      856
     Computing       time :    0.000000                    on MPI rank :      857
     Waiting lbc_lnk time :    0.000000 ( 0.0 %)           on MPI rank :      857
     Waiting  global time :    0.000000 ( 0.0 %)           on MPI rank :      857
     Total           time :  166.420970 (SYPD:     1.411 ) on MPI rank :      857
     Computing       time :    0.000000                    on MPI rank :      858
     Waiting lbc_lnk time :    0.000000 ( 0.0 %)           on MPI rank :      858
     Waiting  global time :    0.000000 ( 0.0 %)           on MPI rank :      858
     Total           time :  166.422083 (SYPD:     1.411 ) on MPI rank :      858
     Computing       time :    0.000000                    on MPI rank :      859
     Waiting lbc_lnk time :    0.000000 ( 0.0 %)           on MPI rank :      859
     Waiting  global time :    0.000000 ( 0.0 %)           on MPI rank :      859
     Total           time :  166.421769 (SYPD:     1.411 ) on MPI rank :      859
     Computing       time :    0.000000                    on MPI rank :      860
     Waiting lbc_lnk time :    0.000000 ( 0.0 %)           on MPI rank :      860
     Waiting  global time :    0.000000 ( 0.0 %)           on MPI rank :      860
     Total           time :  166.422171 (SYPD:     1.411 ) on MPI rank :      860
     Computing       time :    0.000000                    on MPI rank :      861
     Waiting lbc_lnk time :    0.000000 ( 0.0 %)           on MPI rank :      861
     Waiting  global time :    0.000000 ( 0.0 %)           on MPI rank :      861
     Total           time :  166.421522 (SYPD:     1.411 ) on MPI rank :      861
     Computing       time :    0.000000                    on MPI rank :      862
     Waiting lbc_lnk time :    0.000000 ( 0.0 %)           on MPI rank :      862
     Waiting  global time :    0.000000 ( 0.0 %)           on MPI rank :      862
     Total           time :  166.421930 (SYPD:     1.411 ) on MPI rank :      862
     Computing       time :    0.000000                    on MPI rank :      863
     Waiting lbc_lnk time :    0.000000 ( 0.0 %)           on MPI rank :      863
     Waiting  global time :    0.000000 ( 0.0 %)           on MPI rank :      863
     Total           time :  166.421919 (SYPD:     1.411 ) on MPI rank :      863
     Computing       time :    0.000000                    on MPI rank :      864
     Waiting lbc_lnk time :    0.000000 ( 0.0 %)           on MPI rank :      864
     Waiting  global time :    0.000000 ( 0.0 %)           on MPI rank :      864
     Total           time :  166.421924 (SYPD:     1.411 ) on MPI rank :      864
     Computing       time :    0.000000                    on MPI rank :      865
     Waiting lbc_lnk time :    0.000000 ( 0.0 %)           on MPI rank :      865
     Waiting  global time :    0.000000 ( 0.0 %)           on MPI rank :      865
     Total           time :  166.421374 (SYPD:     1.411 ) on MPI rank :      865
     Computing       time :    0.000000                    on MPI rank :      866
     Waiting lbc_lnk time :    0.000000 ( 0.0 %)           on MPI rank :      866
     Waiting  global time :    0.000000 ( 0.0 %)           on MPI rank :      866
     Total           time :  166.422184 (SYPD:     1.411 ) on MPI rank :      866
     Computing       time :    0.000000                    on MPI rank :      867
     Waiting lbc_lnk time :    0.000000 ( 0.0 %)           on MPI rank :      867
     Waiting  global time :    0.000000 ( 0.0 %)           on MPI rank :      867
     Total           time :  166.421594 (SYPD:     1.411 ) on MPI rank :      867
     Computing       time :    0.000000                    on MPI rank :      868
     Waiting lbc_lnk time :    0.000000 ( 0.0 %)           on MPI rank :      868
     Waiting  global time :    0.000000 ( 0.0 %)           on MPI rank :      868
     Total           time :  166.422111 (SYPD:     1.411 ) on MPI rank :      868
     Computing       time :    0.000000                    on MPI rank :      869
     Waiting lbc_lnk time :    0.000000 ( 0.0 %)           on MPI rank :      869
     Waiting  global time :    0.000000 ( 0.0 %)           on MPI rank :      869
     Total           time :  166.421860 (SYPD:     1.411 ) on MPI rank :      869
     Computing       time :    0.000000                    on MPI rank :      870
     Waiting lbc_lnk time :    0.000000 ( 0.0 %)           on MPI rank :      870
     Waiting  global time :    0.000000 ( 0.0 %)           on MPI rank :      870
     Total           time :  166.422005 (SYPD:     1.411 ) on MPI rank :      870
     Computing       time :    0.000000                    on MPI rank :      871
     Waiting lbc_lnk time :    0.000000 ( 0.0 %)           on MPI rank :      871
     Waiting  global time :    0.000000 ( 0.0 %)           on MPI rank :      871
     Total           time :  166.421380 (SYPD:     1.411 ) on MPI rank :      871
     Computing       time :    0.000000                    on MPI rank :      872
     Waiting lbc_lnk time :    0.000000 ( 0.0 %)           on MPI rank :      872
     Waiting  global time :    0.000000 ( 0.0 %)           on MPI rank :      872
     Total           time :  166.421928 (SYPD:     1.411 ) on MPI rank :      872
     Computing       time :    0.000000                    on MPI rank :      873
     Waiting lbc_lnk time :    0.000000 ( 0.0 %)           on MPI rank :      873
     Waiting  global time :    0.000000 ( 0.0 %)           on MPI rank :      873
     Total           time :  166.421685 (SYPD:     1.411 ) on MPI rank :      873
     Computing       time :    0.000000                    on MPI rank :      874
     Waiting lbc_lnk time :    0.000000 ( 0.0 %)           on MPI rank :      874
     Waiting  global time :    0.000000 ( 0.0 %)           on MPI rank :      874
     Total           time :  166.421591 (SYPD:     1.411 ) on MPI rank :      874
     Computing       time :    0.000000                    on MPI rank :      875
     Waiting lbc_lnk time :    0.000000 ( 0.0 %)           on MPI rank :      875
     Waiting  global time :    0.000000 ( 0.0 %)           on MPI rank :      875
     Total           time :  166.421275 (SYPD:     1.411 ) on MPI rank :      875
     Computing       time :    0.000000                    on MPI rank :      876
     Waiting lbc_lnk time :    0.000000 ( 0.0 %)           on MPI rank :      876
     Waiting  global time :    0.000000 ( 0.0 %)           on MPI rank :      876
     Total           time :  166.421357 (SYPD:     1.411 ) on MPI rank :      876
     Computing       time :    0.000000                    on MPI rank :      877
     Waiting lbc_lnk time :    0.000000 ( 0.0 %)           on MPI rank :      877
     Waiting  global time :    0.000000 ( 0.0 %)           on MPI rank :      877
     Total           time :  166.422428 (SYPD:     1.411 ) on MPI rank :      877
     Computing       time :    0.000000                    on MPI rank :      878
     Waiting lbc_lnk time :    0.000000 ( 0.0 %)           on MPI rank :      878
     Waiting  global time :    0.000000 ( 0.0 %)           on MPI rank :      878
     Total           time :  166.421532 (SYPD:     1.411 ) on MPI rank :      878
     Computing       time :    0.000000                    on MPI rank :      879
     Waiting lbc_lnk time :    0.000000 ( 0.0 %)           on MPI rank :      879
     Waiting  global time :    0.000000 ( 0.0 %)           on MPI rank :      879
     Total           time :  166.422076 (SYPD:     1.411 ) on MPI rank :      879
     Computing       time :    0.000000                    on MPI rank :      880
     Waiting lbc_lnk time :    0.000000 ( 0.0 %)           on MPI rank :      880
     Waiting  global time :    0.000000 ( 0.0 %)           on MPI rank :      880
     Total           time :  166.422171 (SYPD:     1.411 ) on MPI rank :      880
     Computing       time :    0.000000                    on MPI rank :      881
     Waiting lbc_lnk time :    0.000000 ( 0.0 %)           on MPI rank :      881
     Waiting  global time :    0.000000 ( 0.0 %)           on MPI rank :      881
     Total           time :  166.421588 (SYPD:     1.411 ) on MPI rank :      881
     Computing       time :    0.000000                    on MPI rank :      882
     Waiting lbc_lnk time :    0.000000 ( 0.0 %)           on MPI rank :      882
     Waiting  global time :    0.000000 ( 0.0 %)           on MPI rank :      882
     Total           time :  166.421649 (SYPD:     1.411 ) on MPI rank :      882
     Computing       time :    0.000000                    on MPI rank :      883
     Waiting lbc_lnk time :    0.000000 ( 0.0 %)           on MPI rank :      883
     Waiting  global time :    0.000000 ( 0.0 %)           on MPI rank :      883
     Total           time :  166.422193 (SYPD:     1.411 ) on MPI rank :      883
     Computing       time :    0.000000                    on MPI rank :      884
     Waiting lbc_lnk time :    0.000000 ( 0.0 %)           on MPI rank :      884
     Waiting  global time :    0.000000 ( 0.0 %)           on MPI rank :      884
     Total           time :  166.422366 (SYPD:     1.411 ) on MPI rank :      884
     Computing       time :    0.000000                    on MPI rank :      885
     Waiting lbc_lnk time :    0.000000 ( 0.0 %)           on MPI rank :      885
     Waiting  global time :    0.000000 ( 0.0 %)           on MPI rank :      885
     Total           time :  166.422145 (SYPD:     1.411 ) on MPI rank :      885
     Computing       time :    0.000000                    on MPI rank :      886
     Waiting lbc_lnk time :    0.000000 ( 0.0 %)           on MPI rank :      886
     Waiting  global time :    0.000000 ( 0.0 %)           on MPI rank :      886
     Total           time :  166.422745 (SYPD:     1.411 ) on MPI rank :      886
     Computing       time :    0.000000                    on MPI rank :      887
     Waiting lbc_lnk time :    0.000000 ( 0.0 %)           on MPI rank :      887
     Waiting  global time :    0.000000 ( 0.0 %)           on MPI rank :      887
     Total           time :  166.421903 (SYPD:     1.411 ) on MPI rank :      887
     Computing       time :    0.000000                    on MPI rank :      888
     Waiting lbc_lnk time :    0.000000 ( 0.0 %)           on MPI rank :      888
     Waiting  global time :    0.000000 ( 0.0 %)           on MPI rank :      888
     Total           time :  166.422175 (SYPD:     1.411 ) on MPI rank :      888
     Computing       time :    0.000000                    on MPI rank :      889
     Waiting lbc_lnk time :    0.000000 ( 0.0 %)           on MPI rank :      889
     Waiting  global time :    0.000000 ( 0.0 %)           on MPI rank :      889
     Total           time :  166.422208 (SYPD:     1.411 ) on MPI rank :      889
     Computing       time :    0.000000                    on MPI rank :      890
     Waiting lbc_lnk time :    0.000000 ( 0.0 %)           on MPI rank :      890
     Waiting  global time :    0.000000 ( 0.0 %)           on MPI rank :      890
     Total           time :  166.422456 (SYPD:     1.411 ) on MPI rank :      890
     Computing       time :    0.000000                    on MPI rank :      891
     Waiting lbc_lnk time :    0.000000 ( 0.0 %)           on MPI rank :      891
     Waiting  global time :    0.000000 ( 0.0 %)           on MPI rank :      891
     Total           time :  166.422289 (SYPD:     1.411 ) on MPI rank :      891
     Computing       time :    0.000000                    on MPI rank :      892
     Waiting lbc_lnk time :    0.000000 ( 0.0 %)           on MPI rank :      892
     Waiting  global time :    0.000000 ( 0.0 %)           on MPI rank :      892
     Total           time :  166.422010 (SYPD:     1.411 ) on MPI rank :      892
     Computing       time :    0.000000                    on MPI rank :      893
     Waiting lbc_lnk time :    0.000000 ( 0.0 %)           on MPI rank :      893
     Waiting  global time :    0.000000 ( 0.0 %)           on MPI rank :      893
     Total           time :  166.421789 (SYPD:     1.411 ) on MPI rank :      893
     Computing       time :    0.000000                    on MPI rank :      894
     Waiting lbc_lnk time :    0.000000 ( 0.0 %)           on MPI rank :      894
     Waiting  global time :    0.000000 ( 0.0 %)           on MPI rank :      894
     Total           time :  166.421983 (SYPD:     1.411 ) on MPI rank :      894
     Computing       time :    0.000000                    on MPI rank :      895
     Waiting lbc_lnk time :    0.000000 ( 0.0 %)           on MPI rank :      895
     Waiting  global time :    0.000000 ( 0.0 %)           on MPI rank :      895
     Total           time :  166.422196 (SYPD:     1.411 ) on MPI rank :      895
     Computing       time :    0.000000                    on MPI rank :      896
     Waiting lbc_lnk time :    0.000000 ( 0.0 %)           on MPI rank :      896
     Waiting  global time :    0.000000 ( 0.0 %)           on MPI rank :      896
     Total           time :  166.420730 (SYPD:     1.411 ) on MPI rank :      896
     Computing       time :    0.000000                    on MPI rank :      897
     Waiting lbc_lnk time :    0.000000 ( 0.0 %)           on MPI rank :      897
     Waiting  global time :    0.000000 ( 0.0 %)           on MPI rank :      897
     Total           time :  166.407305 (SYPD:     1.411 ) on MPI rank :      897
     Computing       time :    0.000000                    on MPI rank :      898
     Waiting lbc_lnk time :    0.000000 ( 0.0 %)           on MPI rank :      898
     Waiting  global time :    0.000000 ( 0.0 %)           on MPI rank :      898
     Total           time :  166.421284 (SYPD:     1.411 ) on MPI rank :      898
     Computing       time :    0.000000                    on MPI rank :      899
     Waiting lbc_lnk time :    0.000000 ( 0.0 %)           on MPI rank :      899
     Waiting  global time :    0.000000 ( 0.0 %)           on MPI rank :      899
     Total           time :  166.421528 (SYPD:     1.411 ) on MPI rank :      899
     Computing       time :    0.000000                    on MPI rank :      900
     Waiting lbc_lnk time :    0.000000 ( 0.0 %)           on MPI rank :      900
     Waiting  global time :    0.000000 ( 0.0 %)           on MPI rank :      900
     Total           time :  166.421503 (SYPD:     1.411 ) on MPI rank :      900
     Computing       time :    0.000000                    on MPI rank :      901
     Waiting lbc_lnk time :    0.000000 ( 0.0 %)           on MPI rank :      901
     Waiting  global time :    0.000000 ( 0.0 %)           on MPI rank :      901
     Total           time :  166.421945 (SYPD:     1.411 ) on MPI rank :      901
     Computing       time :    0.000000                    on MPI rank :      902
     Waiting lbc_lnk time :    0.000000 ( 0.0 %)           on MPI rank :      902
     Waiting  global time :    0.000000 ( 0.0 %)           on MPI rank :      902
     Total           time :  166.421673 (SYPD:     1.411 ) on MPI rank :      902
     Computing       time :    0.000000                    on MPI rank :      903
     Waiting lbc_lnk time :    0.000000 ( 0.0 %)           on MPI rank :      903
     Waiting  global time :    0.000000 ( 0.0 %)           on MPI rank :      903
     Total           time :  166.421844 (SYPD:     1.411 ) on MPI rank :      903
     Computing       time :    0.000000                    on MPI rank :      904
     Waiting lbc_lnk time :    0.000000 ( 0.0 %)           on MPI rank :      904
     Waiting  global time :    0.000000 ( 0.0 %)           on MPI rank :      904
     Total           time :  166.421732 (SYPD:     1.411 ) on MPI rank :      904
     Computing       time :    0.000000                    on MPI rank :      905
     Waiting lbc_lnk time :    0.000000 ( 0.0 %)           on MPI rank :      905
     Waiting  global time :    0.000000 ( 0.0 %)           on MPI rank :      905
     Total           time :  166.421475 (SYPD:     1.411 ) on MPI rank :      905
     Computing       time :    0.000000                    on MPI rank :      906
     Waiting lbc_lnk time :    0.000000 ( 0.0 %)           on MPI rank :      906
     Waiting  global time :    0.000000 ( 0.0 %)           on MPI rank :      906
     Total           time :  166.422021 (SYPD:     1.411 ) on MPI rank :      906
     Computing       time :    0.000000                    on MPI rank :      907
     Waiting lbc_lnk time :    0.000000 ( 0.0 %)           on MPI rank :      907
     Waiting  global time :    0.000000 ( 0.0 %)           on MPI rank :      907
     Total           time :  166.422318 (SYPD:     1.411 ) on MPI rank :      907
     Computing       time :    0.000000                    on MPI rank :      908
     Waiting lbc_lnk time :    0.000000 ( 0.0 %)           on MPI rank :      908
     Waiting  global time :    0.000000 ( 0.0 %)           on MPI rank :      908
     Total           time :  166.421723 (SYPD:     1.411 ) on MPI rank :      908
     Computing       time :    0.000000                    on MPI rank :      909
     Waiting lbc_lnk time :    0.000000 ( 0.0 %)           on MPI rank :      909
     Waiting  global time :    0.000000 ( 0.0 %)           on MPI rank :      909
     Total           time :  166.421327 (SYPD:     1.411 ) on MPI rank :      909
     Computing       time :    0.000000                    on MPI rank :      910
     Waiting lbc_lnk time :    0.000000 ( 0.0 %)           on MPI rank :      910
     Waiting  global time :    0.000000 ( 0.0 %)           on MPI rank :      910
     Total           time :  166.421657 (SYPD:     1.411 ) on MPI rank :      910
     Computing       time :    0.000000                    on MPI rank :      911
     Waiting lbc_lnk time :    0.000000 ( 0.0 %)           on MPI rank :      911
     Waiting  global time :    0.000000 ( 0.0 %)           on MPI rank :      911
     Total           time :  166.421236 (SYPD:     1.411 ) on MPI rank :      911
     Computing       time :    0.000000                    on MPI rank :      912
     Waiting lbc_lnk time :    0.000000 ( 0.0 %)           on MPI rank :      912
     Waiting  global time :    0.000000 ( 0.0 %)           on MPI rank :      912
     Total           time :  166.421846 (SYPD:     1.411 ) on MPI rank :      912
     Computing       time :    0.000000                    on MPI rank :      913
     Waiting lbc_lnk time :    0.000000 ( 0.0 %)           on MPI rank :      913
     Waiting  global time :    0.000000 ( 0.0 %)           on MPI rank :      913
     Total           time :  166.421411 (SYPD:     1.411 ) on MPI rank :      913
     Computing       time :    0.000000                    on MPI rank :      914
     Waiting lbc_lnk time :    0.000000 ( 0.0 %)           on MPI rank :      914
     Waiting  global time :    0.000000 ( 0.0 %)           on MPI rank :      914
     Total           time :  166.422589 (SYPD:     1.411 ) on MPI rank :      914
     Computing       time :    0.000000                    on MPI rank :      915
     Waiting lbc_lnk time :    0.000000 ( 0.0 %)           on MPI rank :      915
     Waiting  global time :    0.000000 ( 0.0 %)           on MPI rank :      915
     Total           time :  166.421449 (SYPD:     1.411 ) on MPI rank :      915
     Computing       time :    0.000000                    on MPI rank :      916
     Waiting lbc_lnk time :    0.000000 ( 0.0 %)           on MPI rank :      916
     Waiting  global time :    0.000000 ( 0.0 %)           on MPI rank :      916
     Total           time :  166.421810 (SYPD:     1.411 ) on MPI rank :      916
     Computing       time :    0.000000                    on MPI rank :      917
     Waiting lbc_lnk time :    0.000000 ( 0.0 %)           on MPI rank :      917
     Waiting  global time :    0.000000 ( 0.0 %)           on MPI rank :      917
     Total           time :  166.421857 (SYPD:     1.411 ) on MPI rank :      917
     Computing       time :    0.000000                    on MPI rank :      918
     Waiting lbc_lnk time :    0.000000 ( 0.0 %)           on MPI rank :      918
     Waiting  global time :    0.000000 ( 0.0 %)           on MPI rank :      918
     Total           time :  166.422173 (SYPD:     1.411 ) on MPI rank :      918
     Computing       time :    0.000000                    on MPI rank :      919
     Waiting lbc_lnk time :    0.000000 ( 0.0 %)           on MPI rank :      919
     Waiting  global time :    0.000000 ( 0.0 %)           on MPI rank :      919
     Total           time :  166.422294 (SYPD:     1.411 ) on MPI rank :      919
     Computing       time :    0.000000                    on MPI rank :      920
     Waiting lbc_lnk time :    0.000000 ( 0.0 %)           on MPI rank :      920
     Waiting  global time :    0.000000 ( 0.0 %)           on MPI rank :      920
     Total           time :  166.422535 (SYPD:     1.411 ) on MPI rank :      920
     Computing       time :    0.000000                    on MPI rank :      921
     Waiting lbc_lnk time :    0.000000 ( 0.0 %)           on MPI rank :      921
     Waiting  global time :    0.000000 ( 0.0 %)           on MPI rank :      921
     Total           time :  166.422496 (SYPD:     1.411 ) on MPI rank :      921
     Computing       time :    0.000000                    on MPI rank :      922
     Waiting lbc_lnk time :    0.000000 ( 0.0 %)           on MPI rank :      922
     Waiting  global time :    0.000000 ( 0.0 %)           on MPI rank :      922
     Total           time :  166.422411 (SYPD:     1.411 ) on MPI rank :      922
     Computing       time :    0.000000                    on MPI rank :      923
     Waiting lbc_lnk time :    0.000000 ( 0.0 %)           on MPI rank :      923
     Waiting  global time :    0.000000 ( 0.0 %)           on MPI rank :      923
     Total           time :  166.421855 (SYPD:     1.411 ) on MPI rank :      923
     Computing       time :    0.000000                    on MPI rank :      924
     Waiting lbc_lnk time :    0.000000 ( 0.0 %)           on MPI rank :      924
     Waiting  global time :    0.000000 ( 0.0 %)           on MPI rank :      924
     Total           time :  166.422441 (SYPD:     1.411 ) on MPI rank :      924
     Computing       time :    0.000000                    on MPI rank :      925
     Waiting lbc_lnk time :    0.000000 ( 0.0 %)           on MPI rank :      925
     Waiting  global time :    0.000000 ( 0.0 %)           on MPI rank :      925
     Total           time :  166.421435 (SYPD:     1.411 ) on MPI rank :      925
     Computing       time :    0.000000                    on MPI rank :      926
     Waiting lbc_lnk time :    0.000000 ( 0.0 %)           on MPI rank :      926
     Waiting  global time :    0.000000 ( 0.0 %)           on MPI rank :      926
     Total           time :  166.421943 (SYPD:     1.411 ) on MPI rank :      926
     Computing       time :    0.000000                    on MPI rank :      927
     Waiting lbc_lnk time :    0.000000 ( 0.0 %)           on MPI rank :      927
     Waiting  global time :    0.000000 ( 0.0 %)           on MPI rank :      927
     Total           time :  166.421252 (SYPD:     1.411 ) on MPI rank :      927
     Computing       time :    0.000000                    on MPI rank :      928
     Waiting lbc_lnk time :    0.000000 ( 0.0 %)           on MPI rank :      928
     Waiting  global time :    0.000000 ( 0.0 %)           on MPI rank :      928
     Total           time :  166.395110 (SYPD:     1.411 ) on MPI rank :      928
     Computing       time :    0.000000                    on MPI rank :      929
     Waiting lbc_lnk time :    0.000000 ( 0.0 %)           on MPI rank :      929
     Waiting  global time :    0.000000 ( 0.0 %)           on MPI rank :      929
     Total           time :  166.421526 (SYPD:     1.411 ) on MPI rank :      929
     Computing       time :    0.000000                    on MPI rank :      930
     Waiting lbc_lnk time :    0.000000 ( 0.0 %)           on MPI rank :      930
     Waiting  global time :    0.000000 ( 0.0 %)           on MPI rank :      930
     Total           time :  166.421533 (SYPD:     1.411 ) on MPI rank :      930
     Computing       time :    0.000000                    on MPI rank :      931
     Waiting lbc_lnk time :    0.000000 ( 0.0 %)           on MPI rank :      931
     Waiting  global time :    0.000000 ( 0.0 %)           on MPI rank :      931
     Total           time :  166.421713 (SYPD:     1.411 ) on MPI rank :      931
     Computing       time :    0.000000                    on MPI rank :      932
     Waiting lbc_lnk time :    0.000000 ( 0.0 %)           on MPI rank :      932
     Waiting  global time :    0.000000 ( 0.0 %)           on MPI rank :      932
     Total           time :  166.422190 (SYPD:     1.411 ) on MPI rank :      932
     Computing       time :    0.000000                    on MPI rank :      933
     Waiting lbc_lnk time :    0.000000 ( 0.0 %)           on MPI rank :      933
     Waiting  global time :    0.000000 ( 0.0 %)           on MPI rank :      933
     Total           time :  166.422092 (SYPD:     1.411 ) on MPI rank :      933
     Computing       time :    0.000000                    on MPI rank :      934
     Waiting lbc_lnk time :    0.000000 ( 0.0 %)           on MPI rank :      934
     Waiting  global time :    0.000000 ( 0.0 %)           on MPI rank :      934
     Total           time :  166.421746 (SYPD:     1.411 ) on MPI rank :      934
     Computing       time :    0.000000                    on MPI rank :      935
     Waiting lbc_lnk time :    0.000000 ( 0.0 %)           on MPI rank :      935
     Waiting  global time :    0.000000 ( 0.0 %)           on MPI rank :      935
     Total           time :  166.421679 (SYPD:     1.411 ) on MPI rank :      935
     Computing       time :    0.000000                    on MPI rank :      936
     Waiting lbc_lnk time :    0.000000 ( 0.0 %)           on MPI rank :      936
     Waiting  global time :    0.000000 ( 0.0 %)           on MPI rank :      936
     Total           time :  166.421318 (SYPD:     1.411 ) on MPI rank :      936
     Computing       time :    0.000000                    on MPI rank :      937
     Waiting lbc_lnk time :    0.000000 ( 0.0 %)           on MPI rank :      937
     Waiting  global time :    0.000000 ( 0.0 %)           on MPI rank :      937
     Total           time :  166.421054 (SYPD:     1.411 ) on MPI rank :      937
     Computing       time :    0.000000                    on MPI rank :      938
     Waiting lbc_lnk time :    0.000000 ( 0.0 %)           on MPI rank :      938
     Waiting  global time :    0.000000 ( 0.0 %)           on MPI rank :      938
     Total           time :  166.421857 (SYPD:     1.411 ) on MPI rank :      938
     Computing       time :    0.000000                    on MPI rank :      939
     Waiting lbc_lnk time :    0.000000 ( 0.0 %)           on MPI rank :      939
     Waiting  global time :    0.000000 ( 0.0 %)           on MPI rank :      939
     Total           time :  166.421584 (SYPD:     1.411 ) on MPI rank :      939
     Computing       time :    0.000000                    on MPI rank :      940
     Waiting lbc_lnk time :    0.000000 ( 0.0 %)           on MPI rank :      940
     Waiting  global time :    0.000000 ( 0.0 %)           on MPI rank :      940
     Total           time :  166.421365 (SYPD:     1.411 ) on MPI rank :      940
     Computing       time :    0.000000                    on MPI rank :      941
     Waiting lbc_lnk time :    0.000000 ( 0.0 %)           on MPI rank :      941
     Waiting  global time :    0.000000 ( 0.0 %)           on MPI rank :      941
     Total           time :  166.421135 (SYPD:     1.411 ) on MPI rank :      941
     Computing       time :    0.000000                    on MPI rank :      942
     Waiting lbc_lnk time :    0.000000 ( 0.0 %)           on MPI rank :      942
     Waiting  global time :    0.000000 ( 0.0 %)           on MPI rank :      942
     Total           time :  166.422370 (SYPD:     1.411 ) on MPI rank :      942
     Computing       time :    0.000000                    on MPI rank :      943
     Waiting lbc_lnk time :    0.000000 ( 0.0 %)           on MPI rank :      943
     Waiting  global time :    0.000000 ( 0.0 %)           on MPI rank :      943
     Total           time :  166.420998 (SYPD:     1.411 ) on MPI rank :      943
     Computing       time :    0.000000                    on MPI rank :      944
     Waiting lbc_lnk time :    0.000000 ( 0.0 %)           on MPI rank :      944
     Waiting  global time :    0.000000 ( 0.0 %)           on MPI rank :      944
     Total           time :  166.422392 (SYPD:     1.411 ) on MPI rank :      944
     Computing       time :    0.000000                    on MPI rank :      945
     Waiting lbc_lnk time :    0.000000 ( 0.0 %)           on MPI rank :      945
     Waiting  global time :    0.000000 ( 0.0 %)           on MPI rank :      945
     Total           time :  166.420722 (SYPD:     1.411 ) on MPI rank :      945
     Computing       time :    0.000000                    on MPI rank :      946
     Waiting lbc_lnk time :    0.000000 ( 0.0 %)           on MPI rank :      946
     Waiting  global time :    0.000000 ( 0.0 %)           on MPI rank :      946
     Total           time :  166.420970 (SYPD:     1.411 ) on MPI rank :      946
     Computing       time :    0.000000                    on MPI rank :      947
     Waiting lbc_lnk time :    0.000000 ( 0.0 %)           on MPI rank :      947
     Waiting  global time :    0.000000 ( 0.0 %)           on MPI rank :      947
     Total           time :  166.421986 (SYPD:     1.411 ) on MPI rank :      947
     Computing       time :    0.000000                    on MPI rank :      948
     Waiting lbc_lnk time :    0.000000 ( 0.0 %)           on MPI rank :      948
     Waiting  global time :    0.000000 ( 0.0 %)           on MPI rank :      948
     Total           time :  166.421319 (SYPD:     1.411 ) on MPI rank :      948
     Computing       time :    0.000000                    on MPI rank :      949
     Waiting lbc_lnk time :    0.000000 ( 0.0 %)           on MPI rank :      949
     Waiting  global time :    0.000000 ( 0.0 %)           on MPI rank :      949
     Total           time :  166.422303 (SYPD:     1.411 ) on MPI rank :      949
     Computing       time :    0.000000                    on MPI rank :      950
     Waiting lbc_lnk time :    0.000000 ( 0.0 %)           on MPI rank :      950
     Waiting  global time :    0.000000 ( 0.0 %)           on MPI rank :      950
     Total           time :  166.421767 (SYPD:     1.411 ) on MPI rank :      950
     Computing       time :    0.000000                    on MPI rank :      951
     Waiting lbc_lnk time :    0.000000 ( 0.0 %)           on MPI rank :      951
     Waiting  global time :    0.000000 ( 0.0 %)           on MPI rank :      951
     Total           time :  166.422398 (SYPD:     1.411 ) on MPI rank :      951
     Computing       time :    0.000000                    on MPI rank :      952
     Waiting lbc_lnk time :    0.000000 ( 0.0 %)           on MPI rank :      952
     Waiting  global time :    0.000000 ( 0.0 %)           on MPI rank :      952
     Total           time :  166.422101 (SYPD:     1.411 ) on MPI rank :      952
     Computing       time :    0.000000                    on MPI rank :      953
     Waiting lbc_lnk time :    0.000000 ( 0.0 %)           on MPI rank :      953
     Waiting  global time :    0.000000 ( 0.0 %)           on MPI rank :      953
     Total           time :  166.421537 (SYPD:     1.411 ) on MPI rank :      953
     Computing       time :    0.000000                    on MPI rank :      954
     Waiting lbc_lnk time :    0.000000 ( 0.0 %)           on MPI rank :      954
     Waiting  global time :    0.000000 ( 0.0 %)           on MPI rank :      954
     Total           time :  166.421641 (SYPD:     1.411 ) on MPI rank :      954
     Computing       time :    0.000000                    on MPI rank :      955
     Waiting lbc_lnk time :    0.000000 ( 0.0 %)           on MPI rank :      955
     Waiting  global time :    0.000000 ( 0.0 %)           on MPI rank :      955
     Total           time :  166.421729 (SYPD:     1.411 ) on MPI rank :      955
     Computing       time :    0.000000                    on MPI rank :      956
     Waiting lbc_lnk time :    0.000000 ( 0.0 %)           on MPI rank :      956
     Waiting  global time :    0.000000 ( 0.0 %)           on MPI rank :      956
     Total           time :  166.421580 (SYPD:     1.411 ) on MPI rank :      956
     Computing       time :    0.000000                    on MPI rank :      957
     Waiting lbc_lnk time :    0.000000 ( 0.0 %)           on MPI rank :      957
     Waiting  global time :    0.000000 ( 0.0 %)           on MPI rank :      957
     Total           time :  166.421506 (SYPD:     1.411 ) on MPI rank :      957
     Computing       time :    0.000000                    on MPI rank :      958
     Waiting lbc_lnk time :    0.000000 ( 0.0 %)           on MPI rank :      958
     Waiting  global time :    0.000000 ( 0.0 %)           on MPI rank :      958
     Total           time :  166.422241 (SYPD:     1.411 ) on MPI rank :      958
     Computing       time :    0.000000                    on MPI rank :      959
     Waiting lbc_lnk time :    0.000000 ( 0.0 %)           on MPI rank :      959
     Waiting  global time :    0.000000 ( 0.0 %)           on MPI rank :      959
     Total           time :  166.421634 (SYPD:     1.411 ) on MPI rank :      959
     Computing       time :    0.000000                    on MPI rank :      960
     Waiting lbc_lnk time :    0.000000 ( 0.0 %)           on MPI rank :      960
     Waiting  global time :    0.000000 ( 0.0 %)           on MPI rank :      960
     Total           time :  166.422019 (SYPD:     1.411 ) on MPI rank :      960
     Computing       time :    0.000000                    on MPI rank :      961
     Waiting lbc_lnk time :    0.000000 ( 0.0 %)           on MPI rank :      961
     Waiting  global time :    0.000000 ( 0.0 %)           on MPI rank :      961
     Total           time :  166.422107 (SYPD:     1.411 ) on MPI rank :      961
     Computing       time :    0.000000                    on MPI rank :      962
     Waiting lbc_lnk time :    0.000000 ( 0.0 %)           on MPI rank :      962
     Waiting  global time :    0.000000 ( 0.0 %)           on MPI rank :      962
     Total           time :  166.422133 (SYPD:     1.411 ) on MPI rank :      962
     Computing       time :    0.000000                    on MPI rank :      963
     Waiting lbc_lnk time :    0.000000 ( 0.0 %)           on MPI rank :      963
     Waiting  global time :    0.000000 ( 0.0 %)           on MPI rank :      963
     Total           time :  166.422445 (SYPD:     1.411 ) on MPI rank :      963
     Computing       time :    0.000000                    on MPI rank :      964
     Waiting lbc_lnk time :    0.000000 ( 0.0 %)           on MPI rank :      964
     Waiting  global time :    0.000000 ( 0.0 %)           on MPI rank :      964
     Total           time :  166.421266 (SYPD:     1.411 ) on MPI rank :      964
     Computing       time :    0.000000                    on MPI rank :      965
     Waiting lbc_lnk time :    0.000000 ( 0.0 %)           on MPI rank :      965
     Waiting  global time :    0.000000 ( 0.0 %)           on MPI rank :      965
     Total           time :  166.421183 (SYPD:     1.411 ) on MPI rank :      965
     Computing       time :    0.000000                    on MPI rank :      966
     Waiting lbc_lnk time :    0.000000 ( 0.0 %)           on MPI rank :      966
     Waiting  global time :    0.000000 ( 0.0 %)           on MPI rank :      966
     Total           time :  166.422141 (SYPD:     1.411 ) on MPI rank :      966
     Computing       time :    0.000000                    on MPI rank :      967
     Waiting lbc_lnk time :    0.000000 ( 0.0 %)           on MPI rank :      967
     Waiting  global time :    0.000000 ( 0.0 %)           on MPI rank :      967
     Total           time :  166.421732 (SYPD:     1.411 ) on MPI rank :      967
     Computing       time :    0.000000                    on MPI rank :      968
     Waiting lbc_lnk time :    0.000000 ( 0.0 %)           on MPI rank :      968
     Waiting  global time :    0.000000 ( 0.0 %)           on MPI rank :      968
     Total           time :  166.421949 (SYPD:     1.411 ) on MPI rank :      968
     Computing       time :    0.000000                    on MPI rank :      969
     Waiting lbc_lnk time :    0.000000 ( 0.0 %)           on MPI rank :      969
     Waiting  global time :    0.000000 ( 0.0 %)           on MPI rank :      969
     Total           time :  166.421778 (SYPD:     1.411 ) on MPI rank :      969
     Computing       time :    0.000000                    on MPI rank :      970
     Waiting lbc_lnk time :    0.000000 ( 0.0 %)           on MPI rank :      970
     Waiting  global time :    0.000000 ( 0.0 %)           on MPI rank :      970
     Total           time :  166.422171 (SYPD:     1.411 ) on MPI rank :      970
     Computing       time :    0.000000                    on MPI rank :      971
     Waiting lbc_lnk time :    0.000000 ( 0.0 %)           on MPI rank :      971
     Waiting  global time :    0.000000 ( 0.0 %)           on MPI rank :      971
     Total           time :  166.421836 (SYPD:     1.411 ) on MPI rank :      971
     Computing       time :    0.000000                    on MPI rank :      972
     Waiting lbc_lnk time :    0.000000 ( 0.0 %)           on MPI rank :      972
     Waiting  global time :    0.000000 ( 0.0 %)           on MPI rank :      972
     Total           time :  166.421693 (SYPD:     1.411 ) on MPI rank :      972
     Computing       time :    0.000000                    on MPI rank :      973
     Waiting lbc_lnk time :    0.000000 ( 0.0 %)           on MPI rank :      973
     Waiting  global time :    0.000000 ( 0.0 %)           on MPI rank :      973
     Total           time :  166.421718 (SYPD:     1.411 ) on MPI rank :      973
     Computing       time :    0.000000                    on MPI rank :      974
     Waiting lbc_lnk time :    0.000000 ( 0.0 %)           on MPI rank :      974
     Waiting  global time :    0.000000 ( 0.0 %)           on MPI rank :      974
     Total           time :  166.421951 (SYPD:     1.411 ) on MPI rank :      974
     Computing       time :    0.000000                    on MPI rank :      975
     Waiting lbc_lnk time :    0.000000 ( 0.0 %)           on MPI rank :      975
     Waiting  global time :    0.000000 ( 0.0 %)           on MPI rank :      975
     Total           time :  166.421615 (SYPD:     1.411 ) on MPI rank :      975
     Computing       time :    0.000000                    on MPI rank :      976
     Waiting lbc_lnk time :    0.000000 ( 0.0 %)           on MPI rank :      976
     Waiting  global time :    0.000000 ( 0.0 %)           on MPI rank :      976
     Total           time :  166.421956 (SYPD:     1.411 ) on MPI rank :      976
     Computing       time :    0.000000                    on MPI rank :      977
     Waiting lbc_lnk time :    0.000000 ( 0.0 %)           on MPI rank :      977
     Waiting  global time :    0.000000 ( 0.0 %)           on MPI rank :      977
     Total           time :  166.421984 (SYPD:     1.411 ) on MPI rank :      977
     Computing       time :    0.000000                    on MPI rank :      978
     Waiting lbc_lnk time :    0.000000 ( 0.0 %)           on MPI rank :      978
     Waiting  global time :    0.000000 ( 0.0 %)           on MPI rank :      978
     Total           time :  166.421536 (SYPD:     1.411 ) on MPI rank :      978
     Computing       time :    0.000000                    on MPI rank :      979
     Waiting lbc_lnk time :    0.000000 ( 0.0 %)           on MPI rank :      979
     Waiting  global time :    0.000000 ( 0.0 %)           on MPI rank :      979
     Total           time :  166.422185 (SYPD:     1.411 ) on MPI rank :      979
     Computing       time :    0.000000                    on MPI rank :      980
     Waiting lbc_lnk time :    0.000000 ( 0.0 %)           on MPI rank :      980
     Waiting  global time :    0.000000 ( 0.0 %)           on MPI rank :      980
     Total           time :  166.422104 (SYPD:     1.411 ) on MPI rank :      980
     Computing       time :    0.000000                    on MPI rank :      981
     Waiting lbc_lnk time :    0.000000 ( 0.0 %)           on MPI rank :      981
     Waiting  global time :    0.000000 ( 0.0 %)           on MPI rank :      981
     Total           time :  166.421088 (SYPD:     1.411 ) on MPI rank :      981
     Computing       time :    0.000000                    on MPI rank :      982
     Waiting lbc_lnk time :    0.000000 ( 0.0 %)           on MPI rank :      982
     Waiting  global time :    0.000000 ( 0.0 %)           on MPI rank :      982
     Total           time :  166.421257 (SYPD:     1.411 ) on MPI rank :      982
     Computing       time :    0.000000                    on MPI rank :      983
     Waiting lbc_lnk time :    0.000000 ( 0.0 %)           on MPI rank :      983
     Waiting  global time :    0.000000 ( 0.0 %)           on MPI rank :      983
     Total           time :  166.421671 (SYPD:     1.411 ) on MPI rank :      983
     Computing       time :    0.000000                    on MPI rank :      984
     Waiting lbc_lnk time :    0.000000 ( 0.0 %)           on MPI rank :      984
     Waiting  global time :    0.000000 ( 0.0 %)           on MPI rank :      984
     Total           time :  166.421347 (SYPD:     1.411 ) on MPI rank :      984
     Computing       time :    0.000000                    on MPI rank :      985
     Waiting lbc_lnk time :    0.000000 ( 0.0 %)           on MPI rank :      985
     Waiting  global time :    0.000000 ( 0.0 %)           on MPI rank :      985
     Total           time :  166.421947 (SYPD:     1.411 ) on MPI rank :      985
     Computing       time :    0.000000                    on MPI rank :      986
     Waiting lbc_lnk time :    0.000000 ( 0.0 %)           on MPI rank :      986
     Waiting  global time :    0.000000 ( 0.0 %)           on MPI rank :      986
     Total           time :  166.421449 (SYPD:     1.411 ) on MPI rank :      986
     Computing       time :    0.000000                    on MPI rank :      987
     Waiting lbc_lnk time :    0.000000 ( 0.0 %)           on MPI rank :      987
     Waiting  global time :    0.000000 ( 0.0 %)           on MPI rank :      987
     Total           time :  166.422007 (SYPD:     1.411 ) on MPI rank :      987
     Computing       time :    0.000000                    on MPI rank :      988
     Waiting lbc_lnk time :    0.000000 ( 0.0 %)           on MPI rank :      988
     Waiting  global time :    0.000000 ( 0.0 %)           on MPI rank :      988
     Total           time :  166.422065 (SYPD:     1.411 ) on MPI rank :      988
     Computing       time :    0.000000                    on MPI rank :      989
     Waiting lbc_lnk time :    0.000000 ( 0.0 %)           on MPI rank :      989
     Waiting  global time :    0.000000 ( 0.0 %)           on MPI rank :      989
     Total           time :  166.421820 (SYPD:     1.411 ) on MPI rank :      989
     Computing       time :    0.000000                    on MPI rank :      990
     Waiting lbc_lnk time :    0.000000 ( 0.0 %)           on MPI rank :      990
     Waiting  global time :    0.000000 ( 0.0 %)           on MPI rank :      990
     Total           time :  166.422025 (SYPD:     1.411 ) on MPI rank :      990
     Computing       time :    0.000000                    on MPI rank :      991
     Waiting lbc_lnk time :    0.000000 ( 0.0 %)           on MPI rank :      991
     Waiting  global time :    0.000000 ( 0.0 %)           on MPI rank :      991
     Total           time :  166.421980 (SYPD:     1.411 ) on MPI rank :      991
     Computing       time :    0.000000                    on MPI rank :      992
     Waiting lbc_lnk time :    0.000000 ( 0.0 %)           on MPI rank :      992
     Waiting  global time :    0.000000 ( 0.0 %)           on MPI rank :      992
     Total           time :  166.422535 (SYPD:     1.411 ) on MPI rank :      992
     Computing       time :    0.000000                    on MPI rank :      993
     Waiting lbc_lnk time :    0.000000 ( 0.0 %)           on MPI rank :      993
     Waiting  global time :    0.000000 ( 0.0 %)           on MPI rank :      993
     Total           time :  166.421618 (SYPD:     1.411 ) on MPI rank :      993
     Computing       time :    0.000000                    on MPI rank :      994
     Waiting lbc_lnk time :    0.000000 ( 0.0 %)           on MPI rank :      994
     Waiting  global time :    0.000000 ( 0.0 %)           on MPI rank :      994
     Total           time :  166.421588 (SYPD:     1.411 ) on MPI rank :      994
     Computing       time :    0.000000                    on MPI rank :      995
     Waiting lbc_lnk time :    0.000000 ( 0.0 %)           on MPI rank :      995
     Waiting  global time :    0.000000 ( 0.0 %)           on MPI rank :      995
     Total           time :  166.421036 (SYPD:     1.411 ) on MPI rank :      995
     Computing       time :    0.000000                    on MPI rank :      996
     Waiting lbc_lnk time :    0.000000 ( 0.0 %)           on MPI rank :      996
     Waiting  global time :    0.000000 ( 0.0 %)           on MPI rank :      996
     Total           time :  166.422067 (SYPD:     1.411 ) on MPI rank :      996
     Computing       time :    0.000000                    on MPI rank :      997
     Waiting lbc_lnk time :    0.000000 ( 0.0 %)           on MPI rank :      997
     Waiting  global time :    0.000000 ( 0.0 %)           on MPI rank :      997
     Total           time :  166.421998 (SYPD:     1.411 ) on MPI rank :      997
     Computing       time :    0.000000                    on MPI rank :      998
     Waiting lbc_lnk time :    0.000000 ( 0.0 %)           on MPI rank :      998
     Waiting  global time :    0.000000 ( 0.0 %)           on MPI rank :      998
     Total           time :  166.421779 (SYPD:     1.411 ) on MPI rank :      998
     Computing       time :    0.000000                    on MPI rank :      999
     Waiting lbc_lnk time :    0.000000 ( 0.0 %)           on MPI rank :      999
     Waiting  global time :    0.000000 ( 0.0 %)           on MPI rank :      999
     Total           time :  166.421518 (SYPD:     1.411 ) on MPI rank :      999
     Computing       time :    0.000000                    on MPI rank :     1000
     Waiting lbc_lnk time :    0.000000 ( 0.0 %)           on MPI rank :     1000
     Waiting  global time :    0.000000 ( 0.0 %)           on MPI rank :     1000
     Total           time :  166.422190 (SYPD:     1.411 ) on MPI rank :     1000
     Computing       time :    0.000000                    on MPI rank :     1001
     Waiting lbc_lnk time :    0.000000 ( 0.0 %)           on MPI rank :     1001
     Waiting  global time :    0.000000 ( 0.0 %)           on MPI rank :     1001
     Total           time :  166.422401 (SYPD:     1.411 ) on MPI rank :     1001
     Computing       time :    0.000000                    on MPI rank :     1002
     Waiting lbc_lnk time :    0.000000 ( 0.0 %)           on MPI rank :     1002
     Waiting  global time :    0.000000 ( 0.0 %)           on MPI rank :     1002
     Total           time :  166.422032 (SYPD:     1.411 ) on MPI rank :     1002
     Computing       time :    0.000000                    on MPI rank :     1003
     Waiting lbc_lnk time :    0.000000 ( 0.0 %)           on MPI rank :     1003
     Waiting  global time :    0.000000 ( 0.0 %)           on MPI rank :     1003
     Total           time :  166.422372 (SYPD:     1.411 ) on MPI rank :     1003
     Computing       time :    0.000000                    on MPI rank :     1004
     Waiting lbc_lnk time :    0.000000 ( 0.0 %)           on MPI rank :     1004
     Waiting  global time :    0.000000 ( 0.0 %)           on MPI rank :     1004
     Total           time :  166.422068 (SYPD:     1.411 ) on MPI rank :     1004
     Computing       time :    0.000000                    on MPI rank :     1005
     Waiting lbc_lnk time :    0.000000 ( 0.0 %)           on MPI rank :     1005
     Waiting  global time :    0.000000 ( 0.0 %)           on MPI rank :     1005
     Total           time :  166.422161 (SYPD:     1.411 ) on MPI rank :     1005
     Computing       time :    0.000000                    on MPI rank :     1006
     Waiting lbc_lnk time :    0.000000 ( 0.0 %)           on MPI rank :     1006
     Waiting  global time :    0.000000 ( 0.0 %)           on MPI rank :     1006
     Total           time :  166.422247 (SYPD:     1.411 ) on MPI rank :     1006
     Computing       time :    0.000000                    on MPI rank :     1007
     Waiting lbc_lnk time :    0.000000 ( 0.0 %)           on MPI rank :     1007
     Waiting  global time :    0.000000 ( 0.0 %)           on MPI rank :     1007
     Total           time :  166.421240 (SYPD:     1.411 ) on MPI rank :     1007
     Computing       time :    0.000000                    on MPI rank :     1008
     Waiting lbc_lnk time :    0.000000 ( 0.0 %)           on MPI rank :     1008
     Waiting  global time :    0.000000 ( 0.0 %)           on MPI rank :     1008
     Total           time :  166.422417 (SYPD:     1.411 ) on MPI rank :     1008
     Computing       time :    0.000000                    on MPI rank :     1009
     Waiting lbc_lnk time :    0.000000 ( 0.0 %)           on MPI rank :     1009
     Waiting  global time :    0.000000 ( 0.0 %)           on MPI rank :     1009
     Total           time :  166.421512 (SYPD:     1.411 ) on MPI rank :     1009
     Computing       time :    0.000000                    on MPI rank :     1010
     Waiting lbc_lnk time :    0.000000 ( 0.0 %)           on MPI rank :     1010
     Waiting  global time :    0.000000 ( 0.0 %)           on MPI rank :     1010
     Total           time :  166.421961 (SYPD:     1.411 ) on MPI rank :     1010
     Computing       time :    0.000000                    on MPI rank :     1011
     Waiting lbc_lnk time :    0.000000 ( 0.0 %)           on MPI rank :     1011
     Waiting  global time :    0.000000 ( 0.0 %)           on MPI rank :     1011
     Total           time :  166.421916 (SYPD:     1.411 ) on MPI rank :     1011
     Computing       time :    0.000000                    on MPI rank :     1012
     Waiting lbc_lnk time :    0.000000 ( 0.0 %)           on MPI rank :     1012
     Waiting  global time :    0.000000 ( 0.0 %)           on MPI rank :     1012
     Total           time :  166.422227 (SYPD:     1.411 ) on MPI rank :     1012
     Computing       time :    0.000000                    on MPI rank :     1013
     Waiting lbc_lnk time :    0.000000 ( 0.0 %)           on MPI rank :     1013
     Waiting  global time :    0.000000 ( 0.0 %)           on MPI rank :     1013
     Total           time :  166.421820 (SYPD:     1.411 ) on MPI rank :     1013
     Computing       time :    0.000000                    on MPI rank :     1014
     Waiting lbc_lnk time :    0.000000 ( 0.0 %)           on MPI rank :     1014
     Waiting  global time :    0.000000 ( 0.0 %)           on MPI rank :     1014
     Total           time :  166.421277 (SYPD:     1.411 ) on MPI rank :     1014
     Computing       time :    0.000000                    on MPI rank :     1015
     Waiting lbc_lnk time :    0.000000 ( 0.0 %)           on MPI rank :     1015
     Waiting  global time :    0.000000 ( 0.0 %)           on MPI rank :     1015
     Total           time :  166.421950 (SYPD:     1.411 ) on MPI rank :     1015
     Computing       time :    0.000000                    on MPI rank :     1016
     Waiting lbc_lnk time :    0.000000 ( 0.0 %)           on MPI rank :     1016
     Waiting  global time :    0.000000 ( 0.0 %)           on MPI rank :     1016
     Total           time :  166.421564 (SYPD:     1.411 ) on MPI rank :     1016
     Computing       time :    0.000000                    on MPI rank :     1017
     Waiting lbc_lnk time :    0.000000 ( 0.0 %)           on MPI rank :     1017
     Waiting  global time :    0.000000 ( 0.0 %)           on MPI rank :     1017
     Total           time :  166.421814 (SYPD:     1.411 ) on MPI rank :     1017
     Computing       time :    0.000000                    on MPI rank :     1018
     Waiting lbc_lnk time :    0.000000 ( 0.0 %)           on MPI rank :     1018
     Waiting  global time :    0.000000 ( 0.0 %)           on MPI rank :     1018
     Total           time :  166.421719 (SYPD:     1.411 ) on MPI rank :     1018
     Computing       time :    0.000000                    on MPI rank :     1019
     Waiting lbc_lnk time :    0.000000 ( 0.0 %)           on MPI rank :     1019
     Waiting  global time :    0.000000 ( 0.0 %)           on MPI rank :     1019
     Total           time :  166.421823 (SYPD:     1.411 ) on MPI rank :     1019
     Computing       time :    0.000000                    on MPI rank :     1020
     Waiting lbc_lnk time :    0.000000 ( 0.0 %)           on MPI rank :     1020
     Waiting  global time :    0.000000 ( 0.0 %)           on MPI rank :     1020
     Total           time :  166.421516 (SYPD:     1.411 ) on MPI rank :     1020
     Computing       time :    0.000000                    on MPI rank :     1021
     Waiting lbc_lnk time :    0.000000 ( 0.0 %)           on MPI rank :     1021
     Waiting  global time :    0.000000 ( 0.0 %)           on MPI rank :     1021
     Total           time :  166.421885 (SYPD:     1.411 ) on MPI rank :     1021
     Computing       time :    0.000000                    on MPI rank :     1022
     Waiting lbc_lnk time :    0.000000 ( 0.0 %)           on MPI rank :     1022
     Waiting  global time :    0.000000 ( 0.0 %)           on MPI rank :     1022
     Total           time :  166.421800 (SYPD:     1.411 ) on MPI rank :     1022
     Computing       time :    0.000000                    on MPI rank :     1023
     Waiting lbc_lnk time :    0.000000 ( 0.0 %)           on MPI rank :     1023
     Waiting  global time :    0.000000 ( 0.0 %)           on MPI rank :     1023
     Total           time :  166.421233 (SYPD:     1.411 ) on MPI rank :     1023
     Computing       time :    0.000000                    on MPI rank :     1024
     Waiting lbc_lnk time :    0.000000 ( 0.0 %)           on MPI rank :     1024
     Waiting  global time :    0.000000 ( 0.0 %)           on MPI rank :     1024
     Total           time :  166.421488 (SYPD:     1.411 ) on MPI rank :     1024
     Computing       time :    0.000000                    on MPI rank :     1025
     Waiting lbc_lnk time :    0.000000 ( 0.0 %)           on MPI rank :     1025
     Waiting  global time :    0.000000 ( 0.0 %)           on MPI rank :     1025
     Total           time :  166.422456 (SYPD:     1.411 ) on MPI rank :     1025
     Computing       time :    0.000000                    on MPI rank :     1026
     Waiting lbc_lnk time :    0.000000 ( 0.0 %)           on MPI rank :     1026
     Waiting  global time :    0.000000 ( 0.0 %)           on MPI rank :     1026
     Total           time :  166.421674 (SYPD:     1.411 ) on MPI rank :     1026
     Computing       time :    0.000000                    on MPI rank :     1027
     Waiting lbc_lnk time :    0.000000 ( 0.0 %)           on MPI rank :     1027
     Waiting  global time :    0.000000 ( 0.0 %)           on MPI rank :     1027
     Total           time :  166.421388 (SYPD:     1.411 ) on MPI rank :     1027
     Computing       time :    0.000000                    on MPI rank :     1028
     Waiting lbc_lnk time :    0.000000 ( 0.0 %)           on MPI rank :     1028
     Waiting  global time :    0.000000 ( 0.0 %)           on MPI rank :     1028
     Total           time :  166.422138 (SYPD:     1.411 ) on MPI rank :     1028
     Computing       time :    0.000000                    on MPI rank :     1029
     Waiting lbc_lnk time :    0.000000 ( 0.0 %)           on MPI rank :     1029
     Waiting  global time :    0.000000 ( 0.0 %)           on MPI rank :     1029
     Total           time :  166.422223 (SYPD:     1.411 ) on MPI rank :     1029
     Computing       time :    0.000000                    on MPI rank :     1030
     Waiting lbc_lnk time :    0.000000 ( 0.0 %)           on MPI rank :     1030
     Waiting  global time :    0.000000 ( 0.0 %)           on MPI rank :     1030
     Total           time :  166.421990 (SYPD:     1.411 ) on MPI rank :     1030
     Computing       time :    0.000000                    on MPI rank :     1031
     Waiting lbc_lnk time :    0.000000 ( 0.0 %)           on MPI rank :     1031
     Waiting  global time :    0.000000 ( 0.0 %)           on MPI rank :     1031
     Total           time :  166.422258 (SYPD:     1.411 ) on MPI rank :     1031
     Computing       time :    0.000000                    on MPI rank :     1032
     Waiting lbc_lnk time :    0.000000 ( 0.0 %)           on MPI rank :     1032
     Waiting  global time :    0.000000 ( 0.0 %)           on MPI rank :     1032
     Total           time :  166.421559 (SYPD:     1.411 ) on MPI rank :     1032
     Computing       time :    0.000000                    on MPI rank :     1033
     Waiting lbc_lnk time :    0.000000 ( 0.0 %)           on MPI rank :     1033
     Waiting  global time :    0.000000 ( 0.0 %)           on MPI rank :     1033
     Total           time :  166.422656 (SYPD:     1.411 ) on MPI rank :     1033
     Computing       time :    0.000000                    on MPI rank :     1034
     Waiting lbc_lnk time :    0.000000 ( 0.0 %)           on MPI rank :     1034
     Waiting  global time :    0.000000 ( 0.0 %)           on MPI rank :     1034
     Total           time :  166.421391 (SYPD:     1.411 ) on MPI rank :     1034
     Computing       time :    0.000000                    on MPI rank :     1035
     Waiting lbc_lnk time :    0.000000 ( 0.0 %)           on MPI rank :     1035
     Waiting  global time :    0.000000 ( 0.0 %)           on MPI rank :     1035
     Total           time :  166.421700 (SYPD:     1.411 ) on MPI rank :     1035
     Computing       time :    0.000000                    on MPI rank :     1036
     Waiting lbc_lnk time :    0.000000 ( 0.0 %)           on MPI rank :     1036
     Waiting  global time :    0.000000 ( 0.0 %)           on MPI rank :     1036
     Total           time :  166.421861 (SYPD:     1.411 ) on MPI rank :     1036
     Computing       time :    0.000000                    on MPI rank :     1037
     Waiting lbc_lnk time :    0.000000 ( 0.0 %)           on MPI rank :     1037
     Waiting  global time :    0.000000 ( 0.0 %)           on MPI rank :     1037
     Total           time :  166.421378 (SYPD:     1.411 ) on MPI rank :     1037
     Computing       time :    0.000000                    on MPI rank :     1038
     Waiting lbc_lnk time :    0.000000 ( 0.0 %)           on MPI rank :     1038
     Waiting  global time :    0.000000 ( 0.0 %)           on MPI rank :     1038
     Total           time :  166.422180 (SYPD:     1.411 ) on MPI rank :     1038
     Computing       time :    0.000000                    on MPI rank :     1039
     Waiting lbc_lnk time :    0.000000 ( 0.0 %)           on MPI rank :     1039
     Waiting  global time :    0.000000 ( 0.0 %)           on MPI rank :     1039
     Total           time :  166.422248 (SYPD:     1.411 ) on MPI rank :     1039
     Computing       time :    0.000000                    on MPI rank :     1040
     Waiting lbc_lnk time :    0.000000 ( 0.0 %)           on MPI rank :     1040
     Waiting  global time :    0.000000 ( 0.0 %)           on MPI rank :     1040
     Total           time :  166.421809 (SYPD:     1.411 ) on MPI rank :     1040
     Computing       time :    0.000000                    on MPI rank :     1041
     Waiting lbc_lnk time :    0.000000 ( 0.0 %)           on MPI rank :     1041
     Waiting  global time :    0.000000 ( 0.0 %)           on MPI rank :     1041
     Total           time :  166.421966 (SYPD:     1.411 ) on MPI rank :     1041
     Computing       time :    0.000000                    on MPI rank :     1042
     Waiting lbc_lnk time :    0.000000 ( 0.0 %)           on MPI rank :     1042
     Waiting  global time :    0.000000 ( 0.0 %)           on MPI rank :     1042
     Total           time :  166.421143 (SYPD:     1.411 ) on MPI rank :     1042
     Computing       time :    0.000000                    on MPI rank :     1043
     Waiting lbc_lnk time :    0.000000 ( 0.0 %)           on MPI rank :     1043
     Waiting  global time :    0.000000 ( 0.0 %)           on MPI rank :     1043
     Total           time :  166.421821 (SYPD:     1.411 ) on MPI rank :     1043
     Computing       time :    0.000000                    on MPI rank :     1044
     Waiting lbc_lnk time :    0.000000 ( 0.0 %)           on MPI rank :     1044
     Waiting  global time :    0.000000 ( 0.0 %)           on MPI rank :     1044
     Total           time :  166.421813 (SYPD:     1.411 ) on MPI rank :     1044
     Computing       time :    0.000000                    on MPI rank :     1045
     Waiting lbc_lnk time :    0.000000 ( 0.0 %)           on MPI rank :     1045
     Waiting  global time :    0.000000 ( 0.0 %)           on MPI rank :     1045
     Total           time :  166.421940 (SYPD:     1.411 ) on MPI rank :     1045
     Computing       time :    0.000000                    on MPI rank :     1046
     Waiting lbc_lnk time :    0.000000 ( 0.0 %)           on MPI rank :     1046
     Waiting  global time :    0.000000 ( 0.0 %)           on MPI rank :     1046
     Total           time :  166.421515 (SYPD:     1.411 ) on MPI rank :     1046
     Computing       time :    0.000000                    on MPI rank :     1047
     Waiting lbc_lnk time :    0.000000 ( 0.0 %)           on MPI rank :     1047
     Waiting  global time :    0.000000 ( 0.0 %)           on MPI rank :     1047
     Total           time :  166.422676 (SYPD:     1.411 ) on MPI rank :     1047
     Computing       time :    0.000000                    on MPI rank :     1048
     Waiting lbc_lnk time :    0.000000 ( 0.0 %)           on MPI rank :     1048
     Waiting  global time :    0.000000 ( 0.0 %)           on MPI rank :     1048
     Total           time :  166.421667 (SYPD:     1.411 ) on MPI rank :     1048
     Computing       time :    0.000000                    on MPI rank :     1049
     Waiting lbc_lnk time :    0.000000 ( 0.0 %)           on MPI rank :     1049
     Waiting  global time :    0.000000 ( 0.0 %)           on MPI rank :     1049
     Total           time :  166.422043 (SYPD:     1.411 ) on MPI rank :     1049
     Computing       time :    0.000000                    on MPI rank :     1050
     Waiting lbc_lnk time :    0.000000 ( 0.0 %)           on MPI rank :     1050
     Waiting  global time :    0.000000 ( 0.0 %)           on MPI rank :     1050
     Total           time :  166.422052 (SYPD:     1.411 ) on MPI rank :     1050
     Computing       time :    0.000000                    on MPI rank :     1051
     Waiting lbc_lnk time :    0.000000 ( 0.0 %)           on MPI rank :     1051
     Waiting  global time :    0.000000 ( 0.0 %)           on MPI rank :     1051
     Total           time :  166.421951 (SYPD:     1.411 ) on MPI rank :     1051
     Computing       time :    0.000000                    on MPI rank :     1052
     Waiting lbc_lnk time :    0.000000 ( 0.0 %)           on MPI rank :     1052
     Waiting  global time :    0.000000 ( 0.0 %)           on MPI rank :     1052
     Total           time :  166.421215 (SYPD:     1.411 ) on MPI rank :     1052
     Computing       time :    0.000000                    on MPI rank :     1053
     Waiting lbc_lnk time :    0.000000 ( 0.0 %)           on MPI rank :     1053
     Waiting  global time :    0.000000 ( 0.0 %)           on MPI rank :     1053
     Total           time :  166.421929 (SYPD:     1.411 ) on MPI rank :     1053
     Computing       time :    0.000000                    on MPI rank :     1054
     Waiting lbc_lnk time :    0.000000 ( 0.0 %)           on MPI rank :     1054
     Waiting  global time :    0.000000 ( 0.0 %)           on MPI rank :     1054
     Total           time :  166.422230 (SYPD:     1.411 ) on MPI rank :     1054
     Computing       time :    0.000000                    on MPI rank :     1055
     Waiting lbc_lnk time :    0.000000 ( 0.0 %)           on MPI rank :     1055
     Waiting  global time :    0.000000 ( 0.0 %)           on MPI rank :     1055
     Total           time :  166.421613 (SYPD:     1.411 ) on MPI rank :     1055
     Computing       time :    0.000000                    on MPI rank :     1056
     Waiting lbc_lnk time :    0.000000 ( 0.0 %)           on MPI rank :     1056
     Waiting  global time :    0.000000 ( 0.0 %)           on MPI rank :     1056
     Total           time :  166.421640 (SYPD:     1.411 ) on MPI rank :     1056
     Computing       time :    0.000000                    on MPI rank :     1057
     Waiting lbc_lnk time :    0.000000 ( 0.0 %)           on MPI rank :     1057
     Waiting  global time :    0.000000 ( 0.0 %)           on MPI rank :     1057
     Total           time :  166.421609 (SYPD:     1.411 ) on MPI rank :     1057
     Computing       time :    0.000000                    on MPI rank :     1058
     Waiting lbc_lnk time :    0.000000 ( 0.0 %)           on MPI rank :     1058
     Waiting  global time :    0.000000 ( 0.0 %)           on MPI rank :     1058
     Total           time :  166.421850 (SYPD:     1.411 ) on MPI rank :     1058
     Computing       time :    0.000000                    on MPI rank :     1059
     Waiting lbc_lnk time :    0.000000 ( 0.0 %)           on MPI rank :     1059
     Waiting  global time :    0.000000 ( 0.0 %)           on MPI rank :     1059
     Total           time :  166.421685 (SYPD:     1.411 ) on MPI rank :     1059
     Computing       time :    0.000000                    on MPI rank :     1060
     Waiting lbc_lnk time :    0.000000 ( 0.0 %)           on MPI rank :     1060
     Waiting  global time :    0.000000 ( 0.0 %)           on MPI rank :     1060
     Total           time :  166.421636 (SYPD:     1.411 ) on MPI rank :     1060
     Computing       time :    0.000000                    on MPI rank :     1061
     Waiting lbc_lnk time :    0.000000 ( 0.0 %)           on MPI rank :     1061
     Waiting  global time :    0.000000 ( 0.0 %)           on MPI rank :     1061
     Total           time :  166.421630 (SYPD:     1.411 ) on MPI rank :     1061
     Computing       time :    0.000000                    on MPI rank :     1062
     Waiting lbc_lnk time :    0.000000 ( 0.0 %)           on MPI rank :     1062
     Waiting  global time :    0.000000 ( 0.0 %)           on MPI rank :     1062
     Total           time :  166.421582 (SYPD:     1.411 ) on MPI rank :     1062
     Computing       time :    0.000000                    on MPI rank :     1063
     Waiting lbc_lnk time :    0.000000 ( 0.0 %)           on MPI rank :     1063
     Waiting  global time :    0.000000 ( 0.0 %)           on MPI rank :     1063
     Total           time :  166.421176 (SYPD:     1.411 ) on MPI rank :     1063
     Computing       time :    0.000000                    on MPI rank :     1064
     Waiting lbc_lnk time :    0.000000 ( 0.0 %)           on MPI rank :     1064
     Waiting  global time :    0.000000 ( 0.0 %)           on MPI rank :     1064
     Total           time :  166.421643 (SYPD:     1.411 ) on MPI rank :     1064
     Computing       time :    0.000000                    on MPI rank :     1065
     Waiting lbc_lnk time :    0.000000 ( 0.0 %)           on MPI rank :     1065
     Waiting  global time :    0.000000 ( 0.0 %)           on MPI rank :     1065
     Total           time :  166.422139 (SYPD:     1.411 ) on MPI rank :     1065
     Computing       time :    0.000000                    on MPI rank :     1066
     Waiting lbc_lnk time :    0.000000 ( 0.0 %)           on MPI rank :     1066
     Waiting  global time :    0.000000 ( 0.0 %)           on MPI rank :     1066
     Total           time :  166.421393 (SYPD:     1.411 ) on MPI rank :     1066
     Computing       time :    0.000000                    on MPI rank :     1067
     Waiting lbc_lnk time :    0.000000 ( 0.0 %)           on MPI rank :     1067
     Waiting  global time :    0.000000 ( 0.0 %)           on MPI rank :     1067
     Total           time :  166.421539 (SYPD:     1.411 ) on MPI rank :     1067
     Computing       time :    0.000000                    on MPI rank :     1068
     Waiting lbc_lnk time :    0.000000 ( 0.0 %)           on MPI rank :     1068
     Waiting  global time :    0.000000 ( 0.0 %)           on MPI rank :     1068
     Total           time :  166.422168 (SYPD:     1.411 ) on MPI rank :     1068
     Computing       time :    0.000000                    on MPI rank :     1069
     Waiting lbc_lnk time :    0.000000 ( 0.0 %)           on MPI rank :     1069
     Waiting  global time :    0.000000 ( 0.0 %)           on MPI rank :     1069
     Total           time :  166.422464 (SYPD:     1.411 ) on MPI rank :     1069
     Computing       time :    0.000000                    on MPI rank :     1070
     Waiting lbc_lnk time :    0.000000 ( 0.0 %)           on MPI rank :     1070
     Waiting  global time :    0.000000 ( 0.0 %)           on MPI rank :     1070
     Total           time :  166.422034 (SYPD:     1.411 ) on MPI rank :     1070
     Computing       time :    0.000000                    on MPI rank :     1071
     Waiting lbc_lnk time :    0.000000 ( 0.0 %)           on MPI rank :     1071
     Waiting  global time :    0.000000 ( 0.0 %)           on MPI rank :     1071
     Total           time :  166.421515 (SYPD:     1.411 ) on MPI rank :     1071
     Computing       time :    0.000000                    on MPI rank :     1072
     Waiting lbc_lnk time :    0.000000 ( 0.0 %)           on MPI rank :     1072
     Waiting  global time :    0.000000 ( 0.0 %)           on MPI rank :     1072
     Total           time :  166.422108 (SYPD:     1.411 ) on MPI rank :     1072
     Computing       time :    0.000000                    on MPI rank :     1073
     Waiting lbc_lnk time :    0.000000 ( 0.0 %)           on MPI rank :     1073
     Waiting  global time :    0.000000 ( 0.0 %)           on MPI rank :     1073
     Total           time :  166.421601 (SYPD:     1.411 ) on MPI rank :     1073
     Computing       time :    0.000000                    on MPI rank :     1074
     Waiting lbc_lnk time :    0.000000 ( 0.0 %)           on MPI rank :     1074
     Waiting  global time :    0.000000 ( 0.0 %)           on MPI rank :     1074
     Total           time :  166.420867 (SYPD:     1.411 ) on MPI rank :     1074
     Computing       time :    0.000000                    on MPI rank :     1075
     Waiting lbc_lnk time :    0.000000 ( 0.0 %)           on MPI rank :     1075
     Waiting  global time :    0.000000 ( 0.0 %)           on MPI rank :     1075
     Total           time :  166.422439 (SYPD:     1.411 ) on MPI rank :     1075
     Computing       time :    0.000000                    on MPI rank :     1076
     Waiting lbc_lnk time :    0.000000 ( 0.0 %)           on MPI rank :     1076
     Waiting  global time :    0.000000 ( 0.0 %)           on MPI rank :     1076
     Total           time :  166.421936 (SYPD:     1.411 ) on MPI rank :     1076
     Computing       time :    0.000000                    on MPI rank :     1077
     Waiting lbc_lnk time :    0.000000 ( 0.0 %)           on MPI rank :     1077
     Waiting  global time :    0.000000 ( 0.0 %)           on MPI rank :     1077
     Total           time :  166.421493 (SYPD:     1.411 ) on MPI rank :     1077
     Computing       time :    0.000000                    on MPI rank :     1078
     Waiting lbc_lnk time :    0.000000 ( 0.0 %)           on MPI rank :     1078
     Waiting  global time :    0.000000 ( 0.0 %)           on MPI rank :     1078
     Total           time :  166.421627 (SYPD:     1.411 ) on MPI rank :     1078
     Computing       time :    0.000000                    on MPI rank :     1079
     Waiting lbc_lnk time :    0.000000 ( 0.0 %)           on MPI rank :     1079
     Waiting  global time :    0.000000 ( 0.0 %)           on MPI rank :     1079
     Total           time :  166.421981 (SYPD:     1.411 ) on MPI rank :     1079
     Computing       time :    0.000000                    on MPI rank :     1080
     Waiting lbc_lnk time :    0.000000 ( 0.0 %)           on MPI rank :     1080
     Waiting  global time :    0.000000 ( 0.0 %)           on MPI rank :     1080
     Total           time :  166.421935 (SYPD:     1.411 ) on MPI rank :     1080
     Computing       time :    0.000000                    on MPI rank :     1081
     Waiting lbc_lnk time :    0.000000 ( 0.0 %)           on MPI rank :     1081
     Waiting  global time :    0.000000 ( 0.0 %)           on MPI rank :     1081
     Total           time :  166.421910 (SYPD:     1.411 ) on MPI rank :     1081
     Computing       time :    0.000000                    on MPI rank :     1082
     Waiting lbc_lnk time :    0.000000 ( 0.0 %)           on MPI rank :     1082
     Waiting  global time :    0.000000 ( 0.0 %)           on MPI rank :     1082
     Total           time :  166.421742 (SYPD:     1.411 ) on MPI rank :     1082
     Computing       time :    0.000000                    on MPI rank :     1083
     Waiting lbc_lnk time :    0.000000 ( 0.0 %)           on MPI rank :     1083
     Waiting  global time :    0.000000 ( 0.0 %)           on MPI rank :     1083
     Total           time :  166.422357 (SYPD:     1.411 ) on MPI rank :     1083
     Computing       time :    0.000000                    on MPI rank :     1084
     Waiting lbc_lnk time :    0.000000 ( 0.0 %)           on MPI rank :     1084
     Waiting  global time :    0.000000 ( 0.0 %)           on MPI rank :     1084
     Total           time :  166.422005 (SYPD:     1.411 ) on MPI rank :     1084
     Computing       time :    0.000000                    on MPI rank :     1085
     Waiting lbc_lnk time :    0.000000 ( 0.0 %)           on MPI rank :     1085
     Waiting  global time :    0.000000 ( 0.0 %)           on MPI rank :     1085
     Total           time :  166.421616 (SYPD:     1.411 ) on MPI rank :     1085
     Computing       time :    0.000000                    on MPI rank :     1086
     Waiting lbc_lnk time :    0.000000 ( 0.0 %)           on MPI rank :     1086
     Waiting  global time :    0.000000 ( 0.0 %)           on MPI rank :     1086
     Total           time :  166.421689 (SYPD:     1.411 ) on MPI rank :     1086
     Computing       time :    0.000000                    on MPI rank :     1087
     Waiting lbc_lnk time :    0.000000 ( 0.0 %)           on MPI rank :     1087
     Waiting  global time :    0.000000 ( 0.0 %)           on MPI rank :     1087
     Total           time :  166.421964 (SYPD:     1.411 ) on MPI rank :     1087
     Computing       time :    0.000000                    on MPI rank :     1088
     Waiting lbc_lnk time :    0.000000 ( 0.0 %)           on MPI rank :     1088
     Waiting  global time :    0.000000 ( 0.0 %)           on MPI rank :     1088
     Total           time :  166.422892 (SYPD:     1.411 ) on MPI rank :     1088
     Computing       time :    0.000000                    on MPI rank :     1089
     Waiting lbc_lnk time :    0.000000 ( 0.0 %)           on MPI rank :     1089
     Waiting  global time :    0.000000 ( 0.0 %)           on MPI rank :     1089
     Total           time :  166.422075 (SYPD:     1.411 ) on MPI rank :     1089
     Computing       time :    0.000000                    on MPI rank :     1090
     Waiting lbc_lnk time :    0.000000 ( 0.0 %)           on MPI rank :     1090
     Waiting  global time :    0.000000 ( 0.0 %)           on MPI rank :     1090
     Total           time :  166.422286 (SYPD:     1.411 ) on MPI rank :     1090
     Computing       time :    0.000000                    on MPI rank :     1091
     Waiting lbc_lnk time :    0.000000 ( 0.0 %)           on MPI rank :     1091
     Waiting  global time :    0.000000 ( 0.0 %)           on MPI rank :     1091
     Total           time :  166.422219 (SYPD:     1.411 ) on MPI rank :     1091
     Computing       time :    0.000000                    on MPI rank :     1092
     Waiting lbc_lnk time :    0.000000 ( 0.0 %)           on MPI rank :     1092
     Waiting  global time :    0.000000 ( 0.0 %)           on MPI rank :     1092
     Total           time :  166.422160 (SYPD:     1.411 ) on MPI rank :     1092
     Computing       time :    0.000000                    on MPI rank :     1093
     Waiting lbc_lnk time :    0.000000 ( 0.0 %)           on MPI rank :     1093
     Waiting  global time :    0.000000 ( 0.0 %)           on MPI rank :     1093
     Total           time :  166.422022 (SYPD:     1.411 ) on MPI rank :     1093
     Computing       time :    0.000000                    on MPI rank :     1094
     Waiting lbc_lnk time :    0.000000 ( 0.0 %)           on MPI rank :     1094
     Waiting  global time :    0.000000 ( 0.0 %)           on MPI rank :     1094
     Total           time :  166.421501 (SYPD:     1.411 ) on MPI rank :     1094
     Computing       time :    0.000000                    on MPI rank :     1095
     Waiting lbc_lnk time :    0.000000 ( 0.0 %)           on MPI rank :     1095
     Waiting  global time :    0.000000 ( 0.0 %)           on MPI rank :     1095
     Total           time :  166.421841 (SYPD:     1.411 ) on MPI rank :     1095
     Computing       time :    0.000000                    on MPI rank :     1096
     Waiting lbc_lnk time :    0.000000 ( 0.0 %)           on MPI rank :     1096
     Waiting  global time :    0.000000 ( 0.0 %)           on MPI rank :     1096
     Total           time :  166.421448 (SYPD:     1.411 ) on MPI rank :     1096
     Computing       time :    0.000000                    on MPI rank :     1097
     Waiting lbc_lnk time :    0.000000 ( 0.0 %)           on MPI rank :     1097
     Waiting  global time :    0.000000 ( 0.0 %)           on MPI rank :     1097
     Total           time :  166.421588 (SYPD:     1.411 ) on MPI rank :     1097
     Computing       time :    0.000000                    on MPI rank :     1098
     Waiting lbc_lnk time :    0.000000 ( 0.0 %)           on MPI rank :     1098
     Waiting  global time :    0.000000 ( 0.0 %)           on MPI rank :     1098
     Total           time :  166.422223 (SYPD:     1.411 ) on MPI rank :     1098
     Computing       time :    0.000000                    on MPI rank :     1099
     Waiting lbc_lnk time :    0.000000 ( 0.0 %)           on MPI rank :     1099
     Waiting  global time :    0.000000 ( 0.0 %)           on MPI rank :     1099
     Total           time :  166.421489 (SYPD:     1.411 ) on MPI rank :     1099
     Computing       time :    0.000000                    on MPI rank :     1100
     Waiting lbc_lnk time :    0.000000 ( 0.0 %)           on MPI rank :     1100
     Waiting  global time :    0.000000 ( 0.0 %)           on MPI rank :     1100
     Total           time :  166.421901 (SYPD:     1.411 ) on MPI rank :     1100
     Computing       time :    0.000000                    on MPI rank :     1101
     Waiting lbc_lnk time :    0.000000 ( 0.0 %)           on MPI rank :     1101
     Waiting  global time :    0.000000 ( 0.0 %)           on MPI rank :     1101
     Total           time :  166.421799 (SYPD:     1.411 ) on MPI rank :     1101
     Computing       time :    0.000000                    on MPI rank :     1102
     Waiting lbc_lnk time :    0.000000 ( 0.0 %)           on MPI rank :     1102
     Waiting  global time :    0.000000 ( 0.0 %)           on MPI rank :     1102
     Total           time :  166.422184 (SYPD:     1.411 ) on MPI rank :     1102
     Computing       time :    0.000000                    on MPI rank :     1103
     Waiting lbc_lnk time :    0.000000 ( 0.0 %)           on MPI rank :     1103
     Waiting  global time :    0.000000 ( 0.0 %)           on MPI rank :     1103
     Total           time :  166.421708 (SYPD:     1.411 ) on MPI rank :     1103
     Computing       time :    0.000000                    on MPI rank :     1104
     Waiting lbc_lnk time :    0.000000 ( 0.0 %)           on MPI rank :     1104
     Waiting  global time :    0.000000 ( 0.0 %)           on MPI rank :     1104
     Total           time :  166.421597 (SYPD:     1.411 ) on MPI rank :     1104
     Computing       time :    0.000000                    on MPI rank :     1105
     Waiting lbc_lnk time :    0.000000 ( 0.0 %)           on MPI rank :     1105
     Waiting  global time :    0.000000 ( 0.0 %)           on MPI rank :     1105
     Total           time :  166.422468 (SYPD:     1.411 ) on MPI rank :     1105
     Computing       time :    0.000000                    on MPI rank :     1106
     Waiting lbc_lnk time :    0.000000 ( 0.0 %)           on MPI rank :     1106
     Waiting  global time :    0.000000 ( 0.0 %)           on MPI rank :     1106
     Total           time :  166.421711 (SYPD:     1.411 ) on MPI rank :     1106
     Computing       time :    0.000000                    on MPI rank :     1107
     Waiting lbc_lnk time :    0.000000 ( 0.0 %)           on MPI rank :     1107
     Waiting  global time :    0.000000 ( 0.0 %)           on MPI rank :     1107
     Total           time :  166.421974 (SYPD:     1.411 ) on MPI rank :     1107
     Computing       time :    0.000000                    on MPI rank :     1108
     Waiting lbc_lnk time :    0.000000 ( 0.0 %)           on MPI rank :     1108
     Waiting  global time :    0.000000 ( 0.0 %)           on MPI rank :     1108
     Total           time :  166.422100 (SYPD:     1.411 ) on MPI rank :     1108
     Computing       time :    0.000000                    on MPI rank :     1109
     Waiting lbc_lnk time :    0.000000 ( 0.0 %)           on MPI rank :     1109
     Waiting  global time :    0.000000 ( 0.0 %)           on MPI rank :     1109
     Total           time :  166.421888 (SYPD:     1.411 ) on MPI rank :     1109
     Computing       time :    0.000000                    on MPI rank :     1110
     Waiting lbc_lnk time :    0.000000 ( 0.0 %)           on MPI rank :     1110
     Waiting  global time :    0.000000 ( 0.0 %)           on MPI rank :     1110
     Total           time :  166.421637 (SYPD:     1.411 ) on MPI rank :     1110
     Computing       time :    0.000000                    on MPI rank :     1111
     Waiting lbc_lnk time :    0.000000 ( 0.0 %)           on MPI rank :     1111
     Waiting  global time :    0.000000 ( 0.0 %)           on MPI rank :     1111
     Total           time :  166.421896 (SYPD:     1.411 ) on MPI rank :     1111
     Computing       time :    0.000000                    on MPI rank :     1112
     Waiting lbc_lnk time :    0.000000 ( 0.0 %)           on MPI rank :     1112
     Waiting  global time :    0.000000 ( 0.0 %)           on MPI rank :     1112
     Total           time :  166.421716 (SYPD:     1.411 ) on MPI rank :     1112
     Computing       time :    0.000000                    on MPI rank :     1113
     Waiting lbc_lnk time :    0.000000 ( 0.0 %)           on MPI rank :     1113
     Waiting  global time :    0.000000 ( 0.0 %)           on MPI rank :     1113
     Total           time :  166.421679 (SYPD:     1.411 ) on MPI rank :     1113
     Computing       time :    0.000000                    on MPI rank :     1114
     Waiting lbc_lnk time :    0.000000 ( 0.0 %)           on MPI rank :     1114
     Waiting  global time :    0.000000 ( 0.0 %)           on MPI rank :     1114
     Total           time :  166.421897 (SYPD:     1.411 ) on MPI rank :     1114
     Computing       time :    0.000000                    on MPI rank :     1115
     Waiting lbc_lnk time :    0.000000 ( 0.0 %)           on MPI rank :     1115
     Waiting  global time :    0.000000 ( 0.0 %)           on MPI rank :     1115
     Total           time :  166.422550 (SYPD:     1.411 ) on MPI rank :     1115
     Computing       time :    0.000000                    on MPI rank :     1116
     Waiting lbc_lnk time :    0.000000 ( 0.0 %)           on MPI rank :     1116
     Waiting  global time :    0.000000 ( 0.0 %)           on MPI rank :     1116
     Total           time :  166.390326 (SYPD:     1.411 ) on MPI rank :     1116
     Computing       time :    0.000000                    on MPI rank :     1117
     Waiting lbc_lnk time :    0.000000 ( 0.0 %)           on MPI rank :     1117
     Waiting  global time :    0.000000 ( 0.0 %)           on MPI rank :     1117
     Total           time :  166.421973 (SYPD:     1.411 ) on MPI rank :     1117
     Computing       time :    0.000000                    on MPI rank :     1118
     Waiting lbc_lnk time :    0.000000 ( 0.0 %)           on MPI rank :     1118
     Waiting  global time :    0.000000 ( 0.0 %)           on MPI rank :     1118
     Total           time :  166.422061 (SYPD:     1.411 ) on MPI rank :     1118
     Computing       time :    0.000000                    on MPI rank :     1119
     Waiting lbc_lnk time :    0.000000 ( 0.0 %)           on MPI rank :     1119
     Waiting  global time :    0.000000 ( 0.0 %)           on MPI rank :     1119
     Total           time :  166.422470 (SYPD:     1.411 ) on MPI rank :     1119
     Computing       time :    0.000000                    on MPI rank :     1120
     Waiting lbc_lnk time :    0.000000 ( 0.0 %)           on MPI rank :     1120
     Waiting  global time :    0.000000 ( 0.0 %)           on MPI rank :     1120
     Total           time :  166.421925 (SYPD:     1.411 ) on MPI rank :     1120
     Computing       time :    0.000000                    on MPI rank :     1121
     Waiting lbc_lnk time :    0.000000 ( 0.0 %)           on MPI rank :     1121
     Waiting  global time :    0.000000 ( 0.0 %)           on MPI rank :     1121
     Total           time :  166.422090 (SYPD:     1.411 ) on MPI rank :     1121
     Computing       time :    0.000000                    on MPI rank :     1122
     Waiting lbc_lnk time :    0.000000 ( 0.0 %)           on MPI rank :     1122
     Waiting  global time :    0.000000 ( 0.0 %)           on MPI rank :     1122
     Total           time :  166.422619 (SYPD:     1.411 ) on MPI rank :     1122
     Computing       time :    0.000000                    on MPI rank :     1123
     Waiting lbc_lnk time :    0.000000 ( 0.0 %)           on MPI rank :     1123
     Waiting  global time :    0.000000 ( 0.0 %)           on MPI rank :     1123
     Total           time :  166.422061 (SYPD:     1.411 ) on MPI rank :     1123
     Computing       time :    0.000000                    on MPI rank :     1124
     Waiting lbc_lnk time :    0.000000 ( 0.0 %)           on MPI rank :     1124
     Waiting  global time :    0.000000 ( 0.0 %)           on MPI rank :     1124
     Total           time :  166.422212 (SYPD:     1.411 ) on MPI rank :     1124
     Computing       time :    0.000000                    on MPI rank :     1125
     Waiting lbc_lnk time :    0.000000 ( 0.0 %)           on MPI rank :     1125
     Waiting  global time :    0.000000 ( 0.0 %)           on MPI rank :     1125
     Total           time :  166.421914 (SYPD:     1.411 ) on MPI rank :     1125
     Computing       time :    0.000000                    on MPI rank :     1126
     Waiting lbc_lnk time :    0.000000 ( 0.0 %)           on MPI rank :     1126
     Waiting  global time :    0.000000 ( 0.0 %)           on MPI rank :     1126
     Total           time :  166.422206 (SYPD:     1.411 ) on MPI rank :     1126
     Computing       time :    0.000000                    on MPI rank :     1127
     Waiting lbc_lnk time :    0.000000 ( 0.0 %)           on MPI rank :     1127
     Waiting  global time :    0.000000 ( 0.0 %)           on MPI rank :     1127
     Total           time :  166.422184 (SYPD:     1.411 ) on MPI rank :     1127
     Computing       time :    0.000000                    on MPI rank :     1128
     Waiting lbc_lnk time :    0.000000 ( 0.0 %)           on MPI rank :     1128
     Waiting  global time :    0.000000 ( 0.0 %)           on MPI rank :     1128
     Total           time :  166.422136 (SYPD:     1.411 ) on MPI rank :     1128
     Computing       time :    0.000000                    on MPI rank :     1129
     Waiting lbc_lnk time :    0.000000 ( 0.0 %)           on MPI rank :     1129
     Waiting  global time :    0.000000 ( 0.0 %)           on MPI rank :     1129
     Total           time :  166.421840 (SYPD:     1.411 ) on MPI rank :     1129
     Computing       time :    0.000000                    on MPI rank :     1130
     Waiting lbc_lnk time :    0.000000 ( 0.0 %)           on MPI rank :     1130
     Waiting  global time :    0.000000 ( 0.0 %)           on MPI rank :     1130
     Total           time :  166.422195 (SYPD:     1.411 ) on MPI rank :     1130
     Computing       time :    0.000000                    on MPI rank :     1131
     Waiting lbc_lnk time :    0.000000 ( 0.0 %)           on MPI rank :     1131
     Waiting  global time :    0.000000 ( 0.0 %)           on MPI rank :     1131
     Total           time :  166.422221 (SYPD:     1.411 ) on MPI rank :     1131
     Computing       time :    0.000000                    on MPI rank :     1132
     Waiting lbc_lnk time :    0.000000 ( 0.0 %)           on MPI rank :     1132
     Waiting  global time :    0.000000 ( 0.0 %)           on MPI rank :     1132
     Total           time :  166.421943 (SYPD:     1.411 ) on MPI rank :     1132
     Computing       time :    0.000000                    on MPI rank :     1133
     Waiting lbc_lnk time :    0.000000 ( 0.0 %)           on MPI rank :     1133
     Waiting  global time :    0.000000 ( 0.0 %)           on MPI rank :     1133
     Total           time :  166.421675 (SYPD:     1.411 ) on MPI rank :     1133
     Computing       time :    0.000000                    on MPI rank :     1134
     Waiting lbc_lnk time :    0.000000 ( 0.0 %)           on MPI rank :     1134
     Waiting  global time :    0.000000 ( 0.0 %)           on MPI rank :     1134
     Total           time :  166.422092 (SYPD:     1.411 ) on MPI rank :     1134
     Computing       time :    0.000000                    on MPI rank :     1135
     Waiting lbc_lnk time :    0.000000 ( 0.0 %)           on MPI rank :     1135
     Waiting  global time :    0.000000 ( 0.0 %)           on MPI rank :     1135
     Total           time :  166.422198 (SYPD:     1.411 ) on MPI rank :     1135
     Computing       time :    0.000000                    on MPI rank :     1136
     Waiting lbc_lnk time :    0.000000 ( 0.0 %)           on MPI rank :     1136
     Waiting  global time :    0.000000 ( 0.0 %)           on MPI rank :     1136
     Total           time :  166.421638 (SYPD:     1.411 ) on MPI rank :     1136
     Computing       time :    0.000000                    on MPI rank :     1137
     Waiting lbc_lnk time :    0.000000 ( 0.0 %)           on MPI rank :     1137
     Waiting  global time :    0.000000 ( 0.0 %)           on MPI rank :     1137
     Total           time :  166.421878 (SYPD:     1.411 ) on MPI rank :     1137
     Computing       time :    0.000000                    on MPI rank :     1138
     Waiting lbc_lnk time :    0.000000 ( 0.0 %)           on MPI rank :     1138
     Waiting  global time :    0.000000 ( 0.0 %)           on MPI rank :     1138
     Total           time :  166.422292 (SYPD:     1.411 ) on MPI rank :     1138
     Computing       time :    0.000000                    on MPI rank :     1139
     Waiting lbc_lnk time :    0.000000 ( 0.0 %)           on MPI rank :     1139
     Waiting  global time :    0.000000 ( 0.0 %)           on MPI rank :     1139
     Total           time :  166.421780 (SYPD:     1.411 ) on MPI rank :     1139
     Computing       time :    0.000000                    on MPI rank :     1140
     Waiting lbc_lnk time :    0.000000 ( 0.0 %)           on MPI rank :     1140
     Waiting  global time :    0.000000 ( 0.0 %)           on MPI rank :     1140
     Total           time :  166.421714 (SYPD:     1.411 ) on MPI rank :     1140
     Computing       time :    0.000000                    on MPI rank :     1141
     Waiting lbc_lnk time :    0.000000 ( 0.0 %)           on MPI rank :     1141
     Waiting  global time :    0.000000 ( 0.0 %)           on MPI rank :     1141
     Total           time :  166.422408 (SYPD:     1.411 ) on MPI rank :     1141
     Computing       time :    0.000000                    on MPI rank :     1142
     Waiting lbc_lnk time :    0.000000 ( 0.0 %)           on MPI rank :     1142
     Waiting  global time :    0.000000 ( 0.0 %)           on MPI rank :     1142
     Total           time :  166.421921 (SYPD:     1.411 ) on MPI rank :     1142
     Computing       time :    0.000000                    on MPI rank :     1143
     Waiting lbc_lnk time :    0.000000 ( 0.0 %)           on MPI rank :     1143
     Waiting  global time :    0.000000 ( 0.0 %)           on MPI rank :     1143
     Total           time :  166.422381 (SYPD:     1.411 ) on MPI rank :     1143
     Computing       time :    0.000000                    on MPI rank :     1144
     Waiting lbc_lnk time :    0.000000 ( 0.0 %)           on MPI rank :     1144
     Waiting  global time :    0.000000 ( 0.0 %)           on MPI rank :     1144
     Total           time :  166.421664 (SYPD:     1.411 ) on MPI rank :     1144
     Computing       time :    0.000000                    on MPI rank :     1145
     Waiting lbc_lnk time :    0.000000 ( 0.0 %)           on MPI rank :     1145
     Waiting  global time :    0.000000 ( 0.0 %)           on MPI rank :     1145
     Total           time :  166.422389 (SYPD:     1.411 ) on MPI rank :     1145
     Computing       time :    0.000000                    on MPI rank :     1146
     Waiting lbc_lnk time :    0.000000 ( 0.0 %)           on MPI rank :     1146
     Waiting  global time :    0.000000 ( 0.0 %)           on MPI rank :     1146
     Total           time :  166.421716 (SYPD:     1.411 ) on MPI rank :     1146
     Computing       time :    0.000000                    on MPI rank :     1147
     Waiting lbc_lnk time :    0.000000 ( 0.0 %)           on MPI rank :     1147
     Waiting  global time :    0.000000 ( 0.0 %)           on MPI rank :     1147
     Total           time :  166.421413 (SYPD:     1.411 ) on MPI rank :     1147
     Computing       time :    0.000000                    on MPI rank :     1148
     Waiting lbc_lnk time :    0.000000 ( 0.0 %)           on MPI rank :     1148
     Waiting  global time :    0.000000 ( 0.0 %)           on MPI rank :     1148
     Total           time :  166.421486 (SYPD:     1.411 ) on MPI rank :     1148
     Computing       time :    0.000000                    on MPI rank :     1149
     Waiting lbc_lnk time :    0.000000 ( 0.0 %)           on MPI rank :     1149
     Waiting  global time :    0.000000 ( 0.0 %)           on MPI rank :     1149
     Total           time :  166.422019 (SYPD:     1.411 ) on MPI rank :     1149
     Computing       time :    0.000000                    on MPI rank :     1150
     Waiting lbc_lnk time :    0.000000 ( 0.0 %)           on MPI rank :     1150
     Waiting  global time :    0.000000 ( 0.0 %)           on MPI rank :     1150
     Total           time :  166.422380 (SYPD:     1.411 ) on MPI rank :     1150
     Computing       time :    0.000000                    on MPI rank :     1151
     Waiting lbc_lnk time :    0.000000 ( 0.0 %)           on MPI rank :     1151
     Waiting  global time :    0.000000 ( 0.0 %)           on MPI rank :     1151
     Total           time :  166.421244 (SYPD:     1.411 ) on MPI rank :     1151
     Computing       time :    0.000000                    on MPI rank :     1152
     Waiting lbc_lnk time :    0.000000 ( 0.0 %)           on MPI rank :     1152
     Waiting  global time :    0.000000 ( 0.0 %)           on MPI rank :     1152
     Total           time :  166.421163 (SYPD:     1.411 ) on MPI rank :     1152
     Computing       time :    0.000000                    on MPI rank :     1153
     Waiting lbc_lnk time :    0.000000 ( 0.0 %)           on MPI rank :     1153
     Waiting  global time :    0.000000 ( 0.0 %)           on MPI rank :     1153
     Total           time :  166.422210 (SYPD:     1.411 ) on MPI rank :     1153
     Computing       time :    0.000000                    on MPI rank :     1154
     Waiting lbc_lnk time :    0.000000 ( 0.0 %)           on MPI rank :     1154
     Waiting  global time :    0.000000 ( 0.0 %)           on MPI rank :     1154
     Total           time :  166.420505 (SYPD:     1.411 ) on MPI rank :     1154
     Computing       time :    0.000000                    on MPI rank :     1155
     Waiting lbc_lnk time :    0.000000 ( 0.0 %)           on MPI rank :     1155
     Waiting  global time :    0.000000 ( 0.0 %)           on MPI rank :     1155
     Total           time :  166.421802 (SYPD:     1.411 ) on MPI rank :     1155
     Computing       time :    0.000000                    on MPI rank :     1156
     Waiting lbc_lnk time :    0.000000 ( 0.0 %)           on MPI rank :     1156
     Waiting  global time :    0.000000 ( 0.0 %)           on MPI rank :     1156
     Total           time :  166.421537 (SYPD:     1.411 ) on MPI rank :     1156
     Computing       time :    0.000000                    on MPI rank :     1157
     Waiting lbc_lnk time :    0.000000 ( 0.0 %)           on MPI rank :     1157
     Waiting  global time :    0.000000 ( 0.0 %)           on MPI rank :     1157
     Total           time :  166.422152 (SYPD:     1.411 ) on MPI rank :     1157
     Computing       time :    0.000000                    on MPI rank :     1158
     Waiting lbc_lnk time :    0.000000 ( 0.0 %)           on MPI rank :     1158
     Waiting  global time :    0.000000 ( 0.0 %)           on MPI rank :     1158
     Total           time :  166.421696 (SYPD:     1.411 ) on MPI rank :     1158
     Computing       time :    0.000000                    on MPI rank :     1159
     Waiting lbc_lnk time :    0.000000 ( 0.0 %)           on MPI rank :     1159
     Waiting  global time :    0.000000 ( 0.0 %)           on MPI rank :     1159
     Total           time :  166.421721 (SYPD:     1.411 ) on MPI rank :     1159
     Computing       time :    0.000000                    on MPI rank :     1160
     Waiting lbc_lnk time :    0.000000 ( 0.0 %)           on MPI rank :     1160
     Waiting  global time :    0.000000 ( 0.0 %)           on MPI rank :     1160
     Total           time :  166.422098 (SYPD:     1.411 ) on MPI rank :     1160
     Computing       time :    0.000000                    on MPI rank :     1161
     Waiting lbc_lnk time :    0.000000 ( 0.0 %)           on MPI rank :     1161
     Waiting  global time :    0.000000 ( 0.0 %)           on MPI rank :     1161
     Total           time :  166.422422 (SYPD:     1.411 ) on MPI rank :     1161
     Computing       time :    0.000000                    on MPI rank :     1162
     Waiting lbc_lnk time :    0.000000 ( 0.0 %)           on MPI rank :     1162
     Waiting  global time :    0.000000 ( 0.0 %)           on MPI rank :     1162
     Total           time :  166.421927 (SYPD:     1.411 ) on MPI rank :     1162
     Computing       time :    0.000000                    on MPI rank :     1163
     Waiting lbc_lnk time :    0.000000 ( 0.0 %)           on MPI rank :     1163
     Waiting  global time :    0.000000 ( 0.0 %)           on MPI rank :     1163
     Total           time :  166.422039 (SYPD:     1.411 ) on MPI rank :     1163
     Computing       time :    0.000000                    on MPI rank :     1164
     Waiting lbc_lnk time :    0.000000 ( 0.0 %)           on MPI rank :     1164
     Waiting  global time :    0.000000 ( 0.0 %)           on MPI rank :     1164
     Total           time :  166.421403 (SYPD:     1.411 ) on MPI rank :     1164
     Computing       time :    0.000000                    on MPI rank :     1165
     Waiting lbc_lnk time :    0.000000 ( 0.0 %)           on MPI rank :     1165
     Waiting  global time :    0.000000 ( 0.0 %)           on MPI rank :     1165
     Total           time :  166.421722 (SYPD:     1.411 ) on MPI rank :     1165
     Computing       time :    0.000000                    on MPI rank :     1166
     Waiting lbc_lnk time :    0.000000 ( 0.0 %)           on MPI rank :     1166
     Waiting  global time :    0.000000 ( 0.0 %)           on MPI rank :     1166
     Total           time :  166.422083 (SYPD:     1.411 ) on MPI rank :     1166
     Computing       time :    0.000000                    on MPI rank :     1167
     Waiting lbc_lnk time :    0.000000 ( 0.0 %)           on MPI rank :     1167
     Waiting  global time :    0.000000 ( 0.0 %)           on MPI rank :     1167
     Total           time :  166.421778 (SYPD:     1.411 ) on MPI rank :     1167
     Computing       time :    0.000000                    on MPI rank :     1168
     Waiting lbc_lnk time :    0.000000 ( 0.0 %)           on MPI rank :     1168
     Waiting  global time :    0.000000 ( 0.0 %)           on MPI rank :     1168
     Total           time :  166.421970 (SYPD:     1.411 ) on MPI rank :     1168
     Computing       time :    0.000000                    on MPI rank :     1169
     Waiting lbc_lnk time :    0.000000 ( 0.0 %)           on MPI rank :     1169
     Waiting  global time :    0.000000 ( 0.0 %)           on MPI rank :     1169
     Total           time :  166.421916 (SYPD:     1.411 ) on MPI rank :     1169
     Computing       time :    0.000000                    on MPI rank :     1170
     Waiting lbc_lnk time :    0.000000 ( 0.0 %)           on MPI rank :     1170
     Waiting  global time :    0.000000 ( 0.0 %)           on MPI rank :     1170
     Total           time :  166.420559 (SYPD:     1.411 ) on MPI rank :     1170
     Computing       time :    0.000000                    on MPI rank :     1171
     Waiting lbc_lnk time :    0.000000 ( 0.0 %)           on MPI rank :     1171
     Waiting  global time :    0.000000 ( 0.0 %)           on MPI rank :     1171
     Total           time :  166.421689 (SYPD:     1.411 ) on MPI rank :     1171
     Computing       time :    0.000000                    on MPI rank :     1172
     Waiting lbc_lnk time :    0.000000 ( 0.0 %)           on MPI rank :     1172
     Waiting  global time :    0.000000 ( 0.0 %)           on MPI rank :     1172
     Total           time :  166.421863 (SYPD:     1.411 ) on MPI rank :     1172
     Computing       time :    0.000000                    on MPI rank :     1173
     Waiting lbc_lnk time :    0.000000 ( 0.0 %)           on MPI rank :     1173
     Waiting  global time :    0.000000 ( 0.0 %)           on MPI rank :     1173
     Total           time :  166.421350 (SYPD:     1.411 ) on MPI rank :     1173
     Computing       time :    0.000000                    on MPI rank :     1174
     Waiting lbc_lnk time :    0.000000 ( 0.0 %)           on MPI rank :     1174
     Waiting  global time :    0.000000 ( 0.0 %)           on MPI rank :     1174
     Total           time :  166.421369 (SYPD:     1.411 ) on MPI rank :     1174
     Computing       time :    0.000000                    on MPI rank :     1175
     Waiting lbc_lnk time :    0.000000 ( 0.0 %)           on MPI rank :     1175
     Waiting  global time :    0.000000 ( 0.0 %)           on MPI rank :     1175
     Total           time :  166.421638 (SYPD:     1.411 ) on MPI rank :     1175
     Computing       time :    0.000000                    on MPI rank :     1176
     Waiting lbc_lnk time :    0.000000 ( 0.0 %)           on MPI rank :     1176
     Waiting  global time :    0.000000 ( 0.0 %)           on MPI rank :     1176
     Total           time :  166.421804 (SYPD:     1.411 ) on MPI rank :     1176
     Computing       time :    0.000000                    on MPI rank :     1177
     Waiting lbc_lnk time :    0.000000 ( 0.0 %)           on MPI rank :     1177
     Waiting  global time :    0.000000 ( 0.0 %)           on MPI rank :     1177
     Total           time :  166.421892 (SYPD:     1.411 ) on MPI rank :     1177
     Computing       time :    0.000000                    on MPI rank :     1178
     Waiting lbc_lnk time :    0.000000 ( 0.0 %)           on MPI rank :     1178
     Waiting  global time :    0.000000 ( 0.0 %)           on MPI rank :     1178
     Total           time :  166.422734 (SYPD:     1.411 ) on MPI rank :     1178
     Computing       time :    0.000000                    on MPI rank :     1179
     Waiting lbc_lnk time :    0.000000 ( 0.0 %)           on MPI rank :     1179
     Waiting  global time :    0.000000 ( 0.0 %)           on MPI rank :     1179
     Total           time :  166.421999 (SYPD:     1.411 ) on MPI rank :     1179
     Computing       time :    0.000000                    on MPI rank :     1180
     Waiting lbc_lnk time :    0.000000 ( 0.0 %)           on MPI rank :     1180
     Waiting  global time :    0.000000 ( 0.0 %)           on MPI rank :     1180
     Total           time :  166.422250 (SYPD:     1.411 ) on MPI rank :     1180
     Computing       time :    0.000000                    on MPI rank :     1181
     Waiting lbc_lnk time :    0.000000 ( 0.0 %)           on MPI rank :     1181
     Waiting  global time :    0.000000 ( 0.0 %)           on MPI rank :     1181
     Total           time :  166.421649 (SYPD:     1.411 ) on MPI rank :     1181
     Computing       time :    0.000000                    on MPI rank :     1182
     Waiting lbc_lnk time :    0.000000 ( 0.0 %)           on MPI rank :     1182
     Waiting  global time :    0.000000 ( 0.0 %)           on MPI rank :     1182
     Total           time :  166.421772 (SYPD:     1.411 ) on MPI rank :     1182
     Computing       time :    0.000000                    on MPI rank :     1183
     Waiting lbc_lnk time :    0.000000 ( 0.0 %)           on MPI rank :     1183
     Waiting  global time :    0.000000 ( 0.0 %)           on MPI rank :     1183
     Total           time :  166.422474 (SYPD:     1.411 ) on MPI rank :     1183
     Computing       time :    0.000000                    on MPI rank :     1184
     Waiting lbc_lnk time :    0.000000 ( 0.0 %)           on MPI rank :     1184
     Waiting  global time :    0.000000 ( 0.0 %)           on MPI rank :     1184
     Total           time :  166.421917 (SYPD:     1.411 ) on MPI rank :     1184
     Computing       time :    0.000000                    on MPI rank :     1185
     Waiting lbc_lnk time :    0.000000 ( 0.0 %)           on MPI rank :     1185
     Waiting  global time :    0.000000 ( 0.0 %)           on MPI rank :     1185
     Total           time :  166.421560 (SYPD:     1.411 ) on MPI rank :     1185
     Computing       time :    0.000000                    on MPI rank :     1186
     Waiting lbc_lnk time :    0.000000 ( 0.0 %)           on MPI rank :     1186
     Waiting  global time :    0.000000 ( 0.0 %)           on MPI rank :     1186
     Total           time :  166.421667 (SYPD:     1.411 ) on MPI rank :     1186
     Computing       time :    0.000000                    on MPI rank :     1187
     Waiting lbc_lnk time :    0.000000 ( 0.0 %)           on MPI rank :     1187
     Waiting  global time :    0.000000 ( 0.0 %)           on MPI rank :     1187
     Total           time :  166.421309 (SYPD:     1.411 ) on MPI rank :     1187
     Computing       time :    0.000000                    on MPI rank :     1188
     Waiting lbc_lnk time :    0.000000 ( 0.0 %)           on MPI rank :     1188
     Waiting  global time :    0.000000 ( 0.0 %)           on MPI rank :     1188
     Total           time :  166.421601 (SYPD:     1.411 ) on MPI rank :     1188
     Computing       time :    0.000000                    on MPI rank :     1189
     Waiting lbc_lnk time :    0.000000 ( 0.0 %)           on MPI rank :     1189
     Waiting  global time :    0.000000 ( 0.0 %)           on MPI rank :     1189
     Total           time :  166.421389 (SYPD:     1.411 ) on MPI rank :     1189
     Computing       time :    0.000000                    on MPI rank :     1190
     Waiting lbc_lnk time :    0.000000 ( 0.0 %)           on MPI rank :     1190
     Waiting  global time :    0.000000 ( 0.0 %)           on MPI rank :     1190
     Total           time :  166.421732 (SYPD:     1.411 ) on MPI rank :     1190
     Computing       time :    0.000000                    on MPI rank :     1191
     Waiting lbc_lnk time :    0.000000 ( 0.0 %)           on MPI rank :     1191
     Waiting  global time :    0.000000 ( 0.0 %)           on MPI rank :     1191
     Total           time :  166.421512 (SYPD:     1.411 ) on MPI rank :     1191
     Computing       time :    0.000000                    on MPI rank :     1192
     Waiting lbc_lnk time :    0.000000 ( 0.0 %)           on MPI rank :     1192
     Waiting  global time :    0.000000 ( 0.0 %)           on MPI rank :     1192
     Total           time :  166.421546 (SYPD:     1.411 ) on MPI rank :     1192
     Computing       time :    0.000000                    on MPI rank :     1193
     Waiting lbc_lnk time :    0.000000 ( 0.0 %)           on MPI rank :     1193
     Waiting  global time :    0.000000 ( 0.0 %)           on MPI rank :     1193
     Total           time :  166.421861 (SYPD:     1.411 ) on MPI rank :     1193
     Computing       time :    0.000000                    on MPI rank :     1194
     Waiting lbc_lnk time :    0.000000 ( 0.0 %)           on MPI rank :     1194
     Waiting  global time :    0.000000 ( 0.0 %)           on MPI rank :     1194
     Total           time :  166.421785 (SYPD:     1.411 ) on MPI rank :     1194
     Computing       time :    0.000000                    on MPI rank :     1195
     Waiting lbc_lnk time :    0.000000 ( 0.0 %)           on MPI rank :     1195
     Waiting  global time :    0.000000 ( 0.0 %)           on MPI rank :     1195
     Total           time :  166.422132 (SYPD:     1.411 ) on MPI rank :     1195
     Computing       time :    0.000000                    on MPI rank :     1196
     Waiting lbc_lnk time :    0.000000 ( 0.0 %)           on MPI rank :     1196
     Waiting  global time :    0.000000 ( 0.0 %)           on MPI rank :     1196
     Total           time :  166.422000 (SYPD:     1.411 ) on MPI rank :     1196
     Computing       time :    0.000000                    on MPI rank :     1197
     Waiting lbc_lnk time :    0.000000 ( 0.0 %)           on MPI rank :     1197
     Waiting  global time :    0.000000 ( 0.0 %)           on MPI rank :     1197
     Total           time :  166.421787 (SYPD:     1.411 ) on MPI rank :     1197
     Computing       time :    0.000000                    on MPI rank :     1198
     Waiting lbc_lnk time :    0.000000 ( 0.0 %)           on MPI rank :     1198
     Waiting  global time :    0.000000 ( 0.0 %)           on MPI rank :     1198
     Total           time :  166.422048 (SYPD:     1.411 ) on MPI rank :     1198
     Computing       time :    0.000000                    on MPI rank :     1199
     Waiting lbc_lnk time :    0.000000 ( 0.0 %)           on MPI rank :     1199
     Waiting  global time :    0.000000 ( 0.0 %)           on MPI rank :     1199
     Total           time :  166.422112 (SYPD:     1.411 ) on MPI rank :     1199
     Computing       time :    0.000000                    on MPI rank :     1200
     Waiting lbc_lnk time :    0.000000 ( 0.0 %)           on MPI rank :     1200
     Waiting  global time :    0.000000 ( 0.0 %)           on MPI rank :     1200
     Total           time :  166.421699 (SYPD:     1.411 ) on MPI rank :     1200
     Computing       time :    0.000000                    on MPI rank :     1201
     Waiting lbc_lnk time :    0.000000 ( 0.0 %)           on MPI rank :     1201
     Waiting  global time :    0.000000 ( 0.0 %)           on MPI rank :     1201
     Total           time :  166.422016 (SYPD:     1.411 ) on MPI rank :     1201
     Computing       time :    0.000000                    on MPI rank :     1202
     Waiting lbc_lnk time :    0.000000 ( 0.0 %)           on MPI rank :     1202
     Waiting  global time :    0.000000 ( 0.0 %)           on MPI rank :     1202
     Total           time :  166.422015 (SYPD:     1.411 ) on MPI rank :     1202
     Computing       time :    0.000000                    on MPI rank :     1203
     Waiting lbc_lnk time :    0.000000 ( 0.0 %)           on MPI rank :     1203
     Waiting  global time :    0.000000 ( 0.0 %)           on MPI rank :     1203
     Total           time :  166.420414 (SYPD:     1.411 ) on MPI rank :     1203
     Computing       time :    0.000000                    on MPI rank :     1204
     Waiting lbc_lnk time :    0.000000 ( 0.0 %)           on MPI rank :     1204
     Waiting  global time :    0.000000 ( 0.0 %)           on MPI rank :     1204
     Total           time :  166.421804 (SYPD:     1.411 ) on MPI rank :     1204
     Computing       time :    0.000000                    on MPI rank :     1205
     Waiting lbc_lnk time :    0.000000 ( 0.0 %)           on MPI rank :     1205
     Waiting  global time :    0.000000 ( 0.0 %)           on MPI rank :     1205
     Total           time :  166.421786 (SYPD:     1.411 ) on MPI rank :     1205
     Computing       time :    0.000000                    on MPI rank :     1206
     Waiting lbc_lnk time :    0.000000 ( 0.0 %)           on MPI rank :     1206
     Waiting  global time :    0.000000 ( 0.0 %)           on MPI rank :     1206
     Total           time :  166.421481 (SYPD:     1.411 ) on MPI rank :     1206
     Computing       time :    0.000000                    on MPI rank :     1207
     Waiting lbc_lnk time :    0.000000 ( 0.0 %)           on MPI rank :     1207
     Waiting  global time :    0.000000 ( 0.0 %)           on MPI rank :     1207
     Total           time :  166.421778 (SYPD:     1.411 ) on MPI rank :     1207
     Computing       time :    0.000000                    on MPI rank :     1208
     Waiting lbc_lnk time :    0.000000 ( 0.0 %)           on MPI rank :     1208
     Waiting  global time :    0.000000 ( 0.0 %)           on MPI rank :     1208
     Total           time :  166.421751 (SYPD:     1.411 ) on MPI rank :     1208
     Computing       time :    0.000000                    on MPI rank :     1209
     Waiting lbc_lnk time :    0.000000 ( 0.0 %)           on MPI rank :     1209
     Waiting  global time :    0.000000 ( 0.0 %)           on MPI rank :     1209
     Total           time :  166.421846 (SYPD:     1.411 ) on MPI rank :     1209
     Computing       time :    0.000000                    on MPI rank :     1210
     Waiting lbc_lnk time :    0.000000 ( 0.0 %)           on MPI rank :     1210
     Waiting  global time :    0.000000 ( 0.0 %)           on MPI rank :     1210
     Total           time :  166.421862 (SYPD:     1.411 ) on MPI rank :     1210
     Computing       time :    0.000000                    on MPI rank :     1211
     Waiting lbc_lnk time :    0.000000 ( 0.0 %)           on MPI rank :     1211
     Waiting  global time :    0.000000 ( 0.0 %)           on MPI rank :     1211
     Total           time :  166.422466 (SYPD:     1.411 ) on MPI rank :     1211
     Computing       time :    0.000000                    on MPI rank :     1212
     Waiting lbc_lnk time :    0.000000 ( 0.0 %)           on MPI rank :     1212
     Waiting  global time :    0.000000 ( 0.0 %)           on MPI rank :     1212
     Total           time :  166.421710 (SYPD:     1.411 ) on MPI rank :     1212
     Computing       time :    0.000000                    on MPI rank :     1213
     Waiting lbc_lnk time :    0.000000 ( 0.0 %)           on MPI rank :     1213
     Waiting  global time :    0.000000 ( 0.0 %)           on MPI rank :     1213
     Total           time :  166.421888 (SYPD:     1.411 ) on MPI rank :     1213
     Computing       time :    0.000000                    on MPI rank :     1214
     Waiting lbc_lnk time :    0.000000 ( 0.0 %)           on MPI rank :     1214
     Waiting  global time :    0.000000 ( 0.0 %)           on MPI rank :     1214
     Total           time :  166.422370 (SYPD:     1.411 ) on MPI rank :     1214
     Computing       time :    0.000000                    on MPI rank :     1215
     Waiting lbc_lnk time :    0.000000 ( 0.0 %)           on MPI rank :     1215
     Waiting  global time :    0.000000 ( 0.0 %)           on MPI rank :     1215
     Total           time :  166.421740 (SYPD:     1.411 ) on MPI rank :     1215
     Computing       time :    0.000000                    on MPI rank :     1216
     Waiting lbc_lnk time :    0.000000 ( 0.0 %)           on MPI rank :     1216
     Waiting  global time :    0.000000 ( 0.0 %)           on MPI rank :     1216
     Total           time :  166.421652 (SYPD:     1.411 ) on MPI rank :     1216
     Computing       time :    0.000000                    on MPI rank :     1217
     Waiting lbc_lnk time :    0.000000 ( 0.0 %)           on MPI rank :     1217
     Waiting  global time :    0.000000 ( 0.0 %)           on MPI rank :     1217
     Total           time :  166.421525 (SYPD:     1.411 ) on MPI rank :     1217
     Computing       time :    0.000000                    on MPI rank :     1218
     Waiting lbc_lnk time :    0.000000 ( 0.0 %)           on MPI rank :     1218
     Waiting  global time :    0.000000 ( 0.0 %)           on MPI rank :     1218
     Total           time :  166.421602 (SYPD:     1.411 ) on MPI rank :     1218
     Computing       time :    0.000000                    on MPI rank :     1219
     Waiting lbc_lnk time :    0.000000 ( 0.0 %)           on MPI rank :     1219
     Waiting  global time :    0.000000 ( 0.0 %)           on MPI rank :     1219
     Total           time :  166.422060 (SYPD:     1.411 ) on MPI rank :     1219
     Computing       time :    0.000000                    on MPI rank :     1220
     Waiting lbc_lnk time :    0.000000 ( 0.0 %)           on MPI rank :     1220
     Waiting  global time :    0.000000 ( 0.0 %)           on MPI rank :     1220
     Total           time :  166.421836 (SYPD:     1.411 ) on MPI rank :     1220
     Computing       time :    0.000000                    on MPI rank :     1221
     Waiting lbc_lnk time :    0.000000 ( 0.0 %)           on MPI rank :     1221
     Waiting  global time :    0.000000 ( 0.0 %)           on MPI rank :     1221
     Total           time :  166.421483 (SYPD:     1.411 ) on MPI rank :     1221
     Computing       time :    0.000000                    on MPI rank :     1222
     Waiting lbc_lnk time :    0.000000 ( 0.0 %)           on MPI rank :     1222
     Waiting  global time :    0.000000 ( 0.0 %)           on MPI rank :     1222
     Total           time :  166.421943 (SYPD:     1.411 ) on MPI rank :     1222
     Computing       time :    0.000000                    on MPI rank :     1223
     Waiting lbc_lnk time :    0.000000 ( 0.0 %)           on MPI rank :     1223
     Waiting  global time :    0.000000 ( 0.0 %)           on MPI rank :     1223
     Total           time :  166.421719 (SYPD:     1.411 ) on MPI rank :     1223
     Computing       time :    0.000000                    on MPI rank :     1224
     Waiting lbc_lnk time :    0.000000 ( 0.0 %)           on MPI rank :     1224
     Waiting  global time :    0.000000 ( 0.0 %)           on MPI rank :     1224
     Total           time :  166.422417 (SYPD:     1.411 ) on MPI rank :     1224
     Computing       time :    0.000000                    on MPI rank :     1225
     Waiting lbc_lnk time :    0.000000 ( 0.0 %)           on MPI rank :     1225
     Waiting  global time :    0.000000 ( 0.0 %)           on MPI rank :     1225
     Total           time :  166.421700 (SYPD:     1.411 ) on MPI rank :     1225
     Computing       time :    0.000000                    on MPI rank :     1226
     Waiting lbc_lnk time :    0.000000 ( 0.0 %)           on MPI rank :     1226
     Waiting  global time :    0.000000 ( 0.0 %)           on MPI rank :     1226
     Total           time :  166.421953 (SYPD:     1.411 ) on MPI rank :     1226
     Computing       time :    0.000000                    on MPI rank :     1227
     Waiting lbc_lnk time :    0.000000 ( 0.0 %)           on MPI rank :     1227
     Waiting  global time :    0.000000 ( 0.0 %)           on MPI rank :     1227
     Total           time :  166.420149 (SYPD:     1.411 ) on MPI rank :     1227
     Computing       time :    0.000000                    on MPI rank :     1228
     Waiting lbc_lnk time :    0.000000 ( 0.0 %)           on MPI rank :     1228
     Waiting  global time :    0.000000 ( 0.0 %)           on MPI rank :     1228
     Total           time :  166.421422 (SYPD:     1.411 ) on MPI rank :     1228
     Computing       time :    0.000000                    on MPI rank :     1229
     Waiting lbc_lnk time :    0.000000 ( 0.0 %)           on MPI rank :     1229
     Waiting  global time :    0.000000 ( 0.0 %)           on MPI rank :     1229
     Total           time :  166.421994 (SYPD:     1.411 ) on MPI rank :     1229
     Computing       time :    0.000000                    on MPI rank :     1230
     Waiting lbc_lnk time :    0.000000 ( 0.0 %)           on MPI rank :     1230
     Waiting  global time :    0.000000 ( 0.0 %)           on MPI rank :     1230
     Total           time :  166.421594 (SYPD:     1.411 ) on MPI rank :     1230
     Computing       time :    0.000000                    on MPI rank :     1231
     Waiting lbc_lnk time :    0.000000 ( 0.0 %)           on MPI rank :     1231
     Waiting  global time :    0.000000 ( 0.0 %)           on MPI rank :     1231
     Total           time :  166.421584 (SYPD:     1.411 ) on MPI rank :     1231
     Computing       time :    0.000000                    on MPI rank :     1232
     Waiting lbc_lnk time :    0.000000 ( 0.0 %)           on MPI rank :     1232
     Waiting  global time :    0.000000 ( 0.0 %)           on MPI rank :     1232
     Total           time :  166.421896 (SYPD:     1.411 ) on MPI rank :     1232
     Computing       time :    0.000000                    on MPI rank :     1233
     Waiting lbc_lnk time :    0.000000 ( 0.0 %)           on MPI rank :     1233
     Waiting  global time :    0.000000 ( 0.0 %)           on MPI rank :     1233
     Total           time :  166.421156 (SYPD:     1.411 ) on MPI rank :     1233
     Computing       time :    0.000000                    on MPI rank :     1234
     Waiting lbc_lnk time :    0.000000 ( 0.0 %)           on MPI rank :     1234
     Waiting  global time :    0.000000 ( 0.0 %)           on MPI rank :     1234
     Total           time :  166.421612 (SYPD:     1.411 ) on MPI rank :     1234
     Computing       time :    0.000000                    on MPI rank :     1235
     Waiting lbc_lnk time :    0.000000 ( 0.0 %)           on MPI rank :     1235
     Waiting  global time :    0.000000 ( 0.0 %)           on MPI rank :     1235
     Total           time :  166.421658 (SYPD:     1.411 ) on MPI rank :     1235
     Computing       time :    0.000000                    on MPI rank :     1236
     Waiting lbc_lnk time :    0.000000 ( 0.0 %)           on MPI rank :     1236
     Waiting  global time :    0.000000 ( 0.0 %)           on MPI rank :     1236
     Total           time :  166.421317 (SYPD:     1.411 ) on MPI rank :     1236
     Computing       time :    0.000000                    on MPI rank :     1237
     Waiting lbc_lnk time :    0.000000 ( 0.0 %)           on MPI rank :     1237
     Waiting  global time :    0.000000 ( 0.0 %)           on MPI rank :     1237
     Total           time :  166.421074 (SYPD:     1.411 ) on MPI rank :     1237
     Computing       time :    0.000000                    on MPI rank :     1238
     Waiting lbc_lnk time :    0.000000 ( 0.0 %)           on MPI rank :     1238
     Waiting  global time :    0.000000 ( 0.0 %)           on MPI rank :     1238
     Total           time :  166.420789 (SYPD:     1.411 ) on MPI rank :     1238
     Computing       time :    0.000000                    on MPI rank :     1239
     Waiting lbc_lnk time :    0.000000 ( 0.0 %)           on MPI rank :     1239
     Waiting  global time :    0.000000 ( 0.0 %)           on MPI rank :     1239
     Total           time :  166.421736 (SYPD:     1.411 ) on MPI rank :     1239
     Computing       time :    0.000000                    on MPI rank :     1240
     Waiting lbc_lnk time :    0.000000 ( 0.0 %)           on MPI rank :     1240
     Waiting  global time :    0.000000 ( 0.0 %)           on MPI rank :     1240
     Total           time :  166.421593 (SYPD:     1.411 ) on MPI rank :     1240
     Computing       time :    0.000000                    on MPI rank :     1241
     Waiting lbc_lnk time :    0.000000 ( 0.0 %)           on MPI rank :     1241
     Waiting  global time :    0.000000 ( 0.0 %)           on MPI rank :     1241
     Total           time :  166.422090 (SYPD:     1.411 ) on MPI rank :     1241
     Computing       time :    0.000000                    on MPI rank :     1242
     Waiting lbc_lnk time :    0.000000 ( 0.0 %)           on MPI rank :     1242
     Waiting  global time :    0.000000 ( 0.0 %)           on MPI rank :     1242
     Total           time :  166.422087 (SYPD:     1.411 ) on MPI rank :     1242
     Computing       time :    0.000000                    on MPI rank :     1243
     Waiting lbc_lnk time :    0.000000 ( 0.0 %)           on MPI rank :     1243
     Waiting  global time :    0.000000 ( 0.0 %)           on MPI rank :     1243
     Total           time :  166.422262 (SYPD:     1.411 ) on MPI rank :     1243
     Computing       time :    0.000000                    on MPI rank :     1244
     Waiting lbc_lnk time :    0.000000 ( 0.0 %)           on MPI rank :     1244
     Waiting  global time :    0.000000 ( 0.0 %)           on MPI rank :     1244
     Total           time :  166.422683 (SYPD:     1.411 ) on MPI rank :     1244
     Computing       time :    0.000000                    on MPI rank :     1245
     Waiting lbc_lnk time :    0.000000 ( 0.0 %)           on MPI rank :     1245
     Waiting  global time :    0.000000 ( 0.0 %)           on MPI rank :     1245
     Total           time :  166.422070 (SYPD:     1.411 ) on MPI rank :     1245
     Computing       time :    0.000000                    on MPI rank :     1246
     Waiting lbc_lnk time :    0.000000 ( 0.0 %)           on MPI rank :     1246
     Waiting  global time :    0.000000 ( 0.0 %)           on MPI rank :     1246
     Total           time :  166.422350 (SYPD:     1.411 ) on MPI rank :     1246
     Computing       time :    0.000000                    on MPI rank :     1247
     Waiting lbc_lnk time :    0.000000 ( 0.0 %)           on MPI rank :     1247
     Waiting  global time :    0.000000 ( 0.0 %)           on MPI rank :     1247
     Total           time :  166.421443 (SYPD:     1.411 ) on MPI rank :     1247
     Computing       time :    0.000000                    on MPI rank :     1248
     Waiting lbc_lnk time :    0.000000 ( 0.0 %)           on MPI rank :     1248
     Waiting  global time :    0.000000 ( 0.0 %)           on MPI rank :     1248
     Total           time :  166.421847 (SYPD:     1.411 ) on MPI rank :     1248
     Computing       time :    0.000000                    on MPI rank :     1249
     Waiting lbc_lnk time :    0.000000 ( 0.0 %)           on MPI rank :     1249
     Waiting  global time :    0.000000 ( 0.0 %)           on MPI rank :     1249
     Total           time :  166.421608 (SYPD:     1.411 ) on MPI rank :     1249
     Computing       time :    0.000000                    on MPI rank :     1250
     Waiting lbc_lnk time :    0.000000 ( 0.0 %)           on MPI rank :     1250
     Waiting  global time :    0.000000 ( 0.0 %)           on MPI rank :     1250
     Total           time :  166.421692 (SYPD:     1.411 ) on MPI rank :     1250
     Computing       time :    0.000000                    on MPI rank :     1251
     Waiting lbc_lnk time :    0.000000 ( 0.0 %)           on MPI rank :     1251
     Waiting  global time :    0.000000 ( 0.0 %)           on MPI rank :     1251
     Total           time :  166.422289 (SYPD:     1.411 ) on MPI rank :     1251
     Computing       time :    0.000000                    on MPI rank :     1252
     Waiting lbc_lnk time :    0.000000 ( 0.0 %)           on MPI rank :     1252
     Waiting  global time :    0.000000 ( 0.0 %)           on MPI rank :     1252
     Total           time :  166.421649 (SYPD:     1.411 ) on MPI rank :     1252
     Computing       time :    0.000000                    on MPI rank :     1253
     Waiting lbc_lnk time :    0.000000 ( 0.0 %)           on MPI rank :     1253
     Waiting  global time :    0.000000 ( 0.0 %)           on MPI rank :     1253
     Total           time :  166.403577 (SYPD:     1.411 ) on MPI rank :     1253
     Computing       time :    0.000000                    on MPI rank :     1254
     Waiting lbc_lnk time :    0.000000 ( 0.0 %)           on MPI rank :     1254
     Waiting  global time :    0.000000 ( 0.0 %)           on MPI rank :     1254
     Total           time :  166.421954 (SYPD:     1.411 ) on MPI rank :     1254
     Computing       time :    0.000000                    on MPI rank :     1255
     Waiting lbc_lnk time :    0.000000 ( 0.0 %)           on MPI rank :     1255
     Waiting  global time :    0.000000 ( 0.0 %)           on MPI rank :     1255
     Total           time :  166.421993 (SYPD:     1.411 ) on MPI rank :     1255
     Computing       time :    0.000000                    on MPI rank :     1256
     Waiting lbc_lnk time :    0.000000 ( 0.0 %)           on MPI rank :     1256
     Waiting  global time :    0.000000 ( 0.0 %)           on MPI rank :     1256
     Total           time :  166.421650 (SYPD:     1.411 ) on MPI rank :     1256
     Computing       time :    0.000000                    on MPI rank :     1257
     Waiting lbc_lnk time :    0.000000 ( 0.0 %)           on MPI rank :     1257
     Waiting  global time :    0.000000 ( 0.0 %)           on MPI rank :     1257
     Total           time :  166.421297 (SYPD:     1.411 ) on MPI rank :     1257
     Computing       time :    0.000000                    on MPI rank :     1258
     Waiting lbc_lnk time :    0.000000 ( 0.0 %)           on MPI rank :     1258
     Waiting  global time :    0.000000 ( 0.0 %)           on MPI rank :     1258
     Total           time :  166.403634 (SYPD:     1.411 ) on MPI rank :     1258
     Computing       time :    0.000000                    on MPI rank :     1259
     Waiting lbc_lnk time :    0.000000 ( 0.0 %)           on MPI rank :     1259
     Waiting  global time :    0.000000 ( 0.0 %)           on MPI rank :     1259
     Total           time :  166.421611 (SYPD:     1.411 ) on MPI rank :     1259
     Computing       time :    0.000000                    on MPI rank :     1260
     Waiting lbc_lnk time :    0.000000 ( 0.0 %)           on MPI rank :     1260
     Waiting  global time :    0.000000 ( 0.0 %)           on MPI rank :     1260
     Total           time :  166.421750 (SYPD:     1.411 ) on MPI rank :     1260
     Computing       time :    0.000000                    on MPI rank :     1261
     Waiting lbc_lnk time :    0.000000 ( 0.0 %)           on MPI rank :     1261
     Waiting  global time :    0.000000 ( 0.0 %)           on MPI rank :     1261
     Total           time :  166.421807 (SYPD:     1.411 ) on MPI rank :     1261
     Computing       time :    0.000000                    on MPI rank :     1262
     Waiting lbc_lnk time :    0.000000 ( 0.0 %)           on MPI rank :     1262
     Waiting  global time :    0.000000 ( 0.0 %)           on MPI rank :     1262
     Total           time :  166.421473 (SYPD:     1.411 ) on MPI rank :     1262
     Computing       time :    0.000000                    on MPI rank :     1263
     Waiting lbc_lnk time :    0.000000 ( 0.0 %)           on MPI rank :     1263
     Waiting  global time :    0.000000 ( 0.0 %)           on MPI rank :     1263
     Total           time :  166.422420 (SYPD:     1.411 ) on MPI rank :     1263
     Computing       time :    0.000000                    on MPI rank :     1264
     Waiting lbc_lnk time :    0.000000 ( 0.0 %)           on MPI rank :     1264
     Waiting  global time :    0.000000 ( 0.0 %)           on MPI rank :     1264
     Total           time :  166.421220 (SYPD:     1.411 ) on MPI rank :     1264
     Computing       time :    0.000000                    on MPI rank :     1265
     Waiting lbc_lnk time :    0.000000 ( 0.0 %)           on MPI rank :     1265
     Waiting  global time :    0.000000 ( 0.0 %)           on MPI rank :     1265
     Total           time :  166.421420 (SYPD:     1.411 ) on MPI rank :     1265
     Computing       time :    0.000000                    on MPI rank :     1266
     Waiting lbc_lnk time :    0.000000 ( 0.0 %)           on MPI rank :     1266
     Waiting  global time :    0.000000 ( 0.0 %)           on MPI rank :     1266
     Total           time :  166.421941 (SYPD:     1.411 ) on MPI rank :     1266
     Computing       time :    0.000000                    on MPI rank :     1267
     Waiting lbc_lnk time :    0.000000 ( 0.0 %)           on MPI rank :     1267
     Waiting  global time :    0.000000 ( 0.0 %)           on MPI rank :     1267
     Total           time :  166.421201 (SYPD:     1.411 ) on MPI rank :     1267
     Computing       time :    0.000000                    on MPI rank :     1268
     Waiting lbc_lnk time :    0.000000 ( 0.0 %)           on MPI rank :     1268
     Waiting  global time :    0.000000 ( 0.0 %)           on MPI rank :     1268
     Total           time :  166.422447 (SYPD:     1.411 ) on MPI rank :     1268
     Computing       time :    0.000000                    on MPI rank :     1269
     Waiting lbc_lnk time :    0.000000 ( 0.0 %)           on MPI rank :     1269
     Waiting  global time :    0.000000 ( 0.0 %)           on MPI rank :     1269
     Total           time :  166.421578 (SYPD:     1.411 ) on MPI rank :     1269
     Computing       time :    0.000000                    on MPI rank :     1270
     Waiting lbc_lnk time :    0.000000 ( 0.0 %)           on MPI rank :     1270
     Waiting  global time :    0.000000 ( 0.0 %)           on MPI rank :     1270
     Total           time :  166.422027 (SYPD:     1.411 ) on MPI rank :     1270
     Computing       time :    0.000000                    on MPI rank :     1271
     Waiting lbc_lnk time :    0.000000 ( 0.0 %)           on MPI rank :     1271
     Waiting  global time :    0.000000 ( 0.0 %)           on MPI rank :     1271
     Total           time :  166.421660 (SYPD:     1.411 ) on MPI rank :     1271
     Computing       time :    0.000000                    on MPI rank :     1272
     Waiting lbc_lnk time :    0.000000 ( 0.0 %)           on MPI rank :     1272
     Waiting  global time :    0.000000 ( 0.0 %)           on MPI rank :     1272
     Total           time :  166.421724 (SYPD:     1.411 ) on MPI rank :     1272
     Computing       time :    0.000000                    on MPI rank :     1273
     Waiting lbc_lnk time :    0.000000 ( 0.0 %)           on MPI rank :     1273
     Waiting  global time :    0.000000 ( 0.0 %)           on MPI rank :     1273
     Total           time :  166.421804 (SYPD:     1.411 ) on MPI rank :     1273
     Computing       time :    0.000000                    on MPI rank :     1274
     Waiting lbc_lnk time :    0.000000 ( 0.0 %)           on MPI rank :     1274
     Waiting  global time :    0.000000 ( 0.0 %)           on MPI rank :     1274
     Total           time :  166.421513 (SYPD:     1.411 ) on MPI rank :     1274
     Computing       time :    0.000000                    on MPI rank :     1275
     Waiting lbc_lnk time :    0.000000 ( 0.0 %)           on MPI rank :     1275
     Waiting  global time :    0.000000 ( 0.0 %)           on MPI rank :     1275
     Total           time :  166.422087 (SYPD:     1.411 ) on MPI rank :     1275
     Computing       time :    0.000000                    on MPI rank :     1276
     Waiting lbc_lnk time :    0.000000 ( 0.0 %)           on MPI rank :     1276
     Waiting  global time :    0.000000 ( 0.0 %)           on MPI rank :     1276
     Total           time :  166.422020 (SYPD:     1.411 ) on MPI rank :     1276
     Computing       time :    0.000000                    on MPI rank :     1277
     Waiting lbc_lnk time :    0.000000 ( 0.0 %)           on MPI rank :     1277
     Waiting  global time :    0.000000 ( 0.0 %)           on MPI rank :     1277
     Total           time :  166.421759 (SYPD:     1.411 ) on MPI rank :     1277
     Computing       time :    0.000000                    on MPI rank :     1278
     Waiting lbc_lnk time :    0.000000 ( 0.0 %)           on MPI rank :     1278
     Waiting  global time :    0.000000 ( 0.0 %)           on MPI rank :     1278
     Total           time :  166.421835 (SYPD:     1.411 ) on MPI rank :     1278
     Computing       time :    0.000000                    on MPI rank :     1279
     Waiting lbc_lnk time :    0.000000 ( 0.0 %)           on MPI rank :     1279
     Waiting  global time :    0.000000 ( 0.0 %)           on MPI rank :     1279
     Total           time :  166.421601 (SYPD:     1.411 ) on MPI rank :     1279
     Computing       time :    0.000000                    on MPI rank :     1280
     Waiting lbc_lnk time :    0.000000 ( 0.0 %)           on MPI rank :     1280
     Waiting  global time :    0.000000 ( 0.0 %)           on MPI rank :     1280
     Total           time :  166.422054 (SYPD:     1.411 ) on MPI rank :     1280
     Computing       time :    0.000000                    on MPI rank :     1281
     Waiting lbc_lnk time :    0.000000 ( 0.0 %)           on MPI rank :     1281
     Waiting  global time :    0.000000 ( 0.0 %)           on MPI rank :     1281
     Total           time :  166.421266 (SYPD:     1.411 ) on MPI rank :     1281
     Computing       time :    0.000000                    on MPI rank :     1282
     Waiting lbc_lnk time :    0.000000 ( 0.0 %)           on MPI rank :     1282
     Waiting  global time :    0.000000 ( 0.0 %)           on MPI rank :     1282
     Total           time :  166.422495 (SYPD:     1.411 ) on MPI rank :     1282
     Computing       time :    0.000000                    on MPI rank :     1283
     Waiting lbc_lnk time :    0.000000 ( 0.0 %)           on MPI rank :     1283
     Waiting  global time :    0.000000 ( 0.0 %)           on MPI rank :     1283
     Total           time :  166.422014 (SYPD:     1.411 ) on MPI rank :     1283
     Computing       time :    0.000000                    on MPI rank :     1284
     Waiting lbc_lnk time :    0.000000 ( 0.0 %)           on MPI rank :     1284
     Waiting  global time :    0.000000 ( 0.0 %)           on MPI rank :     1284
     Total           time :  166.421718 (SYPD:     1.411 ) on MPI rank :     1284
     Computing       time :    0.000000                    on MPI rank :     1285
     Waiting lbc_lnk time :    0.000000 ( 0.0 %)           on MPI rank :     1285
     Waiting  global time :    0.000000 ( 0.0 %)           on MPI rank :     1285
     Total           time :  166.421479 (SYPD:     1.411 ) on MPI rank :     1285
     Computing       time :    0.000000                    on MPI rank :     1286
     Waiting lbc_lnk time :    0.000000 ( 0.0 %)           on MPI rank :     1286
     Waiting  global time :    0.000000 ( 0.0 %)           on MPI rank :     1286
     Total           time :  166.422074 (SYPD:     1.411 ) on MPI rank :     1286
     Computing       time :    0.000000                    on MPI rank :     1287
     Waiting lbc_lnk time :    0.000000 ( 0.0 %)           on MPI rank :     1287
     Waiting  global time :    0.000000 ( 0.0 %)           on MPI rank :     1287
     Total           time :  166.421574 (SYPD:     1.411 ) on MPI rank :     1287
     Computing       time :    0.000000                    on MPI rank :     1288
     Waiting lbc_lnk time :    0.000000 ( 0.0 %)           on MPI rank :     1288
     Waiting  global time :    0.000000 ( 0.0 %)           on MPI rank :     1288
     Total           time :  166.421878 (SYPD:     1.411 ) on MPI rank :     1288
     Computing       time :    0.000000                    on MPI rank :     1289
     Waiting lbc_lnk time :    0.000000 ( 0.0 %)           on MPI rank :     1289
     Waiting  global time :    0.000000 ( 0.0 %)           on MPI rank :     1289
     Total           time :  166.421059 (SYPD:     1.411 ) on MPI rank :     1289
     Computing       time :    0.000000                    on MPI rank :     1290
     Waiting lbc_lnk time :    0.000000 ( 0.0 %)           on MPI rank :     1290
     Waiting  global time :    0.000000 ( 0.0 %)           on MPI rank :     1290
     Total           time :  166.421757 (SYPD:     1.411 ) on MPI rank :     1290
     Computing       time :    0.000000                    on MPI rank :     1291
     Waiting lbc_lnk time :    0.000000 ( 0.0 %)           on MPI rank :     1291
     Waiting  global time :    0.000000 ( 0.0 %)           on MPI rank :     1291
     Total           time :  166.422147 (SYPD:     1.411 ) on MPI rank :     1291
     Computing       time :    0.000000                    on MPI rank :     1292
     Waiting lbc_lnk time :    0.000000 ( 0.0 %)           on MPI rank :     1292
     Waiting  global time :    0.000000 ( 0.0 %)           on MPI rank :     1292
     Total           time :  166.421105 (SYPD:     1.411 ) on MPI rank :     1292
     Computing       time :    0.000000                    on MPI rank :     1293
     Waiting lbc_lnk time :    0.000000 ( 0.0 %)           on MPI rank :     1293
     Waiting  global time :    0.000000 ( 0.0 %)           on MPI rank :     1293
     Total           time :  166.421697 (SYPD:     1.411 ) on MPI rank :     1293
     Computing       time :    0.000000                    on MPI rank :     1294
     Waiting lbc_lnk time :    0.000000 ( 0.0 %)           on MPI rank :     1294
     Waiting  global time :    0.000000 ( 0.0 %)           on MPI rank :     1294
     Total           time :  166.422287 (SYPD:     1.411 ) on MPI rank :     1294
     Computing       time :    0.000000                    on MPI rank :     1295
     Waiting lbc_lnk time :    0.000000 ( 0.0 %)           on MPI rank :     1295
     Waiting  global time :    0.000000 ( 0.0 %)           on MPI rank :     1295
     Total           time :  166.421562 (SYPD:     1.411 ) on MPI rank :     1295
     Computing       time :    0.000000                    on MPI rank :     1296
     Waiting lbc_lnk time :    0.000000 ( 0.0 %)           on MPI rank :     1296
     Waiting  global time :    0.000000 ( 0.0 %)           on MPI rank :     1296
     Total           time :  166.421947 (SYPD:     1.411 ) on MPI rank :     1296
     Computing       time :    0.000000                    on MPI rank :     1297
     Waiting lbc_lnk time :    0.000000 ( 0.0 %)           on MPI rank :     1297
     Waiting  global time :    0.000000 ( 0.0 %)           on MPI rank :     1297
     Total           time :  166.421887 (SYPD:     1.411 ) on MPI rank :     1297
     Computing       time :    0.000000                    on MPI rank :     1298
     Waiting lbc_lnk time :    0.000000 ( 0.0 %)           on MPI rank :     1298
     Waiting  global time :    0.000000 ( 0.0 %)           on MPI rank :     1298
     Total           time :  166.421373 (SYPD:     1.411 ) on MPI rank :     1298
     Computing       time :    0.000000                    on MPI rank :     1299
     Waiting lbc_lnk time :    0.000000 ( 0.0 %)           on MPI rank :     1299
     Waiting  global time :    0.000000 ( 0.0 %)           on MPI rank :     1299
     Total           time :  166.390797 (SYPD:     1.411 ) on MPI rank :     1299
     Computing       time :    0.000000                    on MPI rank :     1300
     Waiting lbc_lnk time :    0.000000 ( 0.0 %)           on MPI rank :     1300
     Waiting  global time :    0.000000 ( 0.0 %)           on MPI rank :     1300
     Total           time :  166.421215 (SYPD:     1.411 ) on MPI rank :     1300
     Computing       time :    0.000000                    on MPI rank :     1301
     Waiting lbc_lnk time :    0.000000 ( 0.0 %)           on MPI rank :     1301
     Waiting  global time :    0.000000 ( 0.0 %)           on MPI rank :     1301
     Total           time :  166.421782 (SYPD:     1.411 ) on MPI rank :     1301
     Computing       time :    0.000000                    on MPI rank :     1302
     Waiting lbc_lnk time :    0.000000 ( 0.0 %)           on MPI rank :     1302
     Waiting  global time :    0.000000 ( 0.0 %)           on MPI rank :     1302
     Total           time :  166.420862 (SYPD:     1.411 ) on MPI rank :     1302
     Computing       time :    0.000000                    on MPI rank :     1303
     Waiting lbc_lnk time :    0.000000 ( 0.0 %)           on MPI rank :     1303
     Waiting  global time :    0.000000 ( 0.0 %)           on MPI rank :     1303
     Total           time :  166.421368 (SYPD:     1.411 ) on MPI rank :     1303
     Computing       time :    0.000000                    on MPI rank :     1304
     Waiting lbc_lnk time :    0.000000 ( 0.0 %)           on MPI rank :     1304
     Waiting  global time :    0.000000 ( 0.0 %)           on MPI rank :     1304
     Total           time :  166.421417 (SYPD:     1.411 ) on MPI rank :     1304
     Computing       time :    0.000000                    on MPI rank :     1305
     Waiting lbc_lnk time :    0.000000 ( 0.0 %)           on MPI rank :     1305
     Waiting  global time :    0.000000 ( 0.0 %)           on MPI rank :     1305
     Total           time :  166.421534 (SYPD:     1.411 ) on MPI rank :     1305
     Computing       time :    0.000000                    on MPI rank :     1306
     Waiting lbc_lnk time :    0.000000 ( 0.0 %)           on MPI rank :     1306
     Waiting  global time :    0.000000 ( 0.0 %)           on MPI rank :     1306
     Total           time :  166.421666 (SYPD:     1.411 ) on MPI rank :     1306
     Computing       time :    0.000000                    on MPI rank :     1307
     Waiting lbc_lnk time :    0.000000 ( 0.0 %)           on MPI rank :     1307
     Waiting  global time :    0.000000 ( 0.0 %)           on MPI rank :     1307
     Total           time :  166.421280 (SYPD:     1.411 ) on MPI rank :     1307
     Computing       time :    0.000000                    on MPI rank :     1308
     Waiting lbc_lnk time :    0.000000 ( 0.0 %)           on MPI rank :     1308
     Waiting  global time :    0.000000 ( 0.0 %)           on MPI rank :     1308
     Total           time :  166.421359 (SYPD:     1.411 ) on MPI rank :     1308
     Computing       time :    0.000000                    on MPI rank :     1309
     Waiting lbc_lnk time :    0.000000 ( 0.0 %)           on MPI rank :     1309
     Waiting  global time :    0.000000 ( 0.0 %)           on MPI rank :     1309
     Total           time :  166.421616 (SYPD:     1.411 ) on MPI rank :     1309
     Computing       time :    0.000000                    on MPI rank :     1310
     Waiting lbc_lnk time :    0.000000 ( 0.0 %)           on MPI rank :     1310
     Waiting  global time :    0.000000 ( 0.0 %)           on MPI rank :     1310
     Total           time :  166.422263 (SYPD:     1.411 ) on MPI rank :     1310
     Computing       time :    0.000000                    on MPI rank :     1311
     Waiting lbc_lnk time :    0.000000 ( 0.0 %)           on MPI rank :     1311
     Waiting  global time :    0.000000 ( 0.0 %)           on MPI rank :     1311
     Total           time :  166.422020 (SYPD:     1.411 ) on MPI rank :     1311
     Computing       time :    0.000000                    on MPI rank :     1312
     Waiting lbc_lnk time :    0.000000 ( 0.0 %)           on MPI rank :     1312
     Waiting  global time :    0.000000 ( 0.0 %)           on MPI rank :     1312
     Total           time :  166.421904 (SYPD:     1.411 ) on MPI rank :     1312
     Computing       time :    0.000000                    on MPI rank :     1313
     Waiting lbc_lnk time :    0.000000 ( 0.0 %)           on MPI rank :     1313
     Waiting  global time :    0.000000 ( 0.0 %)           on MPI rank :     1313
     Total           time :  166.421925 (SYPD:     1.411 ) on MPI rank :     1313
     Computing       time :    0.000000                    on MPI rank :     1314
     Waiting lbc_lnk time :    0.000000 ( 0.0 %)           on MPI rank :     1314
     Waiting  global time :    0.000000 ( 0.0 %)           on MPI rank :     1314
     Total           time :  166.419951 (SYPD:     1.411 ) on MPI rank :     1314
     Computing       time :    0.000000                    on MPI rank :     1315
     Waiting lbc_lnk time :    0.000000 ( 0.0 %)           on MPI rank :     1315
     Waiting  global time :    0.000000 ( 0.0 %)           on MPI rank :     1315
     Total           time :  166.421437 (SYPD:     1.411 ) on MPI rank :     1315
     Computing       time :    0.000000                    on MPI rank :     1316
     Waiting lbc_lnk time :    0.000000 ( 0.0 %)           on MPI rank :     1316
     Waiting  global time :    0.000000 ( 0.0 %)           on MPI rank :     1316
     Total           time :  166.422121 (SYPD:     1.411 ) on MPI rank :     1316
     Computing       time :    0.000000                    on MPI rank :     1317
     Waiting lbc_lnk time :    0.000000 ( 0.0 %)           on MPI rank :     1317
     Waiting  global time :    0.000000 ( 0.0 %)           on MPI rank :     1317
     Total           time :  166.421444 (SYPD:     1.411 ) on MPI rank :     1317
     Computing       time :    0.000000                    on MPI rank :     1318
     Waiting lbc_lnk time :    0.000000 ( 0.0 %)           on MPI rank :     1318
     Waiting  global time :    0.000000 ( 0.0 %)           on MPI rank :     1318
     Total           time :  166.421752 (SYPD:     1.411 ) on MPI rank :     1318
     Computing       time :    0.000000                    on MPI rank :     1319
     Waiting lbc_lnk time :    0.000000 ( 0.0 %)           on MPI rank :     1319
     Waiting  global time :    0.000000 ( 0.0 %)           on MPI rank :     1319
     Total           time :  166.421832 (SYPD:     1.411 ) on MPI rank :     1319
     Computing       time :    0.000000                    on MPI rank :     1320
     Waiting lbc_lnk time :    0.000000 ( 0.0 %)           on MPI rank :     1320
     Waiting  global time :    0.000000 ( 0.0 %)           on MPI rank :     1320
     Total           time :  166.421987 (SYPD:     1.411 ) on MPI rank :     1320
     Computing       time :    0.000000                    on MPI rank :     1321
     Waiting lbc_lnk time :    0.000000 ( 0.0 %)           on MPI rank :     1321
     Waiting  global time :    0.000000 ( 0.0 %)           on MPI rank :     1321
     Total           time :  166.421593 (SYPD:     1.411 ) on MPI rank :     1321
     Computing       time :    0.000000                    on MPI rank :     1322
     Waiting lbc_lnk time :    0.000000 ( 0.0 %)           on MPI rank :     1322
     Waiting  global time :    0.000000 ( 0.0 %)           on MPI rank :     1322
     Total           time :  166.421398 (SYPD:     1.411 ) on MPI rank :     1322
     Computing       time :    0.000000                    on MPI rank :     1323
     Waiting lbc_lnk time :    0.000000 ( 0.0 %)           on MPI rank :     1323
     Waiting  global time :    0.000000 ( 0.0 %)           on MPI rank :     1323
     Total           time :  166.421954 (SYPD:     1.411 ) on MPI rank :     1323
     Computing       time :    0.000000                    on MPI rank :     1324
     Waiting lbc_lnk time :    0.000000 ( 0.0 %)           on MPI rank :     1324
     Waiting  global time :    0.000000 ( 0.0 %)           on MPI rank :     1324
     Total           time :  166.421847 (SYPD:     1.411 ) on MPI rank :     1324
     Computing       time :    0.000000                    on MPI rank :     1325
     Waiting lbc_lnk time :    0.000000 ( 0.0 %)           on MPI rank :     1325
     Waiting  global time :    0.000000 ( 0.0 %)           on MPI rank :     1325
     Total           time :  166.421653 (SYPD:     1.411 ) on MPI rank :     1325
     Computing       time :    0.000000                    on MPI rank :     1326
     Waiting lbc_lnk time :    0.000000 ( 0.0 %)           on MPI rank :     1326
     Waiting  global time :    0.000000 ( 0.0 %)           on MPI rank :     1326
     Total           time :  166.421531 (SYPD:     1.411 ) on MPI rank :     1326
     Computing       time :    0.000000                    on MPI rank :     1327
     Waiting lbc_lnk time :    0.000000 ( 0.0 %)           on MPI rank :     1327
     Waiting  global time :    0.000000 ( 0.0 %)           on MPI rank :     1327
     Total           time :  166.422252 (SYPD:     1.411 ) on MPI rank :     1327
     Computing       time :    0.000000                    on MPI rank :     1328
     Waiting lbc_lnk time :    0.000000 ( 0.0 %)           on MPI rank :     1328
     Waiting  global time :    0.000000 ( 0.0 %)           on MPI rank :     1328
     Total           time :  166.421874 (SYPD:     1.411 ) on MPI rank :     1328
     Computing       time :    0.000000                    on MPI rank :     1329
     Waiting lbc_lnk time :    0.000000 ( 0.0 %)           on MPI rank :     1329
     Waiting  global time :    0.000000 ( 0.0 %)           on MPI rank :     1329
     Total           time :  166.422035 (SYPD:     1.411 ) on MPI rank :     1329
     Computing       time :    0.000000                    on MPI rank :     1330
     Waiting lbc_lnk time :    0.000000 ( 0.0 %)           on MPI rank :     1330
     Waiting  global time :    0.000000 ( 0.0 %)           on MPI rank :     1330
     Total           time :  166.421249 (SYPD:     1.411 ) on MPI rank :     1330
     Computing       time :    0.000000                    on MPI rank :     1331
     Waiting lbc_lnk time :    0.000000 ( 0.0 %)           on MPI rank :     1331
     Waiting  global time :    0.000000 ( 0.0 %)           on MPI rank :     1331
     Total           time :  166.421602 (SYPD:     1.411 ) on MPI rank :     1331
     Computing       time :    0.000000                    on MPI rank :     1332
     Waiting lbc_lnk time :    0.000000 ( 0.0 %)           on MPI rank :     1332
     Waiting  global time :    0.000000 ( 0.0 %)           on MPI rank :     1332
     Total           time :  166.421756 (SYPD:     1.411 ) on MPI rank :     1332
     Computing       time :    0.000000                    on MPI rank :     1333
     Waiting lbc_lnk time :    0.000000 ( 0.0 %)           on MPI rank :     1333
     Waiting  global time :    0.000000 ( 0.0 %)           on MPI rank :     1333
     Total           time :  166.421098 (SYPD:     1.411 ) on MPI rank :     1333
     Computing       time :    0.000000                    on MPI rank :     1334
     Waiting lbc_lnk time :    0.000000 ( 0.0 %)           on MPI rank :     1334
     Waiting  global time :    0.000000 ( 0.0 %)           on MPI rank :     1334
     Total           time :  166.421083 (SYPD:     1.411 ) on MPI rank :     1334
     Computing       time :    0.000000                    on MPI rank :     1335
     Waiting lbc_lnk time :    0.000000 ( 0.0 %)           on MPI rank :     1335
     Waiting  global time :    0.000000 ( 0.0 %)           on MPI rank :     1335
     Total           time :  166.422207 (SYPD:     1.411 ) on MPI rank :     1335
     Computing       time :    0.000000                    on MPI rank :     1336
     Waiting lbc_lnk time :    0.000000 ( 0.0 %)           on MPI rank :     1336
     Waiting  global time :    0.000000 ( 0.0 %)           on MPI rank :     1336
     Total           time :  166.421852 (SYPD:     1.411 ) on MPI rank :     1336
     Computing       time :    0.000000                    on MPI rank :     1337
     Waiting lbc_lnk time :    0.000000 ( 0.0 %)           on MPI rank :     1337
     Waiting  global time :    0.000000 ( 0.0 %)           on MPI rank :     1337
     Total           time :  166.421500 (SYPD:     1.411 ) on MPI rank :     1337
     Computing       time :    0.000000                    on MPI rank :     1338
     Waiting lbc_lnk time :    0.000000 ( 0.0 %)           on MPI rank :     1338
     Waiting  global time :    0.000000 ( 0.0 %)           on MPI rank :     1338
     Total           time :  166.422192 (SYPD:     1.411 ) on MPI rank :     1338
     Computing       time :    0.000000                    on MPI rank :     1339
     Waiting lbc_lnk time :    0.000000 ( 0.0 %)           on MPI rank :     1339
     Waiting  global time :    0.000000 ( 0.0 %)           on MPI rank :     1339
     Total           time :  166.421276 (SYPD:     1.411 ) on MPI rank :     1339
     Computing       time :    0.000000                    on MPI rank :     1340
     Waiting lbc_lnk time :    0.000000 ( 0.0 %)           on MPI rank :     1340
     Waiting  global time :    0.000000 ( 0.0 %)           on MPI rank :     1340
     Total           time :  166.421043 (SYPD:     1.411 ) on MPI rank :     1340
     Computing       time :    0.000000                    on MPI rank :     1341
     Waiting lbc_lnk time :    0.000000 ( 0.0 %)           on MPI rank :     1341
     Waiting  global time :    0.000000 ( 0.0 %)           on MPI rank :     1341
     Total           time :  166.421740 (SYPD:     1.411 ) on MPI rank :     1341
     Computing       time :    0.000000                    on MPI rank :     1342
     Waiting lbc_lnk time :    0.000000 ( 0.0 %)           on MPI rank :     1342
     Waiting  global time :    0.000000 ( 0.0 %)           on MPI rank :     1342
     Total           time :  166.422235 (SYPD:     1.411 ) on MPI rank :     1342
     Computing       time :    0.000000                    on MPI rank :     1343
     Waiting lbc_lnk time :    0.000000 ( 0.0 %)           on MPI rank :     1343
     Waiting  global time :    0.000000 ( 0.0 %)           on MPI rank :     1343
     Total           time :  166.422342 (SYPD:     1.411 ) on MPI rank :     1343
     Computing       time :    0.000000                    on MPI rank :     1344
     Waiting lbc_lnk time :    0.000000 ( 0.0 %)           on MPI rank :     1344
     Waiting  global time :    0.000000 ( 0.0 %)           on MPI rank :     1344
     Total           time :  166.422056 (SYPD:     1.411 ) on MPI rank :     1344
     Computing       time :    0.000000                    on MPI rank :     1345
     Waiting lbc_lnk time :    0.000000 ( 0.0 %)           on MPI rank :     1345
     Waiting  global time :    0.000000 ( 0.0 %)           on MPI rank :     1345
     Total           time :  166.422183 (SYPD:     1.411 ) on MPI rank :     1345
     Computing       time :    0.000000                    on MPI rank :     1346
     Waiting lbc_lnk time :    0.000000 ( 0.0 %)           on MPI rank :     1346
     Waiting  global time :    0.000000 ( 0.0 %)           on MPI rank :     1346
     Total           time :  166.420229 (SYPD:     1.411 ) on MPI rank :     1346
     Computing       time :    0.000000                    on MPI rank :     1347
     Waiting lbc_lnk time :    0.000000 ( 0.0 %)           on MPI rank :     1347
     Waiting  global time :    0.000000 ( 0.0 %)           on MPI rank :     1347
     Total           time :  166.422546 (SYPD:     1.411 ) on MPI rank :     1347
     Computing       time :    0.000000                    on MPI rank :     1348
     Waiting lbc_lnk time :    0.000000 ( 0.0 %)           on MPI rank :     1348
     Waiting  global time :    0.000000 ( 0.0 %)           on MPI rank :     1348
     Total           time :  166.422310 (SYPD:     1.411 ) on MPI rank :     1348
     Computing       time :    0.000000                    on MPI rank :     1349
     Waiting lbc_lnk time :    0.000000 ( 0.0 %)           on MPI rank :     1349
     Waiting  global time :    0.000000 ( 0.0 %)           on MPI rank :     1349
     Total           time :  166.422079 (SYPD:     1.411 ) on MPI rank :     1349
     Computing       time :    0.000000                    on MPI rank :     1350
     Waiting lbc_lnk time :    0.000000 ( 0.0 %)           on MPI rank :     1350
     Waiting  global time :    0.000000 ( 0.0 %)           on MPI rank :     1350
     Total           time :  166.421626 (SYPD:     1.411 ) on MPI rank :     1350
     Computing       time :    0.000000                    on MPI rank :     1351
     Waiting lbc_lnk time :    0.000000 ( 0.0 %)           on MPI rank :     1351
     Waiting  global time :    0.000000 ( 0.0 %)           on MPI rank :     1351
     Total           time :  166.422294 (SYPD:     1.411 ) on MPI rank :     1351
     Computing       time :    0.000000                    on MPI rank :     1352
     Waiting lbc_lnk time :    0.000000 ( 0.0 %)           on MPI rank :     1352
     Waiting  global time :    0.000000 ( 0.0 %)           on MPI rank :     1352
     Total           time :  166.422391 (SYPD:     1.411 ) on MPI rank :     1352
     Computing       time :    0.000000                    on MPI rank :     1353
     Waiting lbc_lnk time :    0.000000 ( 0.0 %)           on MPI rank :     1353
     Waiting  global time :    0.000000 ( 0.0 %)           on MPI rank :     1353
     Total           time :  166.421980 (SYPD:     1.411 ) on MPI rank :     1353
     Computing       time :    0.000000                    on MPI rank :     1354
     Waiting lbc_lnk time :    0.000000 ( 0.0 %)           on MPI rank :     1354
     Waiting  global time :    0.000000 ( 0.0 %)           on MPI rank :     1354
     Total           time :  166.421980 (SYPD:     1.411 ) on MPI rank :     1354
     Computing       time :    0.000000                    on MPI rank :     1355
     Waiting lbc_lnk time :    0.000000 ( 0.0 %)           on MPI rank :     1355
     Waiting  global time :    0.000000 ( 0.0 %)           on MPI rank :     1355
     Total           time :  166.421334 (SYPD:     1.411 ) on MPI rank :     1355
     Computing       time :    0.000000                    on MPI rank :     1356
     Waiting lbc_lnk time :    0.000000 ( 0.0 %)           on MPI rank :     1356
     Waiting  global time :    0.000000 ( 0.0 %)           on MPI rank :     1356
     Total           time :  166.422478 (SYPD:     1.411 ) on MPI rank :     1356
     Computing       time :    0.000000                    on MPI rank :     1357
     Waiting lbc_lnk time :    0.000000 ( 0.0 %)           on MPI rank :     1357
     Waiting  global time :    0.000000 ( 0.0 %)           on MPI rank :     1357
     Total           time :  166.422282 (SYPD:     1.411 ) on MPI rank :     1357
     Computing       time :    0.000000                    on MPI rank :     1358
     Waiting lbc_lnk time :    0.000000 ( 0.0 %)           on MPI rank :     1358
     Waiting  global time :    0.000000 ( 0.0 %)           on MPI rank :     1358
     Total           time :  166.421505 (SYPD:     1.411 ) on MPI rank :     1358
     Computing       time :    0.000000                    on MPI rank :     1359
     Waiting lbc_lnk time :    0.000000 ( 0.0 %)           on MPI rank :     1359
     Waiting  global time :    0.000000 ( 0.0 %)           on MPI rank :     1359
     Total           time :  166.422019 (SYPD:     1.411 ) on MPI rank :     1359
     Computing       time :    0.000000                    on MPI rank :     1360
     Waiting lbc_lnk time :    0.000000 ( 0.0 %)           on MPI rank :     1360
     Waiting  global time :    0.000000 ( 0.0 %)           on MPI rank :     1360
     Total           time :  166.421966 (SYPD:     1.411 ) on MPI rank :     1360
     Computing       time :    0.000000                    on MPI rank :     1361
     Waiting lbc_lnk time :    0.000000 ( 0.0 %)           on MPI rank :     1361
     Waiting  global time :    0.000000 ( 0.0 %)           on MPI rank :     1361
     Total           time :  166.421766 (SYPD:     1.411 ) on MPI rank :     1361
     Computing       time :    0.000000                    on MPI rank :     1362
     Waiting lbc_lnk time :    0.000000 ( 0.0 %)           on MPI rank :     1362
     Waiting  global time :    0.000000 ( 0.0 %)           on MPI rank :     1362
     Total           time :  166.421005 (SYPD:     1.411 ) on MPI rank :     1362
     Computing       time :    0.000000                    on MPI rank :     1363
     Waiting lbc_lnk time :    0.000000 ( 0.0 %)           on MPI rank :     1363
     Waiting  global time :    0.000000 ( 0.0 %)           on MPI rank :     1363
     Total           time :  166.421874 (SYPD:     1.411 ) on MPI rank :     1363
     Computing       time :    0.000000                    on MPI rank :     1364
     Waiting lbc_lnk time :    0.000000 ( 0.0 %)           on MPI rank :     1364
     Waiting  global time :    0.000000 ( 0.0 %)           on MPI rank :     1364
     Total           time :  166.421798 (SYPD:     1.411 ) on MPI rank :     1364
     Computing       time :    0.000000                    on MPI rank :     1365
     Waiting lbc_lnk time :    0.000000 ( 0.0 %)           on MPI rank :     1365
     Waiting  global time :    0.000000 ( 0.0 %)           on MPI rank :     1365
     Total           time :  166.421485 (SYPD:     1.411 ) on MPI rank :     1365
     Computing       time :    0.000000                    on MPI rank :     1366
     Waiting lbc_lnk time :    0.000000 ( 0.0 %)           on MPI rank :     1366
     Waiting  global time :    0.000000 ( 0.0 %)           on MPI rank :     1366
     Total           time :  166.421828 (SYPD:     1.411 ) on MPI rank :     1366
     Computing       time :    0.000000                    on MPI rank :     1367
     Waiting lbc_lnk time :    0.000000 ( 0.0 %)           on MPI rank :     1367
     Waiting  global time :    0.000000 ( 0.0 %)           on MPI rank :     1367
     Total           time :  166.422240 (SYPD:     1.411 ) on MPI rank :     1367
     Computing       time :    0.000000                    on MPI rank :     1368
     Waiting lbc_lnk time :    0.000000 ( 0.0 %)           on MPI rank :     1368
     Waiting  global time :    0.000000 ( 0.0 %)           on MPI rank :     1368
     Total           time :  166.421701 (SYPD:     1.411 ) on MPI rank :     1368
     Computing       time :    0.000000                    on MPI rank :     1369
     Waiting lbc_lnk time :    0.000000 ( 0.0 %)           on MPI rank :     1369
     Waiting  global time :    0.000000 ( 0.0 %)           on MPI rank :     1369
     Total           time :  166.421414 (SYPD:     1.411 ) on MPI rank :     1369
     Computing       time :    0.000000                    on MPI rank :     1370
     Waiting lbc_lnk time :    0.000000 ( 0.0 %)           on MPI rank :     1370
     Waiting  global time :    0.000000 ( 0.0 %)           on MPI rank :     1370
     Total           time :  166.422655 (SYPD:     1.411 ) on MPI rank :     1370
     Computing       time :    0.000000                    on MPI rank :     1371
     Waiting lbc_lnk time :    0.000000 ( 0.0 %)           on MPI rank :     1371
     Waiting  global time :    0.000000 ( 0.0 %)           on MPI rank :     1371
     Total           time :  166.421839 (SYPD:     1.411 ) on MPI rank :     1371
     Computing       time :    0.000000                    on MPI rank :     1372
     Waiting lbc_lnk time :    0.000000 ( 0.0 %)           on MPI rank :     1372
     Waiting  global time :    0.000000 ( 0.0 %)           on MPI rank :     1372
     Total           time :  166.422371 (SYPD:     1.411 ) on MPI rank :     1372
     Computing       time :    0.000000                    on MPI rank :     1373
     Waiting lbc_lnk time :    0.000000 ( 0.0 %)           on MPI rank :     1373
     Waiting  global time :    0.000000 ( 0.0 %)           on MPI rank :     1373
     Total           time :  166.421556 (SYPD:     1.411 ) on MPI rank :     1373
     Computing       time :    0.000000                    on MPI rank :     1374
     Waiting lbc_lnk time :    0.000000 ( 0.0 %)           on MPI rank :     1374
     Waiting  global time :    0.000000 ( 0.0 %)           on MPI rank :     1374
     Total           time :  166.420882 (SYPD:     1.411 ) on MPI rank :     1374
     Computing       time :    0.000000                    on MPI rank :     1375
     Waiting lbc_lnk time :    0.000000 ( 0.0 %)           on MPI rank :     1375
     Waiting  global time :    0.000000 ( 0.0 %)           on MPI rank :     1375
     Total           time :  166.421115 (SYPD:     1.411 ) on MPI rank :     1375
     Computing       time :    0.000000                    on MPI rank :     1376
     Waiting lbc_lnk time :    0.000000 ( 0.0 %)           on MPI rank :     1376
     Waiting  global time :    0.000000 ( 0.0 %)           on MPI rank :     1376
     Total           time :  166.421309 (SYPD:     1.411 ) on MPI rank :     1376
     Computing       time :    0.000000                    on MPI rank :     1377
     Waiting lbc_lnk time :    0.000000 ( 0.0 %)           on MPI rank :     1377
     Waiting  global time :    0.000000 ( 0.0 %)           on MPI rank :     1377
     Total           time :  166.421422 (SYPD:     1.411 ) on MPI rank :     1377
     Computing       time :    0.000000                    on MPI rank :     1378
     Waiting lbc_lnk time :    0.000000 ( 0.0 %)           on MPI rank :     1378
     Waiting  global time :    0.000000 ( 0.0 %)           on MPI rank :     1378
     Total           time :  166.421627 (SYPD:     1.411 ) on MPI rank :     1378
     Computing       time :    0.000000                    on MPI rank :     1379
     Waiting lbc_lnk time :    0.000000 ( 0.0 %)           on MPI rank :     1379
     Waiting  global time :    0.000000 ( 0.0 %)           on MPI rank :     1379
     Total           time :  166.421470 (SYPD:     1.411 ) on MPI rank :     1379
     Computing       time :    0.000000                    on MPI rank :     1380
     Waiting lbc_lnk time :    0.000000 ( 0.0 %)           on MPI rank :     1380
     Waiting  global time :    0.000000 ( 0.0 %)           on MPI rank :     1380
     Total           time :  166.422004 (SYPD:     1.411 ) on MPI rank :     1380
     Computing       time :    0.000000                    on MPI rank :     1381
     Waiting lbc_lnk time :    0.000000 ( 0.0 %)           on MPI rank :     1381
     Waiting  global time :    0.000000 ( 0.0 %)           on MPI rank :     1381
     Total           time :  166.421842 (SYPD:     1.411 ) on MPI rank :     1381
     Computing       time :    0.000000                    on MPI rank :     1382
     Waiting lbc_lnk time :    0.000000 ( 0.0 %)           on MPI rank :     1382
     Waiting  global time :    0.000000 ( 0.0 %)           on MPI rank :     1382
     Total           time :  166.421655 (SYPD:     1.411 ) on MPI rank :     1382
     Computing       time :    0.000000                    on MPI rank :     1383
     Waiting lbc_lnk time :    0.000000 ( 0.0 %)           on MPI rank :     1383
     Waiting  global time :    0.000000 ( 0.0 %)           on MPI rank :     1383
     Total           time :  166.421971 (SYPD:     1.411 ) on MPI rank :     1383
     Computing       time :    0.000000                    on MPI rank :     1384
     Waiting lbc_lnk time :    0.000000 ( 0.0 %)           on MPI rank :     1384
     Waiting  global time :    0.000000 ( 0.0 %)           on MPI rank :     1384
     Total           time :  166.421890 (SYPD:     1.411 ) on MPI rank :     1384
     Computing       time :    0.000000                    on MPI rank :     1385
     Waiting lbc_lnk time :    0.000000 ( 0.0 %)           on MPI rank :     1385
     Waiting  global time :    0.000000 ( 0.0 %)           on MPI rank :     1385
     Total           time :  166.421628 (SYPD:     1.411 ) on MPI rank :     1385
     Computing       time :    0.000000                    on MPI rank :     1386
     Waiting lbc_lnk time :    0.000000 ( 0.0 %)           on MPI rank :     1386
     Waiting  global time :    0.000000 ( 0.0 %)           on MPI rank :     1386
     Total           time :  166.421269 (SYPD:     1.411 ) on MPI rank :     1386
     Computing       time :    0.000000                    on MPI rank :     1387
     Waiting lbc_lnk time :    0.000000 ( 0.0 %)           on MPI rank :     1387
     Waiting  global time :    0.000000 ( 0.0 %)           on MPI rank :     1387
     Total           time :  166.420752 (SYPD:     1.411 ) on MPI rank :     1387
     Computing       time :    0.000000                    on MPI rank :     1388
     Waiting lbc_lnk time :    0.000000 ( 0.0 %)           on MPI rank :     1388
     Waiting  global time :    0.000000 ( 0.0 %)           on MPI rank :     1388
     Total           time :  166.421784 (SYPD:     1.411 ) on MPI rank :     1388
     Computing       time :    0.000000                    on MPI rank :     1389
     Waiting lbc_lnk time :    0.000000 ( 0.0 %)           on MPI rank :     1389
     Waiting  global time :    0.000000 ( 0.0 %)           on MPI rank :     1389
     Total           time :  166.421115 (SYPD:     1.411 ) on MPI rank :     1389
     Computing       time :    0.000000                    on MPI rank :     1390
     Waiting lbc_lnk time :    0.000000 ( 0.0 %)           on MPI rank :     1390
     Waiting  global time :    0.000000 ( 0.0 %)           on MPI rank :     1390
     Total           time :  166.419514 (SYPD:     1.411 ) on MPI rank :     1390
     Computing       time :    0.000000                    on MPI rank :     1391
     Waiting lbc_lnk time :    0.000000 ( 0.0 %)           on MPI rank :     1391
     Waiting  global time :    0.000000 ( 0.0 %)           on MPI rank :     1391
     Total           time :  166.421582 (SYPD:     1.411 ) on MPI rank :     1391
     Computing       time :    0.000000                    on MPI rank :     1392
     Waiting lbc_lnk time :    0.000000 ( 0.0 %)           on MPI rank :     1392
     Waiting  global time :    0.000000 ( 0.0 %)           on MPI rank :     1392
     Total           time :  166.420426 (SYPD:     1.411 ) on MPI rank :     1392
     Computing       time :    0.000000                    on MPI rank :     1393
     Waiting lbc_lnk time :    0.000000 ( 0.0 %)           on MPI rank :     1393
     Waiting  global time :    0.000000 ( 0.0 %)           on MPI rank :     1393
     Total           time :  166.420288 (SYPD:     1.411 ) on MPI rank :     1393
     Computing       time :    0.000000                    on MPI rank :     1394
     Waiting lbc_lnk time :    0.000000 ( 0.0 %)           on MPI rank :     1394
     Waiting  global time :    0.000000 ( 0.0 %)           on MPI rank :     1394
     Total           time :  166.419415 (SYPD:     1.411 ) on MPI rank :     1394
     Computing       time :    0.000000                    on MPI rank :     1395
     Waiting lbc_lnk time :    0.000000 ( 0.0 %)           on MPI rank :     1395
     Waiting  global time :    0.000000 ( 0.0 %)           on MPI rank :     1395
     Total           time :  166.420849 (SYPD:     1.411 ) on MPI rank :     1395
     Computing       time :    0.000000                    on MPI rank :     1396
     Waiting lbc_lnk time :    0.000000 ( 0.0 %)           on MPI rank :     1396
     Waiting  global time :    0.000000 ( 0.0 %)           on MPI rank :     1396
     Total           time :  166.420609 (SYPD:     1.411 ) on MPI rank :     1396
     Computing       time :    0.000000                    on MPI rank :     1397
     Waiting lbc_lnk time :    0.000000 ( 0.0 %)           on MPI rank :     1397
     Waiting  global time :    0.000000 ( 0.0 %)           on MPI rank :     1397
     Total           time :  166.420532 (SYPD:     1.411 ) on MPI rank :     1397
     Computing       time :    0.000000                    on MPI rank :     1398
     Waiting lbc_lnk time :    0.000000 ( 0.0 %)           on MPI rank :     1398
     Waiting  global time :    0.000000 ( 0.0 %)           on MPI rank :     1398
     Total           time :  166.421143 (SYPD:     1.411 ) on MPI rank :     1398
     Computing       time :    0.000000                    on MPI rank :     1399
     Waiting lbc_lnk time :    0.000000 ( 0.0 %)           on MPI rank :     1399
     Waiting  global time :    0.000000 ( 0.0 %)           on MPI rank :     1399
     Total           time :  166.420247 (SYPD:     1.411 ) on MPI rank :     1399
     Computing       time :    0.000000                    on MPI rank :     1400
     Waiting lbc_lnk time :    0.000000 ( 0.0 %)           on MPI rank :     1400
     Waiting  global time :    0.000000 ( 0.0 %)           on MPI rank :     1400
     Total           time :  166.421979 (SYPD:     1.411 ) on MPI rank :     1400
     Computing       time :    0.000000                    on MPI rank :     1401
     Waiting lbc_lnk time :    0.000000 ( 0.0 %)           on MPI rank :     1401
     Waiting  global time :    0.000000 ( 0.0 %)           on MPI rank :     1401
     Total           time :  166.422165 (SYPD:     1.411 ) on MPI rank :     1401
     Computing       time :    0.000000                    on MPI rank :     1402
     Waiting lbc_lnk time :    0.000000 ( 0.0 %)           on MPI rank :     1402
     Waiting  global time :    0.000000 ( 0.0 %)           on MPI rank :     1402
     Total           time :  166.421646 (SYPD:     1.411 ) on MPI rank :     1402
     Computing       time :    0.000000                    on MPI rank :     1403
     Waiting lbc_lnk time :    0.000000 ( 0.0 %)           on MPI rank :     1403
     Waiting  global time :    0.000000 ( 0.0 %)           on MPI rank :     1403
     Total           time :  166.422294 (SYPD:     1.411 ) on MPI rank :     1403
     Computing       time :    0.000000                    on MPI rank :     1404
     Waiting lbc_lnk time :    0.000000 ( 0.0 %)           on MPI rank :     1404
     Waiting  global time :    0.000000 ( 0.0 %)           on MPI rank :     1404
     Total           time :  166.421623 (SYPD:     1.411 ) on MPI rank :     1404
     Computing       time :    0.000000                    on MPI rank :     1405
     Waiting lbc_lnk time :    0.000000 ( 0.0 %)           on MPI rank :     1405
     Waiting  global time :    0.000000 ( 0.0 %)           on MPI rank :     1405
     Total           time :  166.421715 (SYPD:     1.411 ) on MPI rank :     1405
     Computing       time :    0.000000                    on MPI rank :     1406
     Waiting lbc_lnk time :    0.000000 ( 0.0 %)           on MPI rank :     1406
     Waiting  global time :    0.000000 ( 0.0 %)           on MPI rank :     1406
     Total           time :  166.421650 (SYPD:     1.411 ) on MPI rank :     1406
     Computing       time :    0.000000                    on MPI rank :     1407
     Waiting lbc_lnk time :    0.000000 ( 0.0 %)           on MPI rank :     1407
     Waiting  global time :    0.000000 ( 0.0 %)           on MPI rank :     1407
     Total           time :  166.421847 (SYPD:     1.411 ) on MPI rank :     1407
     Computing       time :    0.000000                    on MPI rank :     1408
     Waiting lbc_lnk time :    0.000000 ( 0.0 %)           on MPI rank :     1408
     Waiting  global time :    0.000000 ( 0.0 %)           on MPI rank :     1408
     Total           time :  166.420780 (SYPD:     1.411 ) on MPI rank :     1408
     Computing       time :    0.000000                    on MPI rank :     1409
     Waiting lbc_lnk time :    0.000000 ( 0.0 %)           on MPI rank :     1409
     Waiting  global time :    0.000000 ( 0.0 %)           on MPI rank :     1409
     Total           time :  166.421840 (SYPD:     1.411 ) on MPI rank :     1409
     Computing       time :    0.000000                    on MPI rank :     1410
     Waiting lbc_lnk time :    0.000000 ( 0.0 %)           on MPI rank :     1410
     Waiting  global time :    0.000000 ( 0.0 %)           on MPI rank :     1410
     Total           time :  166.421663 (SYPD:     1.411 ) on MPI rank :     1410
     Computing       time :    0.000000                    on MPI rank :     1411
     Waiting lbc_lnk time :    0.000000 ( 0.0 %)           on MPI rank :     1411
     Waiting  global time :    0.000000 ( 0.0 %)           on MPI rank :     1411
     Total           time :  166.421961 (SYPD:     1.411 ) on MPI rank :     1411
     Computing       time :    0.000000                    on MPI rank :     1412
     Waiting lbc_lnk time :    0.000000 ( 0.0 %)           on MPI rank :     1412
     Waiting  global time :    0.000000 ( 0.0 %)           on MPI rank :     1412
     Total           time :  166.422050 (SYPD:     1.411 ) on MPI rank :     1412
     Computing       time :    0.000000                    on MPI rank :     1413
     Waiting lbc_lnk time :    0.000000 ( 0.0 %)           on MPI rank :     1413
     Waiting  global time :    0.000000 ( 0.0 %)           on MPI rank :     1413
     Total           time :  166.421996 (SYPD:     1.411 ) on MPI rank :     1413
     Computing       time :    0.000000                    on MPI rank :     1414
     Waiting lbc_lnk time :    0.000000 ( 0.0 %)           on MPI rank :     1414
     Waiting  global time :    0.000000 ( 0.0 %)           on MPI rank :     1414
     Total           time :  166.420896 (SYPD:     1.411 ) on MPI rank :     1414
     Computing       time :    0.000000                    on MPI rank :     1415
     Waiting lbc_lnk time :    0.000000 ( 0.0 %)           on MPI rank :     1415
     Waiting  global time :    0.000000 ( 0.0 %)           on MPI rank :     1415
     Total           time :  166.421400 (SYPD:     1.411 ) on MPI rank :     1415
     Computing       time :    0.000000                    on MPI rank :     1416
     Waiting lbc_lnk time :    0.000000 ( 0.0 %)           on MPI rank :     1416
     Waiting  global time :    0.000000 ( 0.0 %)           on MPI rank :     1416
     Total           time :  166.422202 (SYPD:     1.411 ) on MPI rank :     1416
     Computing       time :    0.000000                    on MPI rank :     1417
     Waiting lbc_lnk time :    0.000000 ( 0.0 %)           on MPI rank :     1417
     Waiting  global time :    0.000000 ( 0.0 %)           on MPI rank :     1417
     Total           time :  166.421439 (SYPD:     1.411 ) on MPI rank :     1417
     Computing       time :    0.000000                    on MPI rank :     1418
     Waiting lbc_lnk time :    0.000000 ( 0.0 %)           on MPI rank :     1418
     Waiting  global time :    0.000000 ( 0.0 %)           on MPI rank :     1418
     Total           time :  166.421506 (SYPD:     1.411 ) on MPI rank :     1418
     Computing       time :    0.000000                    on MPI rank :     1419
     Waiting lbc_lnk time :    0.000000 ( 0.0 %)           on MPI rank :     1419
     Waiting  global time :    0.000000 ( 0.0 %)           on MPI rank :     1419
     Total           time :  166.421870 (SYPD:     1.411 ) on MPI rank :     1419
     Computing       time :    0.000000                    on MPI rank :     1420
     Waiting lbc_lnk time :    0.000000 ( 0.0 %)           on MPI rank :     1420
     Waiting  global time :    0.000000 ( 0.0 %)           on MPI rank :     1420
     Total           time :  166.421897 (SYPD:     1.411 ) on MPI rank :     1420
     Computing       time :    0.000000                    on MPI rank :     1421
     Waiting lbc_lnk time :    0.000000 ( 0.0 %)           on MPI rank :     1421
     Waiting  global time :    0.000000 ( 0.0 %)           on MPI rank :     1421
     Total           time :  166.422030 (SYPD:     1.411 ) on MPI rank :     1421
     Computing       time :    0.000000                    on MPI rank :     1422
     Waiting lbc_lnk time :    0.000000 ( 0.0 %)           on MPI rank :     1422
     Waiting  global time :    0.000000 ( 0.0 %)           on MPI rank :     1422
     Total           time :  166.421413 (SYPD:     1.411 ) on MPI rank :     1422
     Computing       time :    0.000000                    on MPI rank :     1423
     Waiting lbc_lnk time :    0.000000 ( 0.0 %)           on MPI rank :     1423
     Waiting  global time :    0.000000 ( 0.0 %)           on MPI rank :     1423
     Total           time :  166.421664 (SYPD:     1.411 ) on MPI rank :     1423
     Computing       time :    0.000000                    on MPI rank :     1424
     Waiting lbc_lnk time :    0.000000 ( 0.0 %)           on MPI rank :     1424
     Waiting  global time :    0.000000 ( 0.0 %)           on MPI rank :     1424
     Total           time :  166.421236 (SYPD:     1.411 ) on MPI rank :     1424
     Computing       time :    0.000000                    on MPI rank :     1425
     Waiting lbc_lnk time :    0.000000 ( 0.0 %)           on MPI rank :     1425
     Waiting  global time :    0.000000 ( 0.0 %)           on MPI rank :     1425
     Total           time :  166.421965 (SYPD:     1.411 ) on MPI rank :     1425
     Computing       time :    0.000000                    on MPI rank :     1426
     Waiting lbc_lnk time :    0.000000 ( 0.0 %)           on MPI rank :     1426
     Waiting  global time :    0.000000 ( 0.0 %)           on MPI rank :     1426
     Total           time :  166.421904 (SYPD:     1.411 ) on MPI rank :     1426
     Computing       time :    0.000000                    on MPI rank :     1427
     Waiting lbc_lnk time :    0.000000 ( 0.0 %)           on MPI rank :     1427
     Waiting  global time :    0.000000 ( 0.0 %)           on MPI rank :     1427
     Total           time :  166.420856 (SYPD:     1.411 ) on MPI rank :     1427
     Computing       time :    0.000000                    on MPI rank :     1428
     Waiting lbc_lnk time :    0.000000 ( 0.0 %)           on MPI rank :     1428
     Waiting  global time :    0.000000 ( 0.0 %)           on MPI rank :     1428
     Total           time :  166.421458 (SYPD:     1.411 ) on MPI rank :     1428
     Computing       time :    0.000000                    on MPI rank :     1429
     Waiting lbc_lnk time :    0.000000 ( 0.0 %)           on MPI rank :     1429
     Waiting  global time :    0.000000 ( 0.0 %)           on MPI rank :     1429
     Total           time :  166.421800 (SYPD:     1.411 ) on MPI rank :     1429
     Computing       time :    0.000000                    on MPI rank :     1430
     Waiting lbc_lnk time :    0.000000 ( 0.0 %)           on MPI rank :     1430
     Waiting  global time :    0.000000 ( 0.0 %)           on MPI rank :     1430
     Total           time :  166.421343 (SYPD:     1.411 ) on MPI rank :     1430
     Computing       time :    0.000000                    on MPI rank :     1431
     Waiting lbc_lnk time :    0.000000 ( 0.0 %)           on MPI rank :     1431
     Waiting  global time :    0.000000 ( 0.0 %)           on MPI rank :     1431
     Total           time :  166.422033 (SYPD:     1.411 ) on MPI rank :     1431
     Computing       time :    0.000000                    on MPI rank :     1432
     Waiting lbc_lnk time :    0.000000 ( 0.0 %)           on MPI rank :     1432
     Waiting  global time :    0.000000 ( 0.0 %)           on MPI rank :     1432
     Total           time :  166.421541 (SYPD:     1.411 ) on MPI rank :     1432
     Computing       time :    0.000000                    on MPI rank :     1433
     Waiting lbc_lnk time :    0.000000 ( 0.0 %)           on MPI rank :     1433
     Waiting  global time :    0.000000 ( 0.0 %)           on MPI rank :     1433
     Total           time :  166.422298 (SYPD:     1.411 ) on MPI rank :     1433
     Computing       time :    0.000000                    on MPI rank :     1434
     Waiting lbc_lnk time :    0.000000 ( 0.0 %)           on MPI rank :     1434
     Waiting  global time :    0.000000 ( 0.0 %)           on MPI rank :     1434
     Total           time :  166.421564 (SYPD:     1.411 ) on MPI rank :     1434
     Computing       time :    0.000000                    on MPI rank :     1435
     Waiting lbc_lnk time :    0.000000 ( 0.0 %)           on MPI rank :     1435
     Waiting  global time :    0.000000 ( 0.0 %)           on MPI rank :     1435
     Total           time :  166.421355 (SYPD:     1.411 ) on MPI rank :     1435
     Computing       time :    0.000000                    on MPI rank :     1436
     Waiting lbc_lnk time :    0.000000 ( 0.0 %)           on MPI rank :     1436
     Waiting  global time :    0.000000 ( 0.0 %)           on MPI rank :     1436
     Total           time :  166.422587 (SYPD:     1.411 ) on MPI rank :     1436
     Computing       time :    0.000000                    on MPI rank :     1437
     Waiting lbc_lnk time :    0.000000 ( 0.0 %)           on MPI rank :     1437
     Waiting  global time :    0.000000 ( 0.0 %)           on MPI rank :     1437
     Total           time :  166.421333 (SYPD:     1.411 ) on MPI rank :     1437
     Computing       time :    0.000000                    on MPI rank :     1438
     Waiting lbc_lnk time :    0.000000 ( 0.0 %)           on MPI rank :     1438
     Waiting  global time :    0.000000 ( 0.0 %)           on MPI rank :     1438
     Total           time :  166.421661 (SYPD:     1.411 ) on MPI rank :     1438
     Computing       time :    0.000000                    on MPI rank :     1439
     Waiting lbc_lnk time :    0.000000 ( 0.0 %)           on MPI rank :     1439
     Waiting  global time :    0.000000 ( 0.0 %)           on MPI rank :     1439
     Total           time :  166.422037 (SYPD:     1.411 ) on MPI rank :     1439
     Computing       time :    0.000000                    on MPI rank :     1440
     Waiting lbc_lnk time :    0.000000 ( 0.0 %)           on MPI rank :     1440
     Waiting  global time :    0.000000 ( 0.0 %)           on MPI rank :     1440
     Total           time :  166.421852 (SYPD:     1.411 ) on MPI rank :     1440
     Computing       time :    0.000000                    on MPI rank :     1441
     Waiting lbc_lnk time :    0.000000 ( 0.0 %)           on MPI rank :     1441
     Waiting  global time :    0.000000 ( 0.0 %)           on MPI rank :     1441
     Total           time :  166.421786 (SYPD:     1.411 ) on MPI rank :     1441
     Computing       time :    0.000000                    on MPI rank :     1442
     Waiting lbc_lnk time :    0.000000 ( 0.0 %)           on MPI rank :     1442
     Waiting  global time :    0.000000 ( 0.0 %)           on MPI rank :     1442
     Total           time :  166.422202 (SYPD:     1.411 ) on MPI rank :     1442
     Computing       time :    0.000000                    on MPI rank :     1443
     Waiting lbc_lnk time :    0.000000 ( 0.0 %)           on MPI rank :     1443
     Waiting  global time :    0.000000 ( 0.0 %)           on MPI rank :     1443
     Total           time :  166.421830 (SYPD:     1.411 ) on MPI rank :     1443
     Computing       time :    0.000000                    on MPI rank :     1444
     Waiting lbc_lnk time :    0.000000 ( 0.0 %)           on MPI rank :     1444
     Waiting  global time :    0.000000 ( 0.0 %)           on MPI rank :     1444
     Total           time :  166.421519 (SYPD:     1.411 ) on MPI rank :     1444
     Computing       time :    0.000000                    on MPI rank :     1445
     Waiting lbc_lnk time :    0.000000 ( 0.0 %)           on MPI rank :     1445
     Waiting  global time :    0.000000 ( 0.0 %)           on MPI rank :     1445
     Total           time :  166.421615 (SYPD:     1.411 ) on MPI rank :     1445
     Computing       time :    0.000000                    on MPI rank :     1446
     Waiting lbc_lnk time :    0.000000 ( 0.0 %)           on MPI rank :     1446
     Waiting  global time :    0.000000 ( 0.0 %)           on MPI rank :     1446
     Total           time :  166.422309 (SYPD:     1.411 ) on MPI rank :     1446
     Computing       time :    0.000000                    on MPI rank :     1447
     Waiting lbc_lnk time :    0.000000 ( 0.0 %)           on MPI rank :     1447
     Waiting  global time :    0.000000 ( 0.0 %)           on MPI rank :     1447
     Total           time :  166.422425 (SYPD:     1.411 ) on MPI rank :     1447
     Computing       time :    0.000000                    on MPI rank :     1448
     Waiting lbc_lnk time :    0.000000 ( 0.0 %)           on MPI rank :     1448
     Waiting  global time :    0.000000 ( 0.0 %)           on MPI rank :     1448
     Total           time :  166.422067 (SYPD:     1.411 ) on MPI rank :     1448
     Computing       time :    0.000000                    on MPI rank :     1449
     Waiting lbc_lnk time :    0.000000 ( 0.0 %)           on MPI rank :     1449
     Waiting  global time :    0.000000 ( 0.0 %)           on MPI rank :     1449
     Total           time :  166.422389 (SYPD:     1.411 ) on MPI rank :     1449
     Computing       time :    0.000000                    on MPI rank :     1450
     Waiting lbc_lnk time :    0.000000 ( 0.0 %)           on MPI rank :     1450
     Waiting  global time :    0.000000 ( 0.0 %)           on MPI rank :     1450
     Total           time :  166.422004 (SYPD:     1.411 ) on MPI rank :     1450
     Computing       time :    0.000000                    on MPI rank :     1451
     Waiting lbc_lnk time :    0.000000 ( 0.0 %)           on MPI rank :     1451
     Waiting  global time :    0.000000 ( 0.0 %)           on MPI rank :     1451
     Total           time :  166.421465 (SYPD:     1.411 ) on MPI rank :     1451
     Computing       time :    0.000000                    on MPI rank :     1452
     Waiting lbc_lnk time :    0.000000 ( 0.0 %)           on MPI rank :     1452
     Waiting  global time :    0.000000 ( 0.0 %)           on MPI rank :     1452
     Total           time :  166.422223 (SYPD:     1.411 ) on MPI rank :     1452
     Computing       time :    0.000000                    on MPI rank :     1453
     Waiting lbc_lnk time :    0.000000 ( 0.0 %)           on MPI rank :     1453
     Waiting  global time :    0.000000 ( 0.0 %)           on MPI rank :     1453
     Total           time :  166.421910 (SYPD:     1.411 ) on MPI rank :     1453
     Computing       time :    0.000000                    on MPI rank :     1454
     Waiting lbc_lnk time :    0.000000 ( 0.0 %)           on MPI rank :     1454
     Waiting  global time :    0.000000 ( 0.0 %)           on MPI rank :     1454
     Total           time :  166.421832 (SYPD:     1.411 ) on MPI rank :     1454
     Computing       time :    0.000000                    on MPI rank :     1455
     Waiting lbc_lnk time :    0.000000 ( 0.0 %)           on MPI rank :     1455
     Waiting  global time :    0.000000 ( 0.0 %)           on MPI rank :     1455
     Total           time :  166.421850 (SYPD:     1.411 ) on MPI rank :     1455
     Computing       time :    0.000000                    on MPI rank :     1456
     Waiting lbc_lnk time :    0.000000 ( 0.0 %)           on MPI rank :     1456
     Waiting  global time :    0.000000 ( 0.0 %)           on MPI rank :     1456
     Total           time :  166.422353 (SYPD:     1.411 ) on MPI rank :     1456
     Computing       time :    0.000000                    on MPI rank :     1457
     Waiting lbc_lnk time :    0.000000 ( 0.0 %)           on MPI rank :     1457
     Waiting  global time :    0.000000 ( 0.0 %)           on MPI rank :     1457
     Total           time :  166.421443 (SYPD:     1.411 ) on MPI rank :     1457
     Computing       time :    0.000000                    on MPI rank :     1458
     Waiting lbc_lnk time :    0.000000 ( 0.0 %)           on MPI rank :     1458
     Waiting  global time :    0.000000 ( 0.0 %)           on MPI rank :     1458
     Total           time :  166.421638 (SYPD:     1.411 ) on MPI rank :     1458
     Computing       time :    0.000000                    on MPI rank :     1459
     Waiting lbc_lnk time :    0.000000 ( 0.0 %)           on MPI rank :     1459
     Waiting  global time :    0.000000 ( 0.0 %)           on MPI rank :     1459
     Total           time :  166.422071 (SYPD:     1.411 ) on MPI rank :     1459
     Computing       time :    0.000000                    on MPI rank :     1460
     Waiting lbc_lnk time :    0.000000 ( 0.0 %)           on MPI rank :     1460
     Waiting  global time :    0.000000 ( 0.0 %)           on MPI rank :     1460
     Total           time :  166.421951 (SYPD:     1.411 ) on MPI rank :     1460
     Computing       time :    0.000000                    on MPI rank :     1461
     Waiting lbc_lnk time :    0.000000 ( 0.0 %)           on MPI rank :     1461
     Waiting  global time :    0.000000 ( 0.0 %)           on MPI rank :     1461
     Total           time :  166.422298 (SYPD:     1.411 ) on MPI rank :     1461
     Computing       time :    0.000000                    on MPI rank :     1462
     Waiting lbc_lnk time :    0.000000 ( 0.0 %)           on MPI rank :     1462
     Waiting  global time :    0.000000 ( 0.0 %)           on MPI rank :     1462
     Total           time :  166.421883 (SYPD:     1.411 ) on MPI rank :     1462
     Computing       time :    0.000000                    on MPI rank :     1463
     Waiting lbc_lnk time :    0.000000 ( 0.0 %)           on MPI rank :     1463
     Waiting  global time :    0.000000 ( 0.0 %)           on MPI rank :     1463
     Total           time :  166.422094 (SYPD:     1.411 ) on MPI rank :     1463
     Computing       time :    0.000000                    on MPI rank :     1464
     Waiting lbc_lnk time :    0.000000 ( 0.0 %)           on MPI rank :     1464
     Waiting  global time :    0.000000 ( 0.0 %)           on MPI rank :     1464
     Total           time :  166.421822 (SYPD:     1.411 ) on MPI rank :     1464
     Computing       time :    0.000000                    on MPI rank :     1465
     Waiting lbc_lnk time :    0.000000 ( 0.0 %)           on MPI rank :     1465
     Waiting  global time :    0.000000 ( 0.0 %)           on MPI rank :     1465
     Total           time :  166.422184 (SYPD:     1.411 ) on MPI rank :     1465
     Computing       time :    0.000000                    on MPI rank :     1466
     Waiting lbc_lnk time :    0.000000 ( 0.0 %)           on MPI rank :     1466
     Waiting  global time :    0.000000 ( 0.0 %)           on MPI rank :     1466
     Total           time :  166.421840 (SYPD:     1.411 ) on MPI rank :     1466
     Computing       time :    0.000000                    on MPI rank :     1467
     Waiting lbc_lnk time :    0.000000 ( 0.0 %)           on MPI rank :     1467
     Waiting  global time :    0.000000 ( 0.0 %)           on MPI rank :     1467
     Total           time :  166.421632 (SYPD:     1.411 ) on MPI rank :     1467
     Computing       time :    0.000000                    on MPI rank :     1468
     Waiting lbc_lnk time :    0.000000 ( 0.0 %)           on MPI rank :     1468
     Waiting  global time :    0.000000 ( 0.0 %)           on MPI rank :     1468
     Total           time :  166.421900 (SYPD:     1.411 ) on MPI rank :     1468
     Computing       time :    0.000000                    on MPI rank :     1469
     Waiting lbc_lnk time :    0.000000 ( 0.0 %)           on MPI rank :     1469
     Waiting  global time :    0.000000 ( 0.0 %)           on MPI rank :     1469
     Total           time :  166.421937 (SYPD:     1.411 ) on MPI rank :     1469
     Computing       time :    0.000000                    on MPI rank :     1470
     Waiting lbc_lnk time :    0.000000 ( 0.0 %)           on MPI rank :     1470
     Waiting  global time :    0.000000 ( 0.0 %)           on MPI rank :     1470
     Total           time :  166.421797 (SYPD:     1.411 ) on MPI rank :     1470
     Computing       time :    0.000000                    on MPI rank :     1471
     Waiting lbc_lnk time :    0.000000 ( 0.0 %)           on MPI rank :     1471
     Waiting  global time :    0.000000 ( 0.0 %)           on MPI rank :     1471
     Total           time :  166.420398 (SYPD:     1.411 ) on MPI rank :     1471
     Computing       time :    0.000000                    on MPI rank :     1472
     Waiting lbc_lnk time :    0.000000 ( 0.0 %)           on MPI rank :     1472
     Waiting  global time :    0.000000 ( 0.0 %)           on MPI rank :     1472
     Total           time :  166.421169 (SYPD:     1.411 ) on MPI rank :     1472
     Computing       time :    0.000000                    on MPI rank :     1473
     Waiting lbc_lnk time :    0.000000 ( 0.0 %)           on MPI rank :     1473
     Waiting  global time :    0.000000 ( 0.0 %)           on MPI rank :     1473
     Total           time :  166.421215 (SYPD:     1.411 ) on MPI rank :     1473
     Computing       time :    0.000000                    on MPI rank :     1474
     Waiting lbc_lnk time :    0.000000 ( 0.0 %)           on MPI rank :     1474
     Waiting  global time :    0.000000 ( 0.0 %)           on MPI rank :     1474
     Total           time :  166.421698 (SYPD:     1.411 ) on MPI rank :     1474
     Computing       time :    0.000000                    on MPI rank :     1475
     Waiting lbc_lnk time :    0.000000 ( 0.0 %)           on MPI rank :     1475
     Waiting  global time :    0.000000 ( 0.0 %)           on MPI rank :     1475
     Total           time :  166.420846 (SYPD:     1.411 ) on MPI rank :     1475
     Computing       time :    0.000000                    on MPI rank :     1476
     Waiting lbc_lnk time :    0.000000 ( 0.0 %)           on MPI rank :     1476
     Waiting  global time :    0.000000 ( 0.0 %)           on MPI rank :     1476
     Total           time :  166.421172 (SYPD:     1.411 ) on MPI rank :     1476
     Computing       time :    0.000000                    on MPI rank :     1477
     Waiting lbc_lnk time :    0.000000 ( 0.0 %)           on MPI rank :     1477
     Waiting  global time :    0.000000 ( 0.0 %)           on MPI rank :     1477
     Total           time :  166.422162 (SYPD:     1.411 ) on MPI rank :     1477
     Computing       time :    0.000000                    on MPI rank :     1478
     Waiting lbc_lnk time :    0.000000 ( 0.0 %)           on MPI rank :     1478
     Waiting  global time :    0.000000 ( 0.0 %)           on MPI rank :     1478
     Total           time :  166.422205 (SYPD:     1.411 ) on MPI rank :     1478
     Computing       time :    0.000000                    on MPI rank :     1479
     Waiting lbc_lnk time :    0.000000 ( 0.0 %)           on MPI rank :     1479
     Waiting  global time :    0.000000 ( 0.0 %)           on MPI rank :     1479
     Total           time :  166.421730 (SYPD:     1.411 ) on MPI rank :     1479
     Computing       time :    0.000000                    on MPI rank :     1480
     Waiting lbc_lnk time :    0.000000 ( 0.0 %)           on MPI rank :     1480
     Waiting  global time :    0.000000 ( 0.0 %)           on MPI rank :     1480
     Total           time :  166.421707 (SYPD:     1.411 ) on MPI rank :     1480
     Computing       time :    0.000000                    on MPI rank :     1481
     Waiting lbc_lnk time :    0.000000 ( 0.0 %)           on MPI rank :     1481
     Waiting  global time :    0.000000 ( 0.0 %)           on MPI rank :     1481
     Total           time :  166.421506 (SYPD:     1.411 ) on MPI rank :     1481
     Computing       time :    0.000000                    on MPI rank :     1482
     Waiting lbc_lnk time :    0.000000 ( 0.0 %)           on MPI rank :     1482
     Waiting  global time :    0.000000 ( 0.0 %)           on MPI rank :     1482
     Total           time :  166.422057 (SYPD:     1.411 ) on MPI rank :     1482
     Computing       time :    0.000000                    on MPI rank :     1483
     Waiting lbc_lnk time :    0.000000 ( 0.0 %)           on MPI rank :     1483
     Waiting  global time :    0.000000 ( 0.0 %)           on MPI rank :     1483
     Total           time :  166.421729 (SYPD:     1.411 ) on MPI rank :     1483
     Computing       time :    0.000000                    on MPI rank :     1484
     Waiting lbc_lnk time :    0.000000 ( 0.0 %)           on MPI rank :     1484
     Waiting  global time :    0.000000 ( 0.0 %)           on MPI rank :     1484
     Total           time :  166.422525 (SYPD:     1.411 ) on MPI rank :     1484
     Computing       time :    0.000000                    on MPI rank :     1485
     Waiting lbc_lnk time :    0.000000 ( 0.0 %)           on MPI rank :     1485
     Waiting  global time :    0.000000 ( 0.0 %)           on MPI rank :     1485
     Total           time :  166.421134 (SYPD:     1.411 ) on MPI rank :     1485
     Computing       time :    0.000000                    on MPI rank :     1486
     Waiting lbc_lnk time :    0.000000 ( 0.0 %)           on MPI rank :     1486
     Waiting  global time :    0.000000 ( 0.0 %)           on MPI rank :     1486
     Total           time :  166.421285 (SYPD:     1.411 ) on MPI rank :     1486
     Computing       time :    0.000000                    on MPI rank :     1487
     Waiting lbc_lnk time :    0.000000 ( 0.0 %)           on MPI rank :     1487
     Waiting  global time :    0.000000 ( 0.0 %)           on MPI rank :     1487
     Total           time :  166.422113 (SYPD:     1.411 ) on MPI rank :     1487
     Computing       time :    0.000000                    on MPI rank :     1488
     Waiting lbc_lnk time :    0.000000 ( 0.0 %)           on MPI rank :     1488
     Waiting  global time :    0.000000 ( 0.0 %)           on MPI rank :     1488
     Total           time :  166.422141 (SYPD:     1.411 ) on MPI rank :     1488
     Computing       time :    0.000000                    on MPI rank :     1489
     Waiting lbc_lnk time :    0.000000 ( 0.0 %)           on MPI rank :     1489
     Waiting  global time :    0.000000 ( 0.0 %)           on MPI rank :     1489
     Total           time :  166.421970 (SYPD:     1.411 ) on MPI rank :     1489
     Computing       time :    0.000000                    on MPI rank :     1490
     Waiting lbc_lnk time :    0.000000 ( 0.0 %)           on MPI rank :     1490
     Waiting  global time :    0.000000 ( 0.0 %)           on MPI rank :     1490
     Total           time :  166.421839 (SYPD:     1.411 ) on MPI rank :     1490
     Computing       time :    0.000000                    on MPI rank :     1491
     Waiting lbc_lnk time :    0.000000 ( 0.0 %)           on MPI rank :     1491
     Waiting  global time :    0.000000 ( 0.0 %)           on MPI rank :     1491
     Total           time :  166.422551 (SYPD:     1.411 ) on MPI rank :     1491
     Computing       time :    0.000000                    on MPI rank :     1492
     Waiting lbc_lnk time :    0.000000 ( 0.0 %)           on MPI rank :     1492
     Waiting  global time :    0.000000 ( 0.0 %)           on MPI rank :     1492
     Total           time :  166.421907 (SYPD:     1.411 ) on MPI rank :     1492
     Computing       time :    0.000000                    on MPI rank :     1493
     Waiting lbc_lnk time :    0.000000 ( 0.0 %)           on MPI rank :     1493
     Waiting  global time :    0.000000 ( 0.0 %)           on MPI rank :     1493
     Total           time :  166.422133 (SYPD:     1.411 ) on MPI rank :     1493
     Computing       time :    0.000000                    on MPI rank :     1494
     Waiting lbc_lnk time :    0.000000 ( 0.0 %)           on MPI rank :     1494
     Waiting  global time :    0.000000 ( 0.0 %)           on MPI rank :     1494
     Total           time :  166.421744 (SYPD:     1.411 ) on MPI rank :     1494
     Computing       time :    0.000000                    on MPI rank :     1495
     Waiting lbc_lnk time :    0.000000 ( 0.0 %)           on MPI rank :     1495
     Waiting  global time :    0.000000 ( 0.0 %)           on MPI rank :     1495
     Total           time :  166.421966 (SYPD:     1.411 ) on MPI rank :     1495
     Computing       time :    0.000000                    on MPI rank :     1496
     Waiting lbc_lnk time :    0.000000 ( 0.0 %)           on MPI rank :     1496
     Waiting  global time :    0.000000 ( 0.0 %)           on MPI rank :     1496
     Total           time :  166.422134 (SYPD:     1.411 ) on MPI rank :     1496
     Computing       time :    0.000000                    on MPI rank :     1497
     Waiting lbc_lnk time :    0.000000 ( 0.0 %)           on MPI rank :     1497
     Waiting  global time :    0.000000 ( 0.0 %)           on MPI rank :     1497
     Total           time :  166.421882 (SYPD:     1.411 ) on MPI rank :     1497
     Computing       time :    0.000000                    on MPI rank :     1498
     Waiting lbc_lnk time :    0.000000 ( 0.0 %)           on MPI rank :     1498
     Waiting  global time :    0.000000 ( 0.0 %)           on MPI rank :     1498
     Total           time :  166.422108 (SYPD:     1.411 ) on MPI rank :     1498
     Computing       time :    0.000000                    on MPI rank :     1499
     Waiting lbc_lnk time :    0.000000 ( 0.0 %)           on MPI rank :     1499
     Waiting  global time :    0.000000 ( 0.0 %)           on MPI rank :     1499
     Total           time :  166.421688 (SYPD:     1.411 ) on MPI rank :     1499
     Computing       time :    0.000000                    on MPI rank :     1500
     Waiting lbc_lnk time :    0.000000 ( 0.0 %)           on MPI rank :     1500
     Waiting  global time :    0.000000 ( 0.0 %)           on MPI rank :     1500
     Total           time :  166.421820 (SYPD:     1.411 ) on MPI rank :     1500
     Computing       time :    0.000000                    on MPI rank :     1501
     Waiting lbc_lnk time :    0.000000 ( 0.0 %)           on MPI rank :     1501
     Waiting  global time :    0.000000 ( 0.0 %)           on MPI rank :     1501
     Total           time :  166.422391 (SYPD:     1.411 ) on MPI rank :     1501
     Computing       time :    0.000000                    on MPI rank :     1502
     Waiting lbc_lnk time :    0.000000 ( 0.0 %)           on MPI rank :     1502
     Waiting  global time :    0.000000 ( 0.0 %)           on MPI rank :     1502
     Total           time :  166.422679 (SYPD:     1.411 ) on MPI rank :     1502
     Computing       time :    0.000000                    on MPI rank :     1503
     Waiting lbc_lnk time :    0.000000 ( 0.0 %)           on MPI rank :     1503
     Waiting  global time :    0.000000 ( 0.0 %)           on MPI rank :     1503
     Total           time :  166.420948 (SYPD:     1.411 ) on MPI rank :     1503
     Computing       time :    0.000000                    on MPI rank :     1504
     Waiting lbc_lnk time :    0.000000 ( 0.0 %)           on MPI rank :     1504
     Waiting  global time :    0.000000 ( 0.0 %)           on MPI rank :     1504
     Total           time :  166.421995 (SYPD:     1.411 ) on MPI rank :     1504
     Computing       time :    0.000000                    on MPI rank :     1505
     Waiting lbc_lnk time :    0.000000 ( 0.0 %)           on MPI rank :     1505
     Waiting  global time :    0.000000 ( 0.0 %)           on MPI rank :     1505
     Total           time :  166.421908 (SYPD:     1.411 ) on MPI rank :     1505
     Computing       time :    0.000000                    on MPI rank :     1506
     Waiting lbc_lnk time :    0.000000 ( 0.0 %)           on MPI rank :     1506
     Waiting  global time :    0.000000 ( 0.0 %)           on MPI rank :     1506
     Total           time :  166.421774 (SYPD:     1.411 ) on MPI rank :     1506
     Computing       time :    0.000000                    on MPI rank :     1507
     Waiting lbc_lnk time :    0.000000 ( 0.0 %)           on MPI rank :     1507
     Waiting  global time :    0.000000 ( 0.0 %)           on MPI rank :     1507
     Total           time :  166.421442 (SYPD:     1.411 ) on MPI rank :     1507
     Computing       time :    0.000000                    on MPI rank :     1508
     Waiting lbc_lnk time :    0.000000 ( 0.0 %)           on MPI rank :     1508
     Waiting  global time :    0.000000 ( 0.0 %)           on MPI rank :     1508
     Total           time :  166.421500 (SYPD:     1.411 ) on MPI rank :     1508
     Computing       time :    0.000000                    on MPI rank :     1509
     Waiting lbc_lnk time :    0.000000 ( 0.0 %)           on MPI rank :     1509
     Waiting  global time :    0.000000 ( 0.0 %)           on MPI rank :     1509
     Total           time :  166.422125 (SYPD:     1.411 ) on MPI rank :     1509
     Computing       time :    0.000000                    on MPI rank :     1510
     Waiting lbc_lnk time :    0.000000 ( 0.0 %)           on MPI rank :     1510
     Waiting  global time :    0.000000 ( 0.0 %)           on MPI rank :     1510
     Total           time :  166.420289 (SYPD:     1.411 ) on MPI rank :     1510
     Computing       time :    0.000000                    on MPI rank :     1511
     Waiting lbc_lnk time :    0.000000 ( 0.0 %)           on MPI rank :     1511
     Waiting  global time :    0.000000 ( 0.0 %)           on MPI rank :     1511
     Total           time :  166.421618 (SYPD:     1.411 ) on MPI rank :     1511
     Computing       time :    0.000000                    on MPI rank :     1512
     Waiting lbc_lnk time :    0.000000 ( 0.0 %)           on MPI rank :     1512
     Waiting  global time :    0.000000 ( 0.0 %)           on MPI rank :     1512
     Total           time :  166.421792 (SYPD:     1.411 ) on MPI rank :     1512
     Computing       time :    0.000000                    on MPI rank :     1513
     Waiting lbc_lnk time :    0.000000 ( 0.0 %)           on MPI rank :     1513
     Waiting  global time :    0.000000 ( 0.0 %)           on MPI rank :     1513
     Total           time :  166.421682 (SYPD:     1.411 ) on MPI rank :     1513
     Computing       time :    0.000000                    on MPI rank :     1514
     Waiting lbc_lnk time :    0.000000 ( 0.0 %)           on MPI rank :     1514
     Waiting  global time :    0.000000 ( 0.0 %)           on MPI rank :     1514
     Total           time :  166.421774 (SYPD:     1.411 ) on MPI rank :     1514
     Computing       time :    0.000000                    on MPI rank :     1515
     Waiting lbc_lnk time :    0.000000 ( 0.0 %)           on MPI rank :     1515
     Waiting  global time :    0.000000 ( 0.0 %)           on MPI rank :     1515
     Total           time :  166.421178 (SYPD:     1.411 ) on MPI rank :     1515
     Computing       time :    0.000000                    on MPI rank :     1516
     Waiting lbc_lnk time :    0.000000 ( 0.0 %)           on MPI rank :     1516
     Waiting  global time :    0.000000 ( 0.0 %)           on MPI rank :     1516
     Total           time :  166.421255 (SYPD:     1.411 ) on MPI rank :     1516
     Computing       time :    0.000000                    on MPI rank :     1517
     Waiting lbc_lnk time :    0.000000 ( 0.0 %)           on MPI rank :     1517
     Waiting  global time :    0.000000 ( 0.0 %)           on MPI rank :     1517
     Total           time :  166.421722 (SYPD:     1.411 ) on MPI rank :     1517
     Computing       time :    0.000000                    on MPI rank :     1518
     Waiting lbc_lnk time :    0.000000 ( 0.0 %)           on MPI rank :     1518
     Waiting  global time :    0.000000 ( 0.0 %)           on MPI rank :     1518
     Total           time :  166.421889 (SYPD:     1.411 ) on MPI rank :     1518
     Computing       time :    0.000000                    on MPI rank :     1519
     Waiting lbc_lnk time :    0.000000 ( 0.0 %)           on MPI rank :     1519
     Waiting  global time :    0.000000 ( 0.0 %)           on MPI rank :     1519
     Total           time :  166.421514 (SYPD:     1.411 ) on MPI rank :     1519
     Computing       time :    0.000000                    on MPI rank :     1520
     Waiting lbc_lnk time :    0.000000 ( 0.0 %)           on MPI rank :     1520
     Waiting  global time :    0.000000 ( 0.0 %)           on MPI rank :     1520
     Total           time :  166.421648 (SYPD:     1.411 ) on MPI rank :     1520
     Computing       time :    0.000000                    on MPI rank :     1521
     Waiting lbc_lnk time :    0.000000 ( 0.0 %)           on MPI rank :     1521
     Waiting  global time :    0.000000 ( 0.0 %)           on MPI rank :     1521
     Total           time :  166.421546 (SYPD:     1.411 ) on MPI rank :     1521
     Computing       time :    0.000000                    on MPI rank :     1522
     Waiting lbc_lnk time :    0.000000 ( 0.0 %)           on MPI rank :     1522
     Waiting  global time :    0.000000 ( 0.0 %)           on MPI rank :     1522
     Total           time :  166.421852 (SYPD:     1.411 ) on MPI rank :     1522
     Computing       time :    0.000000                    on MPI rank :     1523
     Waiting lbc_lnk time :    0.000000 ( 0.0 %)           on MPI rank :     1523
     Waiting  global time :    0.000000 ( 0.0 %)           on MPI rank :     1523
     Total           time :  166.421369 (SYPD:     1.411 ) on MPI rank :     1523
     Computing       time :    0.000000                    on MPI rank :     1524
     Waiting lbc_lnk time :    0.000000 ( 0.0 %)           on MPI rank :     1524
     Waiting  global time :    0.000000 ( 0.0 %)           on MPI rank :     1524
     Total           time :  166.422385 (SYPD:     1.411 ) on MPI rank :     1524
     Computing       time :    0.000000                    on MPI rank :     1525
     Waiting lbc_lnk time :    0.000000 ( 0.0 %)           on MPI rank :     1525
     Waiting  global time :    0.000000 ( 0.0 %)           on MPI rank :     1525
     Total           time :  166.422404 (SYPD:     1.411 ) on MPI rank :     1525
     Computing       time :    0.000000                    on MPI rank :     1526
     Waiting lbc_lnk time :    0.000000 ( 0.0 %)           on MPI rank :     1526
     Waiting  global time :    0.000000 ( 0.0 %)           on MPI rank :     1526
     Total           time :  166.422045 (SYPD:     1.411 ) on MPI rank :     1526
     Computing       time :    0.000000                    on MPI rank :     1527
     Waiting lbc_lnk time :    0.000000 ( 0.0 %)           on MPI rank :     1527
     Waiting  global time :    0.000000 ( 0.0 %)           on MPI rank :     1527
     Total           time :  166.421272 (SYPD:     1.411 ) on MPI rank :     1527
     Computing       time :    0.000000                    on MPI rank :     1528
     Waiting lbc_lnk time :    0.000000 ( 0.0 %)           on MPI rank :     1528
     Waiting  global time :    0.000000 ( 0.0 %)           on MPI rank :     1528
     Total           time :  166.422358 (SYPD:     1.411 ) on MPI rank :     1528
     Computing       time :    0.000000                    on MPI rank :     1529
     Waiting lbc_lnk time :    0.000000 ( 0.0 %)           on MPI rank :     1529
     Waiting  global time :    0.000000 ( 0.0 %)           on MPI rank :     1529
     Total           time :  166.421967 (SYPD:     1.411 ) on MPI rank :     1529
     Computing       time :    0.000000                    on MPI rank :     1530
     Waiting lbc_lnk time :    0.000000 ( 0.0 %)           on MPI rank :     1530
     Waiting  global time :    0.000000 ( 0.0 %)           on MPI rank :     1530
     Total           time :  166.421864 (SYPD:     1.411 ) on MPI rank :     1530
     Computing       time :    0.000000                    on MPI rank :     1531
     Waiting lbc_lnk time :    0.000000 ( 0.0 %)           on MPI rank :     1531
     Waiting  global time :    0.000000 ( 0.0 %)           on MPI rank :     1531
     Total           time :  166.421576 (SYPD:     1.411 ) on MPI rank :     1531
     Computing       time :    0.000000                    on MPI rank :     1532
     Waiting lbc_lnk time :    0.000000 ( 0.0 %)           on MPI rank :     1532
     Waiting  global time :    0.000000 ( 0.0 %)           on MPI rank :     1532
     Total           time :  166.421873 (SYPD:     1.411 ) on MPI rank :     1532
     Computing       time :    0.000000                    on MPI rank :     1533
     Waiting lbc_lnk time :    0.000000 ( 0.0 %)           on MPI rank :     1533
     Waiting  global time :    0.000000 ( 0.0 %)           on MPI rank :     1533
     Total           time :  166.422268 (SYPD:     1.411 ) on MPI rank :     1533
     Computing       time :    0.000000                    on MPI rank :     1534
     Waiting lbc_lnk time :    0.000000 ( 0.0 %)           on MPI rank :     1534
     Waiting  global time :    0.000000 ( 0.0 %)           on MPI rank :     1534
     Total           time :  166.422461 (SYPD:     1.411 ) on MPI rank :     1534
     Computing       time :    0.000000                    on MPI rank :     1535
     Waiting lbc_lnk time :    0.000000 ( 0.0 %)           on MPI rank :     1535
     Waiting  global time :    0.000000 ( 0.0 %)           on MPI rank :     1535
     Total           time :  166.421699 (SYPD:     1.411 ) on MPI rank :     1535
     Computing       time :    0.000000                    on MPI rank :     1536
     Waiting lbc_lnk time :    0.000000 ( 0.0 %)           on MPI rank :     1536
     Waiting  global time :    0.000000 ( 0.0 %)           on MPI rank :     1536
     Total           time :  166.421909 (SYPD:     1.411 ) on MPI rank :     1536
     Computing       time :    0.000000                    on MPI rank :     1537
     Waiting lbc_lnk time :    0.000000 ( 0.0 %)           on MPI rank :     1537
     Waiting  global time :    0.000000 ( 0.0 %)           on MPI rank :     1537
     Total           time :  166.422385 (SYPD:     1.411 ) on MPI rank :     1537
     Computing       time :    0.000000                    on MPI rank :     1538
     Waiting lbc_lnk time :    0.000000 ( 0.0 %)           on MPI rank :     1538
     Waiting  global time :    0.000000 ( 0.0 %)           on MPI rank :     1538
     Total           time :  166.421626 (SYPD:     1.411 ) on MPI rank :     1538
     Computing       time :    0.000000                    on MPI rank :     1539
     Waiting lbc_lnk time :    0.000000 ( 0.0 %)           on MPI rank :     1539
     Waiting  global time :    0.000000 ( 0.0 %)           on MPI rank :     1539
     Total           time :  166.420607 (SYPD:     1.411 ) on MPI rank :     1539
     Computing       time :    0.000000                    on MPI rank :     1540
     Waiting lbc_lnk time :    0.000000 ( 0.0 %)           on MPI rank :     1540
     Waiting  global time :    0.000000 ( 0.0 %)           on MPI rank :     1540
     Total           time :  166.422656 (SYPD:     1.411 ) on MPI rank :     1540
     Computing       time :    0.000000                    on MPI rank :     1541
     Waiting lbc_lnk time :    0.000000 ( 0.0 %)           on MPI rank :     1541
     Waiting  global time :    0.000000 ( 0.0 %)           on MPI rank :     1541
     Total           time :  166.421842 (SYPD:     1.411 ) on MPI rank :     1541
     Computing       time :    0.000000                    on MPI rank :     1542
     Waiting lbc_lnk time :    0.000000 ( 0.0 %)           on MPI rank :     1542
     Waiting  global time :    0.000000 ( 0.0 %)           on MPI rank :     1542
     Total           time :  166.421917 (SYPD:     1.411 ) on MPI rank :     1542
     Computing       time :    0.000000                    on MPI rank :     1543
     Waiting lbc_lnk time :    0.000000 ( 0.0 %)           on MPI rank :     1543
     Waiting  global time :    0.000000 ( 0.0 %)           on MPI rank :     1543
     Total           time :  166.421746 (SYPD:     1.411 ) on MPI rank :     1543
     Computing       time :    0.000000                    on MPI rank :     1544
     Waiting lbc_lnk time :    0.000000 ( 0.0 %)           on MPI rank :     1544
     Waiting  global time :    0.000000 ( 0.0 %)           on MPI rank :     1544
     Total           time :  166.422183 (SYPD:     1.411 ) on MPI rank :     1544
     Computing       time :    0.000000                    on MPI rank :     1545
     Waiting lbc_lnk time :    0.000000 ( 0.0 %)           on MPI rank :     1545
     Waiting  global time :    0.000000 ( 0.0 %)           on MPI rank :     1545
     Total           time :  166.422323 (SYPD:     1.411 ) on MPI rank :     1545
     Computing       time :    0.000000                    on MPI rank :     1546
     Waiting lbc_lnk time :    0.000000 ( 0.0 %)           on MPI rank :     1546
     Waiting  global time :    0.000000 ( 0.0 %)           on MPI rank :     1546
     Total           time :  166.421367 (SYPD:     1.411 ) on MPI rank :     1546
     Computing       time :    0.000000                    on MPI rank :     1547
     Waiting lbc_lnk time :    0.000000 ( 0.0 %)           on MPI rank :     1547
     Waiting  global time :    0.000000 ( 0.0 %)           on MPI rank :     1547
     Total           time :  166.421746 (SYPD:     1.411 ) on MPI rank :     1547
     Computing       time :    0.000000                    on MPI rank :     1548
     Waiting lbc_lnk time :    0.000000 ( 0.0 %)           on MPI rank :     1548
     Waiting  global time :    0.000000 ( 0.0 %)           on MPI rank :     1548
     Total           time :  166.421908 (SYPD:     1.411 ) on MPI rank :     1548
     Computing       time :    0.000000                    on MPI rank :     1549
     Waiting lbc_lnk time :    0.000000 ( 0.0 %)           on MPI rank :     1549
     Waiting  global time :    0.000000 ( 0.0 %)           on MPI rank :     1549
     Total           time :  166.421859 (SYPD:     1.411 ) on MPI rank :     1549
     Computing       time :    0.000000                    on MPI rank :     1550
     Waiting lbc_lnk time :    0.000000 ( 0.0 %)           on MPI rank :     1550
     Waiting  global time :    0.000000 ( 0.0 %)           on MPI rank :     1550
     Total           time :  166.422016 (SYPD:     1.411 ) on MPI rank :     1550
     Computing       time :    0.000000                    on MPI rank :     1551
     Waiting lbc_lnk time :    0.000000 ( 0.0 %)           on MPI rank :     1551
     Waiting  global time :    0.000000 ( 0.0 %)           on MPI rank :     1551
     Total           time :  166.421414 (SYPD:     1.411 ) on MPI rank :     1551
     Computing       time :    0.000000                    on MPI rank :     1552
     Waiting lbc_lnk time :    0.000000 ( 0.0 %)           on MPI rank :     1552
     Waiting  global time :    0.000000 ( 0.0 %)           on MPI rank :     1552
     Total           time :  166.421665 (SYPD:     1.411 ) on MPI rank :     1552
     Computing       time :    0.000000                    on MPI rank :     1553
     Waiting lbc_lnk time :    0.000000 ( 0.0 %)           on MPI rank :     1553
     Waiting  global time :    0.000000 ( 0.0 %)           on MPI rank :     1553
     Total           time :  166.422523 (SYPD:     1.411 ) on MPI rank :     1553
     Computing       time :    0.000000                    on MPI rank :     1554
     Waiting lbc_lnk time :    0.000000 ( 0.0 %)           on MPI rank :     1554
     Waiting  global time :    0.000000 ( 0.0 %)           on MPI rank :     1554
     Total           time :  166.421781 (SYPD:     1.411 ) on MPI rank :     1554
     Computing       time :    0.000000                    on MPI rank :     1555
     Waiting lbc_lnk time :    0.000000 ( 0.0 %)           on MPI rank :     1555
     Waiting  global time :    0.000000 ( 0.0 %)           on MPI rank :     1555
     Total           time :  166.421574 (SYPD:     1.411 ) on MPI rank :     1555
     Computing       time :    0.000000                    on MPI rank :     1556
     Waiting lbc_lnk time :    0.000000 ( 0.0 %)           on MPI rank :     1556
     Waiting  global time :    0.000000 ( 0.0 %)           on MPI rank :     1556
     Total           time :  166.422562 (SYPD:     1.411 ) on MPI rank :     1556
     Computing       time :    0.000000                    on MPI rank :     1557
     Waiting lbc_lnk time :    0.000000 ( 0.0 %)           on MPI rank :     1557
     Waiting  global time :    0.000000 ( 0.0 %)           on MPI rank :     1557
     Total           time :  166.422465 (SYPD:     1.411 ) on MPI rank :     1557
     Computing       time :    0.000000                    on MPI rank :     1558
     Waiting lbc_lnk time :    0.000000 ( 0.0 %)           on MPI rank :     1558
     Waiting  global time :    0.000000 ( 0.0 %)           on MPI rank :     1558
     Total           time :  166.421943 (SYPD:     1.411 ) on MPI rank :     1558
     Computing       time :    0.000000                    on MPI rank :     1559
     Waiting lbc_lnk time :    0.000000 ( 0.0 %)           on MPI rank :     1559
     Waiting  global time :    0.000000 ( 0.0 %)           on MPI rank :     1559
     Total           time :  166.421956 (SYPD:     1.411 ) on MPI rank :     1559
     Computing       time :    0.000000                    on MPI rank :     1560
     Waiting lbc_lnk time :    0.000000 ( 0.0 %)           on MPI rank :     1560
     Waiting  global time :    0.000000 ( 0.0 %)           on MPI rank :     1560
     Total           time :  166.422412 (SYPD:     1.411 ) on MPI rank :     1560
     Computing       time :    0.000000                    on MPI rank :     1561
     Waiting lbc_lnk time :    0.000000 ( 0.0 %)           on MPI rank :     1561
     Waiting  global time :    0.000000 ( 0.0 %)           on MPI rank :     1561
     Total           time :  166.421382 (SYPD:     1.411 ) on MPI rank :     1561
     Computing       time :    0.000000                    on MPI rank :     1562
     Waiting lbc_lnk time :    0.000000 ( 0.0 %)           on MPI rank :     1562
     Waiting  global time :    0.000000 ( 0.0 %)           on MPI rank :     1562
     Total           time :  166.421855 (SYPD:     1.411 ) on MPI rank :     1562
     Computing       time :    0.000000                    on MPI rank :     1563
     Waiting lbc_lnk time :    0.000000 ( 0.0 %)           on MPI rank :     1563
     Waiting  global time :    0.000000 ( 0.0 %)           on MPI rank :     1563
     Total           time :  166.422216 (SYPD:     1.411 ) on MPI rank :     1563
     Computing       time :    0.000000                    on MPI rank :     1564
     Waiting lbc_lnk time :    0.000000 ( 0.0 %)           on MPI rank :     1564
     Waiting  global time :    0.000000 ( 0.0 %)           on MPI rank :     1564
     Total           time :  166.422341 (SYPD:     1.411 ) on MPI rank :     1564
     Computing       time :    0.000000                    on MPI rank :     1565
     Waiting lbc_lnk time :    0.000000 ( 0.0 %)           on MPI rank :     1565
     Waiting  global time :    0.000000 ( 0.0 %)           on MPI rank :     1565
     Total           time :  166.422040 (SYPD:     1.411 ) on MPI rank :     1565
     Computing       time :    0.000000                    on MPI rank :     1566
     Waiting lbc_lnk time :    0.000000 ( 0.0 %)           on MPI rank :     1566
     Waiting  global time :    0.000000 ( 0.0 %)           on MPI rank :     1566
     Total           time :  166.422129 (SYPD:     1.411 ) on MPI rank :     1566
     Computing       time :    0.000000                    on MPI rank :     1567
     Waiting lbc_lnk time :    0.000000 ( 0.0 %)           on MPI rank :     1567
     Waiting  global time :    0.000000 ( 0.0 %)           on MPI rank :     1567
     Total           time :  166.421916 (SYPD:     1.411 ) on MPI rank :     1567
     Computing       time :    0.000000                    on MPI rank :     1568
     Waiting lbc_lnk time :    0.000000 ( 0.0 %)           on MPI rank :     1568
     Waiting  global time :    0.000000 ( 0.0 %)           on MPI rank :     1568
     Total           time :  166.421745 (SYPD:     1.411 ) on MPI rank :     1568
     Computing       time :    0.000000                    on MPI rank :     1569
     Waiting lbc_lnk time :    0.000000 ( 0.0 %)           on MPI rank :     1569
     Waiting  global time :    0.000000 ( 0.0 %)           on MPI rank :     1569
     Total           time :  166.422278 (SYPD:     1.411 ) on MPI rank :     1569
     Computing       time :    0.000000                    on MPI rank :     1570
     Waiting lbc_lnk time :    0.000000 ( 0.0 %)           on MPI rank :     1570
     Waiting  global time :    0.000000 ( 0.0 %)           on MPI rank :     1570
     Total           time :  166.422360 (SYPD:     1.411 ) on MPI rank :     1570
     Computing       time :    0.000000                    on MPI rank :     1571
     Waiting lbc_lnk time :    0.000000 ( 0.0 %)           on MPI rank :     1571
     Waiting  global time :    0.000000 ( 0.0 %)           on MPI rank :     1571
     Total           time :  166.421857 (SYPD:     1.411 ) on MPI rank :     1571
     Computing       time :    0.000000                    on MPI rank :     1572
     Waiting lbc_lnk time :    0.000000 ( 0.0 %)           on MPI rank :     1572
     Waiting  global time :    0.000000 ( 0.0 %)           on MPI rank :     1572
     Total           time :  166.421857 (SYPD:     1.411 ) on MPI rank :     1572
     Computing       time :    0.000000                    on MPI rank :     1573
     Waiting lbc_lnk time :    0.000000 ( 0.0 %)           on MPI rank :     1573
     Waiting  global time :    0.000000 ( 0.0 %)           on MPI rank :     1573
     Total           time :  166.422220 (SYPD:     1.411 ) on MPI rank :     1573
     Computing       time :    0.000000                    on MPI rank :     1574
     Waiting lbc_lnk time :    0.000000 ( 0.0 %)           on MPI rank :     1574
     Waiting  global time :    0.000000 ( 0.0 %)           on MPI rank :     1574
     Total           time :  166.422068 (SYPD:     1.411 ) on MPI rank :     1574
     Computing       time :    0.000000                    on MPI rank :     1575
     Waiting lbc_lnk time :    0.000000 ( 0.0 %)           on MPI rank :     1575
     Waiting  global time :    0.000000 ( 0.0 %)           on MPI rank :     1575
     Total           time :  166.422224 (SYPD:     1.411 ) on MPI rank :     1575
     Computing       time :    0.000000                    on MPI rank :     1576
     Waiting lbc_lnk time :    0.000000 ( 0.0 %)           on MPI rank :     1576
     Waiting  global time :    0.000000 ( 0.0 %)           on MPI rank :     1576
     Total           time :  166.422100 (SYPD:     1.411 ) on MPI rank :     1576
     Computing       time :    0.000000                    on MPI rank :     1577
     Waiting lbc_lnk time :    0.000000 ( 0.0 %)           on MPI rank :     1577
     Waiting  global time :    0.000000 ( 0.0 %)           on MPI rank :     1577
     Total           time :  166.421635 (SYPD:     1.411 ) on MPI rank :     1577
     Computing       time :    0.000000                    on MPI rank :     1578
     Waiting lbc_lnk time :    0.000000 ( 0.0 %)           on MPI rank :     1578
     Waiting  global time :    0.000000 ( 0.0 %)           on MPI rank :     1578
     Total           time :  166.422083 (SYPD:     1.411 ) on MPI rank :     1578
     Computing       time :    0.000000                    on MPI rank :     1579
     Waiting lbc_lnk time :    0.000000 ( 0.0 %)           on MPI rank :     1579
     Waiting  global time :    0.000000 ( 0.0 %)           on MPI rank :     1579
     Total           time :  166.422504 (SYPD:     1.411 ) on MPI rank :     1579
     Computing       time :    0.000000                    on MPI rank :     1580
     Waiting lbc_lnk time :    0.000000 ( 0.0 %)           on MPI rank :     1580
     Waiting  global time :    0.000000 ( 0.0 %)           on MPI rank :     1580
     Total           time :  166.422024 (SYPD:     1.411 ) on MPI rank :     1580
     Computing       time :    0.000000                    on MPI rank :     1581
     Waiting lbc_lnk time :    0.000000 ( 0.0 %)           on MPI rank :     1581
     Waiting  global time :    0.000000 ( 0.0 %)           on MPI rank :     1581
     Total           time :  166.421694 (SYPD:     1.411 ) on MPI rank :     1581
     Computing       time :    0.000000                    on MPI rank :     1582
     Waiting lbc_lnk time :    0.000000 ( 0.0 %)           on MPI rank :     1582
     Waiting  global time :    0.000000 ( 0.0 %)           on MPI rank :     1582
     Total           time :  166.422354 (SYPD:     1.411 ) on MPI rank :     1582
     Computing       time :    0.000000                    on MPI rank :     1583
     Waiting lbc_lnk time :    0.000000 ( 0.0 %)           on MPI rank :     1583
     Waiting  global time :    0.000000 ( 0.0 %)           on MPI rank :     1583
     Total           time :  166.421942 (SYPD:     1.411 ) on MPI rank :     1583
     Computing       time :    0.000000                    on MPI rank :     1584
     Waiting lbc_lnk time :    0.000000 ( 0.0 %)           on MPI rank :     1584
     Waiting  global time :    0.000000 ( 0.0 %)           on MPI rank :     1584
     Total           time :  166.421880 (SYPD:     1.411 ) on MPI rank :     1584
     Computing       time :    0.000000                    on MPI rank :     1585
     Waiting lbc_lnk time :    0.000000 ( 0.0 %)           on MPI rank :     1585
     Waiting  global time :    0.000000 ( 0.0 %)           on MPI rank :     1585
     Total           time :  166.422036 (SYPD:     1.411 ) on MPI rank :     1585
     Computing       time :    0.000000                    on MPI rank :     1586
     Waiting lbc_lnk time :    0.000000 ( 0.0 %)           on MPI rank :     1586
     Waiting  global time :    0.000000 ( 0.0 %)           on MPI rank :     1586
     Total           time :  166.422347 (SYPD:     1.411 ) on MPI rank :     1586
     Computing       time :    0.000000                    on MPI rank :     1587
     Waiting lbc_lnk time :    0.000000 ( 0.0 %)           on MPI rank :     1587
     Waiting  global time :    0.000000 ( 0.0 %)           on MPI rank :     1587
     Total           time :  166.422119 (SYPD:     1.411 ) on MPI rank :     1587
     Computing       time :    0.000000                    on MPI rank :     1588
     Waiting lbc_lnk time :    0.000000 ( 0.0 %)           on MPI rank :     1588
     Waiting  global time :    0.000000 ( 0.0 %)           on MPI rank :     1588
     Total           time :  166.422513 (SYPD:     1.411 ) on MPI rank :     1588
     Computing       time :    0.000000                    on MPI rank :     1589
     Waiting lbc_lnk time :    0.000000 ( 0.0 %)           on MPI rank :     1589
     Waiting  global time :    0.000000 ( 0.0 %)           on MPI rank :     1589
     Total           time :  166.422403 (SYPD:     1.411 ) on MPI rank :     1589
     Computing       time :    0.000000                    on MPI rank :     1590
     Waiting lbc_lnk time :    0.000000 ( 0.0 %)           on MPI rank :     1590
     Waiting  global time :    0.000000 ( 0.0 %)           on MPI rank :     1590
     Total           time :  166.421670 (SYPD:     1.411 ) on MPI rank :     1590
     Computing       time :    0.000000                    on MPI rank :     1591
     Waiting lbc_lnk time :    0.000000 ( 0.0 %)           on MPI rank :     1591
     Waiting  global time :    0.000000 ( 0.0 %)           on MPI rank :     1591
     Total           time :  166.422050 (SYPD:     1.411 ) on MPI rank :     1591
     Computing       time :    0.000000                    on MPI rank :     1592
     Waiting lbc_lnk time :    0.000000 ( 0.0 %)           on MPI rank :     1592
     Waiting  global time :    0.000000 ( 0.0 %)           on MPI rank :     1592
     Total           time :  166.421884 (SYPD:     1.411 ) on MPI rank :     1592
     Computing       time :    0.000000                    on MPI rank :     1593
     Waiting lbc_lnk time :    0.000000 ( 0.0 %)           on MPI rank :     1593
     Waiting  global time :    0.000000 ( 0.0 %)           on MPI rank :     1593
     Total           time :  166.421620 (SYPD:     1.411 ) on MPI rank :     1593
     Computing       time :    0.000000                    on MPI rank :     1594
     Waiting lbc_lnk time :    0.000000 ( 0.0 %)           on MPI rank :     1594
     Waiting  global time :    0.000000 ( 0.0 %)           on MPI rank :     1594
     Total           time :  166.422418 (SYPD:     1.411 ) on MPI rank :     1594
     Computing       time :    0.000000                    on MPI rank :     1595
     Waiting lbc_lnk time :    0.000000 ( 0.0 %)           on MPI rank :     1595
     Waiting  global time :    0.000000 ( 0.0 %)           on MPI rank :     1595
     Total           time :  166.421766 (SYPD:     1.411 ) on MPI rank :     1595
     Computing       time :    0.000000                    on MPI rank :     1596
     Waiting lbc_lnk time :    0.000000 ( 0.0 %)           on MPI rank :     1596
     Waiting  global time :    0.000000 ( 0.0 %)           on MPI rank :     1596
     Total           time :  166.422222 (SYPD:     1.411 ) on MPI rank :     1596
     Computing       time :    0.000000                    on MPI rank :     1597
     Waiting lbc_lnk time :    0.000000 ( 0.0 %)           on MPI rank :     1597
     Waiting  global time :    0.000000 ( 0.0 %)           on MPI rank :     1597
     Total           time :  166.422136 (SYPD:     1.411 ) on MPI rank :     1597
     Computing       time :    0.000000                    on MPI rank :     1598
     Waiting lbc_lnk time :    0.000000 ( 0.0 %)           on MPI rank :     1598
     Waiting  global time :    0.000000 ( 0.0 %)           on MPI rank :     1598
     Total           time :  166.421875 (SYPD:     1.411 ) on MPI rank :     1598
     Computing       time :    0.000000                    on MPI rank :     1599
     Waiting lbc_lnk time :    0.000000 ( 0.0 %)           on MPI rank :     1599
     Waiting  global time :    0.000000 ( 0.0 %)           on MPI rank :     1599
     Total           time :  166.421421 (SYPD:     1.411 ) on MPI rank :     1599
     Computing       time :    0.000000                    on MPI rank :     1600
     Waiting lbc_lnk time :    0.000000 ( 0.0 %)           on MPI rank :     1600
     Waiting  global time :    0.000000 ( 0.0 %)           on MPI rank :     1600
     Total           time :  166.421274 (SYPD:     1.411 ) on MPI rank :     1600
     Computing       time :    0.000000                    on MPI rank :     1601
     Waiting lbc_lnk time :    0.000000 ( 0.0 %)           on MPI rank :     1601
     Waiting  global time :    0.000000 ( 0.0 %)           on MPI rank :     1601
     Total           time :  166.422381 (SYPD:     1.411 ) on MPI rank :     1601
     Computing       time :    0.000000                    on MPI rank :     1602
     Waiting lbc_lnk time :    0.000000 ( 0.0 %)           on MPI rank :     1602
     Waiting  global time :    0.000000 ( 0.0 %)           on MPI rank :     1602
     Total           time :  166.422252 (SYPD:     1.411 ) on MPI rank :     1602
     Computing       time :    0.000000                    on MPI rank :     1603
     Waiting lbc_lnk time :    0.000000 ( 0.0 %)           on MPI rank :     1603
     Waiting  global time :    0.000000 ( 0.0 %)           on MPI rank :     1603
     Total           time :  166.421414 (SYPD:     1.411 ) on MPI rank :     1603
     Computing       time :    0.000000                    on MPI rank :     1604
     Waiting lbc_lnk time :    0.000000 ( 0.0 %)           on MPI rank :     1604
     Waiting  global time :    0.000000 ( 0.0 %)           on MPI rank :     1604
     Total           time :  166.421959 (SYPD:     1.411 ) on MPI rank :     1604
     Computing       time :    0.000000                    on MPI rank :     1605
     Waiting lbc_lnk time :    0.000000 ( 0.0 %)           on MPI rank :     1605
     Waiting  global time :    0.000000 ( 0.0 %)           on MPI rank :     1605
     Total           time :  166.422329 (SYPD:     1.411 ) on MPI rank :     1605
     Computing       time :    0.000000                    on MPI rank :     1606
     Waiting lbc_lnk time :    0.000000 ( 0.0 %)           on MPI rank :     1606
     Waiting  global time :    0.000000 ( 0.0 %)           on MPI rank :     1606
     Total           time :  166.421897 (SYPD:     1.411 ) on MPI rank :     1606
     Computing       time :    0.000000                    on MPI rank :     1607
     Waiting lbc_lnk time :    0.000000 ( 0.0 %)           on MPI rank :     1607
     Waiting  global time :    0.000000 ( 0.0 %)           on MPI rank :     1607
     Total           time :  166.422226 (SYPD:     1.411 ) on MPI rank :     1607
     Computing       time :    0.000000                    on MPI rank :     1608
     Waiting lbc_lnk time :    0.000000 ( 0.0 %)           on MPI rank :     1608
     Waiting  global time :    0.000000 ( 0.0 %)           on MPI rank :     1608
     Total           time :  166.422227 (SYPD:     1.411 ) on MPI rank :     1608
     Computing       time :    0.000000                    on MPI rank :     1609
     Waiting lbc_lnk time :    0.000000 ( 0.0 %)           on MPI rank :     1609
     Waiting  global time :    0.000000 ( 0.0 %)           on MPI rank :     1609
     Total           time :  166.422048 (SYPD:     1.411 ) on MPI rank :     1609
     Computing       time :    0.000000                    on MPI rank :     1610
     Waiting lbc_lnk time :    0.000000 ( 0.0 %)           on MPI rank :     1610
     Waiting  global time :    0.000000 ( 0.0 %)           on MPI rank :     1610
     Total           time :  166.421366 (SYPD:     1.411 ) on MPI rank :     1610
     Computing       time :    0.000000                    on MPI rank :     1611
     Waiting lbc_lnk time :    0.000000 ( 0.0 %)           on MPI rank :     1611
     Waiting  global time :    0.000000 ( 0.0 %)           on MPI rank :     1611
     Total           time :  166.421507 (SYPD:     1.411 ) on MPI rank :     1611
     Computing       time :    0.000000                    on MPI rank :     1612
     Waiting lbc_lnk time :    0.000000 ( 0.0 %)           on MPI rank :     1612
     Waiting  global time :    0.000000 ( 0.0 %)           on MPI rank :     1612
     Total           time :  166.421794 (SYPD:     1.411 ) on MPI rank :     1612
     Computing       time :    0.000000                    on MPI rank :     1613
     Waiting lbc_lnk time :    0.000000 ( 0.0 %)           on MPI rank :     1613
     Waiting  global time :    0.000000 ( 0.0 %)           on MPI rank :     1613
     Total           time :  166.421263 (SYPD:     1.411 ) on MPI rank :     1613
     Computing       time :    0.000000                    on MPI rank :     1614
     Waiting lbc_lnk time :    0.000000 ( 0.0 %)           on MPI rank :     1614
     Waiting  global time :    0.000000 ( 0.0 %)           on MPI rank :     1614
     Total           time :  166.421984 (SYPD:     1.411 ) on MPI rank :     1614
     Computing       time :    0.000000                    on MPI rank :     1615
     Waiting lbc_lnk time :    0.000000 ( 0.0 %)           on MPI rank :     1615
     Waiting  global time :    0.000000 ( 0.0 %)           on MPI rank :     1615
     Total           time :  166.421422 (SYPD:     1.411 ) on MPI rank :     1615
     Computing       time :    0.000000                    on MPI rank :     1616
     Waiting lbc_lnk time :    0.000000 ( 0.0 %)           on MPI rank :     1616
     Waiting  global time :    0.000000 ( 0.0 %)           on MPI rank :     1616
     Total           time :  166.421720 (SYPD:     1.411 ) on MPI rank :     1616
     Computing       time :    0.000000                    on MPI rank :     1617
     Waiting lbc_lnk time :    0.000000 ( 0.0 %)           on MPI rank :     1617
     Waiting  global time :    0.000000 ( 0.0 %)           on MPI rank :     1617
     Total           time :  166.421428 (SYPD:     1.411 ) on MPI rank :     1617
     Computing       time :    0.000000                    on MPI rank :     1618
     Waiting lbc_lnk time :    0.000000 ( 0.0 %)           on MPI rank :     1618
     Waiting  global time :    0.000000 ( 0.0 %)           on MPI rank :     1618
     Total           time :  166.421787 (SYPD:     1.411 ) on MPI rank :     1618
     Computing       time :    0.000000                    on MPI rank :     1619
     Waiting lbc_lnk time :    0.000000 ( 0.0 %)           on MPI rank :     1619
     Waiting  global time :    0.000000 ( 0.0 %)           on MPI rank :     1619
     Total           time :  166.421660 (SYPD:     1.411 ) on MPI rank :     1619
     Computing       time :    0.000000                    on MPI rank :     1620
     Waiting lbc_lnk time :    0.000000 ( 0.0 %)           on MPI rank :     1620
     Waiting  global time :    0.000000 ( 0.0 %)           on MPI rank :     1620
     Total           time :  166.421719 (SYPD:     1.411 ) on MPI rank :     1620
     Computing       time :    0.000000                    on MPI rank :     1621
     Waiting lbc_lnk time :    0.000000 ( 0.0 %)           on MPI rank :     1621
     Waiting  global time :    0.000000 ( 0.0 %)           on MPI rank :     1621
     Total           time :  166.421616 (SYPD:     1.411 ) on MPI rank :     1621
     Computing       time :    0.000000                    on MPI rank :     1622
     Waiting lbc_lnk time :    0.000000 ( 0.0 %)           on MPI rank :     1622
     Waiting  global time :    0.000000 ( 0.0 %)           on MPI rank :     1622
     Total           time :  166.421845 (SYPD:     1.411 ) on MPI rank :     1622
     Computing       time :    0.000000                    on MPI rank :     1623
     Waiting lbc_lnk time :    0.000000 ( 0.0 %)           on MPI rank :     1623
     Waiting  global time :    0.000000 ( 0.0 %)           on MPI rank :     1623
     Total           time :  166.422082 (SYPD:     1.411 ) on MPI rank :     1623
     Computing       time :    0.000000                    on MPI rank :     1624
     Waiting lbc_lnk time :    0.000000 ( 0.0 %)           on MPI rank :     1624
     Waiting  global time :    0.000000 ( 0.0 %)           on MPI rank :     1624
     Total           time :  166.421791 (SYPD:     1.411 ) on MPI rank :     1624
     Computing       time :    0.000000                    on MPI rank :     1625
     Waiting lbc_lnk time :    0.000000 ( 0.0 %)           on MPI rank :     1625
     Waiting  global time :    0.000000 ( 0.0 %)           on MPI rank :     1625
     Total           time :  166.421505 (SYPD:     1.411 ) on MPI rank :     1625
     Computing       time :    0.000000                    on MPI rank :     1626
     Waiting lbc_lnk time :    0.000000 ( 0.0 %)           on MPI rank :     1626
     Waiting  global time :    0.000000 ( 0.0 %)           on MPI rank :     1626
     Total           time :  166.422089 (SYPD:     1.411 ) on MPI rank :     1626
     Computing       time :    0.000000                    on MPI rank :     1627
     Waiting lbc_lnk time :    0.000000 ( 0.0 %)           on MPI rank :     1627
     Waiting  global time :    0.000000 ( 0.0 %)           on MPI rank :     1627
     Total           time :  166.422063 (SYPD:     1.411 ) on MPI rank :     1627
     Computing       time :    0.000000                    on MPI rank :     1628
     Waiting lbc_lnk time :    0.000000 ( 0.0 %)           on MPI rank :     1628
     Waiting  global time :    0.000000 ( 0.0 %)           on MPI rank :     1628
     Total           time :  166.421284 (SYPD:     1.411 ) on MPI rank :     1628
     Computing       time :    0.000000                    on MPI rank :     1629
     Waiting lbc_lnk time :    0.000000 ( 0.0 %)           on MPI rank :     1629
     Waiting  global time :    0.000000 ( 0.0 %)           on MPI rank :     1629
     Total           time :  166.421524 (SYPD:     1.411 ) on MPI rank :     1629
     Computing       time :    0.000000                    on MPI rank :     1630
     Waiting lbc_lnk time :    0.000000 ( 0.0 %)           on MPI rank :     1630
     Waiting  global time :    0.000000 ( 0.0 %)           on MPI rank :     1630
     Total           time :  166.420932 (SYPD:     1.411 ) on MPI rank :     1630
     Computing       time :    0.000000                    on MPI rank :     1631
     Waiting lbc_lnk time :    0.000000 ( 0.0 %)           on MPI rank :     1631
     Waiting  global time :    0.000000 ( 0.0 %)           on MPI rank :     1631
     Total           time :  166.421806 (SYPD:     1.411 ) on MPI rank :     1631
     Computing       time :    0.000000                    on MPI rank :     1632
     Waiting lbc_lnk time :    0.000000 ( 0.0 %)           on MPI rank :     1632
     Waiting  global time :    0.000000 ( 0.0 %)           on MPI rank :     1632
     Total           time :  166.421896 (SYPD:     1.411 ) on MPI rank :     1632
     Computing       time :    0.000000                    on MPI rank :     1633
     Waiting lbc_lnk time :    0.000000 ( 0.0 %)           on MPI rank :     1633
     Waiting  global time :    0.000000 ( 0.0 %)           on MPI rank :     1633
     Total           time :  166.421303 (SYPD:     1.411 ) on MPI rank :     1633
     Computing       time :    0.000000                    on MPI rank :     1634
     Waiting lbc_lnk time :    0.000000 ( 0.0 %)           on MPI rank :     1634
     Waiting  global time :    0.000000 ( 0.0 %)           on MPI rank :     1634
     Total           time :  166.421503 (SYPD:     1.411 ) on MPI rank :     1634
     Computing       time :    0.000000                    on MPI rank :     1635
     Waiting lbc_lnk time :    0.000000 ( 0.0 %)           on MPI rank :     1635
     Waiting  global time :    0.000000 ( 0.0 %)           on MPI rank :     1635
     Total           time :  166.422048 (SYPD:     1.411 ) on MPI rank :     1635
     Computing       time :    0.000000                    on MPI rank :     1636
     Waiting lbc_lnk time :    0.000000 ( 0.0 %)           on MPI rank :     1636
     Waiting  global time :    0.000000 ( 0.0 %)           on MPI rank :     1636
     Total           time :  166.421593 (SYPD:     1.411 ) on MPI rank :     1636
     Computing       time :    0.000000                    on MPI rank :     1637
     Waiting lbc_lnk time :    0.000000 ( 0.0 %)           on MPI rank :     1637
     Waiting  global time :    0.000000 ( 0.0 %)           on MPI rank :     1637
     Total           time :  166.421714 (SYPD:     1.411 ) on MPI rank :     1637
     Computing       time :    0.000000                    on MPI rank :     1638
     Waiting lbc_lnk time :    0.000000 ( 0.0 %)           on MPI rank :     1638
     Waiting  global time :    0.000000 ( 0.0 %)           on MPI rank :     1638
     Total           time :  166.421450 (SYPD:     1.411 ) on MPI rank :     1638
     Computing       time :    0.000000                    on MPI rank :     1639
     Waiting lbc_lnk time :    0.000000 ( 0.0 %)           on MPI rank :     1639
     Waiting  global time :    0.000000 ( 0.0 %)           on MPI rank :     1639
     Total           time :  166.418604 (SYPD:     1.411 ) on MPI rank :     1639
     Computing       time :    0.000000                    on MPI rank :     1640
     Waiting lbc_lnk time :    0.000000 ( 0.0 %)           on MPI rank :     1640
     Waiting  global time :    0.000000 ( 0.0 %)           on MPI rank :     1640
     Total           time :  166.418984 (SYPD:     1.411 ) on MPI rank :     1640
     Computing       time :    0.000000                    on MPI rank :     1641
     Waiting lbc_lnk time :    0.000000 ( 0.0 %)           on MPI rank :     1641
     Waiting  global time :    0.000000 ( 0.0 %)           on MPI rank :     1641
     Total           time :  166.421059 (SYPD:     1.411 ) on MPI rank :     1641
     Computing       time :    0.000000                    on MPI rank :     1642
     Waiting lbc_lnk time :    0.000000 ( 0.0 %)           on MPI rank :     1642
     Waiting  global time :    0.000000 ( 0.0 %)           on MPI rank :     1642
     Total           time :  166.419090 (SYPD:     1.411 ) on MPI rank :     1642
     Computing       time :    0.000000                    on MPI rank :     1643
     Waiting lbc_lnk time :    0.000000 ( 0.0 %)           on MPI rank :     1643
     Waiting  global time :    0.000000 ( 0.0 %)           on MPI rank :     1643
     Total           time :  166.419173 (SYPD:     1.411 ) on MPI rank :     1643
     Computing       time :    0.000000                    on MPI rank :     1644
     Waiting lbc_lnk time :    0.000000 ( 0.0 %)           on MPI rank :     1644
     Waiting  global time :    0.000000 ( 0.0 %)           on MPI rank :     1644
     Total           time :  166.420290 (SYPD:     1.411 ) on MPI rank :     1644
     Computing       time :    0.000000                    on MPI rank :     1645
     Waiting lbc_lnk time :    0.000000 ( 0.0 %)           on MPI rank :     1645
     Waiting  global time :    0.000000 ( 0.0 %)           on MPI rank :     1645
     Total           time :  166.421604 (SYPD:     1.411 ) on MPI rank :     1645
     Computing       time :    0.000000                    on MPI rank :     1646
     Waiting lbc_lnk time :    0.000000 ( 0.0 %)           on MPI rank :     1646
     Waiting  global time :    0.000000 ( 0.0 %)           on MPI rank :     1646
     Total           time :  166.421603 (SYPD:     1.411 ) on MPI rank :     1646
     Computing       time :    0.000000                    on MPI rank :     1647
     Waiting lbc_lnk time :    0.000000 ( 0.0 %)           on MPI rank :     1647
     Waiting  global time :    0.000000 ( 0.0 %)           on MPI rank :     1647
     Total           time :  166.418480 (SYPD:     1.411 ) on MPI rank :     1647
     Computing       time :    0.000000                    on MPI rank :     1648
     Waiting lbc_lnk time :    0.000000 ( 0.0 %)           on MPI rank :     1648
     Waiting  global time :    0.000000 ( 0.0 %)           on MPI rank :     1648
     Total           time :  166.422032 (SYPD:     1.411 ) on MPI rank :     1648
     Computing       time :    0.000000                    on MPI rank :     1649
     Waiting lbc_lnk time :    0.000000 ( 0.0 %)           on MPI rank :     1649
     Waiting  global time :    0.000000 ( 0.0 %)           on MPI rank :     1649
     Total           time :  166.422142 (SYPD:     1.411 ) on MPI rank :     1649
     Computing       time :    0.000000                    on MPI rank :     1650
     Waiting lbc_lnk time :    0.000000 ( 0.0 %)           on MPI rank :     1650
     Waiting  global time :    0.000000 ( 0.0 %)           on MPI rank :     1650
     Total           time :  166.422018 (SYPD:     1.411 ) on MPI rank :     1650
     Computing       time :    0.000000                    on MPI rank :     1651
     Waiting lbc_lnk time :    0.000000 ( 0.0 %)           on MPI rank :     1651
     Waiting  global time :    0.000000 ( 0.0 %)           on MPI rank :     1651
     Total           time :  166.422602 (SYPD:     1.411 ) on MPI rank :     1651
     Computing       time :    0.000000                    on MPI rank :     1652
     Waiting lbc_lnk time :    0.000000 ( 0.0 %)           on MPI rank :     1652
     Waiting  global time :    0.000000 ( 0.0 %)           on MPI rank :     1652
     Total           time :  166.422474 (SYPD:     1.411 ) on MPI rank :     1652
