## EC_MEMINFO 
## EC_MEMINFO : MPI-version 3.1
## EC_MEMINFO : Start of MPI-library version
Intel(R) MPI Library 2021.10 for Linux* OS
## EC_MEMINFO : End of MPI-library version
## EC_MEMINFO : OpenMP-version 4.5.201611
## EC_MEMINFO : CPU-model : Intel(R) Xeon(R) Platinum 8480+
## EC_MEMINFO : Hugepages : 2097152 bytes/page x 0 pages = 0 bytes
## EC_MEMINFO 
## EC_MEMINFO 
## EC_MEMINFO ********************************************************************************
## EC_MEMINFO *** Mapping of MPI & I/O-tasks to nodes and tasks' thread-to-core affinities ***
## EC_MEMINFO ********************************************************************************
## EC_MEMINFO 
## EC_MEMINFO Running on 256 nodes (2-numa) with 1984 compute + 128 I/O-tasks and 14+7 threads
## EC_MEMINFO 
## EC_MEMINFO      # NODE#             NODENAME    MPI#  WORLD#  GETPID    I/O#  MASTER    REF#    OMP#  Core affinities
## EC_MEMINFO      = =====             ========    ====  ======  ======    ====  ======    ====    ====  ===============
## EC_MEMINFO 
## EC_MEMINFO      0     0            gs21r1b08       0       0 1743983    [No]     Yes       0      14  {56,57,58,59,60,61,62,63,64,65,66,67,68,69}
## EC_MEMINFO      1     0            gs21r1b08       1       1 1743984    [No]    [No]       1      14  {70,71,72,73,74,75,76,77,78,79,80,81,82,83}
## EC_MEMINFO      2     0            gs21r1b08       2       2 1743985    [No]    [No]       2      14  {84,85,86,87,88,89,90,91,92,93,94,95,96,97}
## EC_MEMINFO      3     0            gs21r1b08       3       3 1743986    [No]    [No]       3      14  {98,99,100,101,102,103,104,105,106,107,108,109,110,111}
## EC_MEMINFO      4     0            gs21r1b08       4       4 1743987    [No]    [No]       4      14  {0,1,2,3,4,5,6,7,8,9,10,11,12,13}
## EC_MEMINFO      5     0            gs21r1b08       5       5 1743988    [No]    [No]       5      14  {14,15,16,17,18,19,20,21,22,23,24,25,26,27}
## EC_MEMINFO      6     0            gs21r1b08       6       6 1743989    [No]    [No]       6      14  {28,29,30,31,32,33,34,35,36,37,38,39,40,41}
## EC_MEMINFO      7     0            gs21r1b08       7       7 1743990    [No]    [No]       7      14  {42,43,44,45,46,47,48,49,50,51,52,53,54,55}
## EC_MEMINFO      8     1            gs21r1b24       8       8  197107    [No]     Yes       8      14  {56,57,58,59,60,61,62,63,64,65,66,67,68,69}
## EC_MEMINFO      9     1            gs21r1b24       9       9  197108    [No]    [No]       9      14  {70,71,72,73,74,75,76,77,78,79,80,81,82,83}
## EC_MEMINFO     10     1            gs21r1b24      10      10  197109    [No]    [No]      10      14  {84,85,86,87,88,89,90,91,92,93,94,95,96,97}
## EC_MEMINFO     11     1            gs21r1b24      11      11  197110    [No]    [No]      11      14  {98,99,100,101,102,103,104,105,106,107,108,109,110,111}
## EC_MEMINFO     12     1            gs21r1b24      12      12  197111    [No]    [No]      12      14  {0,1,2,3,4,5,6,7,8,9,10,11,12,13}
## EC_MEMINFO     13     1            gs21r1b24      13      13  197112    [No]    [No]      13      14  {14,15,16,17,18,19,20,21,22,23,24,25,26,27}
## EC_MEMINFO     14     1            gs21r1b24      14      14  197113    [No]    [No]      14      14  {28,29,30,31,32,33,34,35,36,37,38,39,40,41}
## EC_MEMINFO     15     1            gs21r1b24      15      15  197114    [No]    [No]      15      14  {42,43,44,45,46,47,48,49,50,51,52,53,54,55}
## EC_MEMINFO     16     2            gs21r1b59      16      16  945060    [No]     Yes      16      14  {0,1,2,3,4,5,6,7,8,9,10,11,12,13}
## EC_MEMINFO     17     2            gs21r1b59      17      17  945061    [No]    [No]      17      14  {14,15,16,17,18,19,20,21,22,23,24,25,26,27}
## EC_MEMINFO     18     2            gs21r1b59      18      18  945062    [No]    [No]      18      14  {28,29,30,31,32,33,34,35,36,37,38,39,40,41}
## EC_MEMINFO     19     2            gs21r1b59      19      19  945063    [No]    [No]      19      14  {42,43,44,45,46,47,48,49,50,51,52,53,54,55}
## EC_MEMINFO     20     2            gs21r1b59      20      20  945064    [No]    [No]      20      14  {56,57,58,59,60,61,62,63,64,65,66,67,68,69}
## EC_MEMINFO     21     2            gs21r1b59      21      21  945065    [No]    [No]      21      14  {70,71,72,73,74,75,76,77,78,79,80,81,82,83}
## EC_MEMINFO     22     2            gs21r1b59      22      22  945066    [No]    [No]      22      14  {84,85,86,87,88,89,90,91,92,93,94,95,96,97}
## EC_MEMINFO     23     2            gs21r1b59      23      23  945067    [No]    [No]      23      14  {98,99,100,101,102,103,104,105,106,107,108,109,110,111}
## EC_MEMINFO     24     3            gs21r1b64      24      24 4103885    [No]     Yes      24      14  {56,57,58,59,60,61,62,63,64,65,66,67,68,69}
## EC_MEMINFO     25     3            gs21r1b64      25      25 4103886    [No]    [No]      25      14  {70,71,72,73,74,75,76,77,78,79,80,81,82,83}
## EC_MEMINFO     26     3            gs21r1b64      26      26 4103887    [No]    [No]      26      14  {84,85,86,87,88,89,90,91,92,93,94,95,96,97}
## EC_MEMINFO     27     3            gs21r1b64      27      27 4103888    [No]    [No]      27      14  {98,99,100,101,102,103,104,105,106,107,108,109,110,111}
## EC_MEMINFO     28     3            gs21r1b64      28      28 4103889    [No]    [No]      28      14  {0,1,2,3,4,5,6,7,8,9,10,11,12,13}
## EC_MEMINFO     29     3            gs21r1b64      29      29 4103890    [No]    [No]      29      14  {14,15,16,17,18,19,20,21,22,23,24,25,26,27}
## EC_MEMINFO     30     3            gs21r1b64      30      30 4103891    [No]    [No]      30      14  {28,29,30,31,32,33,34,35,36,37,38,39,40,41}
## EC_MEMINFO     31     3            gs21r1b64      31      31 4103892    [No]    [No]      31      14  {42,43,44,45,46,47,48,49,50,51,52,53,54,55}
## EC_MEMINFO     32     4            gs21r1b70      32      32 1068381    [No]     Yes      32      14  {56,57,58,59,60,61,62,63,64,65,66,67,68,69}
## EC_MEMINFO     33     4            gs21r1b70      33      33 1068382    [No]    [No]      33      14  {70,71,72,73,74,75,76,77,78,79,80,81,82,83}
## EC_MEMINFO     34     4            gs21r1b70      34      34 1068383    [No]    [No]      34      14  {84,85,86,87,88,89,90,91,92,93,94,95,96,97}
## EC_MEMINFO     35     4            gs21r1b70      35      35 1068384    [No]    [No]      35      14  {98,99,100,101,102,103,104,105,106,107,108,109,110,111}
## EC_MEMINFO     36     4            gs21r1b70      36      36 1068385    [No]    [No]      36      14  {0,1,2,3,4,5,6,7,8,9,10,11,12,13}
## EC_MEMINFO     37     4            gs21r1b70      37      37 1068386    [No]    [No]      37      14  {14,15,16,17,18,19,20,21,22,23,24,25,26,27}
## EC_MEMINFO     38     4            gs21r1b70      38      38 1068387    [No]    [No]      38      14  {28,29,30,31,32,33,34,35,36,37,38,39,40,41}
## EC_MEMINFO     39     4            gs21r1b70      39      39 1068388    [No]    [No]      39      14  {42,43,44,45,46,47,48,49,50,51,52,53,54,55}
## EC_MEMINFO     40     5            gs24r2b04      40      40 2377026    [No]     Yes      40      14  {56,57,58,59,60,61,62,63,64,65,66,67,68,69}
## EC_MEMINFO     41     5            gs24r2b04      41      41 2377027    [No]    [No]      41      14  {70,71,72,73,74,75,76,77,78,79,80,81,82,83}
## EC_MEMINFO     42     5            gs24r2b04      42      42 2377028    [No]    [No]      42      14  {84,85,86,87,88,89,90,91,92,93,94,95,96,97}
## EC_MEMINFO     43     5            gs24r2b04      43      43 2377029    [No]    [No]      43      14  {98,99,100,101,102,103,104,105,106,107,108,109,110,111}
## EC_MEMINFO     44     5            gs24r2b04      44      44 2377030    [No]    [No]      44      14  {0,1,2,3,4,5,6,7,8,9,10,11,12,13}
## EC_MEMINFO     45     5            gs24r2b04      45      45 2377031    [No]    [No]      45      14  {14,15,16,17,18,19,20,21,22,23,24,25,26,27}
## EC_MEMINFO     46     5            gs24r2b04      46      46 2377032    [No]    [No]      46      14  {28,29,30,31,32,33,34,35,36,37,38,39,40,41}
## EC_MEMINFO     47     5            gs24r2b04      47      47 2377033    [No]    [No]      47      14  {42,43,44,45,46,47,48,49,50,51,52,53,54,55}
## EC_MEMINFO     48     6            gs24r2b10      48      48 3484008    [No]     Yes      48      14  {56,57,58,59,60,61,62,63,64,65,66,67,68,69}
## EC_MEMINFO     49     6            gs24r2b10      49      49 3484009    [No]    [No]      49      14  {70,71,72,73,74,75,76,77,78,79,80,81,82,83}
## EC_MEMINFO     50     6            gs24r2b10      50      50 3484010    [No]    [No]      50      14  {84,85,86,87,88,89,90,91,92,93,94,95,96,97}
## EC_MEMINFO     51     6            gs24r2b10      51      51 3484011    [No]    [No]      51      14  {98,99,100,101,102,103,104,105,106,107,108,109,110,111}
## EC_MEMINFO     52     6            gs24r2b10      52      52 3484012    [No]    [No]      52      14  {0,1,2,3,4,5,6,7,8,9,10,11,12,13}
## EC_MEMINFO     53     6            gs24r2b10      53      53 3484013    [No]    [No]      53      14  {14,15,16,17,18,19,20,21,22,23,24,25,26,27}
## EC_MEMINFO     54     6            gs24r2b10      54      54 3484014    [No]    [No]      54      14  {28,29,30,31,32,33,34,35,36,37,38,39,40,41}
## EC_MEMINFO     55     6            gs24r2b10      55      55 3484015    [No]    [No]      55      14  {42,43,44,45,46,47,48,49,50,51,52,53,54,55}
## EC_MEMINFO     56     7            gs24r2b11      56      56 1341720    [No]     Yes      56      14  {0,1,2,3,4,5,6,7,8,9,10,11,12,13}
## EC_MEMINFO     57     7            gs24r2b11      57      57 1341721    [No]    [No]      57      14  {14,15,16,17,18,19,20,21,22,23,24,25,26,27}
## EC_MEMINFO     58     7            gs24r2b11      58      58 1341722    [No]    [No]      58      14  {28,29,30,31,32,33,34,35,36,37,38,39,40,41}
## EC_MEMINFO     59     7            gs24r2b11      59      59 1341723    [No]    [No]      59      14  {42,43,44,45,46,47,48,49,50,51,52,53,54,55}
## EC_MEMINFO     60     7            gs24r2b11      60      60 1341724    [No]    [No]      60      14  {56,57,58,59,60,61,62,63,64,65,66,67,68,69}
## EC_MEMINFO     61     7            gs24r2b11      61      61 1341725    [No]    [No]      61      14  {70,71,72,73,74,75,76,77,78,79,80,81,82,83}
## EC_MEMINFO     62     7            gs24r2b11      62      62 1341726    [No]    [No]      62      14  {84,85,86,87,88,89,90,91,92,93,94,95,96,97}
## EC_MEMINFO     63     7            gs24r2b11      63      63 1341727    [No]    [No]      63      14  {98,99,100,101,102,103,104,105,106,107,108,109,110,111}
## EC_MEMINFO     64     8            gs24r2b12      64      64 1397307    [No]     Yes      64      14  {56,57,58,59,60,61,62,63,64,65,66,67,68,69}
## EC_MEMINFO     65     8            gs24r2b12      65      65 1397308    [No]    [No]      65      14  {70,71,72,73,74,75,76,77,78,79,80,81,82,83}
## EC_MEMINFO     66     8            gs24r2b12      66      66 1397309    [No]    [No]      66      14  {84,85,86,87,88,89,90,91,92,93,94,95,96,97}
## EC_MEMINFO     67     8            gs24r2b12      67      67 1397310    [No]    [No]      67      14  {98,99,100,101,102,103,104,105,106,107,108,109,110,111}
## EC_MEMINFO     68     8            gs24r2b12      68      68 1397311    [No]    [No]      68      14  {0,1,2,3,4,5,6,7,8,9,10,11,12,13}
## EC_MEMINFO     69     8            gs24r2b12      69      69 1397312    [No]    [No]      69      14  {14,15,16,17,18,19,20,21,22,23,24,25,26,27}
## EC_MEMINFO     70     8            gs24r2b12      70      70 1397313    [No]    [No]      70      14  {28,29,30,31,32,33,34,35,36,37,38,39,40,41}
## EC_MEMINFO     71     8            gs24r2b12      71      71 1397314    [No]    [No]      71      14  {42,43,44,45,46,47,48,49,50,51,52,53,54,55}
## EC_MEMINFO     72     9            gs24r2b15      72      72 1755660    [No]     Yes      72      14  {0,1,2,3,4,5,6,7,8,9,10,11,12,13}
## EC_MEMINFO     73     9            gs24r2b15      73      73 1755661    [No]    [No]      73      14  {14,15,16,17,18,19,20,21,22,23,24,25,26,27}
## EC_MEMINFO     74     9            gs24r2b15      74      74 1755662    [No]    [No]      74      14  {28,29,30,31,32,33,34,35,36,37,38,39,40,41}
## EC_MEMINFO     75     9            gs24r2b15      75      75 1755663    [No]    [No]      75      14  {42,43,44,45,46,47,48,49,50,51,52,53,54,55}
## EC_MEMINFO     76     9            gs24r2b15      76      76 1755664    [No]    [No]      76      14  {56,57,58,59,60,61,62,63,64,65,66,67,68,69}
## EC_MEMINFO     77     9            gs24r2b15      77      77 1755665    [No]    [No]      77      14  {70,71,72,73,74,75,76,77,78,79,80,81,82,83}
## EC_MEMINFO     78     9            gs24r2b15      78      78 1755666    [No]    [No]      78      14  {84,85,86,87,88,89,90,91,92,93,94,95,96,97}
## EC_MEMINFO     79     9            gs24r2b15      79      79 1755667    [No]    [No]      79      14  {98,99,100,101,102,103,104,105,106,107,108,109,110,111}
## EC_MEMINFO     80    10            gs24r2b16      80      80  611343    [No]     Yes      80      14  {56,57,58,59,60,61,62,63,64,65,66,67,68,69}
## EC_MEMINFO     81    10            gs24r2b16      81      81  611344    [No]    [No]      81      14  {70,71,72,73,74,75,76,77,78,79,80,81,82,83}
## EC_MEMINFO     82    10            gs24r2b16      82      82  611345    [No]    [No]      82      14  {84,85,86,87,88,89,90,91,92,93,94,95,96,97}
## EC_MEMINFO     83    10            gs24r2b16      83      83  611346    [No]    [No]      83      14  {98,99,100,101,102,103,104,105,106,107,108,109,110,111}
## EC_MEMINFO     84    10            gs24r2b16      84      84  611347    [No]    [No]      84      14  {0,1,2,3,4,5,6,7,8,9,10,11,12,13}
## EC_MEMINFO     85    10            gs24r2b16      85      85  611348    [No]    [No]      85      14  {14,15,16,17,18,19,20,21,22,23,24,25,26,27}
## EC_MEMINFO     86    10            gs24r2b16      86      86  611349    [No]    [No]      86      14  {28,29,30,31,32,33,34,35,36,37,38,39,40,41}
## EC_MEMINFO     87    10            gs24r2b16      87      87  611350    [No]    [No]      87      14  {42,43,44,45,46,47,48,49,50,51,52,53,54,55}
## EC_MEMINFO     88    11            gs24r2b17      88      88  351781    [No]     Yes      88      14  {0,1,2,3,4,5,6,7,8,9,10,11,12,13}
## EC_MEMINFO     89    11            gs24r2b17      89      89  351782    [No]    [No]      89      14  {14,15,16,17,18,19,20,21,22,23,24,25,26,27}
## EC_MEMINFO     90    11            gs24r2b17      90      90  351783    [No]    [No]      90      14  {28,29,30,31,32,33,34,35,36,37,38,39,40,41}
## EC_MEMINFO     91    11            gs24r2b17      91      91  351784    [No]    [No]      91      14  {42,43,44,45,46,47,48,49,50,51,52,53,54,55}
## EC_MEMINFO     92    11            gs24r2b17      92      92  351785    [No]    [No]      92      14  {56,57,58,59,60,61,62,63,64,65,66,67,68,69}
## EC_MEMINFO     93    11            gs24r2b17      93      93  351786    [No]    [No]      93      14  {70,71,72,73,74,75,76,77,78,79,80,81,82,83}
## EC_MEMINFO     94    11            gs24r2b17      94      94  351787    [No]    [No]      94      14  {84,85,86,87,88,89,90,91,92,93,94,95,96,97}
## EC_MEMINFO     95    11            gs24r2b17      95      95  351788    [No]    [No]      95      14  {98,99,100,101,102,103,104,105,106,107,108,109,110,111}
## EC_MEMINFO     96    12            gs24r2b19      96      96 3669110    [No]     Yes      96      14  {0,1,2,3,4,5,6,7,8,9,10,11,12,13}
## EC_MEMINFO     97    12            gs24r2b19      97      97 3669111    [No]    [No]      97      14  {14,15,16,17,18,19,20,21,22,23,24,25,26,27}
## EC_MEMINFO     98    12            gs24r2b19      98      98 3669112    [No]    [No]      98      14  {28,29,30,31,32,33,34,35,36,37,38,39,40,41}
## EC_MEMINFO     99    12            gs24r2b19      99      99 3669113    [No]    [No]      99      14  {42,43,44,45,46,47,48,49,50,51,52,53,54,55}
## EC_MEMINFO    100    12            gs24r2b19     100     100 3669114    [No]    [No]     100      14  {56,57,58,59,60,61,62,63,64,65,66,67,68,69}
## EC_MEMINFO    101    12            gs24r2b19     101     101 3669115    [No]    [No]     101      14  {70,71,72,73,74,75,76,77,78,79,80,81,82,83}
## EC_MEMINFO    102    12            gs24r2b19     102     102 3669116    [No]    [No]     102      14  {84,85,86,87,88,89,90,91,92,93,94,95,96,97}
## EC_MEMINFO    103    12            gs24r2b19     103     103 3669117    [No]    [No]     103      14  {98,99,100,101,102,103,104,105,106,107,108,109,110,111}
## EC_MEMINFO    104    13            gs24r2b20     104     104 3768308    [No]     Yes     104      14  {56,57,58,59,60,61,62,63,64,65,66,67,68,69}
## EC_MEMINFO    105    13            gs24r2b20     105     105 3768309    [No]    [No]     105      14  {70,71,72,73,74,75,76,77,78,79,80,81,82,83}
## EC_MEMINFO    106    13            gs24r2b20     106     106 3768310    [No]    [No]     106      14  {84,85,86,87,88,89,90,91,92,93,94,95,96,97}
## EC_MEMINFO    107    13            gs24r2b20     107     107 3768311    [No]    [No]     107      14  {98,99,100,101,102,103,104,105,106,107,108,109,110,111}
## EC_MEMINFO    108    13            gs24r2b20     108     108 3768312    [No]    [No]     108      14  {0,1,2,3,4,5,6,7,8,9,10,11,12,13}
## EC_MEMINFO    109    13            gs24r2b20     109     109 3768313    [No]    [No]     109      14  {14,15,16,17,18,19,20,21,22,23,24,25,26,27}
## EC_MEMINFO    110    13            gs24r2b20     110     110 3768314    [No]    [No]     110      14  {28,29,30,31,32,33,34,35,36,37,38,39,40,41}
## EC_MEMINFO    111    13            gs24r2b20     111     111 3768315    [No]    [No]     111      14  {42,43,44,45,46,47,48,49,50,51,52,53,54,55}
## EC_MEMINFO    112    14            gs24r2b23     112     112  587177    [No]     Yes     112      14  {0,1,2,3,4,5,6,7,8,9,10,11,12,13}
## EC_MEMINFO    113    14            gs24r2b23     113     113  587178    [No]    [No]     113      14  {14,15,16,17,18,19,20,21,22,23,24,25,26,27}
## EC_MEMINFO    114    14            gs24r2b23     114     114  587179    [No]    [No]     114      14  {28,29,30,31,32,33,34,35,36,37,38,39,40,41}
## EC_MEMINFO    115    14            gs24r2b23     115     115  587180    [No]    [No]     115      14  {42,43,44,45,46,47,48,49,50,51,52,53,54,55}
## EC_MEMINFO    116    14            gs24r2b23     116     116  587181    [No]    [No]     116      14  {56,57,58,59,60,61,62,63,64,65,66,67,68,69}
## EC_MEMINFO    117    14            gs24r2b23     117     117  587182    [No]    [No]     117      14  {70,71,72,73,74,75,76,77,78,79,80,81,82,83}
## EC_MEMINFO    118    14            gs24r2b23     118     118  587183    [No]    [No]     118      14  {84,85,86,87,88,89,90,91,92,93,94,95,96,97}
## EC_MEMINFO    119    14            gs24r2b23     119     119  587184    [No]    [No]     119      14  {98,99,100,101,102,103,104,105,106,107,108,109,110,111}
## EC_MEMINFO    120    15            gs24r2b25     120     120 4089632    [No]     Yes     120      14  {0,1,2,3,4,5,6,7,8,9,10,11,12,13}
## EC_MEMINFO    121    15            gs24r2b25     121     121 4089633    [No]    [No]     121      14  {14,15,16,17,18,19,20,21,22,23,24,25,26,27}
## EC_MEMINFO    122    15            gs24r2b25     122     122 4089634    [No]    [No]     122      14  {28,29,30,31,32,33,34,35,36,37,38,39,40,41}
## EC_MEMINFO    123    15            gs24r2b25     123     123 4089635    [No]    [No]     123      14  {42,43,44,45,46,47,48,49,50,51,52,53,54,55}
## EC_MEMINFO    124    15            gs24r2b25     124     124 4089636    [No]    [No]     124      14  {56,57,58,59,60,61,62,63,64,65,66,67,68,69}
## EC_MEMINFO    125    15            gs24r2b25     125     125 4089637    [No]    [No]     125      14  {70,71,72,73,74,75,76,77,78,79,80,81,82,83}
## EC_MEMINFO    126    15            gs24r2b25     126     126 4089638    [No]    [No]     126      14  {84,85,86,87,88,89,90,91,92,93,94,95,96,97}
## EC_MEMINFO    127    15            gs24r2b25     127     127 4089639    [No]    [No]     127      14  {98,99,100,101,102,103,104,105,106,107,108,109,110,111}
## EC_MEMINFO    128    16            gs24r2b26     128     128 3011283    [No]     Yes     128      14  {56,57,58,59,60,61,62,63,64,65,66,67,68,69}
## EC_MEMINFO    129    16            gs24r2b26     129     129 3011284    [No]    [No]     129      14  {70,71,72,73,74,75,76,77,78,79,80,81,82,83}
## EC_MEMINFO    130    16            gs24r2b26     130     130 3011285    [No]    [No]     130      14  {84,85,86,87,88,89,90,91,92,93,94,95,96,97}
## EC_MEMINFO    131    16            gs24r2b26     131     131 3011286    [No]    [No]     131      14  {98,99,100,101,102,103,104,105,106,107,108,109,110,111}
## EC_MEMINFO    132    16            gs24r2b26     132     132 3011287    [No]    [No]     132      14  {0,1,2,3,4,5,6,7,8,9,10,11,12,13}
## EC_MEMINFO    133    16            gs24r2b26     133     133 3011288    [No]    [No]     133      14  {14,15,16,17,18,19,20,21,22,23,24,25,26,27}
## EC_MEMINFO    134    16            gs24r2b26     134     134 3011289    [No]    [No]     134      14  {28,29,30,31,32,33,34,35,36,37,38,39,40,41}
## EC_MEMINFO    135    16            gs24r2b26     135     135 3011290    [No]    [No]     135      14  {42,43,44,45,46,47,48,49,50,51,52,53,54,55}
## EC_MEMINFO    136    17            gs24r2b27     136     136 1005746    [No]     Yes     136      14  {0,1,2,3,4,5,6,7,8,9,10,11,12,13}
## EC_MEMINFO    137    17            gs24r2b27     137     137 1005747    [No]    [No]     137      14  {14,15,16,17,18,19,20,21,22,23,24,25,26,27}
## EC_MEMINFO    138    17            gs24r2b27     138     138 1005748    [No]    [No]     138      14  {28,29,30,31,32,33,34,35,36,37,38,39,40,41}
## EC_MEMINFO    139    17            gs24r2b27     139     139 1005749    [No]    [No]     139      14  {42,43,44,45,46,47,48,49,50,51,52,53,54,55}
## EC_MEMINFO    140    17            gs24r2b27     140     140 1005750    [No]    [No]     140      14  {56,57,58,59,60,61,62,63,64,65,66,67,68,69}
## EC_MEMINFO    141    17            gs24r2b27     141     141 1005751    [No]    [No]     141      14  {70,71,72,73,74,75,76,77,78,79,80,81,82,83}
## EC_MEMINFO    142    17            gs24r2b27     142     142 1005752    [No]    [No]     142      14  {84,85,86,87,88,89,90,91,92,93,94,95,96,97}
## EC_MEMINFO    143    17            gs24r2b27     143     143 1005753    [No]    [No]     143      14  {98,99,100,101,102,103,104,105,106,107,108,109,110,111}
## EC_MEMINFO    144    18            gs24r2b32     144     144  755183    [No]     Yes     144      14  {56,57,58,59,60,61,62,63,64,65,66,67,68,69}
## EC_MEMINFO    145    18            gs24r2b32     145     145  755184    [No]    [No]     145      14  {70,71,72,73,74,75,76,77,78,79,80,81,82,83}
## EC_MEMINFO    146    18            gs24r2b32     146     146  755185    [No]    [No]     146      14  {84,85,86,87,88,89,90,91,92,93,94,95,96,97}
## EC_MEMINFO    147    18            gs24r2b32     147     147  755186    [No]    [No]     147      14  {98,99,100,101,102,103,104,105,106,107,108,109,110,111}
## EC_MEMINFO    148    18            gs24r2b32     148     148  755187    [No]    [No]     148      14  {0,1,2,3,4,5,6,7,8,9,10,11,12,13}
## EC_MEMINFO    149    18            gs24r2b32     149     149  755188    [No]    [No]     149      14  {14,15,16,17,18,19,20,21,22,23,24,25,26,27}
## EC_MEMINFO    150    18            gs24r2b32     150     150  755189    [No]    [No]     150      14  {28,29,30,31,32,33,34,35,36,37,38,39,40,41}
## EC_MEMINFO    151    18            gs24r2b32     151     151  755190    [No]    [No]     151      14  {42,43,44,45,46,47,48,49,50,51,52,53,54,55}
## EC_MEMINFO    152    19            gs24r2b33     152     152 3065585    [No]     Yes     152      14  {0,1,2,3,4,5,6,7,8,9,10,11,12,13}
## EC_MEMINFO    153    19            gs24r2b33     153     153 3065586    [No]    [No]     153      14  {14,15,16,17,18,19,20,21,22,23,24,25,26,27}
## EC_MEMINFO    154    19            gs24r2b33     154     154 3065587    [No]    [No]     154      14  {28,29,30,31,32,33,34,35,36,37,38,39,40,41}
## EC_MEMINFO    155    19            gs24r2b33     155     155 3065588    [No]    [No]     155      14  {42,43,44,45,46,47,48,49,50,51,52,53,54,55}
## EC_MEMINFO    156    19            gs24r2b33     156     156 3065589    [No]    [No]     156      14  {56,57,58,59,60,61,62,63,64,65,66,67,68,69}
## EC_MEMINFO    157    19            gs24r2b33     157     157 3065590    [No]    [No]     157      14  {70,71,72,73,74,75,76,77,78,79,80,81,82,83}
## EC_MEMINFO    158    19            gs24r2b33     158     158 3065591    [No]    [No]     158      14  {84,85,86,87,88,89,90,91,92,93,94,95,96,97}
## EC_MEMINFO    159    19            gs24r2b33     159     159 3065592    [No]    [No]     159      14  {98,99,100,101,102,103,104,105,106,107,108,109,110,111}
## EC_MEMINFO    160    20            gs24r2b34     160     160  401133    [No]     Yes     160      14  {56,57,58,59,60,61,62,63,64,65,66,67,68,69}
## EC_MEMINFO    161    20            gs24r2b34     161     161  401134    [No]    [No]     161      14  {70,71,72,73,74,75,76,77,78,79,80,81,82,83}
## EC_MEMINFO    162    20            gs24r2b34     162     162  401135    [No]    [No]     162      14  {84,85,86,87,88,89,90,91,92,93,94,95,96,97}
## EC_MEMINFO    163    20            gs24r2b34     163     163  401136    [No]    [No]     163      14  {98,99,100,101,102,103,104,105,106,107,108,109,110,111}
## EC_MEMINFO    164    20            gs24r2b34     164     164  401137    [No]    [No]     164      14  {0,1,2,3,4,5,6,7,8,9,10,11,12,13}
## EC_MEMINFO    165    20            gs24r2b34     165     165  401138    [No]    [No]     165      14  {14,15,16,17,18,19,20,21,22,23,24,25,26,27}
## EC_MEMINFO    166    20            gs24r2b34     166     166  401139    [No]    [No]     166      14  {28,29,30,31,32,33,34,35,36,37,38,39,40,41}
## EC_MEMINFO    167    20            gs24r2b34     167     167  401140    [No]    [No]     167      14  {42,43,44,45,46,47,48,49,50,51,52,53,54,55}
## EC_MEMINFO    168    21            gs24r2b35     168     168 3022574    [No]     Yes     168      14  {0,1,2,3,4,5,6,7,8,9,10,11,12,13}
## EC_MEMINFO    169    21            gs24r2b35     169     169 3022575    [No]    [No]     169      14  {14,15,16,17,18,19,20,21,22,23,24,25,26,27}
## EC_MEMINFO    170    21            gs24r2b35     170     170 3022576    [No]    [No]     170      14  {28,29,30,31,32,33,34,35,36,37,38,39,40,41}
## EC_MEMINFO    171    21            gs24r2b35     171     171 3022577    [No]    [No]     171      14  {42,43,44,45,46,47,48,49,50,51,52,53,54,55}
## EC_MEMINFO    172    21            gs24r2b35     172     172 3022578    [No]    [No]     172      14  {56,57,58,59,60,61,62,63,64,65,66,67,68,69}
## EC_MEMINFO    173    21            gs24r2b35     173     173 3022579    [No]    [No]     173      14  {70,71,72,73,74,75,76,77,78,79,80,81,82,83}
## EC_MEMINFO    174    21            gs24r2b35     174     174 3022580    [No]    [No]     174      14  {84,85,86,87,88,89,90,91,92,93,94,95,96,97}
## EC_MEMINFO    175    21            gs24r2b35     175     175 3022581    [No]    [No]     175      14  {98,99,100,101,102,103,104,105,106,107,108,109,110,111}
## EC_MEMINFO    176    22            gs24r2b36     176     176 1007365    [No]     Yes     176      14  {56,57,58,59,60,61,62,63,64,65,66,67,68,69}
## EC_MEMINFO    177    22            gs24r2b36     177     177 1007366    [No]    [No]     177      14  {70,71,72,73,74,75,76,77,78,79,80,81,82,83}
## EC_MEMINFO    178    22            gs24r2b36     178     178 1007367    [No]    [No]     178      14  {84,85,86,87,88,89,90,91,92,93,94,95,96,97}
## EC_MEMINFO    179    22            gs24r2b36     179     179 1007368    [No]    [No]     179      14  {98,99,100,101,102,103,104,105,106,107,108,109,110,111}
## EC_MEMINFO    180    22            gs24r2b36     180     180 1007369    [No]    [No]     180      14  {0,1,2,3,4,5,6,7,8,9,10,11,12,13}
## EC_MEMINFO    181    22            gs24r2b36     181     181 1007370    [No]    [No]     181      14  {14,15,16,17,18,19,20,21,22,23,24,25,26,27}
## EC_MEMINFO    182    22            gs24r2b36     182     182 1007371    [No]    [No]     182      14  {28,29,30,31,32,33,34,35,36,37,38,39,40,41}
## EC_MEMINFO    183    22            gs24r2b36     183     183 1007372    [No]    [No]     183      14  {42,43,44,45,46,47,48,49,50,51,52,53,54,55}
## EC_MEMINFO    184    23            gs24r2b37     184     184  289241    [No]     Yes     184      14  {0,1,2,3,4,5,6,7,8,9,10,11,12,13}
## EC_MEMINFO    185    23            gs24r2b37     185     185  289242    [No]    [No]     185      14  {14,15,16,17,18,19,20,21,22,23,24,25,26,27}
## EC_MEMINFO    186    23            gs24r2b37     186     186  289243    [No]    [No]     186      14  {28,29,30,31,32,33,34,35,36,37,38,39,40,41}
## EC_MEMINFO    187    23            gs24r2b37     187     187  289244    [No]    [No]     187      14  {42,43,44,45,46,47,48,49,50,51,52,53,54,55}
## EC_MEMINFO    188    23            gs24r2b37     188     188  289245    [No]    [No]     188      14  {56,57,58,59,60,61,62,63,64,65,66,67,68,69}
## EC_MEMINFO    189    23            gs24r2b37     189     189  289246    [No]    [No]     189      14  {70,71,72,73,74,75,76,77,78,79,80,81,82,83}
## EC_MEMINFO    190    23            gs24r2b37     190     190  289247    [No]    [No]     190      14  {84,85,86,87,88,89,90,91,92,93,94,95,96,97}
## EC_MEMINFO    191    23            gs24r2b37     191     191  289248    [No]    [No]     191      14  {98,99,100,101,102,103,104,105,106,107,108,109,110,111}
## EC_MEMINFO    192    24            gs24r2b38     192     192  385134    [No]     Yes     192      14  {56,57,58,59,60,61,62,63,64,65,66,67,68,69}
## EC_MEMINFO    193    24            gs24r2b38     193     193  385135    [No]    [No]     193      14  {70,71,72,73,74,75,76,77,78,79,80,81,82,83}
## EC_MEMINFO    194    24            gs24r2b38     194     194  385136    [No]    [No]     194      14  {84,85,86,87,88,89,90,91,92,93,94,95,96,97}
## EC_MEMINFO    195    24            gs24r2b38     195     195  385137    [No]    [No]     195      14  {98,99,100,101,102,103,104,105,106,107,108,109,110,111}
## EC_MEMINFO    196    24            gs24r2b38     196     196  385138    [No]    [No]     196      14  {0,1,2,3,4,5,6,7,8,9,10,11,12,13}
## EC_MEMINFO    197    24            gs24r2b38     197     197  385139    [No]    [No]     197      14  {14,15,16,17,18,19,20,21,22,23,24,25,26,27}
## EC_MEMINFO    198    24            gs24r2b38     198     198  385140    [No]    [No]     198      14  {28,29,30,31,32,33,34,35,36,37,38,39,40,41}
## EC_MEMINFO    199    24            gs24r2b38     199     199  385141    [No]    [No]     199      14  {42,43,44,45,46,47,48,49,50,51,52,53,54,55}
## EC_MEMINFO    200    25            gs24r2b39     200     200 1303952    [No]     Yes     200      14  {0,1,2,3,4,5,6,7,8,9,10,11,12,13}
## EC_MEMINFO    201    25            gs24r2b39     201     201 1303953    [No]    [No]     201      14  {14,15,16,17,18,19,20,21,22,23,24,25,26,27}
## EC_MEMINFO    202    25            gs24r2b39     202     202 1303954    [No]    [No]     202      14  {28,29,30,31,32,33,34,35,36,37,38,39,40,41}
## EC_MEMINFO    203    25            gs24r2b39     203     203 1303955    [No]    [No]     203      14  {42,43,44,45,46,47,48,49,50,51,52,53,54,55}
## EC_MEMINFO    204    25            gs24r2b39     204     204 1303956    [No]    [No]     204      14  {56,57,58,59,60,61,62,63,64,65,66,67,68,69}
## EC_MEMINFO    205    25            gs24r2b39     205     205 1303957    [No]    [No]     205      14  {70,71,72,73,74,75,76,77,78,79,80,81,82,83}
## EC_MEMINFO    206    25            gs24r2b39     206     206 1303958    [No]    [No]     206      14  {84,85,86,87,88,89,90,91,92,93,94,95,96,97}
## EC_MEMINFO    207    25            gs24r2b39     207     207 1303959    [No]    [No]     207      14  {98,99,100,101,102,103,104,105,106,107,108,109,110,111}
## EC_MEMINFO    208    26            gs24r2b40     208     208 3990745    [No]     Yes     208      14  {56,57,58,59,60,61,62,63,64,65,66,67,68,69}
## EC_MEMINFO    209    26            gs24r2b40     209     209 3990746    [No]    [No]     209      14  {70,71,72,73,74,75,76,77,78,79,80,81,82,83}
## EC_MEMINFO    210    26            gs24r2b40     210     210 3990747    [No]    [No]     210      14  {84,85,86,87,88,89,90,91,92,93,94,95,96,97}
## EC_MEMINFO    211    26            gs24r2b40     211     211 3990748    [No]    [No]     211      14  {98,99,100,101,102,103,104,105,106,107,108,109,110,111}
## EC_MEMINFO    212    26            gs24r2b40     212     212 3990749    [No]    [No]     212      14  {0,1,2,3,4,5,6,7,8,9,10,11,12,13}
## EC_MEMINFO    213    26            gs24r2b40     213     213 3990750    [No]    [No]     213      14  {14,15,16,17,18,19,20,21,22,23,24,25,26,27}
## EC_MEMINFO    214    26            gs24r2b40     214     214 3990751    [No]    [No]     214      14  {28,29,30,31,32,33,34,35,36,37,38,39,40,41}
## EC_MEMINFO    215    26            gs24r2b40     215     215 3990752    [No]    [No]     215      14  {42,43,44,45,46,47,48,49,50,51,52,53,54,55}
## EC_MEMINFO    216    27            gs24r2b41     216     216 2646119    [No]     Yes     216      14  {0,1,2,3,4,5,6,7,8,9,10,11,12,13}
## EC_MEMINFO    217    27            gs24r2b41     217     217 2646120    [No]    [No]     217      14  {14,15,16,17,18,19,20,21,22,23,24,25,26,27}
## EC_MEMINFO    218    27            gs24r2b41     218     218 2646121    [No]    [No]     218      14  {28,29,30,31,32,33,34,35,36,37,38,39,40,41}
## EC_MEMINFO    219    27            gs24r2b41     219     219 2646122    [No]    [No]     219      14  {42,43,44,45,46,47,48,49,50,51,52,53,54,55}
## EC_MEMINFO    220    27            gs24r2b41     220     220 2646123    [No]    [No]     220      14  {56,57,58,59,60,61,62,63,64,65,66,67,68,69}
## EC_MEMINFO    221    27            gs24r2b41     221     221 2646124    [No]    [No]     221      14  {70,71,72,73,74,75,76,77,78,79,80,81,82,83}
## EC_MEMINFO    222    27            gs24r2b41     222     222 2646125    [No]    [No]     222      14  {84,85,86,87,88,89,90,91,92,93,94,95,96,97}
## EC_MEMINFO    223    27            gs24r2b41     223     223 2646126    [No]    [No]     223      14  {98,99,100,101,102,103,104,105,106,107,108,109,110,111}
## EC_MEMINFO    224    28            gs24r2b42     224     224 2133408    [No]     Yes     224      14  {56,57,58,59,60,61,62,63,64,65,66,67,68,69}
## EC_MEMINFO    225    28            gs24r2b42     225     225 2133409    [No]    [No]     225      14  {70,71,72,73,74,75,76,77,78,79,80,81,82,83}
## EC_MEMINFO    226    28            gs24r2b42     226     226 2133410    [No]    [No]     226      14  {84,85,86,87,88,89,90,91,92,93,94,95,96,97}
## EC_MEMINFO    227    28            gs24r2b42     227     227 2133411    [No]    [No]     227      14  {98,99,100,101,102,103,104,105,106,107,108,109,110,111}
## EC_MEMINFO    228    28            gs24r2b42     228     228 2133412    [No]    [No]     228      14  {0,1,2,3,4,5,6,7,8,9,10,11,12,13}
## EC_MEMINFO    229    28            gs24r2b42     229     229 2133413    [No]    [No]     229      14  {14,15,16,17,18,19,20,21,22,23,24,25,26,27}
## EC_MEMINFO    230    28            gs24r2b42     230     230 2133414    [No]    [No]     230      14  {28,29,30,31,32,33,34,35,36,37,38,39,40,41}
## EC_MEMINFO    231    28            gs24r2b42     231     231 2133415    [No]    [No]     231      14  {42,43,44,45,46,47,48,49,50,51,52,53,54,55}
## EC_MEMINFO    232    29            gs24r2b43     232     232 3064393    [No]     Yes     232      14  {0,1,2,3,4,5,6,7,8,9,10,11,12,13}
## EC_MEMINFO    233    29            gs24r2b43     233     233 3064394    [No]    [No]     233      14  {14,15,16,17,18,19,20,21,22,23,24,25,26,27}
## EC_MEMINFO    234    29            gs24r2b43     234     234 3064395    [No]    [No]     234      14  {28,29,30,31,32,33,34,35,36,37,38,39,40,41}
## EC_MEMINFO    235    29            gs24r2b43     235     235 3064396    [No]    [No]     235      14  {42,43,44,45,46,47,48,49,50,51,52,53,54,55}
## EC_MEMINFO    236    29            gs24r2b43     236     236 3064397    [No]    [No]     236      14  {56,57,58,59,60,61,62,63,64,65,66,67,68,69}
## EC_MEMINFO    237    29            gs24r2b43     237     237 3064398    [No]    [No]     237      14  {70,71,72,73,74,75,76,77,78,79,80,81,82,83}
## EC_MEMINFO    238    29            gs24r2b43     238     238 3064399    [No]    [No]     238      14  {84,85,86,87,88,89,90,91,92,93,94,95,96,97}
## EC_MEMINFO    239    29            gs24r2b43     239     239 3064400    [No]    [No]     239      14  {98,99,100,101,102,103,104,105,106,107,108,109,110,111}
## EC_MEMINFO    240    30            gs24r2b44     240     240 2259141    [No]     Yes     240      14  {56,57,58,59,60,61,62,63,64,65,66,67,68,69}
## EC_MEMINFO    241    30            gs24r2b44     241     241 2259142    [No]    [No]     241      14  {70,71,72,73,74,75,76,77,78,79,80,81,82,83}
## EC_MEMINFO    242    30            gs24r2b44     242     242 2259143    [No]    [No]     242      14  {84,85,86,87,88,89,90,91,92,93,94,95,96,97}
## EC_MEMINFO    243    30            gs24r2b44     243     243 2259144    [No]    [No]     243      14  {98,99,100,101,102,103,104,105,106,107,108,109,110,111}
## EC_MEMINFO    244    30            gs24r2b44     244     244 2259145    [No]    [No]     244      14  {0,1,2,3,4,5,6,7,8,9,10,11,12,13}
## EC_MEMINFO    245    30            gs24r2b44     245     245 2259146    [No]    [No]     245      14  {14,15,16,17,18,19,20,21,22,23,24,25,26,27}
## EC_MEMINFO    246    30            gs24r2b44     246     246 2259147    [No]    [No]     246      14  {28,29,30,31,32,33,34,35,36,37,38,39,40,41}
## EC_MEMINFO    247    30            gs24r2b44     247     247 2259148    [No]    [No]     247      14  {42,43,44,45,46,47,48,49,50,51,52,53,54,55}
## EC_MEMINFO    248    31            gs24r2b45     248     248   18744    [No]     Yes     248      14  {0,1,2,3,4,5,6,7,8,9,10,11,12,13}
## EC_MEMINFO    249    31            gs24r2b45     249     249   18745    [No]    [No]     249      14  {14,15,16,17,18,19,20,21,22,23,24,25,26,27}
## EC_MEMINFO    250    31            gs24r2b45     250     250   18746    [No]    [No]     250      14  {28,29,30,31,32,33,34,35,36,37,38,39,40,41}
## EC_MEMINFO    251    31            gs24r2b45     251     251   18747    [No]    [No]     251      14  {42,43,44,45,46,47,48,49,50,51,52,53,54,55}
## EC_MEMINFO    252    31            gs24r2b45     252     252   18748    [No]    [No]     252      14  {56,57,58,59,60,61,62,63,64,65,66,67,68,69}
## EC_MEMINFO    253    31            gs24r2b45     253     253   18749    [No]    [No]     253      14  {70,71,72,73,74,75,76,77,78,79,80,81,82,83}
## EC_MEMINFO    254    31            gs24r2b45     254     254   18750    [No]    [No]     254      14  {84,85,86,87,88,89,90,91,92,93,94,95,96,97}
## EC_MEMINFO    255    31            gs24r2b45     255     255   18751    [No]    [No]     255      14  {98,99,100,101,102,103,104,105,106,107,108,109,110,111}
## EC_MEMINFO    256    32            gs24r2b46     256     256 1349032    [No]     Yes     256      14  {56,57,58,59,60,61,62,63,64,65,66,67,68,69}
## EC_MEMINFO    257    32            gs24r2b46     257     257 1349033    [No]    [No]     257      14  {70,71,72,73,74,75,76,77,78,79,80,81,82,83}
## EC_MEMINFO    258    32            gs24r2b46     258     258 1349034    [No]    [No]     258      14  {84,85,86,87,88,89,90,91,92,93,94,95,96,97}
## EC_MEMINFO    259    32            gs24r2b46     259     259 1349035    [No]    [No]     259      14  {98,99,100,101,102,103,104,105,106,107,108,109,110,111}
## EC_MEMINFO    260    32            gs24r2b46     260     260 1349036    [No]    [No]     260      14  {0,1,2,3,4,5,6,7,8,9,10,11,12,13}
## EC_MEMINFO    261    32            gs24r2b46     261     261 1349037    [No]    [No]     261      14  {14,15,16,17,18,19,20,21,22,23,24,25,26,27}
## EC_MEMINFO    262    32            gs24r2b46     262     262 1349038    [No]    [No]     262      14  {28,29,30,31,32,33,34,35,36,37,38,39,40,41}
## EC_MEMINFO    263    32            gs24r2b46     263     263 1349039    [No]    [No]     263      14  {42,43,44,45,46,47,48,49,50,51,52,53,54,55}
## EC_MEMINFO    264    33            gs24r2b47     264     264  190481    [No]     Yes     264      14  {0,1,2,3,4,5,6,7,8,9,10,11,12,13}
## EC_MEMINFO    265    33            gs24r2b47     265     265  190482    [No]    [No]     265      14  {14,15,16,17,18,19,20,21,22,23,24,25,26,27}
## EC_MEMINFO    266    33            gs24r2b47     266     266  190483    [No]    [No]     266      14  {28,29,30,31,32,33,34,35,36,37,38,39,40,41}
## EC_MEMINFO    267    33            gs24r2b47     267     267  190484    [No]    [No]     267      14  {42,43,44,45,46,47,48,49,50,51,52,53,54,55}
## EC_MEMINFO    268    33            gs24r2b47     268     268  190485    [No]    [No]     268      14  {56,57,58,59,60,61,62,63,64,65,66,67,68,69}
## EC_MEMINFO    269    33            gs24r2b47     269     269  190486    [No]    [No]     269      14  {70,71,72,73,74,75,76,77,78,79,80,81,82,83}
## EC_MEMINFO    270    33            gs24r2b47     270     270  190487    [No]    [No]     270      14  {84,85,86,87,88,89,90,91,92,93,94,95,96,97}
## EC_MEMINFO    271    33            gs24r2b47     271     271  190488    [No]    [No]     271      14  {98,99,100,101,102,103,104,105,106,107,108,109,110,111}
## EC_MEMINFO    272    34            gs24r2b48     272     272  154551    [No]     Yes     272      14  {56,57,58,59,60,61,62,63,64,65,66,67,68,69}
## EC_MEMINFO    273    34            gs24r2b48     273     273  154552    [No]    [No]     273      14  {70,71,72,73,74,75,76,77,78,79,80,81,82,83}
## EC_MEMINFO    274    34            gs24r2b48     274     274  154553    [No]    [No]     274      14  {84,85,86,87,88,89,90,91,92,93,94,95,96,97}
## EC_MEMINFO    275    34            gs24r2b48     275     275  154554    [No]    [No]     275      14  {98,99,100,101,102,103,104,105,106,107,108,109,110,111}
## EC_MEMINFO    276    34            gs24r2b48     276     276  154555    [No]    [No]     276      14  {0,1,2,3,4,5,6,7,8,9,10,11,12,13}
## EC_MEMINFO    277    34            gs24r2b48     277     277  154556    [No]    [No]     277      14  {14,15,16,17,18,19,20,21,22,23,24,25,26,27}
## EC_MEMINFO    278    34            gs24r2b48     278     278  154557    [No]    [No]     278      14  {28,29,30,31,32,33,34,35,36,37,38,39,40,41}
## EC_MEMINFO    279    34            gs24r2b48     279     279  154558    [No]    [No]     279      14  {42,43,44,45,46,47,48,49,50,51,52,53,54,55}
## EC_MEMINFO    280    35            gs24r2b49     280     280 2516448    [No]     Yes     280      14  {0,1,2,3,4,5,6,7,8,9,10,11,12,13}
## EC_MEMINFO    281    35            gs24r2b49     281     281 2516449    [No]    [No]     281      14  {14,15,16,17,18,19,20,21,22,23,24,25,26,27}
## EC_MEMINFO    282    35            gs24r2b49     282     282 2516450    [No]    [No]     282      14  {28,29,30,31,32,33,34,35,36,37,38,39,40,41}
## EC_MEMINFO    283    35            gs24r2b49     283     283 2516451    [No]    [No]     283      14  {42,43,44,45,46,47,48,49,50,51,52,53,54,55}
## EC_MEMINFO    284    35            gs24r2b49     284     284 2516452    [No]    [No]     284      14  {56,57,58,59,60,61,62,63,64,65,66,67,68,69}
## EC_MEMINFO    285    35            gs24r2b49     285     285 2516453    [No]    [No]     285      14  {70,71,72,73,74,75,76,77,78,79,80,81,82,83}
## EC_MEMINFO    286    35            gs24r2b49     286     286 2516454    [No]    [No]     286      14  {84,85,86,87,88,89,90,91,92,93,94,95,96,97}
## EC_MEMINFO    287    35            gs24r2b49     287     287 2516455    [No]    [No]     287      14  {98,99,100,101,102,103,104,105,106,107,108,109,110,111}
## EC_MEMINFO    288    36            gs24r2b50     288     288 1589190    [No]     Yes     288      14  {56,57,58,59,60,61,62,63,64,65,66,67,68,69}
## EC_MEMINFO    289    36            gs24r2b50     289     289 1589191    [No]    [No]     289      14  {70,71,72,73,74,75,76,77,78,79,80,81,82,83}
## EC_MEMINFO    290    36            gs24r2b50     290     290 1589192    [No]    [No]     290      14  {84,85,86,87,88,89,90,91,92,93,94,95,96,97}
## EC_MEMINFO    291    36            gs24r2b50     291     291 1589193    [No]    [No]     291      14  {98,99,100,101,102,103,104,105,106,107,108,109,110,111}
## EC_MEMINFO    292    36            gs24r2b50     292     292 1589194    [No]    [No]     292      14  {0,1,2,3,4,5,6,7,8,9,10,11,12,13}
## EC_MEMINFO    293    36            gs24r2b50     293     293 1589195    [No]    [No]     293      14  {14,15,16,17,18,19,20,21,22,23,24,25,26,27}
## EC_MEMINFO    294    36            gs24r2b50     294     294 1589196    [No]    [No]     294      14  {28,29,30,31,32,33,34,35,36,37,38,39,40,41}
## EC_MEMINFO    295    36            gs24r2b50     295     295 1589197    [No]    [No]     295      14  {42,43,44,45,46,47,48,49,50,51,52,53,54,55}
## EC_MEMINFO    296    37            gs24r2b51     296     296 1146670    [No]     Yes     296      14  {0,1,2,3,4,5,6,7,8,9,10,11,12,13}
## EC_MEMINFO    297    37            gs24r2b51     297     297 1146671    [No]    [No]     297      14  {14,15,16,17,18,19,20,21,22,23,24,25,26,27}
## EC_MEMINFO    298    37            gs24r2b51     298     298 1146672    [No]    [No]     298      14  {28,29,30,31,32,33,34,35,36,37,38,39,40,41}
## EC_MEMINFO    299    37            gs24r2b51     299     299 1146673    [No]    [No]     299      14  {42,43,44,45,46,47,48,49,50,51,52,53,54,55}
## EC_MEMINFO    300    37            gs24r2b51     300     300 1146674    [No]    [No]     300      14  {56,57,58,59,60,61,62,63,64,65,66,67,68,69}
## EC_MEMINFO    301    37            gs24r2b51     301     301 1146675    [No]    [No]     301      14  {70,71,72,73,74,75,76,77,78,79,80,81,82,83}
## EC_MEMINFO    302    37            gs24r2b51     302     302 1146676    [No]    [No]     302      14  {84,85,86,87,88,89,90,91,92,93,94,95,96,97}
## EC_MEMINFO    303    37            gs24r2b51     303     303 1146677    [No]    [No]     303      14  {98,99,100,101,102,103,104,105,106,107,108,109,110,111}
## EC_MEMINFO    304    38            gs24r2b52     304     304 1178200    [No]     Yes     304      14  {56,57,58,59,60,61,62,63,64,65,66,67,68,69}
## EC_MEMINFO    305    38            gs24r2b52     305     305 1178201    [No]    [No]     305      14  {70,71,72,73,74,75,76,77,78,79,80,81,82,83}
## EC_MEMINFO    306    38            gs24r2b52     306     306 1178202    [No]    [No]     306      14  {84,85,86,87,88,89,90,91,92,93,94,95,96,97}
## EC_MEMINFO    307    38            gs24r2b52     307     307 1178203    [No]    [No]     307      14  {98,99,100,101,102,103,104,105,106,107,108,109,110,111}
## EC_MEMINFO    308    38            gs24r2b52     308     308 1178204    [No]    [No]     308      14  {0,1,2,3,4,5,6,7,8,9,10,11,12,13}
## EC_MEMINFO    309    38            gs24r2b52     309     309 1178205    [No]    [No]     309      14  {14,15,16,17,18,19,20,21,22,23,24,25,26,27}
## EC_MEMINFO    310    38            gs24r2b52     310     310 1178206    [No]    [No]     310      14  {28,29,30,31,32,33,34,35,36,37,38,39,40,41}
## EC_MEMINFO    311    38            gs24r2b52     311     311 1178207    [No]    [No]     311      14  {42,43,44,45,46,47,48,49,50,51,52,53,54,55}
## EC_MEMINFO    312    39            gs24r2b53     312     312 2808854    [No]     Yes     312      14  {0,1,2,3,4,5,6,7,8,9,10,11,12,13}
## EC_MEMINFO    313    39            gs24r2b53     313     313 2808855    [No]    [No]     313      14  {14,15,16,17,18,19,20,21,22,23,24,25,26,27}
## EC_MEMINFO    314    39            gs24r2b53     314     314 2808856    [No]    [No]     314      14  {28,29,30,31,32,33,34,35,36,37,38,39,40,41}
## EC_MEMINFO    315    39            gs24r2b53     315     315 2808857    [No]    [No]     315      14  {42,43,44,45,46,47,48,49,50,51,52,53,54,55}
## EC_MEMINFO    316    39            gs24r2b53     316     316 2808858    [No]    [No]     316      14  {56,57,58,59,60,61,62,63,64,65,66,67,68,69}
## EC_MEMINFO    317    39            gs24r2b53     317     317 2808859    [No]    [No]     317      14  {70,71,72,73,74,75,76,77,78,79,80,81,82,83}
## EC_MEMINFO    318    39            gs24r2b53     318     318 2808860    [No]    [No]     318      14  {84,85,86,87,88,89,90,91,92,93,94,95,96,97}
## EC_MEMINFO    319    39            gs24r2b53     319     319 2808861    [No]    [No]     319      14  {98,99,100,101,102,103,104,105,106,107,108,109,110,111}
## EC_MEMINFO    320    40            gs24r2b54     320     320 2762469    [No]     Yes     320      14  {56,57,58,59,60,61,62,63,64,65,66,67,68,69}
## EC_MEMINFO    321    40            gs24r2b54     321     321 2762470    [No]    [No]     321      14  {70,71,72,73,74,75,76,77,78,79,80,81,82,83}
## EC_MEMINFO    322    40            gs24r2b54     322     322 2762471    [No]    [No]     322      14  {84,85,86,87,88,89,90,91,92,93,94,95,96,97}
## EC_MEMINFO    323    40            gs24r2b54     323     323 2762472    [No]    [No]     323      14  {98,99,100,101,102,103,104,105,106,107,108,109,110,111}
## EC_MEMINFO    324    40            gs24r2b54     324     324 2762473    [No]    [No]     324      14  {0,1,2,3,4,5,6,7,8,9,10,11,12,13}
## EC_MEMINFO    325    40            gs24r2b54     325     325 2762474    [No]    [No]     325      14  {14,15,16,17,18,19,20,21,22,23,24,25,26,27}
## EC_MEMINFO    326    40            gs24r2b54     326     326 2762475    [No]    [No]     326      14  {28,29,30,31,32,33,34,35,36,37,38,39,40,41}
## EC_MEMINFO    327    40            gs24r2b54     327     327 2762476    [No]    [No]     327      14  {42,43,44,45,46,47,48,49,50,51,52,53,54,55}
## EC_MEMINFO    328    41            gs24r2b55     328     328 1455206    [No]     Yes     328      14  {0,1,2,3,4,5,6,7,8,9,10,11,12,13}
## EC_MEMINFO    329    41            gs24r2b55     329     329 1455207    [No]    [No]     329      14  {14,15,16,17,18,19,20,21,22,23,24,25,26,27}
## EC_MEMINFO    330    41            gs24r2b55     330     330 1455208    [No]    [No]     330      14  {28,29,30,31,32,33,34,35,36,37,38,39,40,41}
## EC_MEMINFO    331    41            gs24r2b55     331     331 1455209    [No]    [No]     331      14  {42,43,44,45,46,47,48,49,50,51,52,53,54,55}
## EC_MEMINFO    332    41            gs24r2b55     332     332 1455210    [No]    [No]     332      14  {56,57,58,59,60,61,62,63,64,65,66,67,68,69}
## EC_MEMINFO    333    41            gs24r2b55     333     333 1455211    [No]    [No]     333      14  {70,71,72,73,74,75,76,77,78,79,80,81,82,83}
## EC_MEMINFO    334    41            gs24r2b55     334     334 1455212    [No]    [No]     334      14  {84,85,86,87,88,89,90,91,92,93,94,95,96,97}
## EC_MEMINFO    335    41            gs24r2b55     335     335 1455213    [No]    [No]     335      14  {98,99,100,101,102,103,104,105,106,107,108,109,110,111}
## EC_MEMINFO    336    42            gs24r2b56     336     336 3719876    [No]     Yes     336      14  {56,57,58,59,60,61,62,63,64,65,66,67,68,69}
## EC_MEMINFO    337    42            gs24r2b56     337     337 3719877    [No]    [No]     337      14  {70,71,72,73,74,75,76,77,78,79,80,81,82,83}
## EC_MEMINFO    338    42            gs24r2b56     338     338 3719878    [No]    [No]     338      14  {84,85,86,87,88,89,90,91,92,93,94,95,96,97}
## EC_MEMINFO    339    42            gs24r2b56     339     339 3719879    [No]    [No]     339      14  {98,99,100,101,102,103,104,105,106,107,108,109,110,111}
## EC_MEMINFO    340    42            gs24r2b56     340     340 3719880    [No]    [No]     340      14  {0,1,2,3,4,5,6,7,8,9,10,11,12,13}
## EC_MEMINFO    341    42            gs24r2b56     341     341 3719881    [No]    [No]     341      14  {14,15,16,17,18,19,20,21,22,23,24,25,26,27}
## EC_MEMINFO    342    42            gs24r2b56     342     342 3719882    [No]    [No]     342      14  {28,29,30,31,32,33,34,35,36,37,38,39,40,41}
## EC_MEMINFO    343    42            gs24r2b56     343     343 3719883    [No]    [No]     343      14  {42,43,44,45,46,47,48,49,50,51,52,53,54,55}
## EC_MEMINFO    344    43            gs24r2b57     344     344 3309802    [No]     Yes     344      14  {0,1,2,3,4,5,6,7,8,9,10,11,12,13}
## EC_MEMINFO    345    43            gs24r2b57     345     345 3309803    [No]    [No]     345      14  {14,15,16,17,18,19,20,21,22,23,24,25,26,27}
## EC_MEMINFO    346    43            gs24r2b57     346     346 3309804    [No]    [No]     346      14  {28,29,30,31,32,33,34,35,36,37,38,39,40,41}
## EC_MEMINFO    347    43            gs24r2b57     347     347 3309805    [No]    [No]     347      14  {42,43,44,45,46,47,48,49,50,51,52,53,54,55}
## EC_MEMINFO    348    43            gs24r2b57     348     348 3309806    [No]    [No]     348      14  {56,57,58,59,60,61,62,63,64,65,66,67,68,69}
## EC_MEMINFO    349    43            gs24r2b57     349     349 3309807    [No]    [No]     349      14  {70,71,72,73,74,75,76,77,78,79,80,81,82,83}
## EC_MEMINFO    350    43            gs24r2b57     350     350 3309808    [No]    [No]     350      14  {84,85,86,87,88,89,90,91,92,93,94,95,96,97}
## EC_MEMINFO    351    43            gs24r2b57     351     351 3309809    [No]    [No]     351      14  {98,99,100,101,102,103,104,105,106,107,108,109,110,111}
## EC_MEMINFO    352    44            gs24r2b58     352     352  343761    [No]     Yes     352      14  {56,57,58,59,60,61,62,63,64,65,66,67,68,69}
## EC_MEMINFO    353    44            gs24r2b58     353     353  343762    [No]    [No]     353      14  {70,71,72,73,74,75,76,77,78,79,80,81,82,83}
## EC_MEMINFO    354    44            gs24r2b58     354     354  343763    [No]    [No]     354      14  {84,85,86,87,88,89,90,91,92,93,94,95,96,97}
## EC_MEMINFO    355    44            gs24r2b58     355     355  343764    [No]    [No]     355      14  {98,99,100,101,102,103,104,105,106,107,108,109,110,111}
## EC_MEMINFO    356    44            gs24r2b58     356     356  343765    [No]    [No]     356      14  {0,1,2,3,4,5,6,7,8,9,10,11,12,13}
## EC_MEMINFO    357    44            gs24r2b58     357     357  343766    [No]    [No]     357      14  {14,15,16,17,18,19,20,21,22,23,24,25,26,27}
## EC_MEMINFO    358    44            gs24r2b58     358     358  343767    [No]    [No]     358      14  {28,29,30,31,32,33,34,35,36,37,38,39,40,41}
## EC_MEMINFO    359    44            gs24r2b58     359     359  343768    [No]    [No]     359      14  {42,43,44,45,46,47,48,49,50,51,52,53,54,55}
## EC_MEMINFO    360    45            gs24r2b59     360     360  299226    [No]     Yes     360      14  {0,1,2,3,4,5,6,7,8,9,10,11,12,13}
## EC_MEMINFO    361    45            gs24r2b59     361     361  299227    [No]    [No]     361      14  {14,15,16,17,18,19,20,21,22,23,24,25,26,27}
## EC_MEMINFO    362    45            gs24r2b59     362     362  299228    [No]    [No]     362      14  {28,29,30,31,32,33,34,35,36,37,38,39,40,41}
## EC_MEMINFO    363    45            gs24r2b59     363     363  299229    [No]    [No]     363      14  {42,43,44,45,46,47,48,49,50,51,52,53,54,55}
## EC_MEMINFO    364    45            gs24r2b59     364     364  299230    [No]    [No]     364      14  {56,57,58,59,60,61,62,63,64,65,66,67,68,69}
## EC_MEMINFO    365    45            gs24r2b59     365     365  299231    [No]    [No]     365      14  {70,71,72,73,74,75,76,77,78,79,80,81,82,83}
## EC_MEMINFO    366    45            gs24r2b59     366     366  299232    [No]    [No]     366      14  {84,85,86,87,88,89,90,91,92,93,94,95,96,97}
## EC_MEMINFO    367    45            gs24r2b59     367     367  299233    [No]    [No]     367      14  {98,99,100,101,102,103,104,105,106,107,108,109,110,111}
## EC_MEMINFO    368    46            gs24r2b60     368     368 3599699    [No]     Yes     368      14  {56,57,58,59,60,61,62,63,64,65,66,67,68,69}
## EC_MEMINFO    369    46            gs24r2b60     369     369 3599700    [No]    [No]     369      14  {70,71,72,73,74,75,76,77,78,79,80,81,82,83}
## EC_MEMINFO    370    46            gs24r2b60     370     370 3599701    [No]    [No]     370      14  {84,85,86,87,88,89,90,91,92,93,94,95,96,97}
## EC_MEMINFO    371    46            gs24r2b60     371     371 3599702    [No]    [No]     371      14  {98,99,100,101,102,103,104,105,106,107,108,109,110,111}
## EC_MEMINFO    372    46            gs24r2b60     372     372 3599703    [No]    [No]     372      14  {0,1,2,3,4,5,6,7,8,9,10,11,12,13}
## EC_MEMINFO    373    46            gs24r2b60     373     373 3599704    [No]    [No]     373      14  {14,15,16,17,18,19,20,21,22,23,24,25,26,27}
## EC_MEMINFO    374    46            gs24r2b60     374     374 3599705    [No]    [No]     374      14  {28,29,30,31,32,33,34,35,36,37,38,39,40,41}
## EC_MEMINFO    375    46            gs24r2b60     375     375 3599706    [No]    [No]     375      14  {42,43,44,45,46,47,48,49,50,51,52,53,54,55}
## EC_MEMINFO    376    47            gs24r2b61     376     376  163411    [No]     Yes     376      14  {0,1,2,3,4,5,6,7,8,9,10,11,12,13}
## EC_MEMINFO    377    47            gs24r2b61     377     377  163412    [No]    [No]     377      14  {14,15,16,17,18,19,20,21,22,23,24,25,26,27}
## EC_MEMINFO    378    47            gs24r2b61     378     378  163413    [No]    [No]     378      14  {28,29,30,31,32,33,34,35,36,37,38,39,40,41}
## EC_MEMINFO    379    47            gs24r2b61     379     379  163414    [No]    [No]     379      14  {42,43,44,45,46,47,48,49,50,51,52,53,54,55}
## EC_MEMINFO    380    47            gs24r2b61     380     380  163415    [No]    [No]     380      14  {56,57,58,59,60,61,62,63,64,65,66,67,68,69}
## EC_MEMINFO    381    47            gs24r2b61     381     381  163416    [No]    [No]     381      14  {70,71,72,73,74,75,76,77,78,79,80,81,82,83}
## EC_MEMINFO    382    47            gs24r2b61     382     382  163417    [No]    [No]     382      14  {84,85,86,87,88,89,90,91,92,93,94,95,96,97}
## EC_MEMINFO    383    47            gs24r2b61     383     383  163418    [No]    [No]     383      14  {98,99,100,101,102,103,104,105,106,107,108,109,110,111}
## EC_MEMINFO    384    48            gs24r2b62     384     384 2062029    [No]     Yes     384      14  {56,57,58,59,60,61,62,63,64,65,66,67,68,69}
## EC_MEMINFO    385    48            gs24r2b62     385     385 2062030    [No]    [No]     385      14  {70,71,72,73,74,75,76,77,78,79,80,81,82,83}
## EC_MEMINFO    386    48            gs24r2b62     386     386 2062031    [No]    [No]     386      14  {84,85,86,87,88,89,90,91,92,93,94,95,96,97}
## EC_MEMINFO    387    48            gs24r2b62     387     387 2062032    [No]    [No]     387      14  {98,99,100,101,102,103,104,105,106,107,108,109,110,111}
## EC_MEMINFO    388    48            gs24r2b62     388     388 2062033    [No]    [No]     388      14  {0,1,2,3,4,5,6,7,8,9,10,11,12,13}
## EC_MEMINFO    389    48            gs24r2b62     389     389 2062034    [No]    [No]     389      14  {14,15,16,17,18,19,20,21,22,23,24,25,26,27}
## EC_MEMINFO    390    48            gs24r2b62     390     390 2062035    [No]    [No]     390      14  {28,29,30,31,32,33,34,35,36,37,38,39,40,41}
## EC_MEMINFO    391    48            gs24r2b62     391     391 2062036    [No]    [No]     391      14  {42,43,44,45,46,47,48,49,50,51,52,53,54,55}
## EC_MEMINFO    392    49            gs24r2b63     392     392  411696    [No]     Yes     392      14  {0,1,2,3,4,5,6,7,8,9,10,11,12,13}
## EC_MEMINFO    393    49            gs24r2b63     393     393  411697    [No]    [No]     393      14  {14,15,16,17,18,19,20,21,22,23,24,25,26,27}
## EC_MEMINFO    394    49            gs24r2b63     394     394  411698    [No]    [No]     394      14  {28,29,30,31,32,33,34,35,36,37,38,39,40,41}
## EC_MEMINFO    395    49            gs24r2b63     395     395  411699    [No]    [No]     395      14  {42,43,44,45,46,47,48,49,50,51,52,53,54,55}
## EC_MEMINFO    396    49            gs24r2b63     396     396  411700    [No]    [No]     396      14  {56,57,58,59,60,61,62,63,64,65,66,67,68,69}
## EC_MEMINFO    397    49            gs24r2b63     397     397  411701    [No]    [No]     397      14  {70,71,72,73,74,75,76,77,78,79,80,81,82,83}
## EC_MEMINFO    398    49            gs24r2b63     398     398  411702    [No]    [No]     398      14  {84,85,86,87,88,89,90,91,92,93,94,95,96,97}
## EC_MEMINFO    399    49            gs24r2b63     399     399  411703    [No]    [No]     399      14  {98,99,100,101,102,103,104,105,106,107,108,109,110,111}
## EC_MEMINFO    400    50            gs24r2b64     400     400 1465294    [No]     Yes     400      14  {56,57,58,59,60,61,62,63,64,65,66,67,68,69}
## EC_MEMINFO    401    50            gs24r2b64     401     401 1465295    [No]    [No]     401      14  {70,71,72,73,74,75,76,77,78,79,80,81,82,83}
## EC_MEMINFO    402    50            gs24r2b64     402     402 1465296    [No]    [No]     402      14  {84,85,86,87,88,89,90,91,92,93,94,95,96,97}
## EC_MEMINFO    403    50            gs24r2b64     403     403 1465297    [No]    [No]     403      14  {98,99,100,101,102,103,104,105,106,107,108,109,110,111}
## EC_MEMINFO    404    50            gs24r2b64     404     404 1465298    [No]    [No]     404      14  {0,1,2,3,4,5,6,7,8,9,10,11,12,13}
## EC_MEMINFO    405    50            gs24r2b64     405     405 1465299    [No]    [No]     405      14  {14,15,16,17,18,19,20,21,22,23,24,25,26,27}
## EC_MEMINFO    406    50            gs24r2b64     406     406 1465300    [No]    [No]     406      14  {28,29,30,31,32,33,34,35,36,37,38,39,40,41}
## EC_MEMINFO    407    50            gs24r2b64     407     407 1465301    [No]    [No]     407      14  {42,43,44,45,46,47,48,49,50,51,52,53,54,55}
## EC_MEMINFO    408    51            gs24r2b65     408     408 1886755    [No]     Yes     408      14  {0,1,2,3,4,5,6,7,8,9,10,11,12,13}
## EC_MEMINFO    409    51            gs24r2b65     409     409 1886756    [No]    [No]     409      14  {14,15,16,17,18,19,20,21,22,23,24,25,26,27}
## EC_MEMINFO    410    51            gs24r2b65     410     410 1886757    [No]    [No]     410      14  {28,29,30,31,32,33,34,35,36,37,38,39,40,41}
## EC_MEMINFO    411    51            gs24r2b65     411     411 1886758    [No]    [No]     411      14  {42,43,44,45,46,47,48,49,50,51,52,53,54,55}
## EC_MEMINFO    412    51            gs24r2b65     412     412 1886759    [No]    [No]     412      14  {56,57,58,59,60,61,62,63,64,65,66,67,68,69}
## EC_MEMINFO    413    51            gs24r2b65     413     413 1886760    [No]    [No]     413      14  {70,71,72,73,74,75,76,77,78,79,80,81,82,83}
## EC_MEMINFO    414    51            gs24r2b65     414     414 1886761    [No]    [No]     414      14  {84,85,86,87,88,89,90,91,92,93,94,95,96,97}
## EC_MEMINFO    415    51            gs24r2b65     415     415 1886762    [No]    [No]     415      14  {98,99,100,101,102,103,104,105,106,107,108,109,110,111}
## EC_MEMINFO    416    52            gs24r2b66     416     416  385964    [No]     Yes     416      14  {56,57,58,59,60,61,62,63,64,65,66,67,68,69}
## EC_MEMINFO    417    52            gs24r2b66     417     417  385965    [No]    [No]     417      14  {70,71,72,73,74,75,76,77,78,79,80,81,82,83}
## EC_MEMINFO    418    52            gs24r2b66     418     418  385966    [No]    [No]     418      14  {84,85,86,87,88,89,90,91,92,93,94,95,96,97}
## EC_MEMINFO    419    52            gs24r2b66     419     419  385967    [No]    [No]     419      14  {98,99,100,101,102,103,104,105,106,107,108,109,110,111}
## EC_MEMINFO    420    52            gs24r2b66     420     420  385968    [No]    [No]     420      14  {0,1,2,3,4,5,6,7,8,9,10,11,12,13}
## EC_MEMINFO    421    52            gs24r2b66     421     421  385969    [No]    [No]     421      14  {14,15,16,17,18,19,20,21,22,23,24,25,26,27}
## EC_MEMINFO    422    52            gs24r2b66     422     422  385970    [No]    [No]     422      14  {28,29,30,31,32,33,34,35,36,37,38,39,40,41}
## EC_MEMINFO    423    52            gs24r2b66     423     423  385971    [No]    [No]     423      14  {42,43,44,45,46,47,48,49,50,51,52,53,54,55}
## EC_MEMINFO    424    53            gs24r2b67     424     424 1820207    [No]     Yes     424      14  {0,1,2,3,4,5,6,7,8,9,10,11,12,13}
## EC_MEMINFO    425    53            gs24r2b67     425     425 1820208    [No]    [No]     425      14  {14,15,16,17,18,19,20,21,22,23,24,25,26,27}
## EC_MEMINFO    426    53            gs24r2b67     426     426 1820209    [No]    [No]     426      14  {28,29,30,31,32,33,34,35,36,37,38,39,40,41}
## EC_MEMINFO    427    53            gs24r2b67     427     427 1820210    [No]    [No]     427      14  {42,43,44,45,46,47,48,49,50,51,52,53,54,55}
## EC_MEMINFO    428    53            gs24r2b67     428     428 1820211    [No]    [No]     428      14  {56,57,58,59,60,61,62,63,64,65,66,67,68,69}
## EC_MEMINFO    429    53            gs24r2b67     429     429 1820212    [No]    [No]     429      14  {70,71,72,73,74,75,76,77,78,79,80,81,82,83}
## EC_MEMINFO    430    53            gs24r2b67     430     430 1820213    [No]    [No]     430      14  {84,85,86,87,88,89,90,91,92,93,94,95,96,97}
## EC_MEMINFO    431    53            gs24r2b67     431     431 1820214    [No]    [No]     431      14  {98,99,100,101,102,103,104,105,106,107,108,109,110,111}
## EC_MEMINFO    432    54            gs24r2b68     432     432  327525    [No]     Yes     432      14  {56,57,58,59,60,61,62,63,64,65,66,67,68,69}
## EC_MEMINFO    433    54            gs24r2b68     433     433  327526    [No]    [No]     433      14  {70,71,72,73,74,75,76,77,78,79,80,81,82,83}
## EC_MEMINFO    434    54            gs24r2b68     434     434  327527    [No]    [No]     434      14  {84,85,86,87,88,89,90,91,92,93,94,95,96,97}
## EC_MEMINFO    435    54            gs24r2b68     435     435  327528    [No]    [No]     435      14  {98,99,100,101,102,103,104,105,106,107,108,109,110,111}
## EC_MEMINFO    436    54            gs24r2b68     436     436  327529    [No]    [No]     436      14  {0,1,2,3,4,5,6,7,8,9,10,11,12,13}
## EC_MEMINFO    437    54            gs24r2b68     437     437  327530    [No]    [No]     437      14  {14,15,16,17,18,19,20,21,22,23,24,25,26,27}
## EC_MEMINFO    438    54            gs24r2b68     438     438  327531    [No]    [No]     438      14  {28,29,30,31,32,33,34,35,36,37,38,39,40,41}
## EC_MEMINFO    439    54            gs24r2b68     439     439  327532    [No]    [No]     439      14  {42,43,44,45,46,47,48,49,50,51,52,53,54,55}
## EC_MEMINFO    440    55            gs24r2b69     440     440 3718699    [No]     Yes     440      14  {0,1,2,3,4,5,6,7,8,9,10,11,12,13}
## EC_MEMINFO    441    55            gs24r2b69     441     441 3718700    [No]    [No]     441      14  {14,15,16,17,18,19,20,21,22,23,24,25,26,27}
## EC_MEMINFO    442    55            gs24r2b69     442     442 3718701    [No]    [No]     442      14  {28,29,30,31,32,33,34,35,36,37,38,39,40,41}
## EC_MEMINFO    443    55            gs24r2b69     443     443 3718702    [No]    [No]     443      14  {42,43,44,45,46,47,48,49,50,51,52,53,54,55}
## EC_MEMINFO    444    55            gs24r2b69     444     444 3718703    [No]    [No]     444      14  {56,57,58,59,60,61,62,63,64,65,66,67,68,69}
## EC_MEMINFO    445    55            gs24r2b69     445     445 3718704    [No]    [No]     445      14  {70,71,72,73,74,75,76,77,78,79,80,81,82,83}
## EC_MEMINFO    446    55            gs24r2b69     446     446 3718705    [No]    [No]     446      14  {84,85,86,87,88,89,90,91,92,93,94,95,96,97}
## EC_MEMINFO    447    55            gs24r2b69     447     447 3718706    [No]    [No]     447      14  {98,99,100,101,102,103,104,105,106,107,108,109,110,111}
## EC_MEMINFO    448    56            gs24r2b70     448     448  462006    [No]     Yes     448      14  {56,57,58,59,60,61,62,63,64,65,66,67,68,69}
## EC_MEMINFO    449    56            gs24r2b70     449     449  462007    [No]    [No]     449      14  {70,71,72,73,74,75,76,77,78,79,80,81,82,83}
## EC_MEMINFO    450    56            gs24r2b70     450     450  462008    [No]    [No]     450      14  {84,85,86,87,88,89,90,91,92,93,94,95,96,97}
## EC_MEMINFO    451    56            gs24r2b70     451     451  462009    [No]    [No]     451      14  {98,99,100,101,102,103,104,105,106,107,108,109,110,111}
## EC_MEMINFO    452    56            gs24r2b70     452     452  462010    [No]    [No]     452      14  {0,1,2,3,4,5,6,7,8,9,10,11,12,13}
## EC_MEMINFO    453    56            gs24r2b70     453     453  462011    [No]    [No]     453      14  {14,15,16,17,18,19,20,21,22,23,24,25,26,27}
## EC_MEMINFO    454    56            gs24r2b70     454     454  462012    [No]    [No]     454      14  {28,29,30,31,32,33,34,35,36,37,38,39,40,41}
## EC_MEMINFO    455    56            gs24r2b70     455     455  462013    [No]    [No]     455      14  {42,43,44,45,46,47,48,49,50,51,52,53,54,55}
## EC_MEMINFO    456    57            gs24r2b71     456     456 2019340    [No]     Yes     456      14  {0,1,2,3,4,5,6,7,8,9,10,11,12,13}
## EC_MEMINFO    457    57            gs24r2b71     457     457 2019341    [No]    [No]     457      14  {14,15,16,17,18,19,20,21,22,23,24,25,26,27}
## EC_MEMINFO    458    57            gs24r2b71     458     458 2019342    [No]    [No]     458      14  {28,29,30,31,32,33,34,35,36,37,38,39,40,41}
## EC_MEMINFO    459    57            gs24r2b71     459     459 2019343    [No]    [No]     459      14  {42,43,44,45,46,47,48,49,50,51,52,53,54,55}
## EC_MEMINFO    460    57            gs24r2b71     460     460 2019344    [No]    [No]     460      14  {56,57,58,59,60,61,62,63,64,65,66,67,68,69}
## EC_MEMINFO    461    57            gs24r2b71     461     461 2019345    [No]    [No]     461      14  {70,71,72,73,74,75,76,77,78,79,80,81,82,83}
## EC_MEMINFO    462    57            gs24r2b71     462     462 2019346    [No]    [No]     462      14  {84,85,86,87,88,89,90,91,92,93,94,95,96,97}
## EC_MEMINFO    463    57            gs24r2b71     463     463 2019347    [No]    [No]     463      14  {98,99,100,101,102,103,104,105,106,107,108,109,110,111}
## EC_MEMINFO    464    58            gs24r2b72     464     464 1618947    [No]     Yes     464      14  {56,57,58,59,60,61,62,63,64,65,66,67,68,69}
## EC_MEMINFO    465    58            gs24r2b72     465     465 1618948    [No]    [No]     465      14  {70,71,72,73,74,75,76,77,78,79,80,81,82,83}
## EC_MEMINFO    466    58            gs24r2b72     466     466 1618949    [No]    [No]     466      14  {84,85,86,87,88,89,90,91,92,93,94,95,96,97}
## EC_MEMINFO    467    58            gs24r2b72     467     467 1618950    [No]    [No]     467      14  {98,99,100,101,102,103,104,105,106,107,108,109,110,111}
## EC_MEMINFO    468    58            gs24r2b72     468     468 1618951    [No]    [No]     468      14  {0,1,2,3,4,5,6,7,8,9,10,11,12,13}
## EC_MEMINFO    469    58            gs24r2b72     469     469 1618952    [No]    [No]     469      14  {14,15,16,17,18,19,20,21,22,23,24,25,26,27}
## EC_MEMINFO    470    58            gs24r2b72     470     470 1618953    [No]    [No]     470      14  {28,29,30,31,32,33,34,35,36,37,38,39,40,41}
## EC_MEMINFO    471    58            gs24r2b72     471     471 1618954    [No]    [No]     471      14  {42,43,44,45,46,47,48,49,50,51,52,53,54,55}
## EC_MEMINFO    472    59            gs25r1b03     472     472 2013559    [No]     Yes     472      14  {0,1,2,3,4,5,6,7,8,9,10,11,12,13}
## EC_MEMINFO    473    59            gs25r1b03     473     473 2013560    [No]    [No]     473      14  {14,15,16,17,18,19,20,21,22,23,24,25,26,27}
## EC_MEMINFO    474    59            gs25r1b03     474     474 2013561    [No]    [No]     474      14  {28,29,30,31,32,33,34,35,36,37,38,39,40,41}
## EC_MEMINFO    475    59            gs25r1b03     475     475 2013562    [No]    [No]     475      14  {42,43,44,45,46,47,48,49,50,51,52,53,54,55}
## EC_MEMINFO    476    59            gs25r1b03     476     476 2013563    [No]    [No]     476      14  {56,57,58,59,60,61,62,63,64,65,66,67,68,69}
## EC_MEMINFO    477    59            gs25r1b03     477     477 2013564    [No]    [No]     477      14  {70,71,72,73,74,75,76,77,78,79,80,81,82,83}
## EC_MEMINFO    478    59            gs25r1b03     478     478 2013565    [No]    [No]     478      14  {84,85,86,87,88,89,90,91,92,93,94,95,96,97}
## EC_MEMINFO    479    59            gs25r1b03     479     479 2013566    [No]    [No]     479      14  {98,99,100,101,102,103,104,105,106,107,108,109,110,111}
## EC_MEMINFO    480    60            gs25r1b04     480     480 1067691    [No]     Yes     480      14  {56,57,58,59,60,61,62,63,64,65,66,67,68,69}
## EC_MEMINFO    481    60            gs25r1b04     481     481 1067692    [No]    [No]     481      14  {70,71,72,73,74,75,76,77,78,79,80,81,82,83}
## EC_MEMINFO    482    60            gs25r1b04     482     482 1067693    [No]    [No]     482      14  {84,85,86,87,88,89,90,91,92,93,94,95,96,97}
## EC_MEMINFO    483    60            gs25r1b04     483     483 1067694    [No]    [No]     483      14  {98,99,100,101,102,103,104,105,106,107,108,109,110,111}
## EC_MEMINFO    484    60            gs25r1b04     484     484 1067695    [No]    [No]     484      14  {0,1,2,3,4,5,6,7,8,9,10,11,12,13}
## EC_MEMINFO    485    60            gs25r1b04     485     485 1067696    [No]    [No]     485      14  {14,15,16,17,18,19,20,21,22,23,24,25,26,27}
## EC_MEMINFO    486    60            gs25r1b04     486     486 1067697    [No]    [No]     486      14  {28,29,30,31,32,33,34,35,36,37,38,39,40,41}
## EC_MEMINFO    487    60            gs25r1b04     487     487 1067698    [No]    [No]     487      14  {42,43,44,45,46,47,48,49,50,51,52,53,54,55}
## EC_MEMINFO    488    61            gs25r1b05     488     488 1180470    [No]     Yes     488      14  {0,1,2,3,4,5,6,7,8,9,10,11,12,13}
## EC_MEMINFO    489    61            gs25r1b05     489     489 1180471    [No]    [No]     489      14  {14,15,16,17,18,19,20,21,22,23,24,25,26,27}
## EC_MEMINFO    490    61            gs25r1b05     490     490 1180472    [No]    [No]     490      14  {28,29,30,31,32,33,34,35,36,37,38,39,40,41}
## EC_MEMINFO    491    61            gs25r1b05     491     491 1180473    [No]    [No]     491      14  {42,43,44,45,46,47,48,49,50,51,52,53,54,55}
## EC_MEMINFO    492    61            gs25r1b05     492     492 1180474    [No]    [No]     492      14  {56,57,58,59,60,61,62,63,64,65,66,67,68,69}
## EC_MEMINFO    493    61            gs25r1b05     493     493 1180475    [No]    [No]     493      14  {70,71,72,73,74,75,76,77,78,79,80,81,82,83}
## EC_MEMINFO    494    61            gs25r1b05     494     494 1180476    [No]    [No]     494      14  {84,85,86,87,88,89,90,91,92,93,94,95,96,97}
## EC_MEMINFO    495    61            gs25r1b05     495     495 1180477    [No]    [No]     495      14  {98,99,100,101,102,103,104,105,106,107,108,109,110,111}
## EC_MEMINFO    496    62            gs25r1b08     496     496  679429    [No]     Yes     496      14  {56,57,58,59,60,61,62,63,64,65,66,67,68,69}
## EC_MEMINFO    497    62            gs25r1b08     497     497  679430    [No]    [No]     497      14  {70,71,72,73,74,75,76,77,78,79,80,81,82,83}
## EC_MEMINFO    498    62            gs25r1b08     498     498  679431    [No]    [No]     498      14  {84,85,86,87,88,89,90,91,92,93,94,95,96,97}
## EC_MEMINFO    499    62            gs25r1b08     499     499  679432    [No]    [No]     499      14  {98,99,100,101,102,103,104,105,106,107,108,109,110,111}
## EC_MEMINFO    500    62            gs25r1b08     500     500  679433    [No]    [No]     500      14  {0,1,2,3,4,5,6,7,8,9,10,11,12,13}
## EC_MEMINFO    501    62            gs25r1b08     501     501  679434    [No]    [No]     501      14  {14,15,16,17,18,19,20,21,22,23,24,25,26,27}
## EC_MEMINFO    502    62            gs25r1b08     502     502  679435    [No]    [No]     502      14  {28,29,30,31,32,33,34,35,36,37,38,39,40,41}
## EC_MEMINFO    503    62            gs25r1b08     503     503  679436    [No]    [No]     503      14  {42,43,44,45,46,47,48,49,50,51,52,53,54,55}
## EC_MEMINFO    504    63            gs25r1b09     504     504 3463787    [No]     Yes     504      14  {0,1,2,3,4,5,6,7,8,9,10,11,12,13}
## EC_MEMINFO    505    63            gs25r1b09     505     505 3463788    [No]    [No]     505      14  {14,15,16,17,18,19,20,21,22,23,24,25,26,27}
## EC_MEMINFO    506    63            gs25r1b09     506     506 3463789    [No]    [No]     506      14  {28,29,30,31,32,33,34,35,36,37,38,39,40,41}
## EC_MEMINFO    507    63            gs25r1b09     507     507 3463790    [No]    [No]     507      14  {42,43,44,45,46,47,48,49,50,51,52,53,54,55}
## EC_MEMINFO    508    63            gs25r1b09     508     508 3463791    [No]    [No]     508      14  {56,57,58,59,60,61,62,63,64,65,66,67,68,69}
## EC_MEMINFO    509    63            gs25r1b09     509     509 3463792    [No]    [No]     509      14  {70,71,72,73,74,75,76,77,78,79,80,81,82,83}
## EC_MEMINFO    510    63            gs25r1b09     510     510 3463793    [No]    [No]     510      14  {84,85,86,87,88,89,90,91,92,93,94,95,96,97}
## EC_MEMINFO    511    63            gs25r1b09     511     511 3463794    [No]    [No]     511      14  {98,99,100,101,102,103,104,105,106,107,108,109,110,111}
## EC_MEMINFO    512    64            gs25r1b11     512     512 1048019    [No]     Yes     512      14  {0,1,2,3,4,5,6,7,8,9,10,11,12,13}
## EC_MEMINFO    513    64            gs25r1b11     513     513 1048020    [No]    [No]     513      14  {14,15,16,17,18,19,20,21,22,23,24,25,26,27}
## EC_MEMINFO    514    64            gs25r1b11     514     514 1048021    [No]    [No]     514      14  {28,29,30,31,32,33,34,35,36,37,38,39,40,41}
## EC_MEMINFO    515    64            gs25r1b11     515     515 1048022    [No]    [No]     515      14  {42,43,44,45,46,47,48,49,50,51,52,53,54,55}
## EC_MEMINFO    516    64            gs25r1b11     516     516 1048023    [No]    [No]     516      14  {56,57,58,59,60,61,62,63,64,65,66,67,68,69}
## EC_MEMINFO    517    64            gs25r1b11     517     517 1048024    [No]    [No]     517      14  {70,71,72,73,74,75,76,77,78,79,80,81,82,83}
## EC_MEMINFO    518    64            gs25r1b11     518     518 1048025    [No]    [No]     518      14  {84,85,86,87,88,89,90,91,92,93,94,95,96,97}
## EC_MEMINFO    519    64            gs25r1b11     519     519 1048026    [No]    [No]     519      14  {98,99,100,101,102,103,104,105,106,107,108,109,110,111}
## EC_MEMINFO    520    65            gs25r1b12     520     520 2224864    [No]     Yes     520      14  {56,57,58,59,60,61,62,63,64,65,66,67,68,69}
## EC_MEMINFO    521    65            gs25r1b12     521     521 2224865    [No]    [No]     521      14  {70,71,72,73,74,75,76,77,78,79,80,81,82,83}
## EC_MEMINFO    522    65            gs25r1b12     522     522 2224866    [No]    [No]     522      14  {84,85,86,87,88,89,90,91,92,93,94,95,96,97}
## EC_MEMINFO    523    65            gs25r1b12     523     523 2224867    [No]    [No]     523      14  {98,99,100,101,102,103,104,105,106,107,108,109,110,111}
## EC_MEMINFO    524    65            gs25r1b12     524     524 2224868    [No]    [No]     524      14  {0,1,2,3,4,5,6,7,8,9,10,11,12,13}
## EC_MEMINFO    525    65            gs25r1b12     525     525 2224869    [No]    [No]     525      14  {14,15,16,17,18,19,20,21,22,23,24,25,26,27}
## EC_MEMINFO    526    65            gs25r1b12     526     526 2224870    [No]    [No]     526      14  {28,29,30,31,32,33,34,35,36,37,38,39,40,41}
## EC_MEMINFO    527    65            gs25r1b12     527     527 2224871    [No]    [No]     527      14  {42,43,44,45,46,47,48,49,50,51,52,53,54,55}
## EC_MEMINFO    528    66            gs25r1b13     528     528 1370763    [No]     Yes     528      14  {0,1,2,3,4,5,6,7,8,9,10,11,12,13}
## EC_MEMINFO    529    66            gs25r1b13     529     529 1370764    [No]    [No]     529      14  {14,15,16,17,18,19,20,21,22,23,24,25,26,27}
## EC_MEMINFO    530    66            gs25r1b13     530     530 1370765    [No]    [No]     530      14  {28,29,30,31,32,33,34,35,36,37,38,39,40,41}
## EC_MEMINFO    531    66            gs25r1b13     531     531 1370766    [No]    [No]     531      14  {42,43,44,45,46,47,48,49,50,51,52,53,54,55}
## EC_MEMINFO    532    66            gs25r1b13     532     532 1370767    [No]    [No]     532      14  {56,57,58,59,60,61,62,63,64,65,66,67,68,69}
## EC_MEMINFO    533    66            gs25r1b13     533     533 1370768    [No]    [No]     533      14  {70,71,72,73,74,75,76,77,78,79,80,81,82,83}
## EC_MEMINFO    534    66            gs25r1b13     534     534 1370769    [No]    [No]     534      14  {84,85,86,87,88,89,90,91,92,93,94,95,96,97}
## EC_MEMINFO    535    66            gs25r1b13     535     535 1370770    [No]    [No]     535      14  {98,99,100,101,102,103,104,105,106,107,108,109,110,111}
## EC_MEMINFO    536    67            gs25r1b14     536     536 2330527    [No]     Yes     536      14  {56,57,58,59,60,61,62,63,64,65,66,67,68,69}
## EC_MEMINFO    537    67            gs25r1b14     537     537 2330528    [No]    [No]     537      14  {70,71,72,73,74,75,76,77,78,79,80,81,82,83}
## EC_MEMINFO    538    67            gs25r1b14     538     538 2330529    [No]    [No]     538      14  {84,85,86,87,88,89,90,91,92,93,94,95,96,97}
## EC_MEMINFO    539    67            gs25r1b14     539     539 2330530    [No]    [No]     539      14  {98,99,100,101,102,103,104,105,106,107,108,109,110,111}
## EC_MEMINFO    540    67            gs25r1b14     540     540 2330531    [No]    [No]     540      14  {0,1,2,3,4,5,6,7,8,9,10,11,12,13}
## EC_MEMINFO    541    67            gs25r1b14     541     541 2330532    [No]    [No]     541      14  {14,15,16,17,18,19,20,21,22,23,24,25,26,27}
## EC_MEMINFO    542    67            gs25r1b14     542     542 2330533    [No]    [No]     542      14  {28,29,30,31,32,33,34,35,36,37,38,39,40,41}
## EC_MEMINFO    543    67            gs25r1b14     543     543 2330534    [No]    [No]     543      14  {42,43,44,45,46,47,48,49,50,51,52,53,54,55}
## EC_MEMINFO    544    68            gs25r1b15     544     544 3153622    [No]     Yes     544      14  {0,1,2,3,4,5,6,7,8,9,10,11,12,13}
## EC_MEMINFO    545    68            gs25r1b15     545     545 3153623    [No]    [No]     545      14  {14,15,16,17,18,19,20,21,22,23,24,25,26,27}
## EC_MEMINFO    546    68            gs25r1b15     546     546 3153624    [No]    [No]     546      14  {28,29,30,31,32,33,34,35,36,37,38,39,40,41}
## EC_MEMINFO    547    68            gs25r1b15     547     547 3153625    [No]    [No]     547      14  {42,43,44,45,46,47,48,49,50,51,52,53,54,55}
## EC_MEMINFO    548    68            gs25r1b15     548     548 3153626    [No]    [No]     548      14  {56,57,58,59,60,61,62,63,64,65,66,67,68,69}
## EC_MEMINFO    549    68            gs25r1b15     549     549 3153627    [No]    [No]     549      14  {70,71,72,73,74,75,76,77,78,79,80,81,82,83}
## EC_MEMINFO    550    68            gs25r1b15     550     550 3153628    [No]    [No]     550      14  {84,85,86,87,88,89,90,91,92,93,94,95,96,97}
## EC_MEMINFO    551    68            gs25r1b15     551     551 3153629    [No]    [No]     551      14  {98,99,100,101,102,103,104,105,106,107,108,109,110,111}
## EC_MEMINFO    552    69            gs25r1b16     552     552 3146046    [No]     Yes     552      14  {56,57,58,59,60,61,62,63,64,65,66,67,68,69}
## EC_MEMINFO    553    69            gs25r1b16     553     553 3146047    [No]    [No]     553      14  {70,71,72,73,74,75,76,77,78,79,80,81,82,83}
## EC_MEMINFO    554    69            gs25r1b16     554     554 3146048    [No]    [No]     554      14  {84,85,86,87,88,89,90,91,92,93,94,95,96,97}
## EC_MEMINFO    555    69            gs25r1b16     555     555 3146049    [No]    [No]     555      14  {98,99,100,101,102,103,104,105,106,107,108,109,110,111}
## EC_MEMINFO    556    69            gs25r1b16     556     556 3146050    [No]    [No]     556      14  {0,1,2,3,4,5,6,7,8,9,10,11,12,13}
## EC_MEMINFO    557    69            gs25r1b16     557     557 3146051    [No]    [No]     557      14  {14,15,16,17,18,19,20,21,22,23,24,25,26,27}
## EC_MEMINFO    558    69            gs25r1b16     558     558 3146052    [No]    [No]     558      14  {28,29,30,31,32,33,34,35,36,37,38,39,40,41}
## EC_MEMINFO    559    69            gs25r1b16     559     559 3146053    [No]    [No]     559      14  {42,43,44,45,46,47,48,49,50,51,52,53,54,55}
## EC_MEMINFO    560    70            gs25r1b17     560     560 3388633    [No]     Yes     560      14  {0,1,2,3,4,5,6,7,8,9,10,11,12,13}
## EC_MEMINFO    561    70            gs25r1b17     561     561 3388634    [No]    [No]     561      14  {14,15,16,17,18,19,20,21,22,23,24,25,26,27}
## EC_MEMINFO    562    70            gs25r1b17     562     562 3388635    [No]    [No]     562      14  {28,29,30,31,32,33,34,35,36,37,38,39,40,41}
## EC_MEMINFO    563    70            gs25r1b17     563     563 3388636    [No]    [No]     563      14  {42,43,44,45,46,47,48,49,50,51,52,53,54,55}
## EC_MEMINFO    564    70            gs25r1b17     564     564 3388637    [No]    [No]     564      14  {56,57,58,59,60,61,62,63,64,65,66,67,68,69}
## EC_MEMINFO    565    70            gs25r1b17     565     565 3388638    [No]    [No]     565      14  {70,71,72,73,74,75,76,77,78,79,80,81,82,83}
## EC_MEMINFO    566    70            gs25r1b17     566     566 3388639    [No]    [No]     566      14  {84,85,86,87,88,89,90,91,92,93,94,95,96,97}
## EC_MEMINFO    567    70            gs25r1b17     567     567 3388640    [No]    [No]     567      14  {98,99,100,101,102,103,104,105,106,107,108,109,110,111}
## EC_MEMINFO    568    71            gs25r1b18     568     568  845648    [No]     Yes     568      14  {56,57,58,59,60,61,62,63,64,65,66,67,68,69}
## EC_MEMINFO    569    71            gs25r1b18     569     569  845649    [No]    [No]     569      14  {70,71,72,73,74,75,76,77,78,79,80,81,82,83}
## EC_MEMINFO    570    71            gs25r1b18     570     570  845650    [No]    [No]     570      14  {84,85,86,87,88,89,90,91,92,93,94,95,96,97}
## EC_MEMINFO    571    71            gs25r1b18     571     571  845651    [No]    [No]     571      14  {98,99,100,101,102,103,104,105,106,107,108,109,110,111}
## EC_MEMINFO    572    71            gs25r1b18     572     572  845652    [No]    [No]     572      14  {0,1,2,3,4,5,6,7,8,9,10,11,12,13}
## EC_MEMINFO    573    71            gs25r1b18     573     573  845653    [No]    [No]     573      14  {14,15,16,17,18,19,20,21,22,23,24,25,26,27}
## EC_MEMINFO    574    71            gs25r1b18     574     574  845654    [No]    [No]     574      14  {28,29,30,31,32,33,34,35,36,37,38,39,40,41}
## EC_MEMINFO    575    71            gs25r1b18     575     575  845655    [No]    [No]     575      14  {42,43,44,45,46,47,48,49,50,51,52,53,54,55}
## EC_MEMINFO    576    72            gs25r1b19     576     576 1055969    [No]     Yes     576      14  {0,1,2,3,4,5,6,7,8,9,10,11,12,13}
## EC_MEMINFO    577    72            gs25r1b19     577     577 1055970    [No]    [No]     577      14  {14,15,16,17,18,19,20,21,22,23,24,25,26,27}
## EC_MEMINFO    578    72            gs25r1b19     578     578 1055971    [No]    [No]     578      14  {28,29,30,31,32,33,34,35,36,37,38,39,40,41}
## EC_MEMINFO    579    72            gs25r1b19     579     579 1055972    [No]    [No]     579      14  {42,43,44,45,46,47,48,49,50,51,52,53,54,55}
## EC_MEMINFO    580    72            gs25r1b19     580     580 1055973    [No]    [No]     580      14  {56,57,58,59,60,61,62,63,64,65,66,67,68,69}
## EC_MEMINFO    581    72            gs25r1b19     581     581 1055974    [No]    [No]     581      14  {70,71,72,73,74,75,76,77,78,79,80,81,82,83}
## EC_MEMINFO    582    72            gs25r1b19     582     582 1055975    [No]    [No]     582      14  {84,85,86,87,88,89,90,91,92,93,94,95,96,97}
## EC_MEMINFO    583    72            gs25r1b19     583     583 1055976    [No]    [No]     583      14  {98,99,100,101,102,103,104,105,106,107,108,109,110,111}
## EC_MEMINFO    584    73            gs25r1b20     584     584 1972316    [No]     Yes     584      14  {56,57,58,59,60,61,62,63,64,65,66,67,68,69}
## EC_MEMINFO    585    73            gs25r1b20     585     585 1972317    [No]    [No]     585      14  {70,71,72,73,74,75,76,77,78,79,80,81,82,83}
## EC_MEMINFO    586    73            gs25r1b20     586     586 1972318    [No]    [No]     586      14  {84,85,86,87,88,89,90,91,92,93,94,95,96,97}
## EC_MEMINFO    587    73            gs25r1b20     587     587 1972319    [No]    [No]     587      14  {98,99,100,101,102,103,104,105,106,107,108,109,110,111}
## EC_MEMINFO    588    73            gs25r1b20     588     588 1972320    [No]    [No]     588      14  {0,1,2,3,4,5,6,7,8,9,10,11,12,13}
## EC_MEMINFO    589    73            gs25r1b20     589     589 1972321    [No]    [No]     589      14  {14,15,16,17,18,19,20,21,22,23,24,25,26,27}
## EC_MEMINFO    590    73            gs25r1b20     590     590 1972322    [No]    [No]     590      14  {28,29,30,31,32,33,34,35,36,37,38,39,40,41}
## EC_MEMINFO    591    73            gs25r1b20     591     591 1972323    [No]    [No]     591      14  {42,43,44,45,46,47,48,49,50,51,52,53,54,55}
## EC_MEMINFO    592    74            gs25r1b21     592     592 2090013    [No]     Yes     592      14  {0,1,2,3,4,5,6,7,8,9,10,11,12,13}
## EC_MEMINFO    593    74            gs25r1b21     593     593 2090014    [No]    [No]     593      14  {14,15,16,17,18,19,20,21,22,23,24,25,26,27}
## EC_MEMINFO    594    74            gs25r1b21     594     594 2090015    [No]    [No]     594      14  {28,29,30,31,32,33,34,35,36,37,38,39,40,41}
## EC_MEMINFO    595    74            gs25r1b21     595     595 2090016    [No]    [No]     595      14  {42,43,44,45,46,47,48,49,50,51,52,53,54,55}
## EC_MEMINFO    596    74            gs25r1b21     596     596 2090017    [No]    [No]     596      14  {56,57,58,59,60,61,62,63,64,65,66,67,68,69}
## EC_MEMINFO    597    74            gs25r1b21     597     597 2090018    [No]    [No]     597      14  {70,71,72,73,74,75,76,77,78,79,80,81,82,83}
## EC_MEMINFO    598    74            gs25r1b21     598     598 2090019    [No]    [No]     598      14  {84,85,86,87,88,89,90,91,92,93,94,95,96,97}
## EC_MEMINFO    599    74            gs25r1b21     599     599 2090020    [No]    [No]     599      14  {98,99,100,101,102,103,104,105,106,107,108,109,110,111}
## EC_MEMINFO    600    75            gs25r1b22     600     600 4025314    [No]     Yes     600      14  {56,57,58,59,60,61,62,63,64,65,66,67,68,69}
## EC_MEMINFO    601    75            gs25r1b22     601     601 4025315    [No]    [No]     601      14  {70,71,72,73,74,75,76,77,78,79,80,81,82,83}
## EC_MEMINFO    602    75            gs25r1b22     602     602 4025316    [No]    [No]     602      14  {84,85,86,87,88,89,90,91,92,93,94,95,96,97}
## EC_MEMINFO    603    75            gs25r1b22     603     603 4025317    [No]    [No]     603      14  {98,99,100,101,102,103,104,105,106,107,108,109,110,111}
## EC_MEMINFO    604    75            gs25r1b22     604     604 4025318    [No]    [No]     604      14  {0,1,2,3,4,5,6,7,8,9,10,11,12,13}
## EC_MEMINFO    605    75            gs25r1b22     605     605 4025319    [No]    [No]     605      14  {14,15,16,17,18,19,20,21,22,23,24,25,26,27}
## EC_MEMINFO    606    75            gs25r1b22     606     606 4025320    [No]    [No]     606      14  {28,29,30,31,32,33,34,35,36,37,38,39,40,41}
## EC_MEMINFO    607    75            gs25r1b22     607     607 4025321    [No]    [No]     607      14  {42,43,44,45,46,47,48,49,50,51,52,53,54,55}
## EC_MEMINFO    608    76            gs25r1b23     608     608 1410199    [No]     Yes     608      14  {0,1,2,3,4,5,6,7,8,9,10,11,12,13}
## EC_MEMINFO    609    76            gs25r1b23     609     609 1410200    [No]    [No]     609      14  {14,15,16,17,18,19,20,21,22,23,24,25,26,27}
## EC_MEMINFO    610    76            gs25r1b23     610     610 1410201    [No]    [No]     610      14  {28,29,30,31,32,33,34,35,36,37,38,39,40,41}
## EC_MEMINFO    611    76            gs25r1b23     611     611 1410202    [No]    [No]     611      14  {42,43,44,45,46,47,48,49,50,51,52,53,54,55}
## EC_MEMINFO    612    76            gs25r1b23     612     612 1410203    [No]    [No]     612      14  {56,57,58,59,60,61,62,63,64,65,66,67,68,69}
## EC_MEMINFO    613    76            gs25r1b23     613     613 1410204    [No]    [No]     613      14  {70,71,72,73,74,75,76,77,78,79,80,81,82,83}
## EC_MEMINFO    614    76            gs25r1b23     614     614 1410205    [No]    [No]     614      14  {84,85,86,87,88,89,90,91,92,93,94,95,96,97}
## EC_MEMINFO    615    76            gs25r1b23     615     615 1410206    [No]    [No]     615      14  {98,99,100,101,102,103,104,105,106,107,108,109,110,111}
## EC_MEMINFO    616    77            gs25r1b24     616     616 2204356    [No]     Yes     616      14  {56,57,58,59,60,61,62,63,64,65,66,67,68,69}
## EC_MEMINFO    617    77            gs25r1b24     617     617 2204357    [No]    [No]     617      14  {70,71,72,73,74,75,76,77,78,79,80,81,82,83}
## EC_MEMINFO    618    77            gs25r1b24     618     618 2204358    [No]    [No]     618      14  {84,85,86,87,88,89,90,91,92,93,94,95,96,97}
## EC_MEMINFO    619    77            gs25r1b24     619     619 2204359    [No]    [No]     619      14  {98,99,100,101,102,103,104,105,106,107,108,109,110,111}
## EC_MEMINFO    620    77            gs25r1b24     620     620 2204360    [No]    [No]     620      14  {0,1,2,3,4,5,6,7,8,9,10,11,12,13}
## EC_MEMINFO    621    77            gs25r1b24     621     621 2204361    [No]    [No]     621      14  {14,15,16,17,18,19,20,21,22,23,24,25,26,27}
## EC_MEMINFO    622    77            gs25r1b24     622     622 2204362    [No]    [No]     622      14  {28,29,30,31,32,33,34,35,36,37,38,39,40,41}
## EC_MEMINFO    623    77            gs25r1b24     623     623 2204363    [No]    [No]     623      14  {42,43,44,45,46,47,48,49,50,51,52,53,54,55}
## EC_MEMINFO    624    78            gs25r1b25     624     624 1568041    [No]     Yes     624      14  {0,1,2,3,4,5,6,7,8,9,10,11,12,13}
## EC_MEMINFO    625    78            gs25r1b25     625     625 1568042    [No]    [No]     625      14  {14,15,16,17,18,19,20,21,22,23,24,25,26,27}
## EC_MEMINFO    626    78            gs25r1b25     626     626 1568043    [No]    [No]     626      14  {28,29,30,31,32,33,34,35,36,37,38,39,40,41}
## EC_MEMINFO    627    78            gs25r1b25     627     627 1568044    [No]    [No]     627      14  {42,43,44,45,46,47,48,49,50,51,52,53,54,55}
## EC_MEMINFO    628    78            gs25r1b25     628     628 1568045    [No]    [No]     628      14  {56,57,58,59,60,61,62,63,64,65,66,67,68,69}
## EC_MEMINFO    629    78            gs25r1b25     629     629 1568046    [No]    [No]     629      14  {70,71,72,73,74,75,76,77,78,79,80,81,82,83}
## EC_MEMINFO    630    78            gs25r1b25     630     630 1568047    [No]    [No]     630      14  {84,85,86,87,88,89,90,91,92,93,94,95,96,97}
## EC_MEMINFO    631    78            gs25r1b25     631     631 1568048    [No]    [No]     631      14  {98,99,100,101,102,103,104,105,106,107,108,109,110,111}
## EC_MEMINFO    632    79            gs25r1b26     632     632 2892915    [No]     Yes     632      14  {56,57,58,59,60,61,62,63,64,65,66,67,68,69}
## EC_MEMINFO    633    79            gs25r1b26     633     633 2892916    [No]    [No]     633      14  {70,71,72,73,74,75,76,77,78,79,80,81,82,83}
## EC_MEMINFO    634    79            gs25r1b26     634     634 2892917    [No]    [No]     634      14  {84,85,86,87,88,89,90,91,92,93,94,95,96,97}
## EC_MEMINFO    635    79            gs25r1b26     635     635 2892918    [No]    [No]     635      14  {98,99,100,101,102,103,104,105,106,107,108,109,110,111}
## EC_MEMINFO    636    79            gs25r1b26     636     636 2892919    [No]    [No]     636      14  {0,1,2,3,4,5,6,7,8,9,10,11,12,13}
## EC_MEMINFO    637    79            gs25r1b26     637     637 2892920    [No]    [No]     637      14  {14,15,16,17,18,19,20,21,22,23,24,25,26,27}
## EC_MEMINFO    638    79            gs25r1b26     638     638 2892921    [No]    [No]     638      14  {28,29,30,31,32,33,34,35,36,37,38,39,40,41}
## EC_MEMINFO    639    79            gs25r1b26     639     639 2892922    [No]    [No]     639      14  {42,43,44,45,46,47,48,49,50,51,52,53,54,55}
## EC_MEMINFO    640    80            gs25r1b27     640     640  143101    [No]     Yes     640      14  {0,1,2,3,4,5,6,7,8,9,10,11,12,13}
## EC_MEMINFO    641    80            gs25r1b27     641     641  143102    [No]    [No]     641      14  {14,15,16,17,18,19,20,21,22,23,24,25,26,27}
## EC_MEMINFO    642    80            gs25r1b27     642     642  143103    [No]    [No]     642      14  {28,29,30,31,32,33,34,35,36,37,38,39,40,41}
## EC_MEMINFO    643    80            gs25r1b27     643     643  143104    [No]    [No]     643      14  {42,43,44,45,46,47,48,49,50,51,52,53,54,55}
## EC_MEMINFO    644    80            gs25r1b27     644     644  143105    [No]    [No]     644      14  {56,57,58,59,60,61,62,63,64,65,66,67,68,69}
## EC_MEMINFO    645    80            gs25r1b27     645     645  143106    [No]    [No]     645      14  {70,71,72,73,74,75,76,77,78,79,80,81,82,83}
## EC_MEMINFO    646    80            gs25r1b27     646     646  143107    [No]    [No]     646      14  {84,85,86,87,88,89,90,91,92,93,94,95,96,97}
## EC_MEMINFO    647    80            gs25r1b27     647     647  143108    [No]    [No]     647      14  {98,99,100,101,102,103,104,105,106,107,108,109,110,111}
## EC_MEMINFO    648    81            gs25r1b28     648     648 2945434    [No]     Yes     648      14  {56,57,58,59,60,61,62,63,64,65,66,67,68,69}
## EC_MEMINFO    649    81            gs25r1b28     649     649 2945435    [No]    [No]     649      14  {70,71,72,73,74,75,76,77,78,79,80,81,82,83}
## EC_MEMINFO    650    81            gs25r1b28     650     650 2945436    [No]    [No]     650      14  {84,85,86,87,88,89,90,91,92,93,94,95,96,97}
## EC_MEMINFO    651    81            gs25r1b28     651     651 2945437    [No]    [No]     651      14  {98,99,100,101,102,103,104,105,106,107,108,109,110,111}
## EC_MEMINFO    652    81            gs25r1b28     652     652 2945438    [No]    [No]     652      14  {0,1,2,3,4,5,6,7,8,9,10,11,12,13}
## EC_MEMINFO    653    81            gs25r1b28     653     653 2945439    [No]    [No]     653      14  {14,15,16,17,18,19,20,21,22,23,24,25,26,27}
## EC_MEMINFO    654    81            gs25r1b28     654     654 2945440    [No]    [No]     654      14  {28,29,30,31,32,33,34,35,36,37,38,39,40,41}
## EC_MEMINFO    655    81            gs25r1b28     655     655 2945441    [No]    [No]     655      14  {42,43,44,45,46,47,48,49,50,51,52,53,54,55}
## EC_MEMINFO    656    82            gs25r1b29     656     656 2121191    [No]     Yes     656      14  {0,1,2,3,4,5,6,7,8,9,10,11,12,13}
## EC_MEMINFO    657    82            gs25r1b29     657     657 2121192    [No]    [No]     657      14  {14,15,16,17,18,19,20,21,22,23,24,25,26,27}
## EC_MEMINFO    658    82            gs25r1b29     658     658 2121193    [No]    [No]     658      14  {28,29,30,31,32,33,34,35,36,37,38,39,40,41}
## EC_MEMINFO    659    82            gs25r1b29     659     659 2121194    [No]    [No]     659      14  {42,43,44,45,46,47,48,49,50,51,52,53,54,55}
## EC_MEMINFO    660    82            gs25r1b29     660     660 2121195    [No]    [No]     660      14  {56,57,58,59,60,61,62,63,64,65,66,67,68,69}
## EC_MEMINFO    661    82            gs25r1b29     661     661 2121196    [No]    [No]     661      14  {70,71,72,73,74,75,76,77,78,79,80,81,82,83}
## EC_MEMINFO    662    82            gs25r1b29     662     662 2121197    [No]    [No]     662      14  {84,85,86,87,88,89,90,91,92,93,94,95,96,97}
## EC_MEMINFO    663    82            gs25r1b29     663     663 2121198    [No]    [No]     663      14  {98,99,100,101,102,103,104,105,106,107,108,109,110,111}
## EC_MEMINFO    664    83            gs25r1b30     664     664 3088608    [No]     Yes     664      14  {56,57,58,59,60,61,62,63,64,65,66,67,68,69}
## EC_MEMINFO    665    83            gs25r1b30     665     665 3088609    [No]    [No]     665      14  {70,71,72,73,74,75,76,77,78,79,80,81,82,83}
## EC_MEMINFO    666    83            gs25r1b30     666     666 3088610    [No]    [No]     666      14  {84,85,86,87,88,89,90,91,92,93,94,95,96,97}
## EC_MEMINFO    667    83            gs25r1b30     667     667 3088611    [No]    [No]     667      14  {98,99,100,101,102,103,104,105,106,107,108,109,110,111}
## EC_MEMINFO    668    83            gs25r1b30     668     668 3088612    [No]    [No]     668      14  {0,1,2,3,4,5,6,7,8,9,10,11,12,13}
## EC_MEMINFO    669    83            gs25r1b30     669     669 3088613    [No]    [No]     669      14  {14,15,16,17,18,19,20,21,22,23,24,25,26,27}
## EC_MEMINFO    670    83            gs25r1b30     670     670 3088614    [No]    [No]     670      14  {28,29,30,31,32,33,34,35,36,37,38,39,40,41}
## EC_MEMINFO    671    83            gs25r1b30     671     671 3088615    [No]    [No]     671      14  {42,43,44,45,46,47,48,49,50,51,52,53,54,55}
## EC_MEMINFO    672    84            gs25r1b31     672     672 3780847    [No]     Yes     672      14  {0,1,2,3,4,5,6,7,8,9,10,11,12,13}
## EC_MEMINFO    673    84            gs25r1b31     673     673 3780848    [No]    [No]     673      14  {14,15,16,17,18,19,20,21,22,23,24,25,26,27}
## EC_MEMINFO    674    84            gs25r1b31     674     674 3780849    [No]    [No]     674      14  {28,29,30,31,32,33,34,35,36,37,38,39,40,41}
## EC_MEMINFO    675    84            gs25r1b31     675     675 3780850    [No]    [No]     675      14  {42,43,44,45,46,47,48,49,50,51,52,53,54,55}
## EC_MEMINFO    676    84            gs25r1b31     676     676 3780851    [No]    [No]     676      14  {56,57,58,59,60,61,62,63,64,65,66,67,68,69}
## EC_MEMINFO    677    84            gs25r1b31     677     677 3780852    [No]    [No]     677      14  {70,71,72,73,74,75,76,77,78,79,80,81,82,83}
## EC_MEMINFO    678    84            gs25r1b31     678     678 3780853    [No]    [No]     678      14  {84,85,86,87,88,89,90,91,92,93,94,95,96,97}
## EC_MEMINFO    679    84            gs25r1b31     679     679 3780854    [No]    [No]     679      14  {98,99,100,101,102,103,104,105,106,107,108,109,110,111}
## EC_MEMINFO    680    85            gs25r1b32     680     680  928653    [No]     Yes     680      14  {56,57,58,59,60,61,62,63,64,65,66,67,68,69}
## EC_MEMINFO    681    85            gs25r1b32     681     681  928654    [No]    [No]     681      14  {70,71,72,73,74,75,76,77,78,79,80,81,82,83}
## EC_MEMINFO    682    85            gs25r1b32     682     682  928655    [No]    [No]     682      14  {84,85,86,87,88,89,90,91,92,93,94,95,96,97}
## EC_MEMINFO    683    85            gs25r1b32     683     683  928656    [No]    [No]     683      14  {98,99,100,101,102,103,104,105,106,107,108,109,110,111}
## EC_MEMINFO    684    85            gs25r1b32     684     684  928657    [No]    [No]     684      14  {0,1,2,3,4,5,6,7,8,9,10,11,12,13}
## EC_MEMINFO    685    85            gs25r1b32     685     685  928658    [No]    [No]     685      14  {14,15,16,17,18,19,20,21,22,23,24,25,26,27}
## EC_MEMINFO    686    85            gs25r1b32     686     686  928659    [No]    [No]     686      14  {28,29,30,31,32,33,34,35,36,37,38,39,40,41}
## EC_MEMINFO    687    85            gs25r1b32     687     687  928660    [No]    [No]     687      14  {42,43,44,45,46,47,48,49,50,51,52,53,54,55}
## EC_MEMINFO    688    86            gs25r1b33     688     688 2748882    [No]     Yes     688      14  {0,1,2,3,4,5,6,7,8,9,10,11,12,13}
## EC_MEMINFO    689    86            gs25r1b33     689     689 2748883    [No]    [No]     689      14  {14,15,16,17,18,19,20,21,22,23,24,25,26,27}
## EC_MEMINFO    690    86            gs25r1b33     690     690 2748884    [No]    [No]     690      14  {28,29,30,31,32,33,34,35,36,37,38,39,40,41}
## EC_MEMINFO    691    86            gs25r1b33     691     691 2748885    [No]    [No]     691      14  {42,43,44,45,46,47,48,49,50,51,52,53,54,55}
## EC_MEMINFO    692    86            gs25r1b33     692     692 2748886    [No]    [No]     692      14  {56,57,58,59,60,61,62,63,64,65,66,67,68,69}
## EC_MEMINFO    693    86            gs25r1b33     693     693 2748887    [No]    [No]     693      14  {70,71,72,73,74,75,76,77,78,79,80,81,82,83}
## EC_MEMINFO    694    86            gs25r1b33     694     694 2748888    [No]    [No]     694      14  {84,85,86,87,88,89,90,91,92,93,94,95,96,97}
## EC_MEMINFO    695    86            gs25r1b33     695     695 2748889    [No]    [No]     695      14  {98,99,100,101,102,103,104,105,106,107,108,109,110,111}
## EC_MEMINFO    696    87            gs25r1b34     696     696 2392775    [No]     Yes     696      14  {56,57,58,59,60,61,62,63,64,65,66,67,68,69}
## EC_MEMINFO    697    87            gs25r1b34     697     697 2392776    [No]    [No]     697      14  {70,71,72,73,74,75,76,77,78,79,80,81,82,83}
## EC_MEMINFO    698    87            gs25r1b34     698     698 2392777    [No]    [No]     698      14  {84,85,86,87,88,89,90,91,92,93,94,95,96,97}
## EC_MEMINFO    699    87            gs25r1b34     699     699 2392778    [No]    [No]     699      14  {98,99,100,101,102,103,104,105,106,107,108,109,110,111}
## EC_MEMINFO    700    87            gs25r1b34     700     700 2392779    [No]    [No]     700      14  {0,1,2,3,4,5,6,7,8,9,10,11,12,13}
## EC_MEMINFO    701    87            gs25r1b34     701     701 2392780    [No]    [No]     701      14  {14,15,16,17,18,19,20,21,22,23,24,25,26,27}
## EC_MEMINFO    702    87            gs25r1b34     702     702 2392781    [No]    [No]     702      14  {28,29,30,31,32,33,34,35,36,37,38,39,40,41}
## EC_MEMINFO    703    87            gs25r1b34     703     703 2392782    [No]    [No]     703      14  {42,43,44,45,46,47,48,49,50,51,52,53,54,55}
## EC_MEMINFO    704    88            gs25r1b35     704     704 3783755    [No]     Yes     704      14  {0,1,2,3,4,5,6,7,8,9,10,11,12,13}
## EC_MEMINFO    705    88            gs25r1b35     705     705 3783756    [No]    [No]     705      14  {14,15,16,17,18,19,20,21,22,23,24,25,26,27}
## EC_MEMINFO    706    88            gs25r1b35     706     706 3783757    [No]    [No]     706      14  {28,29,30,31,32,33,34,35,36,37,38,39,40,41}
## EC_MEMINFO    707    88            gs25r1b35     707     707 3783758    [No]    [No]     707      14  {42,43,44,45,46,47,48,49,50,51,52,53,54,55}
## EC_MEMINFO    708    88            gs25r1b35     708     708 3783759    [No]    [No]     708      14  {56,57,58,59,60,61,62,63,64,65,66,67,68,69}
## EC_MEMINFO    709    88            gs25r1b35     709     709 3783760    [No]    [No]     709      14  {70,71,72,73,74,75,76,77,78,79,80,81,82,83}
## EC_MEMINFO    710    88            gs25r1b35     710     710 3783761    [No]    [No]     710      14  {84,85,86,87,88,89,90,91,92,93,94,95,96,97}
## EC_MEMINFO    711    88            gs25r1b35     711     711 3783762    [No]    [No]     711      14  {98,99,100,101,102,103,104,105,106,107,108,109,110,111}
## EC_MEMINFO    712    89            gs25r1b36     712     712 1419752    [No]     Yes     712      14  {56,57,58,59,60,61,62,63,64,65,66,67,68,69}
## EC_MEMINFO    713    89            gs25r1b36     713     713 1419753    [No]    [No]     713      14  {70,71,72,73,74,75,76,77,78,79,80,81,82,83}
## EC_MEMINFO    714    89            gs25r1b36     714     714 1419754    [No]    [No]     714      14  {84,85,86,87,88,89,90,91,92,93,94,95,96,97}
## EC_MEMINFO    715    89            gs25r1b36     715     715 1419755    [No]    [No]     715      14  {98,99,100,101,102,103,104,105,106,107,108,109,110,111}
## EC_MEMINFO    716    89            gs25r1b36     716     716 1419756    [No]    [No]     716      14  {0,1,2,3,4,5,6,7,8,9,10,11,12,13}
## EC_MEMINFO    717    89            gs25r1b36     717     717 1419757    [No]    [No]     717      14  {14,15,16,17,18,19,20,21,22,23,24,25,26,27}
## EC_MEMINFO    718    89            gs25r1b36     718     718 1419758    [No]    [No]     718      14  {28,29,30,31,32,33,34,35,36,37,38,39,40,41}
## EC_MEMINFO    719    89            gs25r1b36     719     719 1419759    [No]    [No]     719      14  {42,43,44,45,46,47,48,49,50,51,52,53,54,55}
## EC_MEMINFO    720    90            gs25r1b37     720     720 2106869    [No]     Yes     720      14  {0,1,2,3,4,5,6,7,8,9,10,11,12,13}
## EC_MEMINFO    721    90            gs25r1b37     721     721 2106870    [No]    [No]     721      14  {14,15,16,17,18,19,20,21,22,23,24,25,26,27}
## EC_MEMINFO    722    90            gs25r1b37     722     722 2106871    [No]    [No]     722      14  {28,29,30,31,32,33,34,35,36,37,38,39,40,41}
## EC_MEMINFO    723    90            gs25r1b37     723     723 2106872    [No]    [No]     723      14  {42,43,44,45,46,47,48,49,50,51,52,53,54,55}
## EC_MEMINFO    724    90            gs25r1b37     724     724 2106873    [No]    [No]     724      14  {56,57,58,59,60,61,62,63,64,65,66,67,68,69}
## EC_MEMINFO    725    90            gs25r1b37     725     725 2106874    [No]    [No]     725      14  {70,71,72,73,74,75,76,77,78,79,80,81,82,83}
## EC_MEMINFO    726    90            gs25r1b37     726     726 2106875    [No]    [No]     726      14  {84,85,86,87,88,89,90,91,92,93,94,95,96,97}
## EC_MEMINFO    727    90            gs25r1b37     727     727 2106876    [No]    [No]     727      14  {98,99,100,101,102,103,104,105,106,107,108,109,110,111}
## EC_MEMINFO    728    91            gs25r1b38     728     728 3685276    [No]     Yes     728      14  {56,57,58,59,60,61,62,63,64,65,66,67,68,69}
## EC_MEMINFO    729    91            gs25r1b38     729     729 3685277    [No]    [No]     729      14  {70,71,72,73,74,75,76,77,78,79,80,81,82,83}
## EC_MEMINFO    730    91            gs25r1b38     730     730 3685278    [No]    [No]     730      14  {84,85,86,87,88,89,90,91,92,93,94,95,96,97}
## EC_MEMINFO    731    91            gs25r1b38     731     731 3685279    [No]    [No]     731      14  {98,99,100,101,102,103,104,105,106,107,108,109,110,111}
## EC_MEMINFO    732    91            gs25r1b38     732     732 3685280    [No]    [No]     732      14  {0,1,2,3,4,5,6,7,8,9,10,11,12,13}
## EC_MEMINFO    733    91            gs25r1b38     733     733 3685281    [No]    [No]     733      14  {14,15,16,17,18,19,20,21,22,23,24,25,26,27}
## EC_MEMINFO    734    91            gs25r1b38     734     734 3685282    [No]    [No]     734      14  {28,29,30,31,32,33,34,35,36,37,38,39,40,41}
## EC_MEMINFO    735    91            gs25r1b38     735     735 3685283    [No]    [No]     735      14  {42,43,44,45,46,47,48,49,50,51,52,53,54,55}
## EC_MEMINFO    736    92            gs25r1b39     736     736  447107    [No]     Yes     736      14  {0,1,2,3,4,5,6,7,8,9,10,11,12,13}
## EC_MEMINFO    737    92            gs25r1b39     737     737  447108    [No]    [No]     737      14  {14,15,16,17,18,19,20,21,22,23,24,25,26,27}
## EC_MEMINFO    738    92            gs25r1b39     738     738  447109    [No]    [No]     738      14  {28,29,30,31,32,33,34,35,36,37,38,39,40,41}
## EC_MEMINFO    739    92            gs25r1b39     739     739  447110    [No]    [No]     739      14  {42,43,44,45,46,47,48,49,50,51,52,53,54,55}
## EC_MEMINFO    740    92            gs25r1b39     740     740  447111    [No]    [No]     740      14  {56,57,58,59,60,61,62,63,64,65,66,67,68,69}
## EC_MEMINFO    741    92            gs25r1b39     741     741  447112    [No]    [No]     741      14  {70,71,72,73,74,75,76,77,78,79,80,81,82,83}
## EC_MEMINFO    742    92            gs25r1b39     742     742  447113    [No]    [No]     742      14  {84,85,86,87,88,89,90,91,92,93,94,95,96,97}
## EC_MEMINFO    743    92            gs25r1b39     743     743  447114    [No]    [No]     743      14  {98,99,100,101,102,103,104,105,106,107,108,109,110,111}
## EC_MEMINFO    744    93            gs25r1b40     744     744 3179378    [No]     Yes     744      14  {56,57,58,59,60,61,62,63,64,65,66,67,68,69}
## EC_MEMINFO    745    93            gs25r1b40     745     745 3179379    [No]    [No]     745      14  {70,71,72,73,74,75,76,77,78,79,80,81,82,83}
## EC_MEMINFO    746    93            gs25r1b40     746     746 3179380    [No]    [No]     746      14  {84,85,86,87,88,89,90,91,92,93,94,95,96,97}
## EC_MEMINFO    747    93            gs25r1b40     747     747 3179381    [No]    [No]     747      14  {98,99,100,101,102,103,104,105,106,107,108,109,110,111}
## EC_MEMINFO    748    93            gs25r1b40     748     748 3179382    [No]    [No]     748      14  {0,1,2,3,4,5,6,7,8,9,10,11,12,13}
## EC_MEMINFO    749    93            gs25r1b40     749     749 3179383    [No]    [No]     749      14  {14,15,16,17,18,19,20,21,22,23,24,25,26,27}
## EC_MEMINFO    750    93            gs25r1b40     750     750 3179384    [No]    [No]     750      14  {28,29,30,31,32,33,34,35,36,37,38,39,40,41}
## EC_MEMINFO    751    93            gs25r1b40     751     751 3179385    [No]    [No]     751      14  {42,43,44,45,46,47,48,49,50,51,52,53,54,55}
## EC_MEMINFO    752    94            gs25r1b41     752     752 2480138    [No]     Yes     752      14  {0,1,2,3,4,5,6,7,8,9,10,11,12,13}
## EC_MEMINFO    753    94            gs25r1b41     753     753 2480139    [No]    [No]     753      14  {14,15,16,17,18,19,20,21,22,23,24,25,26,27}
## EC_MEMINFO    754    94            gs25r1b41     754     754 2480140    [No]    [No]     754      14  {28,29,30,31,32,33,34,35,36,37,38,39,40,41}
## EC_MEMINFO    755    94            gs25r1b41     755     755 2480141    [No]    [No]     755      14  {42,43,44,45,46,47,48,49,50,51,52,53,54,55}
## EC_MEMINFO    756    94            gs25r1b41     756     756 2480142    [No]    [No]     756      14  {56,57,58,59,60,61,62,63,64,65,66,67,68,69}
## EC_MEMINFO    757    94            gs25r1b41     757     757 2480143    [No]    [No]     757      14  {70,71,72,73,74,75,76,77,78,79,80,81,82,83}
## EC_MEMINFO    758    94            gs25r1b41     758     758 2480144    [No]    [No]     758      14  {84,85,86,87,88,89,90,91,92,93,94,95,96,97}
## EC_MEMINFO    759    94            gs25r1b41     759     759 2480145    [No]    [No]     759      14  {98,99,100,101,102,103,104,105,106,107,108,109,110,111}
## EC_MEMINFO    760    95            gs25r1b42     760     760 3032254    [No]     Yes     760      14  {56,57,58,59,60,61,62,63,64,65,66,67,68,69}
## EC_MEMINFO    761    95            gs25r1b42     761     761 3032255    [No]    [No]     761      14  {70,71,72,73,74,75,76,77,78,79,80,81,82,83}
## EC_MEMINFO    762    95            gs25r1b42     762     762 3032256    [No]    [No]     762      14  {84,85,86,87,88,89,90,91,92,93,94,95,96,97}
## EC_MEMINFO    763    95            gs25r1b42     763     763 3032257    [No]    [No]     763      14  {98,99,100,101,102,103,104,105,106,107,108,109,110,111}
## EC_MEMINFO    764    95            gs25r1b42     764     764 3032258    [No]    [No]     764      14  {0,1,2,3,4,5,6,7,8,9,10,11,12,13}
## EC_MEMINFO    765    95            gs25r1b42     765     765 3032259    [No]    [No]     765      14  {14,15,16,17,18,19,20,21,22,23,24,25,26,27}
## EC_MEMINFO    766    95            gs25r1b42     766     766 3032260    [No]    [No]     766      14  {28,29,30,31,32,33,34,35,36,37,38,39,40,41}
## EC_MEMINFO    767    95            gs25r1b42     767     767 3032261    [No]    [No]     767      14  {42,43,44,45,46,47,48,49,50,51,52,53,54,55}
## EC_MEMINFO    768    96            gs25r1b43     768     768 1461229    [No]     Yes     768      14  {0,1,2,3,4,5,6,7,8,9,10,11,12,13}
## EC_MEMINFO    769    96            gs25r1b43     769     769 1461230    [No]    [No]     769      14  {14,15,16,17,18,19,20,21,22,23,24,25,26,27}
## EC_MEMINFO    770    96            gs25r1b43     770     770 1461231    [No]    [No]     770      14  {28,29,30,31,32,33,34,35,36,37,38,39,40,41}
## EC_MEMINFO    771    96            gs25r1b43     771     771 1461232    [No]    [No]     771      14  {42,43,44,45,46,47,48,49,50,51,52,53,54,55}
## EC_MEMINFO    772    96            gs25r1b43     772     772 1461233    [No]    [No]     772      14  {56,57,58,59,60,61,62,63,64,65,66,67,68,69}
## EC_MEMINFO    773    96            gs25r1b43     773     773 1461234    [No]    [No]     773      14  {70,71,72,73,74,75,76,77,78,79,80,81,82,83}
## EC_MEMINFO    774    96            gs25r1b43     774     774 1461235    [No]    [No]     774      14  {84,85,86,87,88,89,90,91,92,93,94,95,96,97}
## EC_MEMINFO    775    96            gs25r1b43     775     775 1461236    [No]    [No]     775      14  {98,99,100,101,102,103,104,105,106,107,108,109,110,111}
## EC_MEMINFO    776    97            gs25r1b44     776     776  539678    [No]     Yes     776      14  {56,57,58,59,60,61,62,63,64,65,66,67,68,69}
## EC_MEMINFO    777    97            gs25r1b44     777     777  539679    [No]    [No]     777      14  {70,71,72,73,74,75,76,77,78,79,80,81,82,83}
## EC_MEMINFO    778    97            gs25r1b44     778     778  539680    [No]    [No]     778      14  {84,85,86,87,88,89,90,91,92,93,94,95,96,97}
## EC_MEMINFO    779    97            gs25r1b44     779     779  539681    [No]    [No]     779      14  {98,99,100,101,102,103,104,105,106,107,108,109,110,111}
## EC_MEMINFO    780    97            gs25r1b44     780     780  539682    [No]    [No]     780      14  {0,1,2,3,4,5,6,7,8,9,10,11,12,13}
## EC_MEMINFO    781    97            gs25r1b44     781     781  539683    [No]    [No]     781      14  {14,15,16,17,18,19,20,21,22,23,24,25,26,27}
## EC_MEMINFO    782    97            gs25r1b44     782     782  539684    [No]    [No]     782      14  {28,29,30,31,32,33,34,35,36,37,38,39,40,41}
## EC_MEMINFO    783    97            gs25r1b44     783     783  539685    [No]    [No]     783      14  {42,43,44,45,46,47,48,49,50,51,52,53,54,55}
## EC_MEMINFO    784    98            gs25r1b45     784     784 1739823    [No]     Yes     784      14  {0,1,2,3,4,5,6,7,8,9,10,11,12,13}
## EC_MEMINFO    785    98            gs25r1b45     785     785 1739824    [No]    [No]     785      14  {14,15,16,17,18,19,20,21,22,23,24,25,26,27}
## EC_MEMINFO    786    98            gs25r1b45     786     786 1739825    [No]    [No]     786      14  {28,29,30,31,32,33,34,35,36,37,38,39,40,41}
## EC_MEMINFO    787    98            gs25r1b45     787     787 1739826    [No]    [No]     787      14  {42,43,44,45,46,47,48,49,50,51,52,53,54,55}
## EC_MEMINFO    788    98            gs25r1b45     788     788 1739827    [No]    [No]     788      14  {56,57,58,59,60,61,62,63,64,65,66,67,68,69}
## EC_MEMINFO    789    98            gs25r1b45     789     789 1739828    [No]    [No]     789      14  {70,71,72,73,74,75,76,77,78,79,80,81,82,83}
## EC_MEMINFO    790    98            gs25r1b45     790     790 1739829    [No]    [No]     790      14  {84,85,86,87,88,89,90,91,92,93,94,95,96,97}
## EC_MEMINFO    791    98            gs25r1b45     791     791 1739830    [No]    [No]     791      14  {98,99,100,101,102,103,104,105,106,107,108,109,110,111}
## EC_MEMINFO    792    99            gs25r1b46     792     792  567010    [No]     Yes     792      14  {56,57,58,59,60,61,62,63,64,65,66,67,68,69}
## EC_MEMINFO    793    99            gs25r1b46     793     793  567011    [No]    [No]     793      14  {70,71,72,73,74,75,76,77,78,79,80,81,82,83}
## EC_MEMINFO    794    99            gs25r1b46     794     794  567012    [No]    [No]     794      14  {84,85,86,87,88,89,90,91,92,93,94,95,96,97}
## EC_MEMINFO    795    99            gs25r1b46     795     795  567013    [No]    [No]     795      14  {98,99,100,101,102,103,104,105,106,107,108,109,110,111}
## EC_MEMINFO    796    99            gs25r1b46     796     796  567014    [No]    [No]     796      14  {0,1,2,3,4,5,6,7,8,9,10,11,12,13}
## EC_MEMINFO    797    99            gs25r1b46     797     797  567015    [No]    [No]     797      14  {14,15,16,17,18,19,20,21,22,23,24,25,26,27}
## EC_MEMINFO    798    99            gs25r1b46     798     798  567016    [No]    [No]     798      14  {28,29,30,31,32,33,34,35,36,37,38,39,40,41}
## EC_MEMINFO    799    99            gs25r1b46     799     799  567017    [No]    [No]     799      14  {42,43,44,45,46,47,48,49,50,51,52,53,54,55}
## EC_MEMINFO    800   100            gs25r1b48     800     800 2106017    [No]     Yes     800      14  {56,57,58,59,60,61,62,63,64,65,66,67,68,69}
## EC_MEMINFO    801   100            gs25r1b48     801     801 2106018    [No]    [No]     801      14  {70,71,72,73,74,75,76,77,78,79,80,81,82,83}
## EC_MEMINFO    802   100            gs25r1b48     802     802 2106019    [No]    [No]     802      14  {84,85,86,87,88,89,90,91,92,93,94,95,96,97}
## EC_MEMINFO    803   100            gs25r1b48     803     803 2106020    [No]    [No]     803      14  {98,99,100,101,102,103,104,105,106,107,108,109,110,111}
## EC_MEMINFO    804   100            gs25r1b48     804     804 2106021    [No]    [No]     804      14  {0,1,2,3,4,5,6,7,8,9,10,11,12,13}
## EC_MEMINFO    805   100            gs25r1b48     805     805 2106022    [No]    [No]     805      14  {14,15,16,17,18,19,20,21,22,23,24,25,26,27}
## EC_MEMINFO    806   100            gs25r1b48     806     806 2106023    [No]    [No]     806      14  {28,29,30,31,32,33,34,35,36,37,38,39,40,41}
## EC_MEMINFO    807   100            gs25r1b48     807     807 2106024    [No]    [No]     807      14  {42,43,44,45,46,47,48,49,50,51,52,53,54,55}
## EC_MEMINFO    808   101            gs25r1b49     808     808  364046    [No]     Yes     808      14  {0,1,2,3,4,5,6,7,8,9,10,11,12,13}
## EC_MEMINFO    809   101            gs25r1b49     809     809  364047    [No]    [No]     809      14  {14,15,16,17,18,19,20,21,22,23,24,25,26,27}
## EC_MEMINFO    810   101            gs25r1b49     810     810  364048    [No]    [No]     810      14  {28,29,30,31,32,33,34,35,36,37,38,39,40,41}
## EC_MEMINFO    811   101            gs25r1b49     811     811  364049    [No]    [No]     811      14  {42,43,44,45,46,47,48,49,50,51,52,53,54,55}
## EC_MEMINFO    812   101            gs25r1b49     812     812  364050    [No]    [No]     812      14  {56,57,58,59,60,61,62,63,64,65,66,67,68,69}
## EC_MEMINFO    813   101            gs25r1b49     813     813  364051    [No]    [No]     813      14  {70,71,72,73,74,75,76,77,78,79,80,81,82,83}
## EC_MEMINFO    814   101            gs25r1b49     814     814  364052    [No]    [No]     814      14  {84,85,86,87,88,89,90,91,92,93,94,95,96,97}
## EC_MEMINFO    815   101            gs25r1b49     815     815  364053    [No]    [No]     815      14  {98,99,100,101,102,103,104,105,106,107,108,109,110,111}
## EC_MEMINFO    816   102            gs25r1b50     816     816  634038    [No]     Yes     816      14  {56,57,58,59,60,61,62,63,64,65,66,67,68,69}
## EC_MEMINFO    817   102            gs25r1b50     817     817  634039    [No]    [No]     817      14  {70,71,72,73,74,75,76,77,78,79,80,81,82,83}
## EC_MEMINFO    818   102            gs25r1b50     818     818  634040    [No]    [No]     818      14  {84,85,86,87,88,89,90,91,92,93,94,95,96,97}
## EC_MEMINFO    819   102            gs25r1b50     819     819  634041    [No]    [No]     819      14  {98,99,100,101,102,103,104,105,106,107,108,109,110,111}
## EC_MEMINFO    820   102            gs25r1b50     820     820  634042    [No]    [No]     820      14  {0,1,2,3,4,5,6,7,8,9,10,11,12,13}
## EC_MEMINFO    821   102            gs25r1b50     821     821  634043    [No]    [No]     821      14  {14,15,16,17,18,19,20,21,22,23,24,25,26,27}
## EC_MEMINFO    822   102            gs25r1b50     822     822  634044    [No]    [No]     822      14  {28,29,30,31,32,33,34,35,36,37,38,39,40,41}
## EC_MEMINFO    823   102            gs25r1b50     823     823  634045    [No]    [No]     823      14  {42,43,44,45,46,47,48,49,50,51,52,53,54,55}
## EC_MEMINFO    824   103            gs25r1b51     824     824 1993064    [No]     Yes     824      14  {0,1,2,3,4,5,6,7,8,9,10,11,12,13}
## EC_MEMINFO    825   103            gs25r1b51     825     825 1993065    [No]    [No]     825      14  {14,15,16,17,18,19,20,21,22,23,24,25,26,27}
## EC_MEMINFO    826   103            gs25r1b51     826     826 1993066    [No]    [No]     826      14  {28,29,30,31,32,33,34,35,36,37,38,39,40,41}
## EC_MEMINFO    827   103            gs25r1b51     827     827 1993067    [No]    [No]     827      14  {42,43,44,45,46,47,48,49,50,51,52,53,54,55}
## EC_MEMINFO    828   103            gs25r1b51     828     828 1993068    [No]    [No]     828      14  {56,57,58,59,60,61,62,63,64,65,66,67,68,69}
## EC_MEMINFO    829   103            gs25r1b51     829     829 1993069    [No]    [No]     829      14  {70,71,72,73,74,75,76,77,78,79,80,81,82,83}
## EC_MEMINFO    830   103            gs25r1b51     830     830 1993070    [No]    [No]     830      14  {84,85,86,87,88,89,90,91,92,93,94,95,96,97}
## EC_MEMINFO    831   103            gs25r1b51     831     831 1993071    [No]    [No]     831      14  {98,99,100,101,102,103,104,105,106,107,108,109,110,111}
## EC_MEMINFO    832   104            gs25r1b52     832     832   20186    [No]     Yes     832      14  {56,57,58,59,60,61,62,63,64,65,66,67,68,69}
## EC_MEMINFO    833   104            gs25r1b52     833     833   20187    [No]    [No]     833      14  {70,71,72,73,74,75,76,77,78,79,80,81,82,83}
## EC_MEMINFO    834   104            gs25r1b52     834     834   20188    [No]    [No]     834      14  {84,85,86,87,88,89,90,91,92,93,94,95,96,97}
## EC_MEMINFO    835   104            gs25r1b52     835     835   20189    [No]    [No]     835      14  {98,99,100,101,102,103,104,105,106,107,108,109,110,111}
## EC_MEMINFO    836   104            gs25r1b52     836     836   20190    [No]    [No]     836      14  {0,1,2,3,4,5,6,7,8,9,10,11,12,13}
## EC_MEMINFO    837   104            gs25r1b52     837     837   20191    [No]    [No]     837      14  {14,15,16,17,18,19,20,21,22,23,24,25,26,27}
## EC_MEMINFO    838   104            gs25r1b52     838     838   20192    [No]    [No]     838      14  {28,29,30,31,32,33,34,35,36,37,38,39,40,41}
## EC_MEMINFO    839   104            gs25r1b52     839     839   20193    [No]    [No]     839      14  {42,43,44,45,46,47,48,49,50,51,52,53,54,55}
## EC_MEMINFO    840   105            gs25r1b53     840     840 1445729    [No]     Yes     840      14  {0,1,2,3,4,5,6,7,8,9,10,11,12,13}
## EC_MEMINFO    841   105            gs25r1b53     841     841 1445730    [No]    [No]     841      14  {14,15,16,17,18,19,20,21,22,23,24,25,26,27}
## EC_MEMINFO    842   105            gs25r1b53     842     842 1445731    [No]    [No]     842      14  {28,29,30,31,32,33,34,35,36,37,38,39,40,41}
## EC_MEMINFO    843   105            gs25r1b53     843     843 1445732    [No]    [No]     843      14  {42,43,44,45,46,47,48,49,50,51,52,53,54,55}
## EC_MEMINFO    844   105            gs25r1b53     844     844 1445733    [No]    [No]     844      14  {56,57,58,59,60,61,62,63,64,65,66,67,68,69}
## EC_MEMINFO    845   105            gs25r1b53     845     845 1445734    [No]    [No]     845      14  {70,71,72,73,74,75,76,77,78,79,80,81,82,83}
## EC_MEMINFO    846   105            gs25r1b53     846     846 1445735    [No]    [No]     846      14  {84,85,86,87,88,89,90,91,92,93,94,95,96,97}
## EC_MEMINFO    847   105            gs25r1b53     847     847 1445736    [No]    [No]     847      14  {98,99,100,101,102,103,104,105,106,107,108,109,110,111}
## EC_MEMINFO    848   106            gs25r1b54     848     848 1294592    [No]     Yes     848      14  {56,57,58,59,60,61,62,63,64,65,66,67,68,69}
## EC_MEMINFO    849   106            gs25r1b54     849     849 1294593    [No]    [No]     849      14  {70,71,72,73,74,75,76,77,78,79,80,81,82,83}
## EC_MEMINFO    850   106            gs25r1b54     850     850 1294594    [No]    [No]     850      14  {84,85,86,87,88,89,90,91,92,93,94,95,96,97}
## EC_MEMINFO    851   106            gs25r1b54     851     851 1294595    [No]    [No]     851      14  {98,99,100,101,102,103,104,105,106,107,108,109,110,111}
## EC_MEMINFO    852   106            gs25r1b54     852     852 1294596    [No]    [No]     852      14  {0,1,2,3,4,5,6,7,8,9,10,11,12,13}
## EC_MEMINFO    853   106            gs25r1b54     853     853 1294597    [No]    [No]     853      14  {14,15,16,17,18,19,20,21,22,23,24,25,26,27}
## EC_MEMINFO    854   106            gs25r1b54     854     854 1294598    [No]    [No]     854      14  {28,29,30,31,32,33,34,35,36,37,38,39,40,41}
## EC_MEMINFO    855   106            gs25r1b54     855     855 1294599    [No]    [No]     855      14  {42,43,44,45,46,47,48,49,50,51,52,53,54,55}
## EC_MEMINFO    856   107            gs25r1b55     856     856 3698787    [No]     Yes     856      14  {0,1,2,3,4,5,6,7,8,9,10,11,12,13}
## EC_MEMINFO    857   107            gs25r1b55     857     857 3698788    [No]    [No]     857      14  {14,15,16,17,18,19,20,21,22,23,24,25,26,27}
## EC_MEMINFO    858   107            gs25r1b55     858     858 3698789    [No]    [No]     858      14  {28,29,30,31,32,33,34,35,36,37,38,39,40,41}
## EC_MEMINFO    859   107            gs25r1b55     859     859 3698790    [No]    [No]     859      14  {42,43,44,45,46,47,48,49,50,51,52,53,54,55}
## EC_MEMINFO    860   107            gs25r1b55     860     860 3698791    [No]    [No]     860      14  {56,57,58,59,60,61,62,63,64,65,66,67,68,69}
## EC_MEMINFO    861   107            gs25r1b55     861     861 3698792    [No]    [No]     861      14  {70,71,72,73,74,75,76,77,78,79,80,81,82,83}
## EC_MEMINFO    862   107            gs25r1b55     862     862 3698793    [No]    [No]     862      14  {84,85,86,87,88,89,90,91,92,93,94,95,96,97}
## EC_MEMINFO    863   107            gs25r1b55     863     863 3698794    [No]    [No]     863      14  {98,99,100,101,102,103,104,105,106,107,108,109,110,111}
## EC_MEMINFO    864   108            gs25r1b56     864     864 1280222    [No]     Yes     864      14  {56,57,58,59,60,61,62,63,64,65,66,67,68,69}
## EC_MEMINFO    865   108            gs25r1b56     865     865 1280223    [No]    [No]     865      14  {70,71,72,73,74,75,76,77,78,79,80,81,82,83}
## EC_MEMINFO    866   108            gs25r1b56     866     866 1280224    [No]    [No]     866      14  {84,85,86,87,88,89,90,91,92,93,94,95,96,97}
## EC_MEMINFO    867   108            gs25r1b56     867     867 1280225    [No]    [No]     867      14  {98,99,100,101,102,103,104,105,106,107,108,109,110,111}
## EC_MEMINFO    868   108            gs25r1b56     868     868 1280226    [No]    [No]     868      14  {0,1,2,3,4,5,6,7,8,9,10,11,12,13}
## EC_MEMINFO    869   108            gs25r1b56     869     869 1280227    [No]    [No]     869      14  {14,15,16,17,18,19,20,21,22,23,24,25,26,27}
## EC_MEMINFO    870   108            gs25r1b56     870     870 1280228    [No]    [No]     870      14  {28,29,30,31,32,33,34,35,36,37,38,39,40,41}
## EC_MEMINFO    871   108            gs25r1b56     871     871 1280229    [No]    [No]     871      14  {42,43,44,45,46,47,48,49,50,51,52,53,54,55}
## EC_MEMINFO    872   109            gs25r1b57     872     872   73587    [No]     Yes     872      14  {0,1,2,3,4,5,6,7,8,9,10,11,12,13}
## EC_MEMINFO    873   109            gs25r1b57     873     873   73588    [No]    [No]     873      14  {14,15,16,17,18,19,20,21,22,23,24,25,26,27}
## EC_MEMINFO    874   109            gs25r1b57     874     874   73589    [No]    [No]     874      14  {28,29,30,31,32,33,34,35,36,37,38,39,40,41}
## EC_MEMINFO    875   109            gs25r1b57     875     875   73590    [No]    [No]     875      14  {42,43,44,45,46,47,48,49,50,51,52,53,54,55}
## EC_MEMINFO    876   109            gs25r1b57     876     876   73591    [No]    [No]     876      14  {56,57,58,59,60,61,62,63,64,65,66,67,68,69}
## EC_MEMINFO    877   109            gs25r1b57     877     877   73592    [No]    [No]     877      14  {70,71,72,73,74,75,76,77,78,79,80,81,82,83}
## EC_MEMINFO    878   109            gs25r1b57     878     878   73593    [No]    [No]     878      14  {84,85,86,87,88,89,90,91,92,93,94,95,96,97}
## EC_MEMINFO    879   109            gs25r1b57     879     879   73594    [No]    [No]     879      14  {98,99,100,101,102,103,104,105,106,107,108,109,110,111}
## EC_MEMINFO    880   110            gs25r1b58     880     880  984157    [No]     Yes     880      14  {56,57,58,59,60,61,62,63,64,65,66,67,68,69}
## EC_MEMINFO    881   110            gs25r1b58     881     881  984158    [No]    [No]     881      14  {70,71,72,73,74,75,76,77,78,79,80,81,82,83}
## EC_MEMINFO    882   110            gs25r1b58     882     882  984159    [No]    [No]     882      14  {84,85,86,87,88,89,90,91,92,93,94,95,96,97}
## EC_MEMINFO    883   110            gs25r1b58     883     883  984160    [No]    [No]     883      14  {98,99,100,101,102,103,104,105,106,107,108,109,110,111}
## EC_MEMINFO    884   110            gs25r1b58     884     884  984161    [No]    [No]     884      14  {0,1,2,3,4,5,6,7,8,9,10,11,12,13}
## EC_MEMINFO    885   110            gs25r1b58     885     885  984162    [No]    [No]     885      14  {14,15,16,17,18,19,20,21,22,23,24,25,26,27}
## EC_MEMINFO    886   110            gs25r1b58     886     886  984163    [No]    [No]     886      14  {28,29,30,31,32,33,34,35,36,37,38,39,40,41}
## EC_MEMINFO    887   110            gs25r1b58     887     887  984164    [No]    [No]     887      14  {42,43,44,45,46,47,48,49,50,51,52,53,54,55}
## EC_MEMINFO    888   111            gs25r1b66     888     888 1660556    [No]     Yes     888      14  {56,57,58,59,60,61,62,63,64,65,66,67,68,69}
## EC_MEMINFO    889   111            gs25r1b66     889     889 1660557    [No]    [No]     889      14  {70,71,72,73,74,75,76,77,78,79,80,81,82,83}
## EC_MEMINFO    890   111            gs25r1b66     890     890 1660558    [No]    [No]     890      14  {84,85,86,87,88,89,90,91,92,93,94,95,96,97}
## EC_MEMINFO    891   111            gs25r1b66     891     891 1660559    [No]    [No]     891      14  {98,99,100,101,102,103,104,105,106,107,108,109,110,111}
## EC_MEMINFO    892   111            gs25r1b66     892     892 1660560    [No]    [No]     892      14  {0,1,2,3,4,5,6,7,8,9,10,11,12,13}
## EC_MEMINFO    893   111            gs25r1b66     893     893 1660561    [No]    [No]     893      14  {14,15,16,17,18,19,20,21,22,23,24,25,26,27}
## EC_MEMINFO    894   111            gs25r1b66     894     894 1660562    [No]    [No]     894      14  {28,29,30,31,32,33,34,35,36,37,38,39,40,41}
## EC_MEMINFO    895   111            gs25r1b66     895     895 1660563    [No]    [No]     895      14  {42,43,44,45,46,47,48,49,50,51,52,53,54,55}
## EC_MEMINFO    896   112            gs28r2b01     896     896 2744853    [No]     Yes     896      14  {0,1,2,3,4,5,6,7,8,9,10,11,12,13}
## EC_MEMINFO    897   112            gs28r2b01     897     897 2744854    [No]    [No]     897      14  {14,15,16,17,18,19,20,21,22,23,24,25,26,27}
## EC_MEMINFO    898   112            gs28r2b01     898     898 2744855    [No]    [No]     898      14  {28,29,30,31,32,33,34,35,36,37,38,39,40,41}
## EC_MEMINFO    899   112            gs28r2b01     899     899 2744856    [No]    [No]     899      14  {42,43,44,45,46,47,48,49,50,51,52,53,54,55}
## EC_MEMINFO    900   112            gs28r2b01     900     900 2744857    [No]    [No]     900      14  {56,57,58,59,60,61,62,63,64,65,66,67,68,69}
## EC_MEMINFO    901   112            gs28r2b01     901     901 2744858    [No]    [No]     901      14  {70,71,72,73,74,75,76,77,78,79,80,81,82,83}
## EC_MEMINFO    902   112            gs28r2b01     902     902 2744859    [No]    [No]     902      14  {84,85,86,87,88,89,90,91,92,93,94,95,96,97}
## EC_MEMINFO    903   112            gs28r2b01     903     903 2744860    [No]    [No]     903      14  {98,99,100,101,102,103,104,105,106,107,108,109,110,111}
## EC_MEMINFO    904   113            gs28r2b03     904     904 2943620    [No]     Yes     904      14  {0,1,2,3,4,5,6,7,8,9,10,11,12,13}
## EC_MEMINFO    905   113            gs28r2b03     905     905 2943621    [No]    [No]     905      14  {14,15,16,17,18,19,20,21,22,23,24,25,26,27}
## EC_MEMINFO    906   113            gs28r2b03     906     906 2943622    [No]    [No]     906      14  {28,29,30,31,32,33,34,35,36,37,38,39,40,41}
## EC_MEMINFO    907   113            gs28r2b03     907     907 2943623    [No]    [No]     907      14  {42,43,44,45,46,47,48,49,50,51,52,53,54,55}
## EC_MEMINFO    908   113            gs28r2b03     908     908 2943624    [No]    [No]     908      14  {56,57,58,59,60,61,62,63,64,65,66,67,68,69}
## EC_MEMINFO    909   113            gs28r2b03     909     909 2943625    [No]    [No]     909      14  {70,71,72,73,74,75,76,77,78,79,80,81,82,83}
## EC_MEMINFO    910   113            gs28r2b03     910     910 2943626    [No]    [No]     910      14  {84,85,86,87,88,89,90,91,92,93,94,95,96,97}
## EC_MEMINFO    911   113            gs28r2b03     911     911 2943627    [No]    [No]     911      14  {98,99,100,101,102,103,104,105,106,107,108,109,110,111}
## EC_MEMINFO    912   114            gs28r2b04     912     912 2536898    [No]     Yes     912      14  {56,57,58,59,60,61,62,63,64,65,66,67,68,69}
## EC_MEMINFO    913   114            gs28r2b04     913     913 2536899    [No]    [No]     913      14  {70,71,72,73,74,75,76,77,78,79,80,81,82,83}
## EC_MEMINFO    914   114            gs28r2b04     914     914 2536900    [No]    [No]     914      14  {84,85,86,87,88,89,90,91,92,93,94,95,96,97}
## EC_MEMINFO    915   114            gs28r2b04     915     915 2536901    [No]    [No]     915      14  {98,99,100,101,102,103,104,105,106,107,108,109,110,111}
## EC_MEMINFO    916   114            gs28r2b04     916     916 2536902    [No]    [No]     916      14  {0,1,2,3,4,5,6,7,8,9,10,11,12,13}
## EC_MEMINFO    917   114            gs28r2b04     917     917 2536903    [No]    [No]     917      14  {14,15,16,17,18,19,20,21,22,23,24,25,26,27}
## EC_MEMINFO    918   114            gs28r2b04     918     918 2536904    [No]    [No]     918      14  {28,29,30,31,32,33,34,35,36,37,38,39,40,41}
## EC_MEMINFO    919   114            gs28r2b04     919     919 2536905    [No]    [No]     919      14  {42,43,44,45,46,47,48,49,50,51,52,53,54,55}
## EC_MEMINFO    920   115            gs28r2b05     920     920  634908    [No]     Yes     920      14  {0,1,2,3,4,5,6,7,8,9,10,11,12,13}
## EC_MEMINFO    921   115            gs28r2b05     921     921  634909    [No]    [No]     921      14  {14,15,16,17,18,19,20,21,22,23,24,25,26,27}
## EC_MEMINFO    922   115            gs28r2b05     922     922  634910    [No]    [No]     922      14  {28,29,30,31,32,33,34,35,36,37,38,39,40,41}
## EC_MEMINFO    923   115            gs28r2b05     923     923  634911    [No]    [No]     923      14  {42,43,44,45,46,47,48,49,50,51,52,53,54,55}
## EC_MEMINFO    924   115            gs28r2b05     924     924  634912    [No]    [No]     924      14  {56,57,58,59,60,61,62,63,64,65,66,67,68,69}
## EC_MEMINFO    925   115            gs28r2b05     925     925  634913    [No]    [No]     925      14  {70,71,72,73,74,75,76,77,78,79,80,81,82,83}
## EC_MEMINFO    926   115            gs28r2b05     926     926  634914    [No]    [No]     926      14  {84,85,86,87,88,89,90,91,92,93,94,95,96,97}
## EC_MEMINFO    927   115            gs28r2b05     927     927  634915    [No]    [No]     927      14  {98,99,100,101,102,103,104,105,106,107,108,109,110,111}
## EC_MEMINFO    928   116            gs28r2b06     928     928 3634063    [No]     Yes     928      14  {56,57,58,59,60,61,62,63,64,65,66,67,68,69}
## EC_MEMINFO    929   116            gs28r2b06     929     929 3634064    [No]    [No]     929      14  {70,71,72,73,74,75,76,77,78,79,80,81,82,83}
## EC_MEMINFO    930   116            gs28r2b06     930     930 3634065    [No]    [No]     930      14  {84,85,86,87,88,89,90,91,92,93,94,95,96,97}
## EC_MEMINFO    931   116            gs28r2b06     931     931 3634066    [No]    [No]     931      14  {98,99,100,101,102,103,104,105,106,107,108,109,110,111}
## EC_MEMINFO    932   116            gs28r2b06     932     932 3634067    [No]    [No]     932      14  {0,1,2,3,4,5,6,7,8,9,10,11,12,13}
## EC_MEMINFO    933   116            gs28r2b06     933     933 3634068    [No]    [No]     933      14  {14,15,16,17,18,19,20,21,22,23,24,25,26,27}
## EC_MEMINFO    934   116            gs28r2b06     934     934 3634069    [No]    [No]     934      14  {28,29,30,31,32,33,34,35,36,37,38,39,40,41}
## EC_MEMINFO    935   116            gs28r2b06     935     935 3634070    [No]    [No]     935      14  {42,43,44,45,46,47,48,49,50,51,52,53,54,55}
## EC_MEMINFO    936   117            gs28r2b07     936     936 1103245    [No]     Yes     936      14  {0,1,2,3,4,5,6,7,8,9,10,11,12,13}
## EC_MEMINFO    937   117            gs28r2b07     937     937 1103246    [No]    [No]     937      14  {14,15,16,17,18,19,20,21,22,23,24,25,26,27}
## EC_MEMINFO    938   117            gs28r2b07     938     938 1103247    [No]    [No]     938      14  {28,29,30,31,32,33,34,35,36,37,38,39,40,41}
## EC_MEMINFO    939   117            gs28r2b07     939     939 1103248    [No]    [No]     939      14  {42,43,44,45,46,47,48,49,50,51,52,53,54,55}
## EC_MEMINFO    940   117            gs28r2b07     940     940 1103249    [No]    [No]     940      14  {56,57,58,59,60,61,62,63,64,65,66,67,68,69}
## EC_MEMINFO    941   117            gs28r2b07     941     941 1103250    [No]    [No]     941      14  {70,71,72,73,74,75,76,77,78,79,80,81,82,83}
## EC_MEMINFO    942   117            gs28r2b07     942     942 1103251    [No]    [No]     942      14  {84,85,86,87,88,89,90,91,92,93,94,95,96,97}
## EC_MEMINFO    943   117            gs28r2b07     943     943 1103252    [No]    [No]     943      14  {98,99,100,101,102,103,104,105,106,107,108,109,110,111}
## EC_MEMINFO    944   118            gs28r2b33     944     944 1622176    [No]     Yes     944      14  {0,1,2,3,4,5,6,7,8,9,10,11,12,13}
## EC_MEMINFO    945   118            gs28r2b33     945     945 1622177    [No]    [No]     945      14  {14,15,16,17,18,19,20,21,22,23,24,25,26,27}
## EC_MEMINFO    946   118            gs28r2b33     946     946 1622178    [No]    [No]     946      14  {28,29,30,31,32,33,34,35,36,37,38,39,40,41}
## EC_MEMINFO    947   118            gs28r2b33     947     947 1622179    [No]    [No]     947      14  {42,43,44,45,46,47,48,49,50,51,52,53,54,55}
## EC_MEMINFO    948   118            gs28r2b33     948     948 1622180    [No]    [No]     948      14  {56,57,58,59,60,61,62,63,64,65,66,67,68,69}
## EC_MEMINFO    949   118            gs28r2b33     949     949 1622181    [No]    [No]     949      14  {70,71,72,73,74,75,76,77,78,79,80,81,82,83}
## EC_MEMINFO    950   118            gs28r2b33     950     950 1622182    [No]    [No]     950      14  {84,85,86,87,88,89,90,91,92,93,94,95,96,97}
## EC_MEMINFO    951   118            gs28r2b33     951     951 1622183    [No]    [No]     951      14  {98,99,100,101,102,103,104,105,106,107,108,109,110,111}
## EC_MEMINFO    952   119            gs28r2b34     952     952  683536    [No]     Yes     952      14  {56,57,58,59,60,61,62,63,64,65,66,67,68,69}
## EC_MEMINFO    953   119            gs28r2b34     953     953  683537    [No]    [No]     953      14  {70,71,72,73,74,75,76,77,78,79,80,81,82,83}
## EC_MEMINFO    954   119            gs28r2b34     954     954  683538    [No]    [No]     954      14  {84,85,86,87,88,89,90,91,92,93,94,95,96,97}
## EC_MEMINFO    955   119            gs28r2b34     955     955  683539    [No]    [No]     955      14  {98,99,100,101,102,103,104,105,106,107,108,109,110,111}
## EC_MEMINFO    956   119            gs28r2b34     956     956  683540    [No]    [No]     956      14  {0,1,2,3,4,5,6,7,8,9,10,11,12,13}
## EC_MEMINFO    957   119            gs28r2b34     957     957  683541    [No]    [No]     957      14  {14,15,16,17,18,19,20,21,22,23,24,25,26,27}
## EC_MEMINFO    958   119            gs28r2b34     958     958  683542    [No]    [No]     958      14  {28,29,30,31,32,33,34,35,36,37,38,39,40,41}
## EC_MEMINFO    959   119            gs28r2b34     959     959  683543    [No]    [No]     959      14  {42,43,44,45,46,47,48,49,50,51,52,53,54,55}
## EC_MEMINFO    960   120            gs28r2b35     960     960 2249276    [No]     Yes     960      14  {0,1,2,3,4,5,6,7,8,9,10,11,12,13}
## EC_MEMINFO    961   120            gs28r2b35     961     961 2249277    [No]    [No]     961      14  {14,15,16,17,18,19,20,21,22,23,24,25,26,27}
## EC_MEMINFO    962   120            gs28r2b35     962     962 2249278    [No]    [No]     962      14  {28,29,30,31,32,33,34,35,36,37,38,39,40,41}
## EC_MEMINFO    963   120            gs28r2b35     963     963 2249279    [No]    [No]     963      14  {42,43,44,45,46,47,48,49,50,51,52,53,54,55}
## EC_MEMINFO    964   120            gs28r2b35     964     964 2249280    [No]    [No]     964      14  {56,57,58,59,60,61,62,63,64,65,66,67,68,69}
## EC_MEMINFO    965   120            gs28r2b35     965     965 2249281    [No]    [No]     965      14  {70,71,72,73,74,75,76,77,78,79,80,81,82,83}
## EC_MEMINFO    966   120            gs28r2b35     966     966 2249282    [No]    [No]     966      14  {84,85,86,87,88,89,90,91,92,93,94,95,96,97}
## EC_MEMINFO    967   120            gs28r2b35     967     967 2249283    [No]    [No]     967      14  {98,99,100,101,102,103,104,105,106,107,108,109,110,111}
## EC_MEMINFO    968   121            gs28r2b36     968     968 1352552    [No]     Yes     968      14  {56,57,58,59,60,61,62,63,64,65,66,67,68,69}
## EC_MEMINFO    969   121            gs28r2b36     969     969 1352553    [No]    [No]     969      14  {70,71,72,73,74,75,76,77,78,79,80,81,82,83}
## EC_MEMINFO    970   121            gs28r2b36     970     970 1352554    [No]    [No]     970      14  {84,85,86,87,88,89,90,91,92,93,94,95,96,97}
## EC_MEMINFO    971   121            gs28r2b36     971     971 1352555    [No]    [No]     971      14  {98,99,100,101,102,103,104,105,106,107,108,109,110,111}
## EC_MEMINFO    972   121            gs28r2b36     972     972 1352556    [No]    [No]     972      14  {0,1,2,3,4,5,6,7,8,9,10,11,12,13}
## EC_MEMINFO    973   121            gs28r2b36     973     973 1352557    [No]    [No]     973      14  {14,15,16,17,18,19,20,21,22,23,24,25,26,27}
## EC_MEMINFO    974   121            gs28r2b36     974     974 1352558    [No]    [No]     974      14  {28,29,30,31,32,33,34,35,36,37,38,39,40,41}
## EC_MEMINFO    975   121            gs28r2b36     975     975 1352559    [No]    [No]     975      14  {42,43,44,45,46,47,48,49,50,51,52,53,54,55}
## EC_MEMINFO    976   122            gs28r2b37     976     976 3787910    [No]     Yes     976      14  {0,1,2,3,4,5,6,7,8,9,10,11,12,13}
## EC_MEMINFO    977   122            gs28r2b37     977     977 3787911    [No]    [No]     977      14  {14,15,16,17,18,19,20,21,22,23,24,25,26,27}
## EC_MEMINFO    978   122            gs28r2b37     978     978 3787912    [No]    [No]     978      14  {28,29,30,31,32,33,34,35,36,37,38,39,40,41}
## EC_MEMINFO    979   122            gs28r2b37     979     979 3787913    [No]    [No]     979      14  {42,43,44,45,46,47,48,49,50,51,52,53,54,55}
## EC_MEMINFO    980   122            gs28r2b37     980     980 3787914    [No]    [No]     980      14  {56,57,58,59,60,61,62,63,64,65,66,67,68,69}
## EC_MEMINFO    981   122            gs28r2b37     981     981 3787915    [No]    [No]     981      14  {70,71,72,73,74,75,76,77,78,79,80,81,82,83}
## EC_MEMINFO    982   122            gs28r2b37     982     982 3787916    [No]    [No]     982      14  {84,85,86,87,88,89,90,91,92,93,94,95,96,97}
## EC_MEMINFO    983   122            gs28r2b37     983     983 3787917    [No]    [No]     983      14  {98,99,100,101,102,103,104,105,106,107,108,109,110,111}
## EC_MEMINFO    984   123            gs28r2b38     984     984 1785686    [No]     Yes     984      14  {56,57,58,59,60,61,62,63,64,65,66,67,68,69}
## EC_MEMINFO    985   123            gs28r2b38     985     985 1785687    [No]    [No]     985      14  {70,71,72,73,74,75,76,77,78,79,80,81,82,83}
## EC_MEMINFO    986   123            gs28r2b38     986     986 1785688    [No]    [No]     986      14  {84,85,86,87,88,89,90,91,92,93,94,95,96,97}
## EC_MEMINFO    987   123            gs28r2b38     987     987 1785689    [No]    [No]     987      14  {98,99,100,101,102,103,104,105,106,107,108,109,110,111}
## EC_MEMINFO    988   123            gs28r2b38     988     988 1785690    [No]    [No]     988      14  {0,1,2,3,4,5,6,7,8,9,10,11,12,13}
## EC_MEMINFO    989   123            gs28r2b38     989     989 1785691    [No]    [No]     989      14  {14,15,16,17,18,19,20,21,22,23,24,25,26,27}
## EC_MEMINFO    990   123            gs28r2b38     990     990 1785692    [No]    [No]     990      14  {28,29,30,31,32,33,34,35,36,37,38,39,40,41}
## EC_MEMINFO    991   123            gs28r2b38     991     991 1785693    [No]    [No]     991      14  {42,43,44,45,46,47,48,49,50,51,52,53,54,55}
## EC_MEMINFO    992   124            gs28r2b39     992     992 3424867    [No]     Yes     992      14  {0,1,2,3,4,5,6,7,8,9,10,11,12,13}
## EC_MEMINFO    993   124            gs28r2b39     993     993 3424868    [No]    [No]     993      14  {14,15,16,17,18,19,20,21,22,23,24,25,26,27}
## EC_MEMINFO    994   124            gs28r2b39     994     994 3424869    [No]    [No]     994      14  {28,29,30,31,32,33,34,35,36,37,38,39,40,41}
## EC_MEMINFO    995   124            gs28r2b39     995     995 3424870    [No]    [No]     995      14  {42,43,44,45,46,47,48,49,50,51,52,53,54,55}
## EC_MEMINFO    996   124            gs28r2b39     996     996 3424871    [No]    [No]     996      14  {56,57,58,59,60,61,62,63,64,65,66,67,68,69}
## EC_MEMINFO    997   124            gs28r2b39     997     997 3424872    [No]    [No]     997      14  {70,71,72,73,74,75,76,77,78,79,80,81,82,83}
## EC_MEMINFO    998   124            gs28r2b39     998     998 3424873    [No]    [No]     998      14  {84,85,86,87,88,89,90,91,92,93,94,95,96,97}
## EC_MEMINFO    999   124            gs28r2b39     999     999 3424874    [No]    [No]     999      14  {98,99,100,101,102,103,104,105,106,107,108,109,110,111}
## EC_MEMINFO   1000   125            gs28r2b40    1000    1000 3090319    [No]     Yes    1000      14  {56,57,58,59,60,61,62,63,64,65,66,67,68,69}
## EC_MEMINFO   1001   125            gs28r2b40    1001    1001 3090320    [No]    [No]    1001      14  {70,71,72,73,74,75,76,77,78,79,80,81,82,83}
## EC_MEMINFO   1002   125            gs28r2b40    1002    1002 3090321    [No]    [No]    1002      14  {84,85,86,87,88,89,90,91,92,93,94,95,96,97}
## EC_MEMINFO   1003   125            gs28r2b40    1003    1003 3090322    [No]    [No]    1003      14  {98,99,100,101,102,103,104,105,106,107,108,109,110,111}
## EC_MEMINFO   1004   125            gs28r2b40    1004    1004 3090323    [No]    [No]    1004      14  {0,1,2,3,4,5,6,7,8,9,10,11,12,13}
## EC_MEMINFO   1005   125            gs28r2b40    1005    1005 3090324    [No]    [No]    1005      14  {14,15,16,17,18,19,20,21,22,23,24,25,26,27}
## EC_MEMINFO   1006   125            gs28r2b40    1006    1006 3090325    [No]    [No]    1006      14  {28,29,30,31,32,33,34,35,36,37,38,39,40,41}
## EC_MEMINFO   1007   125            gs28r2b40    1007    1007 3090326    [No]    [No]    1007      14  {42,43,44,45,46,47,48,49,50,51,52,53,54,55}
## EC_MEMINFO   1008   126            gs28r2b41    1008    1008 3311567    [No]     Yes    1008      14  {0,1,2,3,4,5,6,7,8,9,10,11,12,13}
## EC_MEMINFO   1009   126            gs28r2b41    1009    1009 3311568    [No]    [No]    1009      14  {14,15,16,17,18,19,20,21,22,23,24,25,26,27}
## EC_MEMINFO   1010   126            gs28r2b41    1010    1010 3311569    [No]    [No]    1010      14  {28,29,30,31,32,33,34,35,36,37,38,39,40,41}
## EC_MEMINFO   1011   126            gs28r2b41    1011    1011 3311570    [No]    [No]    1011      14  {42,43,44,45,46,47,48,49,50,51,52,53,54,55}
## EC_MEMINFO   1012   126            gs28r2b41    1012    1012 3311571    [No]    [No]    1012      14  {56,57,58,59,60,61,62,63,64,65,66,67,68,69}
## EC_MEMINFO   1013   126            gs28r2b41    1013    1013 3311572    [No]    [No]    1013      14  {70,71,72,73,74,75,76,77,78,79,80,81,82,83}
## EC_MEMINFO   1014   126            gs28r2b41    1014    1014 3311573    [No]    [No]    1014      14  {84,85,86,87,88,89,90,91,92,93,94,95,96,97}
## EC_MEMINFO   1015   126            gs28r2b41    1015    1015 3311574    [No]    [No]    1015      14  {98,99,100,101,102,103,104,105,106,107,108,109,110,111}
## EC_MEMINFO   1016   127            gs28r2b42    1016    1016 3646728    [No]     Yes    1016      14  {56,57,58,59,60,61,62,63,64,65,66,67,68,69}
## EC_MEMINFO   1017   127            gs28r2b42    1017    1017 3646729    [No]    [No]    1017      14  {70,71,72,73,74,75,76,77,78,79,80,81,82,83}
## EC_MEMINFO   1018   127            gs28r2b42    1018    1018 3646730    [No]    [No]    1018      14  {84,85,86,87,88,89,90,91,92,93,94,95,96,97}
## EC_MEMINFO   1019   127            gs28r2b42    1019    1019 3646731    [No]    [No]    1019      14  {98,99,100,101,102,103,104,105,106,107,108,109,110,111}
## EC_MEMINFO   1020   127            gs28r2b42    1020    1020 3646732    [No]    [No]    1020      14  {0,1,2,3,4,5,6,7,8,9,10,11,12,13}
## EC_MEMINFO   1021   127            gs28r2b42    1021    1021 3646733    [No]    [No]    1021      14  {14,15,16,17,18,19,20,21,22,23,24,25,26,27}
## EC_MEMINFO   1022   127            gs28r2b42    1022    1022 3646734    [No]    [No]    1022      14  {28,29,30,31,32,33,34,35,36,37,38,39,40,41}
## EC_MEMINFO   1023   127            gs28r2b42    1023    1023 3646735    [No]    [No]    1023      14  {42,43,44,45,46,47,48,49,50,51,52,53,54,55}
## EC_MEMINFO   1024   128            gs28r2b43    1024    1024 2991227    [No]     Yes    1024      14  {0,1,2,3,4,5,6,7,8,9,10,11,12,13}
## EC_MEMINFO   1025   128            gs28r2b43    1025    1025 2991228    [No]    [No]    1025      14  {14,15,16,17,18,19,20,21,22,23,24,25,26,27}
## EC_MEMINFO   1026   128            gs28r2b43    1026    1026 2991229    [No]    [No]    1026      14  {28,29,30,31,32,33,34,35,36,37,38,39,40,41}
## EC_MEMINFO   1027   128            gs28r2b43    1027    1027 2991230    [No]    [No]    1027      14  {42,43,44,45,46,47,48,49,50,51,52,53,54,55}
## EC_MEMINFO   1028   128            gs28r2b43    1028    1028 2991231    [No]    [No]    1028      14  {56,57,58,59,60,61,62,63,64,65,66,67,68,69}
## EC_MEMINFO   1029   128            gs28r2b43    1029    1029 2991232    [No]    [No]    1029      14  {70,71,72,73,74,75,76,77,78,79,80,81,82,83}
## EC_MEMINFO   1030   128            gs28r2b43    1030    1030 2991233    [No]    [No]    1030      14  {84,85,86,87,88,89,90,91,92,93,94,95,96,97}
## EC_MEMINFO   1031   128            gs28r2b43    1031    1031 2991234    [No]    [No]    1031      14  {98,99,100,101,102,103,104,105,106,107,108,109,110,111}
## EC_MEMINFO   1032   129            gs28r2b44    1032    1032 3959797    [No]     Yes    1032      14  {56,57,58,59,60,61,62,63,64,65,66,67,68,69}
## EC_MEMINFO   1033   129            gs28r2b44    1033    1033 3959798    [No]    [No]    1033      14  {70,71,72,73,74,75,76,77,78,79,80,81,82,83}
## EC_MEMINFO   1034   129            gs28r2b44    1034    1034 3959799    [No]    [No]    1034      14  {84,85,86,87,88,89,90,91,92,93,94,95,96,97}
## EC_MEMINFO   1035   129            gs28r2b44    1035    1035 3959800    [No]    [No]    1035      14  {98,99,100,101,102,103,104,105,106,107,108,109,110,111}
## EC_MEMINFO   1036   129            gs28r2b44    1036    1036 3959801    [No]    [No]    1036      14  {0,1,2,3,4,5,6,7,8,9,10,11,12,13}
## EC_MEMINFO   1037   129            gs28r2b44    1037    1037 3959802    [No]    [No]    1037      14  {14,15,16,17,18,19,20,21,22,23,24,25,26,27}
## EC_MEMINFO   1038   129            gs28r2b44    1038    1038 3959803    [No]    [No]    1038      14  {28,29,30,31,32,33,34,35,36,37,38,39,40,41}
## EC_MEMINFO   1039   129            gs28r2b44    1039    1039 3959804    [No]    [No]    1039      14  {42,43,44,45,46,47,48,49,50,51,52,53,54,55}
## EC_MEMINFO   1040   130            gs28r2b45    1040    1040  440168    [No]     Yes    1040      14  {0,1,2,3,4,5,6,7,8,9,10,11,12,13}
## EC_MEMINFO   1041   130            gs28r2b45    1041    1041  440169    [No]    [No]    1041      14  {14,15,16,17,18,19,20,21,22,23,24,25,26,27}
## EC_MEMINFO   1042   130            gs28r2b45    1042    1042  440170    [No]    [No]    1042      14  {28,29,30,31,32,33,34,35,36,37,38,39,40,41}
## EC_MEMINFO   1043   130            gs28r2b45    1043    1043  440171    [No]    [No]    1043      14  {42,43,44,45,46,47,48,49,50,51,52,53,54,55}
## EC_MEMINFO   1044   130            gs28r2b45    1044    1044  440172    [No]    [No]    1044      14  {56,57,58,59,60,61,62,63,64,65,66,67,68,69}
## EC_MEMINFO   1045   130            gs28r2b45    1045    1045  440173    [No]    [No]    1045      14  {70,71,72,73,74,75,76,77,78,79,80,81,82,83}
## EC_MEMINFO   1046   130            gs28r2b45    1046    1046  440174    [No]    [No]    1046      14  {84,85,86,87,88,89,90,91,92,93,94,95,96,97}
## EC_MEMINFO   1047   130            gs28r2b45    1047    1047  440175    [No]    [No]    1047      14  {98,99,100,101,102,103,104,105,106,107,108,109,110,111}
## EC_MEMINFO   1048   131            gs28r2b46    1048    1048 2021142    [No]     Yes    1048      14  {56,57,58,59,60,61,62,63,64,65,66,67,68,69}
## EC_MEMINFO   1049   131            gs28r2b46    1049    1049 2021143    [No]    [No]    1049      14  {70,71,72,73,74,75,76,77,78,79,80,81,82,83}
## EC_MEMINFO   1050   131            gs28r2b46    1050    1050 2021144    [No]    [No]    1050      14  {84,85,86,87,88,89,90,91,92,93,94,95,96,97}
## EC_MEMINFO   1051   131            gs28r2b46    1051    1051 2021145    [No]    [No]    1051      14  {98,99,100,101,102,103,104,105,106,107,108,109,110,111}
## EC_MEMINFO   1052   131            gs28r2b46    1052    1052 2021146    [No]    [No]    1052      14  {0,1,2,3,4,5,6,7,8,9,10,11,12,13}
## EC_MEMINFO   1053   131            gs28r2b46    1053    1053 2021147    [No]    [No]    1053      14  {14,15,16,17,18,19,20,21,22,23,24,25,26,27}
## EC_MEMINFO   1054   131            gs28r2b46    1054    1054 2021148    [No]    [No]    1054      14  {28,29,30,31,32,33,34,35,36,37,38,39,40,41}
## EC_MEMINFO   1055   131            gs28r2b46    1055    1055 2021149    [No]    [No]    1055      14  {42,43,44,45,46,47,48,49,50,51,52,53,54,55}
## EC_MEMINFO   1056   132            gs28r2b47    1056    1056  324816    [No]     Yes    1056      14  {0,1,2,3,4,5,6,7,8,9,10,11,12,13}
## EC_MEMINFO   1057   132            gs28r2b47    1057    1057  324817    [No]    [No]    1057      14  {14,15,16,17,18,19,20,21,22,23,24,25,26,27}
## EC_MEMINFO   1058   132            gs28r2b47    1058    1058  324818    [No]    [No]    1058      14  {28,29,30,31,32,33,34,35,36,37,38,39,40,41}
## EC_MEMINFO   1059   132            gs28r2b47    1059    1059  324819    [No]    [No]    1059      14  {42,43,44,45,46,47,48,49,50,51,52,53,54,55}
## EC_MEMINFO   1060   132            gs28r2b47    1060    1060  324820    [No]    [No]    1060      14  {56,57,58,59,60,61,62,63,64,65,66,67,68,69}
## EC_MEMINFO   1061   132            gs28r2b47    1061    1061  324821    [No]    [No]    1061      14  {70,71,72,73,74,75,76,77,78,79,80,81,82,83}
## EC_MEMINFO   1062   132            gs28r2b47    1062    1062  324822    [No]    [No]    1062      14  {84,85,86,87,88,89,90,91,92,93,94,95,96,97}
## EC_MEMINFO   1063   132            gs28r2b47    1063    1063  324823    [No]    [No]    1063      14  {98,99,100,101,102,103,104,105,106,107,108,109,110,111}
## EC_MEMINFO   1064   133            gs28r2b48    1064    1064 2041120    [No]     Yes    1064      14  {56,57,58,59,60,61,62,63,64,65,66,67,68,69}
## EC_MEMINFO   1065   133            gs28r2b48    1065    1065 2041121    [No]    [No]    1065      14  {70,71,72,73,74,75,76,77,78,79,80,81,82,83}
## EC_MEMINFO   1066   133            gs28r2b48    1066    1066 2041122    [No]    [No]    1066      14  {84,85,86,87,88,89,90,91,92,93,94,95,96,97}
## EC_MEMINFO   1067   133            gs28r2b48    1067    1067 2041123    [No]    [No]    1067      14  {98,99,100,101,102,103,104,105,106,107,108,109,110,111}
## EC_MEMINFO   1068   133            gs28r2b48    1068    1068 2041124    [No]    [No]    1068      14  {0,1,2,3,4,5,6,7,8,9,10,11,12,13}
## EC_MEMINFO   1069   133            gs28r2b48    1069    1069 2041125    [No]    [No]    1069      14  {14,15,16,17,18,19,20,21,22,23,24,25,26,27}
## EC_MEMINFO   1070   133            gs28r2b48    1070    1070 2041126    [No]    [No]    1070      14  {28,29,30,31,32,33,34,35,36,37,38,39,40,41}
## EC_MEMINFO   1071   133            gs28r2b48    1071    1071 2041127    [No]    [No]    1071      14  {42,43,44,45,46,47,48,49,50,51,52,53,54,55}
## EC_MEMINFO   1072   134            gs28r2b49    1072    1072 3821615    [No]     Yes    1072      14  {0,1,2,3,4,5,6,7,8,9,10,11,12,13}
## EC_MEMINFO   1073   134            gs28r2b49    1073    1073 3821616    [No]    [No]    1073      14  {14,15,16,17,18,19,20,21,22,23,24,25,26,27}
## EC_MEMINFO   1074   134            gs28r2b49    1074    1074 3821617    [No]    [No]    1074      14  {28,29,30,31,32,33,34,35,36,37,38,39,40,41}
## EC_MEMINFO   1075   134            gs28r2b49    1075    1075 3821618    [No]    [No]    1075      14  {42,43,44,45,46,47,48,49,50,51,52,53,54,55}
## EC_MEMINFO   1076   134            gs28r2b49    1076    1076 3821619    [No]    [No]    1076      14  {56,57,58,59,60,61,62,63,64,65,66,67,68,69}
## EC_MEMINFO   1077   134            gs28r2b49    1077    1077 3821620    [No]    [No]    1077      14  {70,71,72,73,74,75,76,77,78,79,80,81,82,83}
## EC_MEMINFO   1078   134            gs28r2b49    1078    1078 3821621    [No]    [No]    1078      14  {84,85,86,87,88,89,90,91,92,93,94,95,96,97}
## EC_MEMINFO   1079   134            gs28r2b49    1079    1079 3821622    [No]    [No]    1079      14  {98,99,100,101,102,103,104,105,106,107,108,109,110,111}
## EC_MEMINFO   1080   135            gs28r2b50    1080    1080  444126    [No]     Yes    1080      14  {56,57,58,59,60,61,62,63,64,65,66,67,68,69}
## EC_MEMINFO   1081   135            gs28r2b50    1081    1081  444127    [No]    [No]    1081      14  {70,71,72,73,74,75,76,77,78,79,80,81,82,83}
## EC_MEMINFO   1082   135            gs28r2b50    1082    1082  444128    [No]    [No]    1082      14  {84,85,86,87,88,89,90,91,92,93,94,95,96,97}
## EC_MEMINFO   1083   135            gs28r2b50    1083    1083  444129    [No]    [No]    1083      14  {98,99,100,101,102,103,104,105,106,107,108,109,110,111}
## EC_MEMINFO   1084   135            gs28r2b50    1084    1084  444130    [No]    [No]    1084      14  {0,1,2,3,4,5,6,7,8,9,10,11,12,13}
## EC_MEMINFO   1085   135            gs28r2b50    1085    1085  444131    [No]    [No]    1085      14  {14,15,16,17,18,19,20,21,22,23,24,25,26,27}
## EC_MEMINFO   1086   135            gs28r2b50    1086    1086  444132    [No]    [No]    1086      14  {28,29,30,31,32,33,34,35,36,37,38,39,40,41}
## EC_MEMINFO   1087   135            gs28r2b50    1087    1087  444133    [No]    [No]    1087      14  {42,43,44,45,46,47,48,49,50,51,52,53,54,55}
## EC_MEMINFO   1088   136            gs28r2b51    1088    1088  651182    [No]     Yes    1088      14  {0,1,2,3,4,5,6,7,8,9,10,11,12,13}
## EC_MEMINFO   1089   136            gs28r2b51    1089    1089  651183    [No]    [No]    1089      14  {14,15,16,17,18,19,20,21,22,23,24,25,26,27}
## EC_MEMINFO   1090   136            gs28r2b51    1090    1090  651184    [No]    [No]    1090      14  {28,29,30,31,32,33,34,35,36,37,38,39,40,41}
## EC_MEMINFO   1091   136            gs28r2b51    1091    1091  651185    [No]    [No]    1091      14  {42,43,44,45,46,47,48,49,50,51,52,53,54,55}
## EC_MEMINFO   1092   136            gs28r2b51    1092    1092  651186    [No]    [No]    1092      14  {56,57,58,59,60,61,62,63,64,65,66,67,68,69}
## EC_MEMINFO   1093   136            gs28r2b51    1093    1093  651187    [No]    [No]    1093      14  {70,71,72,73,74,75,76,77,78,79,80,81,82,83}
## EC_MEMINFO   1094   136            gs28r2b51    1094    1094  651188    [No]    [No]    1094      14  {84,85,86,87,88,89,90,91,92,93,94,95,96,97}
## EC_MEMINFO   1095   136            gs28r2b51    1095    1095  651189    [No]    [No]    1095      14  {98,99,100,101,102,103,104,105,106,107,108,109,110,111}
## EC_MEMINFO   1096   137            gs28r2b52    1096    1096 3413048    [No]     Yes    1096      14  {56,57,58,59,60,61,62,63,64,65,66,67,68,69}
## EC_MEMINFO   1097   137            gs28r2b52    1097    1097 3413049    [No]    [No]    1097      14  {70,71,72,73,74,75,76,77,78,79,80,81,82,83}
## EC_MEMINFO   1098   137            gs28r2b52    1098    1098 3413050    [No]    [No]    1098      14  {84,85,86,87,88,89,90,91,92,93,94,95,96,97}
## EC_MEMINFO   1099   137            gs28r2b52    1099    1099 3413051    [No]    [No]    1099      14  {98,99,100,101,102,103,104,105,106,107,108,109,110,111}
## EC_MEMINFO   1100   137            gs28r2b52    1100    1100 3413052    [No]    [No]    1100      14  {0,1,2,3,4,5,6,7,8,9,10,11,12,13}
## EC_MEMINFO   1101   137            gs28r2b52    1101    1101 3413053    [No]    [No]    1101      14  {14,15,16,17,18,19,20,21,22,23,24,25,26,27}
## EC_MEMINFO   1102   137            gs28r2b52    1102    1102 3413054    [No]    [No]    1102      14  {28,29,30,31,32,33,34,35,36,37,38,39,40,41}
## EC_MEMINFO   1103   137            gs28r2b52    1103    1103 3413055    [No]    [No]    1103      14  {42,43,44,45,46,47,48,49,50,51,52,53,54,55}
## EC_MEMINFO   1104   138            gs28r2b53    1104    1104 2552295    [No]     Yes    1104      14  {0,1,2,3,4,5,6,7,8,9,10,11,12,13}
## EC_MEMINFO   1105   138            gs28r2b53    1105    1105 2552296    [No]    [No]    1105      14  {14,15,16,17,18,19,20,21,22,23,24,25,26,27}
## EC_MEMINFO   1106   138            gs28r2b53    1106    1106 2552297    [No]    [No]    1106      14  {28,29,30,31,32,33,34,35,36,37,38,39,40,41}
## EC_MEMINFO   1107   138            gs28r2b53    1107    1107 2552298    [No]    [No]    1107      14  {42,43,44,45,46,47,48,49,50,51,52,53,54,55}
## EC_MEMINFO   1108   138            gs28r2b53    1108    1108 2552299    [No]    [No]    1108      14  {56,57,58,59,60,61,62,63,64,65,66,67,68,69}
## EC_MEMINFO   1109   138            gs28r2b53    1109    1109 2552300    [No]    [No]    1109      14  {70,71,72,73,74,75,76,77,78,79,80,81,82,83}
## EC_MEMINFO   1110   138            gs28r2b53    1110    1110 2552301    [No]    [No]    1110      14  {84,85,86,87,88,89,90,91,92,93,94,95,96,97}
## EC_MEMINFO   1111   138            gs28r2b53    1111    1111 2552302    [No]    [No]    1111      14  {98,99,100,101,102,103,104,105,106,107,108,109,110,111}
## EC_MEMINFO   1112   139            gs28r2b54    1112    1112  944358    [No]     Yes    1112      14  {56,57,58,59,60,61,62,63,64,65,66,67,68,69}
## EC_MEMINFO   1113   139            gs28r2b54    1113    1113  944359    [No]    [No]    1113      14  {70,71,72,73,74,75,76,77,78,79,80,81,82,83}
## EC_MEMINFO   1114   139            gs28r2b54    1114    1114  944360    [No]    [No]    1114      14  {84,85,86,87,88,89,90,91,92,93,94,95,96,97}
## EC_MEMINFO   1115   139            gs28r2b54    1115    1115  944361    [No]    [No]    1115      14  {98,99,100,101,102,103,104,105,106,107,108,109,110,111}
## EC_MEMINFO   1116   139            gs28r2b54    1116    1116  944362    [No]    [No]    1116      14  {0,1,2,3,4,5,6,7,8,9,10,11,12,13}
## EC_MEMINFO   1117   139            gs28r2b54    1117    1117  944363    [No]    [No]    1117      14  {14,15,16,17,18,19,20,21,22,23,24,25,26,27}
## EC_MEMINFO   1118   139            gs28r2b54    1118    1118  944364    [No]    [No]    1118      14  {28,29,30,31,32,33,34,35,36,37,38,39,40,41}
## EC_MEMINFO   1119   139            gs28r2b54    1119    1119  944365    [No]    [No]    1119      14  {42,43,44,45,46,47,48,49,50,51,52,53,54,55}
## EC_MEMINFO   1120   140            gs28r2b55    1120    1120 1125793    [No]     Yes    1120      14  {0,1,2,3,4,5,6,7,8,9,10,11,12,13}
## EC_MEMINFO   1121   140            gs28r2b55    1121    1121 1125794    [No]    [No]    1121      14  {14,15,16,17,18,19,20,21,22,23,24,25,26,27}
## EC_MEMINFO   1122   140            gs28r2b55    1122    1122 1125795    [No]    [No]    1122      14  {28,29,30,31,32,33,34,35,36,37,38,39,40,41}
## EC_MEMINFO   1123   140            gs28r2b55    1123    1123 1125796    [No]    [No]    1123      14  {42,43,44,45,46,47,48,49,50,51,52,53,54,55}
## EC_MEMINFO   1124   140            gs28r2b55    1124    1124 1125797    [No]    [No]    1124      14  {56,57,58,59,60,61,62,63,64,65,66,67,68,69}
## EC_MEMINFO   1125   140            gs28r2b55    1125    1125 1125798    [No]    [No]    1125      14  {70,71,72,73,74,75,76,77,78,79,80,81,82,83}
## EC_MEMINFO   1126   140            gs28r2b55    1126    1126 1125799    [No]    [No]    1126      14  {84,85,86,87,88,89,90,91,92,93,94,95,96,97}
## EC_MEMINFO   1127   140            gs28r2b55    1127    1127 1125800    [No]    [No]    1127      14  {98,99,100,101,102,103,104,105,106,107,108,109,110,111}
## EC_MEMINFO   1128   141            gs28r2b56    1128    1128  354646    [No]     Yes    1128      14  {56,57,58,59,60,61,62,63,64,65,66,67,68,69}
## EC_MEMINFO   1129   141            gs28r2b56    1129    1129  354647    [No]    [No]    1129      14  {70,71,72,73,74,75,76,77,78,79,80,81,82,83}
## EC_MEMINFO   1130   141            gs28r2b56    1130    1130  354648    [No]    [No]    1130      14  {84,85,86,87,88,89,90,91,92,93,94,95,96,97}
## EC_MEMINFO   1131   141            gs28r2b56    1131    1131  354649    [No]    [No]    1131      14  {98,99,100,101,102,103,104,105,106,107,108,109,110,111}
## EC_MEMINFO   1132   141            gs28r2b56    1132    1132  354650    [No]    [No]    1132      14  {0,1,2,3,4,5,6,7,8,9,10,11,12,13}
## EC_MEMINFO   1133   141            gs28r2b56    1133    1133  354651    [No]    [No]    1133      14  {14,15,16,17,18,19,20,21,22,23,24,25,26,27}
## EC_MEMINFO   1134   141            gs28r2b56    1134    1134  354652    [No]    [No]    1134      14  {28,29,30,31,32,33,34,35,36,37,38,39,40,41}
## EC_MEMINFO   1135   141            gs28r2b56    1135    1135  354653    [No]    [No]    1135      14  {42,43,44,45,46,47,48,49,50,51,52,53,54,55}
## EC_MEMINFO   1136   142            gs28r2b57    1136    1136 2607638    [No]     Yes    1136      14  {0,1,2,3,4,5,6,7,8,9,10,11,12,13}
## EC_MEMINFO   1137   142            gs28r2b57    1137    1137 2607639    [No]    [No]    1137      14  {14,15,16,17,18,19,20,21,22,23,24,25,26,27}
## EC_MEMINFO   1138   142            gs28r2b57    1138    1138 2607640    [No]    [No]    1138      14  {28,29,30,31,32,33,34,35,36,37,38,39,40,41}
## EC_MEMINFO   1139   142            gs28r2b57    1139    1139 2607641    [No]    [No]    1139      14  {42,43,44,45,46,47,48,49,50,51,52,53,54,55}
## EC_MEMINFO   1140   142            gs28r2b57    1140    1140 2607642    [No]    [No]    1140      14  {56,57,58,59,60,61,62,63,64,65,66,67,68,69}
## EC_MEMINFO   1141   142            gs28r2b57    1141    1141 2607643    [No]    [No]    1141      14  {70,71,72,73,74,75,76,77,78,79,80,81,82,83}
## EC_MEMINFO   1142   142            gs28r2b57    1142    1142 2607644    [No]    [No]    1142      14  {84,85,86,87,88,89,90,91,92,93,94,95,96,97}
## EC_MEMINFO   1143   142            gs28r2b57    1143    1143 2607645    [No]    [No]    1143      14  {98,99,100,101,102,103,104,105,106,107,108,109,110,111}
## EC_MEMINFO   1144   143            gs28r2b58    1144    1144 2924371    [No]     Yes    1144      14  {56,57,58,59,60,61,62,63,64,65,66,67,68,69}
## EC_MEMINFO   1145   143            gs28r2b58    1145    1145 2924372    [No]    [No]    1145      14  {70,71,72,73,74,75,76,77,78,79,80,81,82,83}
## EC_MEMINFO   1146   143            gs28r2b58    1146    1146 2924373    [No]    [No]    1146      14  {84,85,86,87,88,89,90,91,92,93,94,95,96,97}
## EC_MEMINFO   1147   143            gs28r2b58    1147    1147 2924374    [No]    [No]    1147      14  {98,99,100,101,102,103,104,105,106,107,108,109,110,111}
## EC_MEMINFO   1148   143            gs28r2b58    1148    1148 2924375    [No]    [No]    1148      14  {0,1,2,3,4,5,6,7,8,9,10,11,12,13}
## EC_MEMINFO   1149   143            gs28r2b58    1149    1149 2924376    [No]    [No]    1149      14  {14,15,16,17,18,19,20,21,22,23,24,25,26,27}
## EC_MEMINFO   1150   143            gs28r2b58    1150    1150 2924377    [No]    [No]    1150      14  {28,29,30,31,32,33,34,35,36,37,38,39,40,41}
## EC_MEMINFO   1151   143            gs28r2b58    1151    1151 2924378    [No]    [No]    1151      14  {42,43,44,45,46,47,48,49,50,51,52,53,54,55}
## EC_MEMINFO   1152   144            gs28r2b59    1152    1152 1220437    [No]     Yes    1152      14  {0,1,2,3,4,5,6,7,8,9,10,11,12,13}
## EC_MEMINFO   1153   144            gs28r2b59    1153    1153 1220438    [No]    [No]    1153      14  {14,15,16,17,18,19,20,21,22,23,24,25,26,27}
## EC_MEMINFO   1154   144            gs28r2b59    1154    1154 1220439    [No]    [No]    1154      14  {28,29,30,31,32,33,34,35,36,37,38,39,40,41}
## EC_MEMINFO   1155   144            gs28r2b59    1155    1155 1220440    [No]    [No]    1155      14  {42,43,44,45,46,47,48,49,50,51,52,53,54,55}
## EC_MEMINFO   1156   144            gs28r2b59    1156    1156 1220441    [No]    [No]    1156      14  {56,57,58,59,60,61,62,63,64,65,66,67,68,69}
## EC_MEMINFO   1157   144            gs28r2b59    1157    1157 1220442    [No]    [No]    1157      14  {70,71,72,73,74,75,76,77,78,79,80,81,82,83}
## EC_MEMINFO   1158   144            gs28r2b59    1158    1158 1220443    [No]    [No]    1158      14  {84,85,86,87,88,89,90,91,92,93,94,95,96,97}
## EC_MEMINFO   1159   144            gs28r2b59    1159    1159 1220444    [No]    [No]    1159      14  {98,99,100,101,102,103,104,105,106,107,108,109,110,111}
## EC_MEMINFO   1160   145            gs28r2b60    1160    1160 2134119    [No]     Yes    1160      14  {56,57,58,59,60,61,62,63,64,65,66,67,68,69}
## EC_MEMINFO   1161   145            gs28r2b60    1161    1161 2134120    [No]    [No]    1161      14  {70,71,72,73,74,75,76,77,78,79,80,81,82,83}
## EC_MEMINFO   1162   145            gs28r2b60    1162    1162 2134121    [No]    [No]    1162      14  {84,85,86,87,88,89,90,91,92,93,94,95,96,97}
## EC_MEMINFO   1163   145            gs28r2b60    1163    1163 2134122    [No]    [No]    1163      14  {98,99,100,101,102,103,104,105,106,107,108,109,110,111}
## EC_MEMINFO   1164   145            gs28r2b60    1164    1164 2134123    [No]    [No]    1164      14  {0,1,2,3,4,5,6,7,8,9,10,11,12,13}
## EC_MEMINFO   1165   145            gs28r2b60    1165    1165 2134124    [No]    [No]    1165      14  {14,15,16,17,18,19,20,21,22,23,24,25,26,27}
## EC_MEMINFO   1166   145            gs28r2b60    1166    1166 2134125    [No]    [No]    1166      14  {28,29,30,31,32,33,34,35,36,37,38,39,40,41}
## EC_MEMINFO   1167   145            gs28r2b60    1167    1167 2134126    [No]    [No]    1167      14  {42,43,44,45,46,47,48,49,50,51,52,53,54,55}
## EC_MEMINFO   1168   146            gs28r2b61    1168    1168 2476409    [No]     Yes    1168      14  {0,1,2,3,4,5,6,7,8,9,10,11,12,13}
## EC_MEMINFO   1169   146            gs28r2b61    1169    1169 2476410    [No]    [No]    1169      14  {14,15,16,17,18,19,20,21,22,23,24,25,26,27}
## EC_MEMINFO   1170   146            gs28r2b61    1170    1170 2476411    [No]    [No]    1170      14  {28,29,30,31,32,33,34,35,36,37,38,39,40,41}
## EC_MEMINFO   1171   146            gs28r2b61    1171    1171 2476412    [No]    [No]    1171      14  {42,43,44,45,46,47,48,49,50,51,52,53,54,55}
## EC_MEMINFO   1172   146            gs28r2b61    1172    1172 2476413    [No]    [No]    1172      14  {56,57,58,59,60,61,62,63,64,65,66,67,68,69}
## EC_MEMINFO   1173   146            gs28r2b61    1173    1173 2476414    [No]    [No]    1173      14  {70,71,72,73,74,75,76,77,78,79,80,81,82,83}
## EC_MEMINFO   1174   146            gs28r2b61    1174    1174 2476415    [No]    [No]    1174      14  {84,85,86,87,88,89,90,91,92,93,94,95,96,97}
## EC_MEMINFO   1175   146            gs28r2b61    1175    1175 2476416    [No]    [No]    1175      14  {98,99,100,101,102,103,104,105,106,107,108,109,110,111}
## EC_MEMINFO   1176   147            gs28r2b62    1176    1176 1447717    [No]     Yes    1176      14  {56,57,58,59,60,61,62,63,64,65,66,67,68,69}
## EC_MEMINFO   1177   147            gs28r2b62    1177    1177 1447718    [No]    [No]    1177      14  {70,71,72,73,74,75,76,77,78,79,80,81,82,83}
## EC_MEMINFO   1178   147            gs28r2b62    1178    1178 1447719    [No]    [No]    1178      14  {84,85,86,87,88,89,90,91,92,93,94,95,96,97}
## EC_MEMINFO   1179   147            gs28r2b62    1179    1179 1447720    [No]    [No]    1179      14  {98,99,100,101,102,103,104,105,106,107,108,109,110,111}
## EC_MEMINFO   1180   147            gs28r2b62    1180    1180 1447721    [No]    [No]    1180      14  {0,1,2,3,4,5,6,7,8,9,10,11,12,13}
## EC_MEMINFO   1181   147            gs28r2b62    1181    1181 1447722    [No]    [No]    1181      14  {14,15,16,17,18,19,20,21,22,23,24,25,26,27}
## EC_MEMINFO   1182   147            gs28r2b62    1182    1182 1447723    [No]    [No]    1182      14  {28,29,30,31,32,33,34,35,36,37,38,39,40,41}
## EC_MEMINFO   1183   147            gs28r2b62    1183    1183 1447724    [No]    [No]    1183      14  {42,43,44,45,46,47,48,49,50,51,52,53,54,55}
## EC_MEMINFO   1184   148            gs28r2b63    1184    1184 1937855    [No]     Yes    1184      14  {0,1,2,3,4,5,6,7,8,9,10,11,12,13}
## EC_MEMINFO   1185   148            gs28r2b63    1185    1185 1937856    [No]    [No]    1185      14  {14,15,16,17,18,19,20,21,22,23,24,25,26,27}
## EC_MEMINFO   1186   148            gs28r2b63    1186    1186 1937857    [No]    [No]    1186      14  {28,29,30,31,32,33,34,35,36,37,38,39,40,41}
## EC_MEMINFO   1187   148            gs28r2b63    1187    1187 1937858    [No]    [No]    1187      14  {42,43,44,45,46,47,48,49,50,51,52,53,54,55}
## EC_MEMINFO   1188   148            gs28r2b63    1188    1188 1937859    [No]    [No]    1188      14  {56,57,58,59,60,61,62,63,64,65,66,67,68,69}
## EC_MEMINFO   1189   148            gs28r2b63    1189    1189 1937860    [No]    [No]    1189      14  {70,71,72,73,74,75,76,77,78,79,80,81,82,83}
## EC_MEMINFO   1190   148            gs28r2b63    1190    1190 1937861    [No]    [No]    1190      14  {84,85,86,87,88,89,90,91,92,93,94,95,96,97}
## EC_MEMINFO   1191   148            gs28r2b63    1191    1191 1937862    [No]    [No]    1191      14  {98,99,100,101,102,103,104,105,106,107,108,109,110,111}
## EC_MEMINFO   1192   149            gs28r2b64    1192    1192 3292206    [No]     Yes    1192      14  {56,57,58,59,60,61,62,63,64,65,66,67,68,69}
## EC_MEMINFO   1193   149            gs28r2b64    1193    1193 3292207    [No]    [No]    1193      14  {70,71,72,73,74,75,76,77,78,79,80,81,82,83}
## EC_MEMINFO   1194   149            gs28r2b64    1194    1194 3292208    [No]    [No]    1194      14  {84,85,86,87,88,89,90,91,92,93,94,95,96,97}
## EC_MEMINFO   1195   149            gs28r2b64    1195    1195 3292209    [No]    [No]    1195      14  {98,99,100,101,102,103,104,105,106,107,108,109,110,111}
## EC_MEMINFO   1196   149            gs28r2b64    1196    1196 3292210    [No]    [No]    1196      14  {0,1,2,3,4,5,6,7,8,9,10,11,12,13}
## EC_MEMINFO   1197   149            gs28r2b64    1197    1197 3292211    [No]    [No]    1197      14  {14,15,16,17,18,19,20,21,22,23,24,25,26,27}
## EC_MEMINFO   1198   149            gs28r2b64    1198    1198 3292212    [No]    [No]    1198      14  {28,29,30,31,32,33,34,35,36,37,38,39,40,41}
## EC_MEMINFO   1199   149            gs28r2b64    1199    1199 3292213    [No]    [No]    1199      14  {42,43,44,45,46,47,48,49,50,51,52,53,54,55}
## EC_MEMINFO   1200   150            gs28r2b65    1200    1200 1116039    [No]     Yes    1200      14  {0,1,2,3,4,5,6,7,8,9,10,11,12,13}
## EC_MEMINFO   1201   150            gs28r2b65    1201    1201 1116040    [No]    [No]    1201      14  {14,15,16,17,18,19,20,21,22,23,24,25,26,27}
## EC_MEMINFO   1202   150            gs28r2b65    1202    1202 1116041    [No]    [No]    1202      14  {28,29,30,31,32,33,34,35,36,37,38,39,40,41}
## EC_MEMINFO   1203   150            gs28r2b65    1203    1203 1116042    [No]    [No]    1203      14  {42,43,44,45,46,47,48,49,50,51,52,53,54,55}
## EC_MEMINFO   1204   150            gs28r2b65    1204    1204 1116043    [No]    [No]    1204      14  {56,57,58,59,60,61,62,63,64,65,66,67,68,69}
## EC_MEMINFO   1205   150            gs28r2b65    1205    1205 1116044    [No]    [No]    1205      14  {70,71,72,73,74,75,76,77,78,79,80,81,82,83}
## EC_MEMINFO   1206   150            gs28r2b65    1206    1206 1116045    [No]    [No]    1206      14  {84,85,86,87,88,89,90,91,92,93,94,95,96,97}
## EC_MEMINFO   1207   150            gs28r2b65    1207    1207 1116046    [No]    [No]    1207      14  {98,99,100,101,102,103,104,105,106,107,108,109,110,111}
## EC_MEMINFO   1208   151            gs28r2b66    1208    1208  309444    [No]     Yes    1208      14  {56,57,58,59,60,61,62,63,64,65,66,67,68,69}
## EC_MEMINFO   1209   151            gs28r2b66    1209    1209  309445    [No]    [No]    1209      14  {70,71,72,73,74,75,76,77,78,79,80,81,82,83}
## EC_MEMINFO   1210   151            gs28r2b66    1210    1210  309446    [No]    [No]    1210      14  {84,85,86,87,88,89,90,91,92,93,94,95,96,97}
## EC_MEMINFO   1211   151            gs28r2b66    1211    1211  309447    [No]    [No]    1211      14  {98,99,100,101,102,103,104,105,106,107,108,109,110,111}
## EC_MEMINFO   1212   151            gs28r2b66    1212    1212  309448    [No]    [No]    1212      14  {0,1,2,3,4,5,6,7,8,9,10,11,12,13}
## EC_MEMINFO   1213   151            gs28r2b66    1213    1213  309449    [No]    [No]    1213      14  {14,15,16,17,18,19,20,21,22,23,24,25,26,27}
## EC_MEMINFO   1214   151            gs28r2b66    1214    1214  309450    [No]    [No]    1214      14  {28,29,30,31,32,33,34,35,36,37,38,39,40,41}
## EC_MEMINFO   1215   151            gs28r2b66    1215    1215  309451    [No]    [No]    1215      14  {42,43,44,45,46,47,48,49,50,51,52,53,54,55}
## EC_MEMINFO   1216   152            gs28r2b67    1216    1216   18114    [No]     Yes    1216      14  {0,1,2,3,4,5,6,7,8,9,10,11,12,13}
## EC_MEMINFO   1217   152            gs28r2b67    1217    1217   18115    [No]    [No]    1217      14  {14,15,16,17,18,19,20,21,22,23,24,25,26,27}
## EC_MEMINFO   1218   152            gs28r2b67    1218    1218   18116    [No]    [No]    1218      14  {28,29,30,31,32,33,34,35,36,37,38,39,40,41}
## EC_MEMINFO   1219   152            gs28r2b67    1219    1219   18117    [No]    [No]    1219      14  {42,43,44,45,46,47,48,49,50,51,52,53,54,55}
## EC_MEMINFO   1220   152            gs28r2b67    1220    1220   18118    [No]    [No]    1220      14  {56,57,58,59,60,61,62,63,64,65,66,67,68,69}
## EC_MEMINFO   1221   152            gs28r2b67    1221    1221   18119    [No]    [No]    1221      14  {70,71,72,73,74,75,76,77,78,79,80,81,82,83}
## EC_MEMINFO   1222   152            gs28r2b67    1222    1222   18120    [No]    [No]    1222      14  {84,85,86,87,88,89,90,91,92,93,94,95,96,97}
## EC_MEMINFO   1223   152            gs28r2b67    1223    1223   18121    [No]    [No]    1223      14  {98,99,100,101,102,103,104,105,106,107,108,109,110,111}
## EC_MEMINFO   1224   153            gs28r2b68    1224    1224 1105372    [No]     Yes    1224      14  {56,57,58,59,60,61,62,63,64,65,66,67,68,69}
## EC_MEMINFO   1225   153            gs28r2b68    1225    1225 1105373    [No]    [No]    1225      14  {70,71,72,73,74,75,76,77,78,79,80,81,82,83}
## EC_MEMINFO   1226   153            gs28r2b68    1226    1226 1105374    [No]    [No]    1226      14  {84,85,86,87,88,89,90,91,92,93,94,95,96,97}
## EC_MEMINFO   1227   153            gs28r2b68    1227    1227 1105375    [No]    [No]    1227      14  {98,99,100,101,102,103,104,105,106,107,108,109,110,111}
## EC_MEMINFO   1228   153            gs28r2b68    1228    1228 1105376    [No]    [No]    1228      14  {0,1,2,3,4,5,6,7,8,9,10,11,12,13}
## EC_MEMINFO   1229   153            gs28r2b68    1229    1229 1105377    [No]    [No]    1229      14  {14,15,16,17,18,19,20,21,22,23,24,25,26,27}
## EC_MEMINFO   1230   153            gs28r2b68    1230    1230 1105378    [No]    [No]    1230      14  {28,29,30,31,32,33,34,35,36,37,38,39,40,41}
## EC_MEMINFO   1231   153            gs28r2b68    1231    1231 1105379    [No]    [No]    1231      14  {42,43,44,45,46,47,48,49,50,51,52,53,54,55}
## EC_MEMINFO   1232   154            gs28r2b69    1232    1232 3846548    [No]     Yes    1232      14  {0,1,2,3,4,5,6,7,8,9,10,11,12,13}
## EC_MEMINFO   1233   154            gs28r2b69    1233    1233 3846549    [No]    [No]    1233      14  {14,15,16,17,18,19,20,21,22,23,24,25,26,27}
## EC_MEMINFO   1234   154            gs28r2b69    1234    1234 3846550    [No]    [No]    1234      14  {28,29,30,31,32,33,34,35,36,37,38,39,40,41}
## EC_MEMINFO   1235   154            gs28r2b69    1235    1235 3846551    [No]    [No]    1235      14  {42,43,44,45,46,47,48,49,50,51,52,53,54,55}
## EC_MEMINFO   1236   154            gs28r2b69    1236    1236 3846552    [No]    [No]    1236      14  {56,57,58,59,60,61,62,63,64,65,66,67,68,69}
## EC_MEMINFO   1237   154            gs28r2b69    1237    1237 3846553    [No]    [No]    1237      14  {70,71,72,73,74,75,76,77,78,79,80,81,82,83}
## EC_MEMINFO   1238   154            gs28r2b69    1238    1238 3846554    [No]    [No]    1238      14  {84,85,86,87,88,89,90,91,92,93,94,95,96,97}
## EC_MEMINFO   1239   154            gs28r2b69    1239    1239 3846555    [No]    [No]    1239      14  {98,99,100,101,102,103,104,105,106,107,108,109,110,111}
## EC_MEMINFO   1240   155            gs28r2b70    1240    1240  544169    [No]     Yes    1240      14  {56,57,58,59,60,61,62,63,64,65,66,67,68,69}
## EC_MEMINFO   1241   155            gs28r2b70    1241    1241  544170    [No]    [No]    1241      14  {70,71,72,73,74,75,76,77,78,79,80,81,82,83}
## EC_MEMINFO   1242   155            gs28r2b70    1242    1242  544171    [No]    [No]    1242      14  {84,85,86,87,88,89,90,91,92,93,94,95,96,97}
## EC_MEMINFO   1243   155            gs28r2b70    1243    1243  544172    [No]    [No]    1243      14  {98,99,100,101,102,103,104,105,106,107,108,109,110,111}
## EC_MEMINFO   1244   155            gs28r2b70    1244    1244  544173    [No]    [No]    1244      14  {0,1,2,3,4,5,6,7,8,9,10,11,12,13}
## EC_MEMINFO   1245   155            gs28r2b70    1245    1245  544174    [No]    [No]    1245      14  {14,15,16,17,18,19,20,21,22,23,24,25,26,27}
## EC_MEMINFO   1246   155            gs28r2b70    1246    1246  544175    [No]    [No]    1246      14  {28,29,30,31,32,33,34,35,36,37,38,39,40,41}
## EC_MEMINFO   1247   155            gs28r2b70    1247    1247  544176    [No]    [No]    1247      14  {42,43,44,45,46,47,48,49,50,51,52,53,54,55}
## EC_MEMINFO   1248   156            gs28r2b72    1248    1248 2382476    [No]     Yes    1248      14  {56,57,58,59,60,61,62,63,64,65,66,67,68,69}
## EC_MEMINFO   1249   156            gs28r2b72    1249    1249 2382477    [No]    [No]    1249      14  {70,71,72,73,74,75,76,77,78,79,80,81,82,83}
## EC_MEMINFO   1250   156            gs28r2b72    1250    1250 2382478    [No]    [No]    1250      14  {84,85,86,87,88,89,90,91,92,93,94,95,96,97}
## EC_MEMINFO   1251   156            gs28r2b72    1251    1251 2382479    [No]    [No]    1251      14  {98,99,100,101,102,103,104,105,106,107,108,109,110,111}
## EC_MEMINFO   1252   156            gs28r2b72    1252    1252 2382480    [No]    [No]    1252      14  {0,1,2,3,4,5,6,7,8,9,10,11,12,13}
## EC_MEMINFO   1253   156            gs28r2b72    1253    1253 2382481    [No]    [No]    1253      14  {14,15,16,17,18,19,20,21,22,23,24,25,26,27}
## EC_MEMINFO   1254   156            gs28r2b72    1254    1254 2382482    [No]    [No]    1254      14  {28,29,30,31,32,33,34,35,36,37,38,39,40,41}
## EC_MEMINFO   1255   156            gs28r2b72    1255    1255 2382483    [No]    [No]    1255      14  {42,43,44,45,46,47,48,49,50,51,52,53,54,55}
## EC_MEMINFO   1256   157            gs28r3b02    1256    1256 3739288    [No]     Yes    1256      14  {56,57,58,59,60,61,62,63,64,65,66,67,68,69}
## EC_MEMINFO   1257   157            gs28r3b02    1257    1257 3739289    [No]    [No]    1257      14  {70,71,72,73,74,75,76,77,78,79,80,81,82,83}
## EC_MEMINFO   1258   157            gs28r3b02    1258    1258 3739290    [No]    [No]    1258      14  {84,85,86,87,88,89,90,91,92,93,94,95,96,97}
## EC_MEMINFO   1259   157            gs28r3b02    1259    1259 3739291    [No]    [No]    1259      14  {98,99,100,101,102,103,104,105,106,107,108,109,110,111}
## EC_MEMINFO   1260   157            gs28r3b02    1260    1260 3739292    [No]    [No]    1260      14  {0,1,2,3,4,5,6,7,8,9,10,11,12,13}
## EC_MEMINFO   1261   157            gs28r3b02    1261    1261 3739293    [No]    [No]    1261      14  {14,15,16,17,18,19,20,21,22,23,24,25,26,27}
## EC_MEMINFO   1262   157            gs28r3b02    1262    1262 3739294    [No]    [No]    1262      14  {28,29,30,31,32,33,34,35,36,37,38,39,40,41}
## EC_MEMINFO   1263   157            gs28r3b02    1263    1263 3739295    [No]    [No]    1263      14  {42,43,44,45,46,47,48,49,50,51,52,53,54,55}
## EC_MEMINFO   1264   158            gs28r3b03    1264    1264 3082312    [No]     Yes    1264      14  {0,1,2,3,4,5,6,7,8,9,10,11,12,13}
## EC_MEMINFO   1265   158            gs28r3b03    1265    1265 3082313    [No]    [No]    1265      14  {14,15,16,17,18,19,20,21,22,23,24,25,26,27}
## EC_MEMINFO   1266   158            gs28r3b03    1266    1266 3082314    [No]    [No]    1266      14  {28,29,30,31,32,33,34,35,36,37,38,39,40,41}
## EC_MEMINFO   1267   158            gs28r3b03    1267    1267 3082315    [No]    [No]    1267      14  {42,43,44,45,46,47,48,49,50,51,52,53,54,55}
## EC_MEMINFO   1268   158            gs28r3b03    1268    1268 3082316    [No]    [No]    1268      14  {56,57,58,59,60,61,62,63,64,65,66,67,68,69}
## EC_MEMINFO   1269   158            gs28r3b03    1269    1269 3082317    [No]    [No]    1269      14  {70,71,72,73,74,75,76,77,78,79,80,81,82,83}
## EC_MEMINFO   1270   158            gs28r3b03    1270    1270 3082318    [No]    [No]    1270      14  {84,85,86,87,88,89,90,91,92,93,94,95,96,97}
## EC_MEMINFO   1271   158            gs28r3b03    1271    1271 3082319    [No]    [No]    1271      14  {98,99,100,101,102,103,104,105,106,107,108,109,110,111}
## EC_MEMINFO   1272   159            gs28r3b04    1272    1272 1037254    [No]     Yes    1272      14  {56,57,58,59,60,61,62,63,64,65,66,67,68,69}
## EC_MEMINFO   1273   159            gs28r3b04    1273    1273 1037255    [No]    [No]    1273      14  {70,71,72,73,74,75,76,77,78,79,80,81,82,83}
## EC_MEMINFO   1274   159            gs28r3b04    1274    1274 1037256    [No]    [No]    1274      14  {84,85,86,87,88,89,90,91,92,93,94,95,96,97}
## EC_MEMINFO   1275   159            gs28r3b04    1275    1275 1037257    [No]    [No]    1275      14  {98,99,100,101,102,103,104,105,106,107,108,109,110,111}
## EC_MEMINFO   1276   159            gs28r3b04    1276    1276 1037258    [No]    [No]    1276      14  {0,1,2,3,4,5,6,7,8,9,10,11,12,13}
## EC_MEMINFO   1277   159            gs28r3b04    1277    1277 1037259    [No]    [No]    1277      14  {14,15,16,17,18,19,20,21,22,23,24,25,26,27}
## EC_MEMINFO   1278   159            gs28r3b04    1278    1278 1037260    [No]    [No]    1278      14  {28,29,30,31,32,33,34,35,36,37,38,39,40,41}
## EC_MEMINFO   1279   159            gs28r3b04    1279    1279 1037261    [No]    [No]    1279      14  {42,43,44,45,46,47,48,49,50,51,52,53,54,55}
## EC_MEMINFO   1280   160            gs28r3b05    1280    1280 3522161    [No]     Yes    1280      14  {0,1,2,3,4,5,6,7,8,9,10,11,12,13}
## EC_MEMINFO   1281   160            gs28r3b05    1281    1281 3522162    [No]    [No]    1281      14  {14,15,16,17,18,19,20,21,22,23,24,25,26,27}
## EC_MEMINFO   1282   160            gs28r3b05    1282    1282 3522163    [No]    [No]    1282      14  {28,29,30,31,32,33,34,35,36,37,38,39,40,41}
## EC_MEMINFO   1283   160            gs28r3b05    1283    1283 3522164    [No]    [No]    1283      14  {42,43,44,45,46,47,48,49,50,51,52,53,54,55}
## EC_MEMINFO   1284   160            gs28r3b05    1284    1284 3522165    [No]    [No]    1284      14  {56,57,58,59,60,61,62,63,64,65,66,67,68,69}
## EC_MEMINFO   1285   160            gs28r3b05    1285    1285 3522166    [No]    [No]    1285      14  {70,71,72,73,74,75,76,77,78,79,80,81,82,83}
## EC_MEMINFO   1286   160            gs28r3b05    1286    1286 3522167    [No]    [No]    1286      14  {84,85,86,87,88,89,90,91,92,93,94,95,96,97}
## EC_MEMINFO   1287   160            gs28r3b05    1287    1287 3522168    [No]    [No]    1287      14  {98,99,100,101,102,103,104,105,106,107,108,109,110,111}
## EC_MEMINFO   1288   161            gs28r3b06    1288    1288 1755156    [No]     Yes    1288      14  {56,57,58,59,60,61,62,63,64,65,66,67,68,69}
## EC_MEMINFO   1289   161            gs28r3b06    1289    1289 1755157    [No]    [No]    1289      14  {70,71,72,73,74,75,76,77,78,79,80,81,82,83}
## EC_MEMINFO   1290   161            gs28r3b06    1290    1290 1755158    [No]    [No]    1290      14  {84,85,86,87,88,89,90,91,92,93,94,95,96,97}
## EC_MEMINFO   1291   161            gs28r3b06    1291    1291 1755159    [No]    [No]    1291      14  {98,99,100,101,102,103,104,105,106,107,108,109,110,111}
## EC_MEMINFO   1292   161            gs28r3b06    1292    1292 1755160    [No]    [No]    1292      14  {0,1,2,3,4,5,6,7,8,9,10,11,12,13}
## EC_MEMINFO   1293   161            gs28r3b06    1293    1293 1755161    [No]    [No]    1293      14  {14,15,16,17,18,19,20,21,22,23,24,25,26,27}
## EC_MEMINFO   1294   161            gs28r3b06    1294    1294 1755162    [No]    [No]    1294      14  {28,29,30,31,32,33,34,35,36,37,38,39,40,41}
## EC_MEMINFO   1295   161            gs28r3b06    1295    1295 1755163    [No]    [No]    1295      14  {42,43,44,45,46,47,48,49,50,51,52,53,54,55}
## EC_MEMINFO   1296   162            gs28r3b07    1296    1296 4109478    [No]     Yes    1296      14  {0,1,2,3,4,5,6,7,8,9,10,11,12,13}
## EC_MEMINFO   1297   162            gs28r3b07    1297    1297 4109479    [No]    [No]    1297      14  {14,15,16,17,18,19,20,21,22,23,24,25,26,27}
## EC_MEMINFO   1298   162            gs28r3b07    1298    1298 4109480    [No]    [No]    1298      14  {28,29,30,31,32,33,34,35,36,37,38,39,40,41}
## EC_MEMINFO   1299   162            gs28r3b07    1299    1299 4109481    [No]    [No]    1299      14  {42,43,44,45,46,47,48,49,50,51,52,53,54,55}
## EC_MEMINFO   1300   162            gs28r3b07    1300    1300 4109482    [No]    [No]    1300      14  {56,57,58,59,60,61,62,63,64,65,66,67,68,69}
## EC_MEMINFO   1301   162            gs28r3b07    1301    1301 4109483    [No]    [No]    1301      14  {70,71,72,73,74,75,76,77,78,79,80,81,82,83}
## EC_MEMINFO   1302   162            gs28r3b07    1302    1302 4109484    [No]    [No]    1302      14  {84,85,86,87,88,89,90,91,92,93,94,95,96,97}
## EC_MEMINFO   1303   162            gs28r3b07    1303    1303 4109485    [No]    [No]    1303      14  {98,99,100,101,102,103,104,105,106,107,108,109,110,111}
## EC_MEMINFO   1304   163            gs28r3b08    1304    1304 2314159    [No]     Yes    1304      14  {56,57,58,59,60,61,62,63,64,65,66,67,68,69}
## EC_MEMINFO   1305   163            gs28r3b08    1305    1305 2314160    [No]    [No]    1305      14  {70,71,72,73,74,75,76,77,78,79,80,81,82,83}
## EC_MEMINFO   1306   163            gs28r3b08    1306    1306 2314161    [No]    [No]    1306      14  {84,85,86,87,88,89,90,91,92,93,94,95,96,97}
## EC_MEMINFO   1307   163            gs28r3b08    1307    1307 2314162    [No]    [No]    1307      14  {98,99,100,101,102,103,104,105,106,107,108,109,110,111}
## EC_MEMINFO   1308   163            gs28r3b08    1308    1308 2314163    [No]    [No]    1308      14  {0,1,2,3,4,5,6,7,8,9,10,11,12,13}
## EC_MEMINFO   1309   163            gs28r3b08    1309    1309 2314164    [No]    [No]    1309      14  {14,15,16,17,18,19,20,21,22,23,24,25,26,27}
## EC_MEMINFO   1310   163            gs28r3b08    1310    1310 2314165    [No]    [No]    1310      14  {28,29,30,31,32,33,34,35,36,37,38,39,40,41}
## EC_MEMINFO   1311   163            gs28r3b08    1311    1311 2314166    [No]    [No]    1311      14  {42,43,44,45,46,47,48,49,50,51,52,53,54,55}
## EC_MEMINFO   1312   164            gs28r3b09    1312    1312 1369469    [No]     Yes    1312      14  {0,1,2,3,4,5,6,7,8,9,10,11,12,13}
## EC_MEMINFO   1313   164            gs28r3b09    1313    1313 1369470    [No]    [No]    1313      14  {14,15,16,17,18,19,20,21,22,23,24,25,26,27}
## EC_MEMINFO   1314   164            gs28r3b09    1314    1314 1369471    [No]    [No]    1314      14  {28,29,30,31,32,33,34,35,36,37,38,39,40,41}
## EC_MEMINFO   1315   164            gs28r3b09    1315    1315 1369472    [No]    [No]    1315      14  {42,43,44,45,46,47,48,49,50,51,52,53,54,55}
## EC_MEMINFO   1316   164            gs28r3b09    1316    1316 1369473    [No]    [No]    1316      14  {56,57,58,59,60,61,62,63,64,65,66,67,68,69}
## EC_MEMINFO   1317   164            gs28r3b09    1317    1317 1369474    [No]    [No]    1317      14  {70,71,72,73,74,75,76,77,78,79,80,81,82,83}
## EC_MEMINFO   1318   164            gs28r3b09    1318    1318 1369475    [No]    [No]    1318      14  {84,85,86,87,88,89,90,91,92,93,94,95,96,97}
## EC_MEMINFO   1319   164            gs28r3b09    1319    1319 1369476    [No]    [No]    1319      14  {98,99,100,101,102,103,104,105,106,107,108,109,110,111}
## EC_MEMINFO   1320   165            gs28r3b10    1320    1320 4027451    [No]     Yes    1320      14  {56,57,58,59,60,61,62,63,64,65,66,67,68,69}
## EC_MEMINFO   1321   165            gs28r3b10    1321    1321 4027452    [No]    [No]    1321      14  {70,71,72,73,74,75,76,77,78,79,80,81,82,83}
## EC_MEMINFO   1322   165            gs28r3b10    1322    1322 4027453    [No]    [No]    1322      14  {84,85,86,87,88,89,90,91,92,93,94,95,96,97}
## EC_MEMINFO   1323   165            gs28r3b10    1323    1323 4027454    [No]    [No]    1323      14  {98,99,100,101,102,103,104,105,106,107,108,109,110,111}
## EC_MEMINFO   1324   165            gs28r3b10    1324    1324 4027455    [No]    [No]    1324      14  {0,1,2,3,4,5,6,7,8,9,10,11,12,13}
## EC_MEMINFO   1325   165            gs28r3b10    1325    1325 4027456    [No]    [No]    1325      14  {14,15,16,17,18,19,20,21,22,23,24,25,26,27}
## EC_MEMINFO   1326   165            gs28r3b10    1326    1326 4027457    [No]    [No]    1326      14  {28,29,30,31,32,33,34,35,36,37,38,39,40,41}
## EC_MEMINFO   1327   165            gs28r3b10    1327    1327 4027458    [No]    [No]    1327      14  {42,43,44,45,46,47,48,49,50,51,52,53,54,55}
## EC_MEMINFO   1328   166            gs28r3b11    1328    1328 1294988    [No]     Yes    1328      14  {0,1,2,3,4,5,6,7,8,9,10,11,12,13}
## EC_MEMINFO   1329   166            gs28r3b11    1329    1329 1294989    [No]    [No]    1329      14  {14,15,16,17,18,19,20,21,22,23,24,25,26,27}
## EC_MEMINFO   1330   166            gs28r3b11    1330    1330 1294990    [No]    [No]    1330      14  {28,29,30,31,32,33,34,35,36,37,38,39,40,41}
## EC_MEMINFO   1331   166            gs28r3b11    1331    1331 1294991    [No]    [No]    1331      14  {42,43,44,45,46,47,48,49,50,51,52,53,54,55}
## EC_MEMINFO   1332   166            gs28r3b11    1332    1332 1294992    [No]    [No]    1332      14  {56,57,58,59,60,61,62,63,64,65,66,67,68,69}
## EC_MEMINFO   1333   166            gs28r3b11    1333    1333 1294993    [No]    [No]    1333      14  {70,71,72,73,74,75,76,77,78,79,80,81,82,83}
## EC_MEMINFO   1334   166            gs28r3b11    1334    1334 1294994    [No]    [No]    1334      14  {84,85,86,87,88,89,90,91,92,93,94,95,96,97}
## EC_MEMINFO   1335   166            gs28r3b11    1335    1335 1294995    [No]    [No]    1335      14  {98,99,100,101,102,103,104,105,106,107,108,109,110,111}
## EC_MEMINFO   1336   167            gs28r3b12    1336    1336 2706538    [No]     Yes    1336      14  {56,57,58,59,60,61,62,63,64,65,66,67,68,69}
## EC_MEMINFO   1337   167            gs28r3b12    1337    1337 2706539    [No]    [No]    1337      14  {70,71,72,73,74,75,76,77,78,79,80,81,82,83}
## EC_MEMINFO   1338   167            gs28r3b12    1338    1338 2706540    [No]    [No]    1338      14  {84,85,86,87,88,89,90,91,92,93,94,95,96,97}
## EC_MEMINFO   1339   167            gs28r3b12    1339    1339 2706541    [No]    [No]    1339      14  {98,99,100,101,102,103,104,105,106,107,108,109,110,111}
## EC_MEMINFO   1340   167            gs28r3b12    1340    1340 2706542    [No]    [No]    1340      14  {0,1,2,3,4,5,6,7,8,9,10,11,12,13}
## EC_MEMINFO   1341   167            gs28r3b12    1341    1341 2706543    [No]    [No]    1341      14  {14,15,16,17,18,19,20,21,22,23,24,25,26,27}
## EC_MEMINFO   1342   167            gs28r3b12    1342    1342 2706544    [No]    [No]    1342      14  {28,29,30,31,32,33,34,35,36,37,38,39,40,41}
## EC_MEMINFO   1343   167            gs28r3b12    1343    1343 2706545    [No]    [No]    1343      14  {42,43,44,45,46,47,48,49,50,51,52,53,54,55}
## EC_MEMINFO   1344   168            gs28r3b13    1344    1344 3820693    [No]     Yes    1344      14  {0,1,2,3,4,5,6,7,8,9,10,11,12,13}
## EC_MEMINFO   1345   168            gs28r3b13    1345    1345 3820694    [No]    [No]    1345      14  {14,15,16,17,18,19,20,21,22,23,24,25,26,27}
## EC_MEMINFO   1346   168            gs28r3b13    1346    1346 3820695    [No]    [No]    1346      14  {28,29,30,31,32,33,34,35,36,37,38,39,40,41}
## EC_MEMINFO   1347   168            gs28r3b13    1347    1347 3820696    [No]    [No]    1347      14  {42,43,44,45,46,47,48,49,50,51,52,53,54,55}
## EC_MEMINFO   1348   168            gs28r3b13    1348    1348 3820697    [No]    [No]    1348      14  {56,57,58,59,60,61,62,63,64,65,66,67,68,69}
## EC_MEMINFO   1349   168            gs28r3b13    1349    1349 3820698    [No]    [No]    1349      14  {70,71,72,73,74,75,76,77,78,79,80,81,82,83}
## EC_MEMINFO   1350   168            gs28r3b13    1350    1350 3820699    [No]    [No]    1350      14  {84,85,86,87,88,89,90,91,92,93,94,95,96,97}
## EC_MEMINFO   1351   168            gs28r3b13    1351    1351 3820700    [No]    [No]    1351      14  {98,99,100,101,102,103,104,105,106,107,108,109,110,111}
## EC_MEMINFO   1352   169            gs28r3b14    1352    1352 3135900    [No]     Yes    1352      14  {56,57,58,59,60,61,62,63,64,65,66,67,68,69}
## EC_MEMINFO   1353   169            gs28r3b14    1353    1353 3135901    [No]    [No]    1353      14  {70,71,72,73,74,75,76,77,78,79,80,81,82,83}
## EC_MEMINFO   1354   169            gs28r3b14    1354    1354 3135902    [No]    [No]    1354      14  {84,85,86,87,88,89,90,91,92,93,94,95,96,97}
## EC_MEMINFO   1355   169            gs28r3b14    1355    1355 3135903    [No]    [No]    1355      14  {98,99,100,101,102,103,104,105,106,107,108,109,110,111}
## EC_MEMINFO   1356   169            gs28r3b14    1356    1356 3135904    [No]    [No]    1356      14  {0,1,2,3,4,5,6,7,8,9,10,11,12,13}
## EC_MEMINFO   1357   169            gs28r3b14    1357    1357 3135905    [No]    [No]    1357      14  {14,15,16,17,18,19,20,21,22,23,24,25,26,27}
## EC_MEMINFO   1358   169            gs28r3b14    1358    1358 3135906    [No]    [No]    1358      14  {28,29,30,31,32,33,34,35,36,37,38,39,40,41}
## EC_MEMINFO   1359   169            gs28r3b14    1359    1359 3135907    [No]    [No]    1359      14  {42,43,44,45,46,47,48,49,50,51,52,53,54,55}
## EC_MEMINFO   1360   170            gs28r3b15    1360    1360 2846415    [No]     Yes    1360      14  {0,1,2,3,4,5,6,7,8,9,10,11,12,13}
## EC_MEMINFO   1361   170            gs28r3b15    1361    1361 2846416    [No]    [No]    1361      14  {14,15,16,17,18,19,20,21,22,23,24,25,26,27}
## EC_MEMINFO   1362   170            gs28r3b15    1362    1362 2846417    [No]    [No]    1362      14  {28,29,30,31,32,33,34,35,36,37,38,39,40,41}
## EC_MEMINFO   1363   170            gs28r3b15    1363    1363 2846418    [No]    [No]    1363      14  {42,43,44,45,46,47,48,49,50,51,52,53,54,55}
## EC_MEMINFO   1364   170            gs28r3b15    1364    1364 2846419    [No]    [No]    1364      14  {56,57,58,59,60,61,62,63,64,65,66,67,68,69}
## EC_MEMINFO   1365   170            gs28r3b15    1365    1365 2846420    [No]    [No]    1365      14  {70,71,72,73,74,75,76,77,78,79,80,81,82,83}
## EC_MEMINFO   1366   170            gs28r3b15    1366    1366 2846421    [No]    [No]    1366      14  {84,85,86,87,88,89,90,91,92,93,94,95,96,97}
## EC_MEMINFO   1367   170            gs28r3b15    1367    1367 2846422    [No]    [No]    1367      14  {98,99,100,101,102,103,104,105,106,107,108,109,110,111}
## EC_MEMINFO   1368   171            gs28r3b16    1368    1368 1695115    [No]     Yes    1368      14  {56,57,58,59,60,61,62,63,64,65,66,67,68,69}
## EC_MEMINFO   1369   171            gs28r3b16    1369    1369 1695116    [No]    [No]    1369      14  {70,71,72,73,74,75,76,77,78,79,80,81,82,83}
## EC_MEMINFO   1370   171            gs28r3b16    1370    1370 1695117    [No]    [No]    1370      14  {84,85,86,87,88,89,90,91,92,93,94,95,96,97}
## EC_MEMINFO   1371   171            gs28r3b16    1371    1371 1695118    [No]    [No]    1371      14  {98,99,100,101,102,103,104,105,106,107,108,109,110,111}
## EC_MEMINFO   1372   171            gs28r3b16    1372    1372 1695119    [No]    [No]    1372      14  {0,1,2,3,4,5,6,7,8,9,10,11,12,13}
## EC_MEMINFO   1373   171            gs28r3b16    1373    1373 1695120    [No]    [No]    1373      14  {14,15,16,17,18,19,20,21,22,23,24,25,26,27}
## EC_MEMINFO   1374   171            gs28r3b16    1374    1374 1695121    [No]    [No]    1374      14  {28,29,30,31,32,33,34,35,36,37,38,39,40,41}
## EC_MEMINFO   1375   171            gs28r3b16    1375    1375 1695122    [No]    [No]    1375      14  {42,43,44,45,46,47,48,49,50,51,52,53,54,55}
## EC_MEMINFO   1376   172            gs28r3b17    1376    1376 2503488    [No]     Yes    1376      14  {0,1,2,3,4,5,6,7,8,9,10,11,12,13}
## EC_MEMINFO   1377   172            gs28r3b17    1377    1377 2503489    [No]    [No]    1377      14  {14,15,16,17,18,19,20,21,22,23,24,25,26,27}
## EC_MEMINFO   1378   172            gs28r3b17    1378    1378 2503490    [No]    [No]    1378      14  {28,29,30,31,32,33,34,35,36,37,38,39,40,41}
## EC_MEMINFO   1379   172            gs28r3b17    1379    1379 2503491    [No]    [No]    1379      14  {42,43,44,45,46,47,48,49,50,51,52,53,54,55}
## EC_MEMINFO   1380   172            gs28r3b17    1380    1380 2503492    [No]    [No]    1380      14  {56,57,58,59,60,61,62,63,64,65,66,67,68,69}
## EC_MEMINFO   1381   172            gs28r3b17    1381    1381 2503493    [No]    [No]    1381      14  {70,71,72,73,74,75,76,77,78,79,80,81,82,83}
## EC_MEMINFO   1382   172            gs28r3b17    1382    1382 2503494    [No]    [No]    1382      14  {84,85,86,87,88,89,90,91,92,93,94,95,96,97}
## EC_MEMINFO   1383   172            gs28r3b17    1383    1383 2503495    [No]    [No]    1383      14  {98,99,100,101,102,103,104,105,106,107,108,109,110,111}
## EC_MEMINFO   1384   173            gs28r3b18    1384    1384 2317552    [No]     Yes    1384      14  {56,57,58,59,60,61,62,63,64,65,66,67,68,69}
## EC_MEMINFO   1385   173            gs28r3b18    1385    1385 2317553    [No]    [No]    1385      14  {70,71,72,73,74,75,76,77,78,79,80,81,82,83}
## EC_MEMINFO   1386   173            gs28r3b18    1386    1386 2317554    [No]    [No]    1386      14  {84,85,86,87,88,89,90,91,92,93,94,95,96,97}
## EC_MEMINFO   1387   173            gs28r3b18    1387    1387 2317555    [No]    [No]    1387      14  {98,99,100,101,102,103,104,105,106,107,108,109,110,111}
## EC_MEMINFO   1388   173            gs28r3b18    1388    1388 2317556    [No]    [No]    1388      14  {0,1,2,3,4,5,6,7,8,9,10,11,12,13}
## EC_MEMINFO   1389   173            gs28r3b18    1389    1389 2317557    [No]    [No]    1389      14  {14,15,16,17,18,19,20,21,22,23,24,25,26,27}
## EC_MEMINFO   1390   173            gs28r3b18    1390    1390 2317558    [No]    [No]    1390      14  {28,29,30,31,32,33,34,35,36,37,38,39,40,41}
## EC_MEMINFO   1391   173            gs28r3b18    1391    1391 2317559    [No]    [No]    1391      14  {42,43,44,45,46,47,48,49,50,51,52,53,54,55}
## EC_MEMINFO   1392   174            gs28r3b19    1392    1392 3416024    [No]     Yes    1392      14  {0,1,2,3,4,5,6,7,8,9,10,11,12,13}
## EC_MEMINFO   1393   174            gs28r3b19    1393    1393 3416025    [No]    [No]    1393      14  {14,15,16,17,18,19,20,21,22,23,24,25,26,27}
## EC_MEMINFO   1394   174            gs28r3b19    1394    1394 3416026    [No]    [No]    1394      14  {28,29,30,31,32,33,34,35,36,37,38,39,40,41}
## EC_MEMINFO   1395   174            gs28r3b19    1395    1395 3416027    [No]    [No]    1395      14  {42,43,44,45,46,47,48,49,50,51,52,53,54,55}
## EC_MEMINFO   1396   174            gs28r3b19    1396    1396 3416028    [No]    [No]    1396      14  {56,57,58,59,60,61,62,63,64,65,66,67,68,69}
## EC_MEMINFO   1397   174            gs28r3b19    1397    1397 3416029    [No]    [No]    1397      14  {70,71,72,73,74,75,76,77,78,79,80,81,82,83}
## EC_MEMINFO   1398   174            gs28r3b19    1398    1398 3416030    [No]    [No]    1398      14  {84,85,86,87,88,89,90,91,92,93,94,95,96,97}
## EC_MEMINFO   1399   174            gs28r3b19    1399    1399 3416031    [No]    [No]    1399      14  {98,99,100,101,102,103,104,105,106,107,108,109,110,111}
## EC_MEMINFO   1400   175            gs28r3b20    1400    1400 3213546    [No]     Yes    1400      14  {56,57,58,59,60,61,62,63,64,65,66,67,68,69}
## EC_MEMINFO   1401   175            gs28r3b20    1401    1401 3213547    [No]    [No]    1401      14  {70,71,72,73,74,75,76,77,78,79,80,81,82,83}
## EC_MEMINFO   1402   175            gs28r3b20    1402    1402 3213548    [No]    [No]    1402      14  {84,85,86,87,88,89,90,91,92,93,94,95,96,97}
## EC_MEMINFO   1403   175            gs28r3b20    1403    1403 3213549    [No]    [No]    1403      14  {98,99,100,101,102,103,104,105,106,107,108,109,110,111}
## EC_MEMINFO   1404   175            gs28r3b20    1404    1404 3213550    [No]    [No]    1404      14  {0,1,2,3,4,5,6,7,8,9,10,11,12,13}
## EC_MEMINFO   1405   175            gs28r3b20    1405    1405 3213551    [No]    [No]    1405      14  {14,15,16,17,18,19,20,21,22,23,24,25,26,27}
## EC_MEMINFO   1406   175            gs28r3b20    1406    1406 3213552    [No]    [No]    1406      14  {28,29,30,31,32,33,34,35,36,37,38,39,40,41}
## EC_MEMINFO   1407   175            gs28r3b20    1407    1407 3213553    [No]    [No]    1407      14  {42,43,44,45,46,47,48,49,50,51,52,53,54,55}
## EC_MEMINFO   1408   176            gs28r3b21    1408    1408 3725584    [No]     Yes    1408      14  {0,1,2,3,4,5,6,7,8,9,10,11,12,13}
## EC_MEMINFO   1409   176            gs28r3b21    1409    1409 3725585    [No]    [No]    1409      14  {14,15,16,17,18,19,20,21,22,23,24,25,26,27}
## EC_MEMINFO   1410   176            gs28r3b21    1410    1410 3725586    [No]    [No]    1410      14  {28,29,30,31,32,33,34,35,36,37,38,39,40,41}
## EC_MEMINFO   1411   176            gs28r3b21    1411    1411 3725587    [No]    [No]    1411      14  {42,43,44,45,46,47,48,49,50,51,52,53,54,55}
## EC_MEMINFO   1412   176            gs28r3b21    1412    1412 3725588    [No]    [No]    1412      14  {56,57,58,59,60,61,62,63,64,65,66,67,68,69}
## EC_MEMINFO   1413   176            gs28r3b21    1413    1413 3725589    [No]    [No]    1413      14  {70,71,72,73,74,75,76,77,78,79,80,81,82,83}
## EC_MEMINFO   1414   176            gs28r3b21    1414    1414 3725590    [No]    [No]    1414      14  {84,85,86,87,88,89,90,91,92,93,94,95,96,97}
## EC_MEMINFO   1415   176            gs28r3b21    1415    1415 3725591    [No]    [No]    1415      14  {98,99,100,101,102,103,104,105,106,107,108,109,110,111}
## EC_MEMINFO   1416   177            gs28r3b22    1416    1416 1731388    [No]     Yes    1416      14  {56,57,58,59,60,61,62,63,64,65,66,67,68,69}
## EC_MEMINFO   1417   177            gs28r3b22    1417    1417 1731389    [No]    [No]    1417      14  {70,71,72,73,74,75,76,77,78,79,80,81,82,83}
## EC_MEMINFO   1418   177            gs28r3b22    1418    1418 1731390    [No]    [No]    1418      14  {84,85,86,87,88,89,90,91,92,93,94,95,96,97}
## EC_MEMINFO   1419   177            gs28r3b22    1419    1419 1731391    [No]    [No]    1419      14  {98,99,100,101,102,103,104,105,106,107,108,109,110,111}
## EC_MEMINFO   1420   177            gs28r3b22    1420    1420 1731392    [No]    [No]    1420      14  {0,1,2,3,4,5,6,7,8,9,10,11,12,13}
## EC_MEMINFO   1421   177            gs28r3b22    1421    1421 1731393    [No]    [No]    1421      14  {14,15,16,17,18,19,20,21,22,23,24,25,26,27}
## EC_MEMINFO   1422   177            gs28r3b22    1422    1422 1731394    [No]    [No]    1422      14  {28,29,30,31,32,33,34,35,36,37,38,39,40,41}
## EC_MEMINFO   1423   177            gs28r3b22    1423    1423 1731395    [No]    [No]    1423      14  {42,43,44,45,46,47,48,49,50,51,52,53,54,55}
## EC_MEMINFO   1424   178            gs28r3b23    1424    1424 3760151    [No]     Yes    1424      14  {0,1,2,3,4,5,6,7,8,9,10,11,12,13}
## EC_MEMINFO   1425   178            gs28r3b23    1425    1425 3760152    [No]    [No]    1425      14  {14,15,16,17,18,19,20,21,22,23,24,25,26,27}
## EC_MEMINFO   1426   178            gs28r3b23    1426    1426 3760153    [No]    [No]    1426      14  {28,29,30,31,32,33,34,35,36,37,38,39,40,41}
## EC_MEMINFO   1427   178            gs28r3b23    1427    1427 3760154    [No]    [No]    1427      14  {42,43,44,45,46,47,48,49,50,51,52,53,54,55}
## EC_MEMINFO   1428   178            gs28r3b23    1428    1428 3760155    [No]    [No]    1428      14  {56,57,58,59,60,61,62,63,64,65,66,67,68,69}
## EC_MEMINFO   1429   178            gs28r3b23    1429    1429 3760156    [No]    [No]    1429      14  {70,71,72,73,74,75,76,77,78,79,80,81,82,83}
## EC_MEMINFO   1430   178            gs28r3b23    1430    1430 3760157    [No]    [No]    1430      14  {84,85,86,87,88,89,90,91,92,93,94,95,96,97}
## EC_MEMINFO   1431   178            gs28r3b23    1431    1431 3760158    [No]    [No]    1431      14  {98,99,100,101,102,103,104,105,106,107,108,109,110,111}
## EC_MEMINFO   1432   179            gs28r3b24    1432    1432 2275226    [No]     Yes    1432      14  {56,57,58,59,60,61,62,63,64,65,66,67,68,69}
## EC_MEMINFO   1433   179            gs28r3b24    1433    1433 2275227    [No]    [No]    1433      14  {70,71,72,73,74,75,76,77,78,79,80,81,82,83}
## EC_MEMINFO   1434   179            gs28r3b24    1434    1434 2275228    [No]    [No]    1434      14  {84,85,86,87,88,89,90,91,92,93,94,95,96,97}
## EC_MEMINFO   1435   179            gs28r3b24    1435    1435 2275229    [No]    [No]    1435      14  {98,99,100,101,102,103,104,105,106,107,108,109,110,111}
## EC_MEMINFO   1436   179            gs28r3b24    1436    1436 2275230    [No]    [No]    1436      14  {0,1,2,3,4,5,6,7,8,9,10,11,12,13}
## EC_MEMINFO   1437   179            gs28r3b24    1437    1437 2275231    [No]    [No]    1437      14  {14,15,16,17,18,19,20,21,22,23,24,25,26,27}
## EC_MEMINFO   1438   179            gs28r3b24    1438    1438 2275232    [No]    [No]    1438      14  {28,29,30,31,32,33,34,35,36,37,38,39,40,41}
## EC_MEMINFO   1439   179            gs28r3b24    1439    1439 2275233    [No]    [No]    1439      14  {42,43,44,45,46,47,48,49,50,51,52,53,54,55}
## EC_MEMINFO   1440   180            gs28r3b25    1440    1440 1950648    [No]     Yes    1440      14  {0,1,2,3,4,5,6,7,8,9,10,11,12,13}
## EC_MEMINFO   1441   180            gs28r3b25    1441    1441 1950649    [No]    [No]    1441      14  {14,15,16,17,18,19,20,21,22,23,24,25,26,27}
## EC_MEMINFO   1442   180            gs28r3b25    1442    1442 1950650    [No]    [No]    1442      14  {28,29,30,31,32,33,34,35,36,37,38,39,40,41}
## EC_MEMINFO   1443   180            gs28r3b25    1443    1443 1950651    [No]    [No]    1443      14  {42,43,44,45,46,47,48,49,50,51,52,53,54,55}
## EC_MEMINFO   1444   180            gs28r3b25    1444    1444 1950652    [No]    [No]    1444      14  {56,57,58,59,60,61,62,63,64,65,66,67,68,69}
## EC_MEMINFO   1445   180            gs28r3b25    1445    1445 1950653    [No]    [No]    1445      14  {70,71,72,73,74,75,76,77,78,79,80,81,82,83}
## EC_MEMINFO   1446   180            gs28r3b25    1446    1446 1950654    [No]    [No]    1446      14  {84,85,86,87,88,89,90,91,92,93,94,95,96,97}
## EC_MEMINFO   1447   180            gs28r3b25    1447    1447 1950655    [No]    [No]    1447      14  {98,99,100,101,102,103,104,105,106,107,108,109,110,111}
## EC_MEMINFO   1448   181            gs28r3b26    1448    1448  478921    [No]     Yes    1448      14  {56,57,58,59,60,61,62,63,64,65,66,67,68,69}
## EC_MEMINFO   1449   181            gs28r3b26    1449    1449  478922    [No]    [No]    1449      14  {70,71,72,73,74,75,76,77,78,79,80,81,82,83}
## EC_MEMINFO   1450   181            gs28r3b26    1450    1450  478923    [No]    [No]    1450      14  {84,85,86,87,88,89,90,91,92,93,94,95,96,97}
## EC_MEMINFO   1451   181            gs28r3b26    1451    1451  478924    [No]    [No]    1451      14  {98,99,100,101,102,103,104,105,106,107,108,109,110,111}
## EC_MEMINFO   1452   181            gs28r3b26    1452    1452  478925    [No]    [No]    1452      14  {0,1,2,3,4,5,6,7,8,9,10,11,12,13}
## EC_MEMINFO   1453   181            gs28r3b26    1453    1453  478926    [No]    [No]    1453      14  {14,15,16,17,18,19,20,21,22,23,24,25,26,27}
## EC_MEMINFO   1454   181            gs28r3b26    1454    1454  478927    [No]    [No]    1454      14  {28,29,30,31,32,33,34,35,36,37,38,39,40,41}
## EC_MEMINFO   1455   181            gs28r3b26    1455    1455  478928    [No]    [No]    1455      14  {42,43,44,45,46,47,48,49,50,51,52,53,54,55}
## EC_MEMINFO   1456   182            gs28r3b27    1456    1456 2390599    [No]     Yes    1456      14  {0,1,2,3,4,5,6,7,8,9,10,11,12,13}
## EC_MEMINFO   1457   182            gs28r3b27    1457    1457 2390600    [No]    [No]    1457      14  {14,15,16,17,18,19,20,21,22,23,24,25,26,27}
## EC_MEMINFO   1458   182            gs28r3b27    1458    1458 2390601    [No]    [No]    1458      14  {28,29,30,31,32,33,34,35,36,37,38,39,40,41}
## EC_MEMINFO   1459   182            gs28r3b27    1459    1459 2390602    [No]    [No]    1459      14  {42,43,44,45,46,47,48,49,50,51,52,53,54,55}
## EC_MEMINFO   1460   182            gs28r3b27    1460    1460 2390603    [No]    [No]    1460      14  {56,57,58,59,60,61,62,63,64,65,66,67,68,69}
## EC_MEMINFO   1461   182            gs28r3b27    1461    1461 2390604    [No]    [No]    1461      14  {70,71,72,73,74,75,76,77,78,79,80,81,82,83}
## EC_MEMINFO   1462   182            gs28r3b27    1462    1462 2390605    [No]    [No]    1462      14  {84,85,86,87,88,89,90,91,92,93,94,95,96,97}
## EC_MEMINFO   1463   182            gs28r3b27    1463    1463 2390606    [No]    [No]    1463      14  {98,99,100,101,102,103,104,105,106,107,108,109,110,111}
## EC_MEMINFO   1464   183            gs28r3b28    1464    1464 2411286    [No]     Yes    1464      14  {56,57,58,59,60,61,62,63,64,65,66,67,68,69}
## EC_MEMINFO   1465   183            gs28r3b28    1465    1465 2411287    [No]    [No]    1465      14  {70,71,72,73,74,75,76,77,78,79,80,81,82,83}
## EC_MEMINFO   1466   183            gs28r3b28    1466    1466 2411288    [No]    [No]    1466      14  {84,85,86,87,88,89,90,91,92,93,94,95,96,97}
## EC_MEMINFO   1467   183            gs28r3b28    1467    1467 2411289    [No]    [No]    1467      14  {98,99,100,101,102,103,104,105,106,107,108,109,110,111}
## EC_MEMINFO   1468   183            gs28r3b28    1468    1468 2411290    [No]    [No]    1468      14  {0,1,2,3,4,5,6,7,8,9,10,11,12,13}
## EC_MEMINFO   1469   183            gs28r3b28    1469    1469 2411291    [No]    [No]    1469      14  {14,15,16,17,18,19,20,21,22,23,24,25,26,27}
## EC_MEMINFO   1470   183            gs28r3b28    1470    1470 2411292    [No]    [No]    1470      14  {28,29,30,31,32,33,34,35,36,37,38,39,40,41}
## EC_MEMINFO   1471   183            gs28r3b28    1471    1471 2411293    [No]    [No]    1471      14  {42,43,44,45,46,47,48,49,50,51,52,53,54,55}
## EC_MEMINFO   1472   184            gs28r3b29    1472    1472  284042    [No]     Yes    1472      14  {0,1,2,3,4,5,6,7,8,9,10,11,12,13}
## EC_MEMINFO   1473   184            gs28r3b29    1473    1473  284043    [No]    [No]    1473      14  {14,15,16,17,18,19,20,21,22,23,24,25,26,27}
## EC_MEMINFO   1474   184            gs28r3b29    1474    1474  284044    [No]    [No]    1474      14  {28,29,30,31,32,33,34,35,36,37,38,39,40,41}
## EC_MEMINFO   1475   184            gs28r3b29    1475    1475  284045    [No]    [No]    1475      14  {42,43,44,45,46,47,48,49,50,51,52,53,54,55}
## EC_MEMINFO   1476   184            gs28r3b29    1476    1476  284046    [No]    [No]    1476      14  {56,57,58,59,60,61,62,63,64,65,66,67,68,69}
## EC_MEMINFO   1477   184            gs28r3b29    1477    1477  284047    [No]    [No]    1477      14  {70,71,72,73,74,75,76,77,78,79,80,81,82,83}
## EC_MEMINFO   1478   184            gs28r3b29    1478    1478  284048    [No]    [No]    1478      14  {84,85,86,87,88,89,90,91,92,93,94,95,96,97}
## EC_MEMINFO   1479   184            gs28r3b29    1479    1479  284049    [No]    [No]    1479      14  {98,99,100,101,102,103,104,105,106,107,108,109,110,111}
## EC_MEMINFO   1480   185            gs28r3b30    1480    1480 1874429    [No]     Yes    1480      14  {56,57,58,59,60,61,62,63,64,65,66,67,68,69}
## EC_MEMINFO   1481   185            gs28r3b30    1481    1481 1874430    [No]    [No]    1481      14  {70,71,72,73,74,75,76,77,78,79,80,81,82,83}
## EC_MEMINFO   1482   185            gs28r3b30    1482    1482 1874431    [No]    [No]    1482      14  {84,85,86,87,88,89,90,91,92,93,94,95,96,97}
## EC_MEMINFO   1483   185            gs28r3b30    1483    1483 1874432    [No]    [No]    1483      14  {98,99,100,101,102,103,104,105,106,107,108,109,110,111}
## EC_MEMINFO   1484   185            gs28r3b30    1484    1484 1874433    [No]    [No]    1484      14  {0,1,2,3,4,5,6,7,8,9,10,11,12,13}
## EC_MEMINFO   1485   185            gs28r3b30    1485    1485 1874434    [No]    [No]    1485      14  {14,15,16,17,18,19,20,21,22,23,24,25,26,27}
## EC_MEMINFO   1486   185            gs28r3b30    1486    1486 1874435    [No]    [No]    1486      14  {28,29,30,31,32,33,34,35,36,37,38,39,40,41}
## EC_MEMINFO   1487   185            gs28r3b30    1487    1487 1874436    [No]    [No]    1487      14  {42,43,44,45,46,47,48,49,50,51,52,53,54,55}
## EC_MEMINFO   1488   186            gs28r3b33    1488    1488 3980425    [No]     Yes    1488      14  {0,1,2,3,4,5,6,7,8,9,10,11,12,13}
## EC_MEMINFO   1489   186            gs28r3b33    1489    1489 3980426    [No]    [No]    1489      14  {14,15,16,17,18,19,20,21,22,23,24,25,26,27}
## EC_MEMINFO   1490   186            gs28r3b33    1490    1490 3980427    [No]    [No]    1490      14  {28,29,30,31,32,33,34,35,36,37,38,39,40,41}
## EC_MEMINFO   1491   186            gs28r3b33    1491    1491 3980428    [No]    [No]    1491      14  {42,43,44,45,46,47,48,49,50,51,52,53,54,55}
## EC_MEMINFO   1492   186            gs28r3b33    1492    1492 3980429    [No]    [No]    1492      14  {56,57,58,59,60,61,62,63,64,65,66,67,68,69}
## EC_MEMINFO   1493   186            gs28r3b33    1493    1493 3980430    [No]    [No]    1493      14  {70,71,72,73,74,75,76,77,78,79,80,81,82,83}
## EC_MEMINFO   1494   186            gs28r3b33    1494    1494 3980431    [No]    [No]    1494      14  {84,85,86,87,88,89,90,91,92,93,94,95,96,97}
## EC_MEMINFO   1495   186            gs28r3b33    1495    1495 3980432    [No]    [No]    1495      14  {98,99,100,101,102,103,104,105,106,107,108,109,110,111}
## EC_MEMINFO   1496   187            gs28r3b34    1496    1496 3200779    [No]     Yes    1496      14  {56,57,58,59,60,61,62,63,64,65,66,67,68,69}
## EC_MEMINFO   1497   187            gs28r3b34    1497    1497 3200780    [No]    [No]    1497      14  {70,71,72,73,74,75,76,77,78,79,80,81,82,83}
## EC_MEMINFO   1498   187            gs28r3b34    1498    1498 3200781    [No]    [No]    1498      14  {84,85,86,87,88,89,90,91,92,93,94,95,96,97}
## EC_MEMINFO   1499   187            gs28r3b34    1499    1499 3200782    [No]    [No]    1499      14  {98,99,100,101,102,103,104,105,106,107,108,109,110,111}
## EC_MEMINFO   1500   187            gs28r3b34    1500    1500 3200783    [No]    [No]    1500      14  {0,1,2,3,4,5,6,7,8,9,10,11,12,13}
## EC_MEMINFO   1501   187            gs28r3b34    1501    1501 3200784    [No]    [No]    1501      14  {14,15,16,17,18,19,20,21,22,23,24,25,26,27}
## EC_MEMINFO   1502   187            gs28r3b34    1502    1502 3200785    [No]    [No]    1502      14  {28,29,30,31,32,33,34,35,36,37,38,39,40,41}
## EC_MEMINFO   1503   187            gs28r3b34    1503    1503 3200786    [No]    [No]    1503      14  {42,43,44,45,46,47,48,49,50,51,52,53,54,55}
## EC_MEMINFO   1504   188            gs28r3b35    1504    1504 1440904    [No]     Yes    1504      14  {0,1,2,3,4,5,6,7,8,9,10,11,12,13}
## EC_MEMINFO   1505   188            gs28r3b35    1505    1505 1440905    [No]    [No]    1505      14  {14,15,16,17,18,19,20,21,22,23,24,25,26,27}
## EC_MEMINFO   1506   188            gs28r3b35    1506    1506 1440906    [No]    [No]    1506      14  {28,29,30,31,32,33,34,35,36,37,38,39,40,41}
## EC_MEMINFO   1507   188            gs28r3b35    1507    1507 1440907    [No]    [No]    1507      14  {42,43,44,45,46,47,48,49,50,51,52,53,54,55}
## EC_MEMINFO   1508   188            gs28r3b35    1508    1508 1440908    [No]    [No]    1508      14  {56,57,58,59,60,61,62,63,64,65,66,67,68,69}
## EC_MEMINFO   1509   188            gs28r3b35    1509    1509 1440909    [No]    [No]    1509      14  {70,71,72,73,74,75,76,77,78,79,80,81,82,83}
## EC_MEMINFO   1510   188            gs28r3b35    1510    1510 1440910    [No]    [No]    1510      14  {84,85,86,87,88,89,90,91,92,93,94,95,96,97}
## EC_MEMINFO   1511   188            gs28r3b35    1511    1511 1440911    [No]    [No]    1511      14  {98,99,100,101,102,103,104,105,106,107,108,109,110,111}
## EC_MEMINFO   1512   189            gs28r3b37    1512    1512 4187284    [No]     Yes    1512      14  {0,1,2,3,4,5,6,7,8,9,10,11,12,13}
## EC_MEMINFO   1513   189            gs28r3b37    1513    1513 4187285    [No]    [No]    1513      14  {14,15,16,17,18,19,20,21,22,23,24,25,26,27}
## EC_MEMINFO   1514   189            gs28r3b37    1514    1514 4187286    [No]    [No]    1514      14  {28,29,30,31,32,33,34,35,36,37,38,39,40,41}
## EC_MEMINFO   1515   189            gs28r3b37    1515    1515 4187287    [No]    [No]    1515      14  {42,43,44,45,46,47,48,49,50,51,52,53,54,55}
## EC_MEMINFO   1516   189            gs28r3b37    1516    1516 4187288    [No]    [No]    1516      14  {56,57,58,59,60,61,62,63,64,65,66,67,68,69}
## EC_MEMINFO   1517   189            gs28r3b37    1517    1517 4187289    [No]    [No]    1517      14  {70,71,72,73,74,75,76,77,78,79,80,81,82,83}
## EC_MEMINFO   1518   189            gs28r3b37    1518    1518 4187290    [No]    [No]    1518      14  {84,85,86,87,88,89,90,91,92,93,94,95,96,97}
## EC_MEMINFO   1519   189            gs28r3b37    1519    1519 4187291    [No]    [No]    1519      14  {98,99,100,101,102,103,104,105,106,107,108,109,110,111}
## EC_MEMINFO   1520   190            gs28r3b38    1520    1520  713593    [No]     Yes    1520      14  {56,57,58,59,60,61,62,63,64,65,66,67,68,69}
## EC_MEMINFO   1521   190            gs28r3b38    1521    1521  713594    [No]    [No]    1521      14  {70,71,72,73,74,75,76,77,78,79,80,81,82,83}
## EC_MEMINFO   1522   190            gs28r3b38    1522    1522  713595    [No]    [No]    1522      14  {84,85,86,87,88,89,90,91,92,93,94,95,96,97}
## EC_MEMINFO   1523   190            gs28r3b38    1523    1523  713596    [No]    [No]    1523      14  {98,99,100,101,102,103,104,105,106,107,108,109,110,111}
## EC_MEMINFO   1524   190            gs28r3b38    1524    1524  713597    [No]    [No]    1524      14  {0,1,2,3,4,5,6,7,8,9,10,11,12,13}
## EC_MEMINFO   1525   190            gs28r3b38    1525    1525  713598    [No]    [No]    1525      14  {14,15,16,17,18,19,20,21,22,23,24,25,26,27}
## EC_MEMINFO   1526   190            gs28r3b38    1526    1526  713599    [No]    [No]    1526      14  {28,29,30,31,32,33,34,35,36,37,38,39,40,41}
## EC_MEMINFO   1527   190            gs28r3b38    1527    1527  713600    [No]    [No]    1527      14  {42,43,44,45,46,47,48,49,50,51,52,53,54,55}
## EC_MEMINFO   1528   191            gs28r3b41    1528    1528  916599    [No]     Yes    1528      14  {0,1,2,3,4,5,6,7,8,9,10,11,12,13}
## EC_MEMINFO   1529   191            gs28r3b41    1529    1529  916600    [No]    [No]    1529      14  {14,15,16,17,18,19,20,21,22,23,24,25,26,27}
## EC_MEMINFO   1530   191            gs28r3b41    1530    1530  916601    [No]    [No]    1530      14  {28,29,30,31,32,33,34,35,36,37,38,39,40,41}
## EC_MEMINFO   1531   191            gs28r3b41    1531    1531  916602    [No]    [No]    1531      14  {42,43,44,45,46,47,48,49,50,51,52,53,54,55}
## EC_MEMINFO   1532   191            gs28r3b41    1532    1532  916603    [No]    [No]    1532      14  {56,57,58,59,60,61,62,63,64,65,66,67,68,69}
## EC_MEMINFO   1533   191            gs28r3b41    1533    1533  916604    [No]    [No]    1533      14  {70,71,72,73,74,75,76,77,78,79,80,81,82,83}
## EC_MEMINFO   1534   191            gs28r3b41    1534    1534  916605    [No]    [No]    1534      14  {84,85,86,87,88,89,90,91,92,93,94,95,96,97}
## EC_MEMINFO   1535   191            gs28r3b41    1535    1535  916606    [No]    [No]    1535      14  {98,99,100,101,102,103,104,105,106,107,108,109,110,111}
## EC_MEMINFO   1536   192            gs28r3b44    1536    1536 1715860    [No]     Yes    1536      14  {56,57,58,59,60,61,62,63,64,65,66,67,68,69}
## EC_MEMINFO   1537   192            gs28r3b44    1537    1537 1715861    [No]    [No]    1537      14  {70,71,72,73,74,75,76,77,78,79,80,81,82,83}
## EC_MEMINFO   1538   192            gs28r3b44    1538    1538 1715862    [No]    [No]    1538      14  {84,85,86,87,88,89,90,91,92,93,94,95,96,97}
## EC_MEMINFO   1539   192            gs28r3b44    1539    1539 1715863    [No]    [No]    1539      14  {98,99,100,101,102,103,104,105,106,107,108,109,110,111}
## EC_MEMINFO   1540   192            gs28r3b44    1540    1540 1715864    [No]    [No]    1540      14  {0,1,2,3,4,5,6,7,8,9,10,11,12,13}
## EC_MEMINFO   1541   192            gs28r3b44    1541    1541 1715865    [No]    [No]    1541      14  {14,15,16,17,18,19,20,21,22,23,24,25,26,27}
## EC_MEMINFO   1542   192            gs28r3b44    1542    1542 1715866    [No]    [No]    1542      14  {28,29,30,31,32,33,34,35,36,37,38,39,40,41}
## EC_MEMINFO   1543   192            gs28r3b44    1543    1543 1715867    [No]    [No]    1543      14  {42,43,44,45,46,47,48,49,50,51,52,53,54,55}
## EC_MEMINFO   1544   193            gs28r3b45    1544    1544  933832    [No]     Yes    1544      14  {0,1,2,3,4,5,6,7,8,9,10,11,12,13}
## EC_MEMINFO   1545   193            gs28r3b45    1545    1545  933833    [No]    [No]    1545      14  {14,15,16,17,18,19,20,21,22,23,24,25,26,27}
## EC_MEMINFO   1546   193            gs28r3b45    1546    1546  933834    [No]    [No]    1546      14  {28,29,30,31,32,33,34,35,36,37,38,39,40,41}
## EC_MEMINFO   1547   193            gs28r3b45    1547    1547  933835    [No]    [No]    1547      14  {42,43,44,45,46,47,48,49,50,51,52,53,54,55}
## EC_MEMINFO   1548   193            gs28r3b45    1548    1548  933836    [No]    [No]    1548      14  {56,57,58,59,60,61,62,63,64,65,66,67,68,69}
## EC_MEMINFO   1549   193            gs28r3b45    1549    1549  933837    [No]    [No]    1549      14  {70,71,72,73,74,75,76,77,78,79,80,81,82,83}
## EC_MEMINFO   1550   193            gs28r3b45    1550    1550  933838    [No]    [No]    1550      14  {84,85,86,87,88,89,90,91,92,93,94,95,96,97}
## EC_MEMINFO   1551   193            gs28r3b45    1551    1551  933839    [No]    [No]    1551      14  {98,99,100,101,102,103,104,105,106,107,108,109,110,111}
## EC_MEMINFO   1552   194            gs28r3b58    1552    1552  915658    [No]     Yes    1552      14  {56,57,58,59,60,61,62,63,64,65,66,67,68,69}
## EC_MEMINFO   1553   194            gs28r3b58    1553    1553  915659    [No]    [No]    1553      14  {70,71,72,73,74,75,76,77,78,79,80,81,82,83}
## EC_MEMINFO   1554   194            gs28r3b58    1554    1554  915660    [No]    [No]    1554      14  {84,85,86,87,88,89,90,91,92,93,94,95,96,97}
## EC_MEMINFO   1555   194            gs28r3b58    1555    1555  915661    [No]    [No]    1555      14  {98,99,100,101,102,103,104,105,106,107,108,109,110,111}
## EC_MEMINFO   1556   194            gs28r3b58    1556    1556  915662    [No]    [No]    1556      14  {0,1,2,3,4,5,6,7,8,9,10,11,12,13}
## EC_MEMINFO   1557   194            gs28r3b58    1557    1557  915663    [No]    [No]    1557      14  {14,15,16,17,18,19,20,21,22,23,24,25,26,27}
## EC_MEMINFO   1558   194            gs28r3b58    1558    1558  915664    [No]    [No]    1558      14  {28,29,30,31,32,33,34,35,36,37,38,39,40,41}
## EC_MEMINFO   1559   194            gs28r3b58    1559    1559  915665    [No]    [No]    1559      14  {42,43,44,45,46,47,48,49,50,51,52,53,54,55}
## EC_MEMINFO   1560   195            gs28r3b59    1560    1560 1443726    [No]     Yes    1560      14  {0,1,2,3,4,5,6,7,8,9,10,11,12,13}
## EC_MEMINFO   1561   195            gs28r3b59    1561    1561 1443727    [No]    [No]    1561      14  {14,15,16,17,18,19,20,21,22,23,24,25,26,27}
## EC_MEMINFO   1562   195            gs28r3b59    1562    1562 1443728    [No]    [No]    1562      14  {28,29,30,31,32,33,34,35,36,37,38,39,40,41}
## EC_MEMINFO   1563   195            gs28r3b59    1563    1563 1443729    [No]    [No]    1563      14  {42,43,44,45,46,47,48,49,50,51,52,53,54,55}
## EC_MEMINFO   1564   195            gs28r3b59    1564    1564 1443730    [No]    [No]    1564      14  {56,57,58,59,60,61,62,63,64,65,66,67,68,69}
## EC_MEMINFO   1565   195            gs28r3b59    1565    1565 1443731    [No]    [No]    1565      14  {70,71,72,73,74,75,76,77,78,79,80,81,82,83}
## EC_MEMINFO   1566   195            gs28r3b59    1566    1566 1443732    [No]    [No]    1566      14  {84,85,86,87,88,89,90,91,92,93,94,95,96,97}
## EC_MEMINFO   1567   195            gs28r3b59    1567    1567 1443733    [No]    [No]    1567      14  {98,99,100,101,102,103,104,105,106,107,108,109,110,111}
## EC_MEMINFO   1568   196            gs28r3b60    1568    1568  740059    [No]     Yes    1568      14  {56,57,58,59,60,61,62,63,64,65,66,67,68,69}
## EC_MEMINFO   1569   196            gs28r3b60    1569    1569  740060    [No]    [No]    1569      14  {70,71,72,73,74,75,76,77,78,79,80,81,82,83}
## EC_MEMINFO   1570   196            gs28r3b60    1570    1570  740061    [No]    [No]    1570      14  {84,85,86,87,88,89,90,91,92,93,94,95,96,97}
## EC_MEMINFO   1571   196            gs28r3b60    1571    1571  740062    [No]    [No]    1571      14  {98,99,100,101,102,103,104,105,106,107,108,109,110,111}
## EC_MEMINFO   1572   196            gs28r3b60    1572    1572  740063    [No]    [No]    1572      14  {0,1,2,3,4,5,6,7,8,9,10,11,12,13}
## EC_MEMINFO   1573   196            gs28r3b60    1573    1573  740064    [No]    [No]    1573      14  {14,15,16,17,18,19,20,21,22,23,24,25,26,27}
## EC_MEMINFO   1574   196            gs28r3b60    1574    1574  740065    [No]    [No]    1574      14  {28,29,30,31,32,33,34,35,36,37,38,39,40,41}
## EC_MEMINFO   1575   196            gs28r3b60    1575    1575  740066    [No]    [No]    1575      14  {42,43,44,45,46,47,48,49,50,51,52,53,54,55}
## EC_MEMINFO   1576   197            gs28r3b61    1576    1576 2447308    [No]     Yes    1576      14  {0,1,2,3,4,5,6,7,8,9,10,11,12,13}
## EC_MEMINFO   1577   197            gs28r3b61    1577    1577 2447309    [No]    [No]    1577      14  {14,15,16,17,18,19,20,21,22,23,24,25,26,27}
## EC_MEMINFO   1578   197            gs28r3b61    1578    1578 2447310    [No]    [No]    1578      14  {28,29,30,31,32,33,34,35,36,37,38,39,40,41}
## EC_MEMINFO   1579   197            gs28r3b61    1579    1579 2447311    [No]    [No]    1579      14  {42,43,44,45,46,47,48,49,50,51,52,53,54,55}
## EC_MEMINFO   1580   197            gs28r3b61    1580    1580 2447312    [No]    [No]    1580      14  {56,57,58,59,60,61,62,63,64,65,66,67,68,69}
## EC_MEMINFO   1581   197            gs28r3b61    1581    1581 2447313    [No]    [No]    1581      14  {70,71,72,73,74,75,76,77,78,79,80,81,82,83}
## EC_MEMINFO   1582   197            gs28r3b61    1582    1582 2447314    [No]    [No]    1582      14  {84,85,86,87,88,89,90,91,92,93,94,95,96,97}
## EC_MEMINFO   1583   197            gs28r3b61    1583    1583 2447315    [No]    [No]    1583      14  {98,99,100,101,102,103,104,105,106,107,108,109,110,111}
## EC_MEMINFO   1584   198            gs28r3b62    1584    1584 1511022    [No]     Yes    1584      14  {56,57,58,59,60,61,62,63,64,65,66,67,68,69}
## EC_MEMINFO   1585   198            gs28r3b62    1585    1585 1511023    [No]    [No]    1585      14  {70,71,72,73,74,75,76,77,78,79,80,81,82,83}
## EC_MEMINFO   1586   198            gs28r3b62    1586    1586 1511024    [No]    [No]    1586      14  {84,85,86,87,88,89,90,91,92,93,94,95,96,97}
## EC_MEMINFO   1587   198            gs28r3b62    1587    1587 1511025    [No]    [No]    1587      14  {98,99,100,101,102,103,104,105,106,107,108,109,110,111}
## EC_MEMINFO   1588   198            gs28r3b62    1588    1588 1511026    [No]    [No]    1588      14  {0,1,2,3,4,5,6,7,8,9,10,11,12,13}
## EC_MEMINFO   1589   198            gs28r3b62    1589    1589 1511027    [No]    [No]    1589      14  {14,15,16,17,18,19,20,21,22,23,24,25,26,27}
## EC_MEMINFO   1590   198            gs28r3b62    1590    1590 1511028    [No]    [No]    1590      14  {28,29,30,31,32,33,34,35,36,37,38,39,40,41}
## EC_MEMINFO   1591   198            gs28r3b62    1591    1591 1511029    [No]    [No]    1591      14  {42,43,44,45,46,47,48,49,50,51,52,53,54,55}
## EC_MEMINFO   1592   199            gs28r3b64    1592    1592 1304911    [No]     Yes    1592      14  {56,57,58,59,60,61,62,63,64,65,66,67,68,69}
## EC_MEMINFO   1593   199            gs28r3b64    1593    1593 1304912    [No]    [No]    1593      14  {70,71,72,73,74,75,76,77,78,79,80,81,82,83}
## EC_MEMINFO   1594   199            gs28r3b64    1594    1594 1304913    [No]    [No]    1594      14  {84,85,86,87,88,89,90,91,92,93,94,95,96,97}
## EC_MEMINFO   1595   199            gs28r3b64    1595    1595 1304914    [No]    [No]    1595      14  {98,99,100,101,102,103,104,105,106,107,108,109,110,111}
## EC_MEMINFO   1596   199            gs28r3b64    1596    1596 1304915    [No]    [No]    1596      14  {0,1,2,3,4,5,6,7,8,9,10,11,12,13}
## EC_MEMINFO   1597   199            gs28r3b64    1597    1597 1304916    [No]    [No]    1597      14  {14,15,16,17,18,19,20,21,22,23,24,25,26,27}
## EC_MEMINFO   1598   199            gs28r3b64    1598    1598 1304917    [No]    [No]    1598      14  {28,29,30,31,32,33,34,35,36,37,38,39,40,41}
## EC_MEMINFO   1599   199            gs28r3b64    1599    1599 1304918    [No]    [No]    1599      14  {42,43,44,45,46,47,48,49,50,51,52,53,54,55}
## EC_MEMINFO   1600   200            gs28r3b65    1600    1600 2382026    [No]     Yes    1600      14  {0,1,2,3,4,5,6,7,8,9,10,11,12,13}
## EC_MEMINFO   1601   200            gs28r3b65    1601    1601 2382027    [No]    [No]    1601      14  {14,15,16,17,18,19,20,21,22,23,24,25,26,27}
## EC_MEMINFO   1602   200            gs28r3b65    1602    1602 2382028    [No]    [No]    1602      14  {28,29,30,31,32,33,34,35,36,37,38,39,40,41}
## EC_MEMINFO   1603   200            gs28r3b65    1603    1603 2382029    [No]    [No]    1603      14  {42,43,44,45,46,47,48,49,50,51,52,53,54,55}
## EC_MEMINFO   1604   200            gs28r3b65    1604    1604 2382030    [No]    [No]    1604      14  {56,57,58,59,60,61,62,63,64,65,66,67,68,69}
## EC_MEMINFO   1605   200            gs28r3b65    1605    1605 2382031    [No]    [No]    1605      14  {70,71,72,73,74,75,76,77,78,79,80,81,82,83}
## EC_MEMINFO   1606   200            gs28r3b65    1606    1606 2382032    [No]    [No]    1606      14  {84,85,86,87,88,89,90,91,92,93,94,95,96,97}
## EC_MEMINFO   1607   200            gs28r3b65    1607    1607 2382033    [No]    [No]    1607      14  {98,99,100,101,102,103,104,105,106,107,108,109,110,111}
## EC_MEMINFO   1608   201            gs28r3b66    1608    1608 3145416    [No]     Yes    1608      14  {56,57,58,59,60,61,62,63,64,65,66,67,68,69}
## EC_MEMINFO   1609   201            gs28r3b66    1609    1609 3145417    [No]    [No]    1609      14  {70,71,72,73,74,75,76,77,78,79,80,81,82,83}
## EC_MEMINFO   1610   201            gs28r3b66    1610    1610 3145418    [No]    [No]    1610      14  {84,85,86,87,88,89,90,91,92,93,94,95,96,97}
## EC_MEMINFO   1611   201            gs28r3b66    1611    1611 3145419    [No]    [No]    1611      14  {98,99,100,101,102,103,104,105,106,107,108,109,110,111}
## EC_MEMINFO   1612   201            gs28r3b66    1612    1612 3145420    [No]    [No]    1612      14  {0,1,2,3,4,5,6,7,8,9,10,11,12,13}
## EC_MEMINFO   1613   201            gs28r3b66    1613    1613 3145421    [No]    [No]    1613      14  {14,15,16,17,18,19,20,21,22,23,24,25,26,27}
## EC_MEMINFO   1614   201            gs28r3b66    1614    1614 3145422    [No]    [No]    1614      14  {28,29,30,31,32,33,34,35,36,37,38,39,40,41}
## EC_MEMINFO   1615   201            gs28r3b66    1615    1615 3145423    [No]    [No]    1615      14  {42,43,44,45,46,47,48,49,50,51,52,53,54,55}
## EC_MEMINFO   1616   202            gs28r3b67    1616    1616 1794196    [No]     Yes    1616      14  {0,1,2,3,4,5,6,7,8,9,10,11,12,13}
## EC_MEMINFO   1617   202            gs28r3b67    1617    1617 1794197    [No]    [No]    1617      14  {14,15,16,17,18,19,20,21,22,23,24,25,26,27}
## EC_MEMINFO   1618   202            gs28r3b67    1618    1618 1794198    [No]    [No]    1618      14  {28,29,30,31,32,33,34,35,36,37,38,39,40,41}
## EC_MEMINFO   1619   202            gs28r3b67    1619    1619 1794199    [No]    [No]    1619      14  {42,43,44,45,46,47,48,49,50,51,52,53,54,55}
## EC_MEMINFO   1620   202            gs28r3b67    1620    1620 1794200    [No]    [No]    1620      14  {56,57,58,59,60,61,62,63,64,65,66,67,68,69}
## EC_MEMINFO   1621   202            gs28r3b67    1621    1621 1794201    [No]    [No]    1621      14  {70,71,72,73,74,75,76,77,78,79,80,81,82,83}
## EC_MEMINFO   1622   202            gs28r3b67    1622    1622 1794202    [No]    [No]    1622      14  {84,85,86,87,88,89,90,91,92,93,94,95,96,97}
## EC_MEMINFO   1623   202            gs28r3b67    1623    1623 1794203    [No]    [No]    1623      14  {98,99,100,101,102,103,104,105,106,107,108,109,110,111}
## EC_MEMINFO   1624   203            gs28r3b69    1624    1624 3052218    [No]     Yes    1624      14  {0,1,2,3,4,5,6,7,8,9,10,11,12,13}
## EC_MEMINFO   1625   203            gs28r3b69    1625    1625 3052219    [No]    [No]    1625      14  {14,15,16,17,18,19,20,21,22,23,24,25,26,27}
## EC_MEMINFO   1626   203            gs28r3b69    1626    1626 3052220    [No]    [No]    1626      14  {28,29,30,31,32,33,34,35,36,37,38,39,40,41}
## EC_MEMINFO   1627   203            gs28r3b69    1627    1627 3052221    [No]    [No]    1627      14  {42,43,44,45,46,47,48,49,50,51,52,53,54,55}
## EC_MEMINFO   1628   203            gs28r3b69    1628    1628 3052222    [No]    [No]    1628      14  {56,57,58,59,60,61,62,63,64,65,66,67,68,69}
## EC_MEMINFO   1629   203            gs28r3b69    1629    1629 3052223    [No]    [No]    1629      14  {70,71,72,73,74,75,76,77,78,79,80,81,82,83}
## EC_MEMINFO   1630   203            gs28r3b69    1630    1630 3052224    [No]    [No]    1630      14  {84,85,86,87,88,89,90,91,92,93,94,95,96,97}
## EC_MEMINFO   1631   203            gs28r3b69    1631    1631 3052225    [No]    [No]    1631      14  {98,99,100,101,102,103,104,105,106,107,108,109,110,111}
## EC_MEMINFO   1632   204            gs28r3b71    1632    1632  459939    [No]     Yes    1632      14  {0,1,2,3,4,5,6,7,8,9,10,11,12,13}
## EC_MEMINFO   1633   204            gs28r3b71    1633    1633  459940    [No]    [No]    1633      14  {14,15,16,17,18,19,20,21,22,23,24,25,26,27}
## EC_MEMINFO   1634   204            gs28r3b71    1634    1634  459941    [No]    [No]    1634      14  {28,29,30,31,32,33,34,35,36,37,38,39,40,41}
## EC_MEMINFO   1635   204            gs28r3b71    1635    1635  459942    [No]    [No]    1635      14  {42,43,44,45,46,47,48,49,50,51,52,53,54,55}
## EC_MEMINFO   1636   204            gs28r3b71    1636    1636  459943    [No]    [No]    1636      14  {56,57,58,59,60,61,62,63,64,65,66,67,68,69}
## EC_MEMINFO   1637   204            gs28r3b71    1637    1637  459944    [No]    [No]    1637      14  {70,71,72,73,74,75,76,77,78,79,80,81,82,83}
## EC_MEMINFO   1638   204            gs28r3b71    1638    1638  459945    [No]    [No]    1638      14  {84,85,86,87,88,89,90,91,92,93,94,95,96,97}
## EC_MEMINFO   1639   204            gs28r3b71    1639    1639  459946    [No]    [No]    1639      14  {98,99,100,101,102,103,104,105,106,107,108,109,110,111}
## EC_MEMINFO   1640   205            gs28r3b72    1640    1640  948210    [No]     Yes    1640      14  {56,57,58,59,60,61,62,63,64,65,66,67,68,69}
## EC_MEMINFO   1641   205            gs28r3b72    1641    1641  948211    [No]    [No]    1641      14  {70,71,72,73,74,75,76,77,78,79,80,81,82,83}
## EC_MEMINFO   1642   205            gs28r3b72    1642    1642  948212    [No]    [No]    1642      14  {84,85,86,87,88,89,90,91,92,93,94,95,96,97}
## EC_MEMINFO   1643   205            gs28r3b72    1643    1643  948213    [No]    [No]    1643      14  {98,99,100,101,102,103,104,105,106,107,108,109,110,111}
## EC_MEMINFO   1644   205            gs28r3b72    1644    1644  948214    [No]    [No]    1644      14  {0,1,2,3,4,5,6,7,8,9,10,11,12,13}
## EC_MEMINFO   1645   205            gs28r3b72    1645    1645  948215    [No]    [No]    1645      14  {14,15,16,17,18,19,20,21,22,23,24,25,26,27}
## EC_MEMINFO   1646   205            gs28r3b72    1646    1646  948216    [No]    [No]    1646      14  {28,29,30,31,32,33,34,35,36,37,38,39,40,41}
## EC_MEMINFO   1647   205            gs28r3b72    1647    1647  948217    [No]    [No]    1647      14  {42,43,44,45,46,47,48,49,50,51,52,53,54,55}
## EC_MEMINFO   1648   206            gs30r1b15    1648    1648  629895    [No]     Yes    1648      14  {0,1,2,3,4,5,6,7,8,9,10,11,12,13}
## EC_MEMINFO   1649   206            gs30r1b15    1649    1649  629896    [No]    [No]    1649      14  {14,15,16,17,18,19,20,21,22,23,24,25,26,27}
## EC_MEMINFO   1650   206            gs30r1b15    1650    1650  629897    [No]    [No]    1650      14  {28,29,30,31,32,33,34,35,36,37,38,39,40,41}
## EC_MEMINFO   1651   206            gs30r1b15    1651    1651  629898    [No]    [No]    1651      14  {42,43,44,45,46,47,48,49,50,51,52,53,54,55}
## EC_MEMINFO   1652   206            gs30r1b15    1652    1652  629899    [No]    [No]    1652      14  {56,57,58,59,60,61,62,63,64,65,66,67,68,69}
## EC_MEMINFO   1653   206            gs30r1b15    1653    1653  629900    [No]    [No]    1653      14  {70,71,72,73,74,75,76,77,78,79,80,81,82,83}
## EC_MEMINFO   1654   206            gs30r1b15    1654    1654  629901    [No]    [No]    1654      14  {84,85,86,87,88,89,90,91,92,93,94,95,96,97}
## EC_MEMINFO   1655   206            gs30r1b15    1655    1655  629902    [No]    [No]    1655      14  {98,99,100,101,102,103,104,105,106,107,108,109,110,111}
## EC_MEMINFO   1656   207            gs30r1b16    1656    1656 1819676    [No]     Yes    1656      14  {56,57,58,59,60,61,62,63,64,65,66,67,68,69}
## EC_MEMINFO   1657   207            gs30r1b16    1657    1657 1819677    [No]    [No]    1657      14  {70,71,72,73,74,75,76,77,78,79,80,81,82,83}
## EC_MEMINFO   1658   207            gs30r1b16    1658    1658 1819678    [No]    [No]    1658      14  {84,85,86,87,88,89,90,91,92,93,94,95,96,97}
## EC_MEMINFO   1659   207            gs30r1b16    1659    1659 1819679    [No]    [No]    1659      14  {98,99,100,101,102,103,104,105,106,107,108,109,110,111}
## EC_MEMINFO   1660   207            gs30r1b16    1660    1660 1819680    [No]    [No]    1660      14  {0,1,2,3,4,5,6,7,8,9,10,11,12,13}
## EC_MEMINFO   1661   207            gs30r1b16    1661    1661 1819681    [No]    [No]    1661      14  {14,15,16,17,18,19,20,21,22,23,24,25,26,27}
## EC_MEMINFO   1662   207            gs30r1b16    1662    1662 1819682    [No]    [No]    1662      14  {28,29,30,31,32,33,34,35,36,37,38,39,40,41}
## EC_MEMINFO   1663   207            gs30r1b16    1663    1663 1819683    [No]    [No]    1663      14  {42,43,44,45,46,47,48,49,50,51,52,53,54,55}
## EC_MEMINFO   1664   208            gs30r1b18    1664    1664   29069    [No]     Yes    1664      14  {56,57,58,59,60,61,62,63,64,65,66,67,68,69}
## EC_MEMINFO   1665   208            gs30r1b18    1665    1665   29070    [No]    [No]    1665      14  {70,71,72,73,74,75,76,77,78,79,80,81,82,83}
## EC_MEMINFO   1666   208            gs30r1b18    1666    1666   29071    [No]    [No]    1666      14  {84,85,86,87,88,89,90,91,92,93,94,95,96,97}
## EC_MEMINFO   1667   208            gs30r1b18    1667    1667   29072    [No]    [No]    1667      14  {98,99,100,101,102,103,104,105,106,107,108,109,110,111}
## EC_MEMINFO   1668   208            gs30r1b18    1668    1668   29073    [No]    [No]    1668      14  {0,1,2,3,4,5,6,7,8,9,10,11,12,13}
## EC_MEMINFO   1669   208            gs30r1b18    1669    1669   29074    [No]    [No]    1669      14  {14,15,16,17,18,19,20,21,22,23,24,25,26,27}
## EC_MEMINFO   1670   208            gs30r1b18    1670    1670   29075    [No]    [No]    1670      14  {28,29,30,31,32,33,34,35,36,37,38,39,40,41}
## EC_MEMINFO   1671   208            gs30r1b18    1671    1671   29076    [No]    [No]    1671      14  {42,43,44,45,46,47,48,49,50,51,52,53,54,55}
## EC_MEMINFO   1672   209            gs30r1b20    1672    1672 1280747    [No]     Yes    1672      14  {56,57,58,59,60,61,62,63,64,65,66,67,68,69}
## EC_MEMINFO   1673   209            gs30r1b20    1673    1673 1280748    [No]    [No]    1673      14  {70,71,72,73,74,75,76,77,78,79,80,81,82,83}
## EC_MEMINFO   1674   209            gs30r1b20    1674    1674 1280749    [No]    [No]    1674      14  {84,85,86,87,88,89,90,91,92,93,94,95,96,97}
## EC_MEMINFO   1675   209            gs30r1b20    1675    1675 1280750    [No]    [No]    1675      14  {98,99,100,101,102,103,104,105,106,107,108,109,110,111}
## EC_MEMINFO   1676   209            gs30r1b20    1676    1676 1280751    [No]    [No]    1676      14  {0,1,2,3,4,5,6,7,8,9,10,11,12,13}
## EC_MEMINFO   1677   209            gs30r1b20    1677    1677 1280752    [No]    [No]    1677      14  {14,15,16,17,18,19,20,21,22,23,24,25,26,27}
## EC_MEMINFO   1678   209            gs30r1b20    1678    1678 1280753    [No]    [No]    1678      14  {28,29,30,31,32,33,34,35,36,37,38,39,40,41}
## EC_MEMINFO   1679   209            gs30r1b20    1679    1679 1280754    [No]    [No]    1679      14  {42,43,44,45,46,47,48,49,50,51,52,53,54,55}
## EC_MEMINFO   1680   210            gs30r1b21    1680    1680 2641004    [No]     Yes    1680      14  {0,1,2,3,4,5,6,7,8,9,10,11,12,13}
## EC_MEMINFO   1681   210            gs30r1b21    1681    1681 2641005    [No]    [No]    1681      14  {14,15,16,17,18,19,20,21,22,23,24,25,26,27}
## EC_MEMINFO   1682   210            gs30r1b21    1682    1682 2641006    [No]    [No]    1682      14  {28,29,30,31,32,33,34,35,36,37,38,39,40,41}
## EC_MEMINFO   1683   210            gs30r1b21    1683    1683 2641007    [No]    [No]    1683      14  {42,43,44,45,46,47,48,49,50,51,52,53,54,55}
## EC_MEMINFO   1684   210            gs30r1b21    1684    1684 2641008    [No]    [No]    1684      14  {56,57,58,59,60,61,62,63,64,65,66,67,68,69}
## EC_MEMINFO   1685   210            gs30r1b21    1685    1685 2641009    [No]    [No]    1685      14  {70,71,72,73,74,75,76,77,78,79,80,81,82,83}
## EC_MEMINFO   1686   210            gs30r1b21    1686    1686 2641010    [No]    [No]    1686      14  {84,85,86,87,88,89,90,91,92,93,94,95,96,97}
## EC_MEMINFO   1687   210            gs30r1b21    1687    1687 2641011    [No]    [No]    1687      14  {98,99,100,101,102,103,104,105,106,107,108,109,110,111}
## EC_MEMINFO   1688   211            gs30r1b22    1688    1688 3852752    [No]     Yes    1688      14  {56,57,58,59,60,61,62,63,64,65,66,67,68,69}
## EC_MEMINFO   1689   211            gs30r1b22    1689    1689 3852753    [No]    [No]    1689      14  {70,71,72,73,74,75,76,77,78,79,80,81,82,83}
## EC_MEMINFO   1690   211            gs30r1b22    1690    1690 3852754    [No]    [No]    1690      14  {84,85,86,87,88,89,90,91,92,93,94,95,96,97}
## EC_MEMINFO   1691   211            gs30r1b22    1691    1691 3852755    [No]    [No]    1691      14  {98,99,100,101,102,103,104,105,106,107,108,109,110,111}
## EC_MEMINFO   1692   211            gs30r1b22    1692    1692 3852756    [No]    [No]    1692      14  {0,1,2,3,4,5,6,7,8,9,10,11,12,13}
## EC_MEMINFO   1693   211            gs30r1b22    1693    1693 3852757    [No]    [No]    1693      14  {14,15,16,17,18,19,20,21,22,23,24,25,26,27}
## EC_MEMINFO   1694   211            gs30r1b22    1694    1694 3852758    [No]    [No]    1694      14  {28,29,30,31,32,33,34,35,36,37,38,39,40,41}
## EC_MEMINFO   1695   211            gs30r1b22    1695    1695 3852759    [No]    [No]    1695      14  {42,43,44,45,46,47,48,49,50,51,52,53,54,55}
## EC_MEMINFO   1696   212            gs30r1b23    1696    1696  368821    [No]     Yes    1696      14  {0,1,2,3,4,5,6,7,8,9,10,11,12,13}
## EC_MEMINFO   1697   212            gs30r1b23    1697    1697  368822    [No]    [No]    1697      14  {14,15,16,17,18,19,20,21,22,23,24,25,26,27}
## EC_MEMINFO   1698   212            gs30r1b23    1698    1698  368823    [No]    [No]    1698      14  {28,29,30,31,32,33,34,35,36,37,38,39,40,41}
## EC_MEMINFO   1699   212            gs30r1b23    1699    1699  368824    [No]    [No]    1699      14  {42,43,44,45,46,47,48,49,50,51,52,53,54,55}
## EC_MEMINFO   1700   212            gs30r1b23    1700    1700  368825    [No]    [No]    1700      14  {56,57,58,59,60,61,62,63,64,65,66,67,68,69}
## EC_MEMINFO   1701   212            gs30r1b23    1701    1701  368826    [No]    [No]    1701      14  {70,71,72,73,74,75,76,77,78,79,80,81,82,83}
## EC_MEMINFO   1702   212            gs30r1b23    1702    1702  368827    [No]    [No]    1702      14  {84,85,86,87,88,89,90,91,92,93,94,95,96,97}
## EC_MEMINFO   1703   212            gs30r1b23    1703    1703  368828    [No]    [No]    1703      14  {98,99,100,101,102,103,104,105,106,107,108,109,110,111}
## EC_MEMINFO   1704   213            gs30r1b24    1704    1704  370530    [No]     Yes    1704      14  {56,57,58,59,60,61,62,63,64,65,66,67,68,69}
## EC_MEMINFO   1705   213            gs30r1b24    1705    1705  370531    [No]    [No]    1705      14  {70,71,72,73,74,75,76,77,78,79,80,81,82,83}
## EC_MEMINFO   1706   213            gs30r1b24    1706    1706  370532    [No]    [No]    1706      14  {84,85,86,87,88,89,90,91,92,93,94,95,96,97}
## EC_MEMINFO   1707   213            gs30r1b24    1707    1707  370533    [No]    [No]    1707      14  {98,99,100,101,102,103,104,105,106,107,108,109,110,111}
## EC_MEMINFO   1708   213            gs30r1b24    1708    1708  370534    [No]    [No]    1708      14  {0,1,2,3,4,5,6,7,8,9,10,11,12,13}
## EC_MEMINFO   1709   213            gs30r1b24    1709    1709  370535    [No]    [No]    1709      14  {14,15,16,17,18,19,20,21,22,23,24,25,26,27}
## EC_MEMINFO   1710   213            gs30r1b24    1710    1710  370536    [No]    [No]    1710      14  {28,29,30,31,32,33,34,35,36,37,38,39,40,41}
## EC_MEMINFO   1711   213            gs30r1b24    1711    1711  370537    [No]    [No]    1711      14  {42,43,44,45,46,47,48,49,50,51,52,53,54,55}
## EC_MEMINFO   1712   214            gs30r1b25    1712    1712 3652904    [No]     Yes    1712      14  {0,1,2,3,4,5,6,7,8,9,10,11,12,13}
## EC_MEMINFO   1713   214            gs30r1b25    1713    1713 3652905    [No]    [No]    1713      14  {14,15,16,17,18,19,20,21,22,23,24,25,26,27}
## EC_MEMINFO   1714   214            gs30r1b25    1714    1714 3652906    [No]    [No]    1714      14  {28,29,30,31,32,33,34,35,36,37,38,39,40,41}
## EC_MEMINFO   1715   214            gs30r1b25    1715    1715 3652907    [No]    [No]    1715      14  {42,43,44,45,46,47,48,49,50,51,52,53,54,55}
## EC_MEMINFO   1716   214            gs30r1b25    1716    1716 3652908    [No]    [No]    1716      14  {56,57,58,59,60,61,62,63,64,65,66,67,68,69}
## EC_MEMINFO   1717   214            gs30r1b25    1717    1717 3652909    [No]    [No]    1717      14  {70,71,72,73,74,75,76,77,78,79,80,81,82,83}
## EC_MEMINFO   1718   214            gs30r1b25    1718    1718 3652910    [No]    [No]    1718      14  {84,85,86,87,88,89,90,91,92,93,94,95,96,97}
## EC_MEMINFO   1719   214            gs30r1b25    1719    1719 3652911    [No]    [No]    1719      14  {98,99,100,101,102,103,104,105,106,107,108,109,110,111}
## EC_MEMINFO   1720   215            gs30r1b26    1720    1720 1672571    [No]     Yes    1720      14  {56,57,58,59,60,61,62,63,64,65,66,67,68,69}
## EC_MEMINFO   1721   215            gs30r1b26    1721    1721 1672572    [No]    [No]    1721      14  {70,71,72,73,74,75,76,77,78,79,80,81,82,83}
## EC_MEMINFO   1722   215            gs30r1b26    1722    1722 1672573    [No]    [No]    1722      14  {84,85,86,87,88,89,90,91,92,93,94,95,96,97}
## EC_MEMINFO   1723   215            gs30r1b26    1723    1723 1672574    [No]    [No]    1723      14  {98,99,100,101,102,103,104,105,106,107,108,109,110,111}
## EC_MEMINFO   1724   215            gs30r1b26    1724    1724 1672575    [No]    [No]    1724      14  {0,1,2,3,4,5,6,7,8,9,10,11,12,13}
## EC_MEMINFO   1725   215            gs30r1b26    1725    1725 1672576    [No]    [No]    1725      14  {14,15,16,17,18,19,20,21,22,23,24,25,26,27}
## EC_MEMINFO   1726   215            gs30r1b26    1726    1726 1672577    [No]    [No]    1726      14  {28,29,30,31,32,33,34,35,36,37,38,39,40,41}
## EC_MEMINFO   1727   215            gs30r1b26    1727    1727 1672578    [No]    [No]    1727      14  {42,43,44,45,46,47,48,49,50,51,52,53,54,55}
## EC_MEMINFO   1728   216            gs30r1b27    1728    1728 3850845    [No]     Yes    1728      14  {0,1,2,3,4,5,6,7,8,9,10,11,12,13}
## EC_MEMINFO   1729   216            gs30r1b27    1729    1729 3850846    [No]    [No]    1729      14  {14,15,16,17,18,19,20,21,22,23,24,25,26,27}
## EC_MEMINFO   1730   216            gs30r1b27    1730    1730 3850847    [No]    [No]    1730      14  {28,29,30,31,32,33,34,35,36,37,38,39,40,41}
## EC_MEMINFO   1731   216            gs30r1b27    1731    1731 3850848    [No]    [No]    1731      14  {42,43,44,45,46,47,48,49,50,51,52,53,54,55}
## EC_MEMINFO   1732   216            gs30r1b27    1732    1732 3850849    [No]    [No]    1732      14  {56,57,58,59,60,61,62,63,64,65,66,67,68,69}
## EC_MEMINFO   1733   216            gs30r1b27    1733    1733 3850850    [No]    [No]    1733      14  {70,71,72,73,74,75,76,77,78,79,80,81,82,83}
## EC_MEMINFO   1734   216            gs30r1b27    1734    1734 3850851    [No]    [No]    1734      14  {84,85,86,87,88,89,90,91,92,93,94,95,96,97}
## EC_MEMINFO   1735   216            gs30r1b27    1735    1735 3850852    [No]    [No]    1735      14  {98,99,100,101,102,103,104,105,106,107,108,109,110,111}
## EC_MEMINFO   1736   217            gs30r1b28    1736    1736 2817826    [No]     Yes    1736      14  {56,57,58,59,60,61,62,63,64,65,66,67,68,69}
## EC_MEMINFO   1737   217            gs30r1b28    1737    1737 2817827    [No]    [No]    1737      14  {70,71,72,73,74,75,76,77,78,79,80,81,82,83}
## EC_MEMINFO   1738   217            gs30r1b28    1738    1738 2817828    [No]    [No]    1738      14  {84,85,86,87,88,89,90,91,92,93,94,95,96,97}
## EC_MEMINFO   1739   217            gs30r1b28    1739    1739 2817829    [No]    [No]    1739      14  {98,99,100,101,102,103,104,105,106,107,108,109,110,111}
## EC_MEMINFO   1740   217            gs30r1b28    1740    1740 2817830    [No]    [No]    1740      14  {0,1,2,3,4,5,6,7,8,9,10,11,12,13}
## EC_MEMINFO   1741   217            gs30r1b28    1741    1741 2817831    [No]    [No]    1741      14  {14,15,16,17,18,19,20,21,22,23,24,25,26,27}
## EC_MEMINFO   1742   217            gs30r1b28    1742    1742 2817832    [No]    [No]    1742      14  {28,29,30,31,32,33,34,35,36,37,38,39,40,41}
## EC_MEMINFO   1743   217            gs30r1b28    1743    1743 2817833    [No]    [No]    1743      14  {42,43,44,45,46,47,48,49,50,51,52,53,54,55}
## EC_MEMINFO   1744   218            gs30r1b29    1744    1744 2861394    [No]     Yes    1744      14  {0,1,2,3,4,5,6,7,8,9,10,11,12,13}
## EC_MEMINFO   1745   218            gs30r1b29    1745    1745 2861395    [No]    [No]    1745      14  {14,15,16,17,18,19,20,21,22,23,24,25,26,27}
## EC_MEMINFO   1746   218            gs30r1b29    1746    1746 2861396    [No]    [No]    1746      14  {28,29,30,31,32,33,34,35,36,37,38,39,40,41}
## EC_MEMINFO   1747   218            gs30r1b29    1747    1747 2861397    [No]    [No]    1747      14  {42,43,44,45,46,47,48,49,50,51,52,53,54,55}
## EC_MEMINFO   1748   218            gs30r1b29    1748    1748 2861398    [No]    [No]    1748      14  {56,57,58,59,60,61,62,63,64,65,66,67,68,69}
## EC_MEMINFO   1749   218            gs30r1b29    1749    1749 2861399    [No]    [No]    1749      14  {70,71,72,73,74,75,76,77,78,79,80,81,82,83}
## EC_MEMINFO   1750   218            gs30r1b29    1750    1750 2861400    [No]    [No]    1750      14  {84,85,86,87,88,89,90,91,92,93,94,95,96,97}
## EC_MEMINFO   1751   218            gs30r1b29    1751    1751 2861401    [No]    [No]    1751      14  {98,99,100,101,102,103,104,105,106,107,108,109,110,111}
## EC_MEMINFO   1752   219            gs30r1b30    1752    1752 3160457    [No]     Yes    1752      14  {56,57,58,59,60,61,62,63,64,65,66,67,68,69}
## EC_MEMINFO   1753   219            gs30r1b30    1753    1753 3160458    [No]    [No]    1753      14  {70,71,72,73,74,75,76,77,78,79,80,81,82,83}
## EC_MEMINFO   1754   219            gs30r1b30    1754    1754 3160459    [No]    [No]    1754      14  {84,85,86,87,88,89,90,91,92,93,94,95,96,97}
## EC_MEMINFO   1755   219            gs30r1b30    1755    1755 3160460    [No]    [No]    1755      14  {98,99,100,101,102,103,104,105,106,107,108,109,110,111}
## EC_MEMINFO   1756   219            gs30r1b30    1756    1756 3160461    [No]    [No]    1756      14  {0,1,2,3,4,5,6,7,8,9,10,11,12,13}
## EC_MEMINFO   1757   219            gs30r1b30    1757    1757 3160462    [No]    [No]    1757      14  {14,15,16,17,18,19,20,21,22,23,24,25,26,27}
## EC_MEMINFO   1758   219            gs30r1b30    1758    1758 3160463    [No]    [No]    1758      14  {28,29,30,31,32,33,34,35,36,37,38,39,40,41}
## EC_MEMINFO   1759   219            gs30r1b30    1759    1759 3160464    [No]    [No]    1759      14  {42,43,44,45,46,47,48,49,50,51,52,53,54,55}
## EC_MEMINFO   1760   220            gs30r1b31    1760    1760 1915220    [No]     Yes    1760      14  {0,1,2,3,4,5,6,7,8,9,10,11,12,13}
## EC_MEMINFO   1761   220            gs30r1b31    1761    1761 1915221    [No]    [No]    1761      14  {14,15,16,17,18,19,20,21,22,23,24,25,26,27}
## EC_MEMINFO   1762   220            gs30r1b31    1762    1762 1915222    [No]    [No]    1762      14  {28,29,30,31,32,33,34,35,36,37,38,39,40,41}
## EC_MEMINFO   1763   220            gs30r1b31    1763    1763 1915223    [No]    [No]    1763      14  {42,43,44,45,46,47,48,49,50,51,52,53,54,55}
## EC_MEMINFO   1764   220            gs30r1b31    1764    1764 1915224    [No]    [No]    1764      14  {56,57,58,59,60,61,62,63,64,65,66,67,68,69}
## EC_MEMINFO   1765   220            gs30r1b31    1765    1765 1915225    [No]    [No]    1765      14  {70,71,72,73,74,75,76,77,78,79,80,81,82,83}
## EC_MEMINFO   1766   220            gs30r1b31    1766    1766 1915226    [No]    [No]    1766      14  {84,85,86,87,88,89,90,91,92,93,94,95,96,97}
## EC_MEMINFO   1767   220            gs30r1b31    1767    1767 1915227    [No]    [No]    1767      14  {98,99,100,101,102,103,104,105,106,107,108,109,110,111}
## EC_MEMINFO   1768   221            gs30r1b32    1768    1768 2983363    [No]     Yes    1768      14  {56,57,58,59,60,61,62,63,64,65,66,67,68,69}
## EC_MEMINFO   1769   221            gs30r1b32    1769    1769 2983364    [No]    [No]    1769      14  {70,71,72,73,74,75,76,77,78,79,80,81,82,83}
## EC_MEMINFO   1770   221            gs30r1b32    1770    1770 2983365    [No]    [No]    1770      14  {84,85,86,87,88,89,90,91,92,93,94,95,96,97}
## EC_MEMINFO   1771   221            gs30r1b32    1771    1771 2983366    [No]    [No]    1771      14  {98,99,100,101,102,103,104,105,106,107,108,109,110,111}
## EC_MEMINFO   1772   221            gs30r1b32    1772    1772 2983367    [No]    [No]    1772      14  {0,1,2,3,4,5,6,7,8,9,10,11,12,13}
## EC_MEMINFO   1773   221            gs30r1b32    1773    1773 2983368    [No]    [No]    1773      14  {14,15,16,17,18,19,20,21,22,23,24,25,26,27}
## EC_MEMINFO   1774   221            gs30r1b32    1774    1774 2983369    [No]    [No]    1774      14  {28,29,30,31,32,33,34,35,36,37,38,39,40,41}
## EC_MEMINFO   1775   221            gs30r1b32    1775    1775 2983370    [No]    [No]    1775      14  {42,43,44,45,46,47,48,49,50,51,52,53,54,55}
## EC_MEMINFO   1776   222            gs30r1b33    1776    1776  913442    [No]     Yes    1776      14  {0,1,2,3,4,5,6,7,8,9,10,11,12,13}
## EC_MEMINFO   1777   222            gs30r1b33    1777    1777  913443    [No]    [No]    1777      14  {14,15,16,17,18,19,20,21,22,23,24,25,26,27}
## EC_MEMINFO   1778   222            gs30r1b33    1778    1778  913444    [No]    [No]    1778      14  {28,29,30,31,32,33,34,35,36,37,38,39,40,41}
## EC_MEMINFO   1779   222            gs30r1b33    1779    1779  913445    [No]    [No]    1779      14  {42,43,44,45,46,47,48,49,50,51,52,53,54,55}
## EC_MEMINFO   1780   222            gs30r1b33    1780    1780  913446    [No]    [No]    1780      14  {56,57,58,59,60,61,62,63,64,65,66,67,68,69}
## EC_MEMINFO   1781   222            gs30r1b33    1781    1781  913447    [No]    [No]    1781      14  {70,71,72,73,74,75,76,77,78,79,80,81,82,83}
## EC_MEMINFO   1782   222            gs30r1b33    1782    1782  913448    [No]    [No]    1782      14  {84,85,86,87,88,89,90,91,92,93,94,95,96,97}
## EC_MEMINFO   1783   222            gs30r1b33    1783    1783  913449    [No]    [No]    1783      14  {98,99,100,101,102,103,104,105,106,107,108,109,110,111}
## EC_MEMINFO   1784   223            gs30r1b34    1784    1784 2375494    [No]     Yes    1784      14  {56,57,58,59,60,61,62,63,64,65,66,67,68,69}
## EC_MEMINFO   1785   223            gs30r1b34    1785    1785 2375495    [No]    [No]    1785      14  {70,71,72,73,74,75,76,77,78,79,80,81,82,83}
## EC_MEMINFO   1786   223            gs30r1b34    1786    1786 2375496    [No]    [No]    1786      14  {84,85,86,87,88,89,90,91,92,93,94,95,96,97}
## EC_MEMINFO   1787   223            gs30r1b34    1787    1787 2375497    [No]    [No]    1787      14  {98,99,100,101,102,103,104,105,106,107,108,109,110,111}
## EC_MEMINFO   1788   223            gs30r1b34    1788    1788 2375498    [No]    [No]    1788      14  {0,1,2,3,4,5,6,7,8,9,10,11,12,13}
## EC_MEMINFO   1789   223            gs30r1b34    1789    1789 2375499    [No]    [No]    1789      14  {14,15,16,17,18,19,20,21,22,23,24,25,26,27}
## EC_MEMINFO   1790   223            gs30r1b34    1790    1790 2375500    [No]    [No]    1790      14  {28,29,30,31,32,33,34,35,36,37,38,39,40,41}
## EC_MEMINFO   1791   223            gs30r1b34    1791    1791 2375501    [No]    [No]    1791      14  {42,43,44,45,46,47,48,49,50,51,52,53,54,55}
## EC_MEMINFO   1792   224            gs30r1b35    1792    1792 3901421    [No]     Yes    1792      14  {0,1,2,3,4,5,6,7,8,9,10,11,12,13}
## EC_MEMINFO   1793   224            gs30r1b35    1793    1793 3901422    [No]    [No]    1793      14  {14,15,16,17,18,19,20,21,22,23,24,25,26,27}
## EC_MEMINFO   1794   224            gs30r1b35    1794    1794 3901423    [No]    [No]    1794      14  {28,29,30,31,32,33,34,35,36,37,38,39,40,41}
## EC_MEMINFO   1795   224            gs30r1b35    1795    1795 3901424    [No]    [No]    1795      14  {42,43,44,45,46,47,48,49,50,51,52,53,54,55}
## EC_MEMINFO   1796   224            gs30r1b35    1796    1796 3901425    [No]    [No]    1796      14  {56,57,58,59,60,61,62,63,64,65,66,67,68,69}
## EC_MEMINFO   1797   224            gs30r1b35    1797    1797 3901426    [No]    [No]    1797      14  {70,71,72,73,74,75,76,77,78,79,80,81,82,83}
## EC_MEMINFO   1798   224            gs30r1b35    1798    1798 3901427    [No]    [No]    1798      14  {84,85,86,87,88,89,90,91,92,93,94,95,96,97}
## EC_MEMINFO   1799   224            gs30r1b35    1799    1799 3901428    [No]    [No]    1799      14  {98,99,100,101,102,103,104,105,106,107,108,109,110,111}
## EC_MEMINFO   1800   225            gs30r1b36    1800    1800 3412637    [No]     Yes    1800      14  {56,57,58,59,60,61,62,63,64,65,66,67,68,69}
## EC_MEMINFO   1801   225            gs30r1b36    1801    1801 3412638    [No]    [No]    1801      14  {70,71,72,73,74,75,76,77,78,79,80,81,82,83}
## EC_MEMINFO   1802   225            gs30r1b36    1802    1802 3412639    [No]    [No]    1802      14  {84,85,86,87,88,89,90,91,92,93,94,95,96,97}
## EC_MEMINFO   1803   225            gs30r1b36    1803    1803 3412640    [No]    [No]    1803      14  {98,99,100,101,102,103,104,105,106,107,108,109,110,111}
## EC_MEMINFO   1804   225            gs30r1b36    1804    1804 3412641    [No]    [No]    1804      14  {0,1,2,3,4,5,6,7,8,9,10,11,12,13}
## EC_MEMINFO   1805   225            gs30r1b36    1805    1805 3412642    [No]    [No]    1805      14  {14,15,16,17,18,19,20,21,22,23,24,25,26,27}
## EC_MEMINFO   1806   225            gs30r1b36    1806    1806 3412643    [No]    [No]    1806      14  {28,29,30,31,32,33,34,35,36,37,38,39,40,41}
## EC_MEMINFO   1807   225            gs30r1b36    1807    1807 3412644    [No]    [No]    1807      14  {42,43,44,45,46,47,48,49,50,51,52,53,54,55}
## EC_MEMINFO   1808   226            gs30r1b37    1808    1808  979362    [No]     Yes    1808      14  {0,1,2,3,4,5,6,7,8,9,10,11,12,13}
## EC_MEMINFO   1809   226            gs30r1b37    1809    1809  979363    [No]    [No]    1809      14  {14,15,16,17,18,19,20,21,22,23,24,25,26,27}
## EC_MEMINFO   1810   226            gs30r1b37    1810    1810  979364    [No]    [No]    1810      14  {28,29,30,31,32,33,34,35,36,37,38,39,40,41}
## EC_MEMINFO   1811   226            gs30r1b37    1811    1811  979365    [No]    [No]    1811      14  {42,43,44,45,46,47,48,49,50,51,52,53,54,55}
## EC_MEMINFO   1812   226            gs30r1b37    1812    1812  979366    [No]    [No]    1812      14  {56,57,58,59,60,61,62,63,64,65,66,67,68,69}
## EC_MEMINFO   1813   226            gs30r1b37    1813    1813  979367    [No]    [No]    1813      14  {70,71,72,73,74,75,76,77,78,79,80,81,82,83}
## EC_MEMINFO   1814   226            gs30r1b37    1814    1814  979368    [No]    [No]    1814      14  {84,85,86,87,88,89,90,91,92,93,94,95,96,97}
## EC_MEMINFO   1815   226            gs30r1b37    1815    1815  979369    [No]    [No]    1815      14  {98,99,100,101,102,103,104,105,106,107,108,109,110,111}
## EC_MEMINFO   1816   227            gs30r1b38    1816    1816  429552    [No]     Yes    1816      14  {56,57,58,59,60,61,62,63,64,65,66,67,68,69}
## EC_MEMINFO   1817   227            gs30r1b38    1817    1817  429553    [No]    [No]    1817      14  {70,71,72,73,74,75,76,77,78,79,80,81,82,83}
## EC_MEMINFO   1818   227            gs30r1b38    1818    1818  429554    [No]    [No]    1818      14  {84,85,86,87,88,89,90,91,92,93,94,95,96,97}
## EC_MEMINFO   1819   227            gs30r1b38    1819    1819  429555    [No]    [No]    1819      14  {98,99,100,101,102,103,104,105,106,107,108,109,110,111}
## EC_MEMINFO   1820   227            gs30r1b38    1820    1820  429556    [No]    [No]    1820      14  {0,1,2,3,4,5,6,7,8,9,10,11,12,13}
## EC_MEMINFO   1821   227            gs30r1b38    1821    1821  429557    [No]    [No]    1821      14  {14,15,16,17,18,19,20,21,22,23,24,25,26,27}
## EC_MEMINFO   1822   227            gs30r1b38    1822    1822  429558    [No]    [No]    1822      14  {28,29,30,31,32,33,34,35,36,37,38,39,40,41}
## EC_MEMINFO   1823   227            gs30r1b38    1823    1823  429559    [No]    [No]    1823      14  {42,43,44,45,46,47,48,49,50,51,52,53,54,55}
## EC_MEMINFO   1824   228            gs30r1b39    1824    1824 3720397    [No]     Yes    1824      14  {0,1,2,3,4,5,6,7,8,9,10,11,12,13}
## EC_MEMINFO   1825   228            gs30r1b39    1825    1825 3720398    [No]    [No]    1825      14  {14,15,16,17,18,19,20,21,22,23,24,25,26,27}
## EC_MEMINFO   1826   228            gs30r1b39    1826    1826 3720399    [No]    [No]    1826      14  {28,29,30,31,32,33,34,35,36,37,38,39,40,41}
## EC_MEMINFO   1827   228            gs30r1b39    1827    1827 3720400    [No]    [No]    1827      14  {42,43,44,45,46,47,48,49,50,51,52,53,54,55}
## EC_MEMINFO   1828   228            gs30r1b39    1828    1828 3720401    [No]    [No]    1828      14  {56,57,58,59,60,61,62,63,64,65,66,67,68,69}
## EC_MEMINFO   1829   228            gs30r1b39    1829    1829 3720402    [No]    [No]    1829      14  {70,71,72,73,74,75,76,77,78,79,80,81,82,83}
## EC_MEMINFO   1830   228            gs30r1b39    1830    1830 3720403    [No]    [No]    1830      14  {84,85,86,87,88,89,90,91,92,93,94,95,96,97}
## EC_MEMINFO   1831   228            gs30r1b39    1831    1831 3720404    [No]    [No]    1831      14  {98,99,100,101,102,103,104,105,106,107,108,109,110,111}
## EC_MEMINFO   1832   229            gs30r1b40    1832    1832 2881517    [No]     Yes    1832      14  {56,57,58,59,60,61,62,63,64,65,66,67,68,69}
## EC_MEMINFO   1833   229            gs30r1b40    1833    1833 2881518    [No]    [No]    1833      14  {70,71,72,73,74,75,76,77,78,79,80,81,82,83}
## EC_MEMINFO   1834   229            gs30r1b40    1834    1834 2881519    [No]    [No]    1834      14  {84,85,86,87,88,89,90,91,92,93,94,95,96,97}
## EC_MEMINFO   1835   229            gs30r1b40    1835    1835 2881520    [No]    [No]    1835      14  {98,99,100,101,102,103,104,105,106,107,108,109,110,111}
## EC_MEMINFO   1836   229            gs30r1b40    1836    1836 2881521    [No]    [No]    1836      14  {0,1,2,3,4,5,6,7,8,9,10,11,12,13}
## EC_MEMINFO   1837   229            gs30r1b40    1837    1837 2881522    [No]    [No]    1837      14  {14,15,16,17,18,19,20,21,22,23,24,25,26,27}
## EC_MEMINFO   1838   229            gs30r1b40    1838    1838 2881523    [No]    [No]    1838      14  {28,29,30,31,32,33,34,35,36,37,38,39,40,41}
## EC_MEMINFO   1839   229            gs30r1b40    1839    1839 2881524    [No]    [No]    1839      14  {42,43,44,45,46,47,48,49,50,51,52,53,54,55}
## EC_MEMINFO   1840   230            gs30r1b41    1840    1840  487158    [No]     Yes    1840      14  {0,1,2,3,4,5,6,7,8,9,10,11,12,13}
## EC_MEMINFO   1841   230            gs30r1b41    1841    1841  487159    [No]    [No]    1841      14  {14,15,16,17,18,19,20,21,22,23,24,25,26,27}
## EC_MEMINFO   1842   230            gs30r1b41    1842    1842  487160    [No]    [No]    1842      14  {28,29,30,31,32,33,34,35,36,37,38,39,40,41}
## EC_MEMINFO   1843   230            gs30r1b41    1843    1843  487161    [No]    [No]    1843      14  {42,43,44,45,46,47,48,49,50,51,52,53,54,55}
## EC_MEMINFO   1844   230            gs30r1b41    1844    1844  487162    [No]    [No]    1844      14  {56,57,58,59,60,61,62,63,64,65,66,67,68,69}
## EC_MEMINFO   1845   230            gs30r1b41    1845    1845  487163    [No]    [No]    1845      14  {70,71,72,73,74,75,76,77,78,79,80,81,82,83}
## EC_MEMINFO   1846   230            gs30r1b41    1846    1846  487164    [No]    [No]    1846      14  {84,85,86,87,88,89,90,91,92,93,94,95,96,97}
## EC_MEMINFO   1847   230            gs30r1b41    1847    1847  487165    [No]    [No]    1847      14  {98,99,100,101,102,103,104,105,106,107,108,109,110,111}
## EC_MEMINFO   1848   231            gs30r1b42    1848    1848 2380068    [No]     Yes    1848      14  {56,57,58,59,60,61,62,63,64,65,66,67,68,69}
## EC_MEMINFO   1849   231            gs30r1b42    1849    1849 2380069    [No]    [No]    1849      14  {70,71,72,73,74,75,76,77,78,79,80,81,82,83}
## EC_MEMINFO   1850   231            gs30r1b42    1850    1850 2380070    [No]    [No]    1850      14  {84,85,86,87,88,89,90,91,92,93,94,95,96,97}
## EC_MEMINFO   1851   231            gs30r1b42    1851    1851 2380071    [No]    [No]    1851      14  {98,99,100,101,102,103,104,105,106,107,108,109,110,111}
## EC_MEMINFO   1852   231            gs30r1b42    1852    1852 2380072    [No]    [No]    1852      14  {0,1,2,3,4,5,6,7,8,9,10,11,12,13}
## EC_MEMINFO   1853   231            gs30r1b42    1853    1853 2380073    [No]    [No]    1853      14  {14,15,16,17,18,19,20,21,22,23,24,25,26,27}
## EC_MEMINFO   1854   231            gs30r1b42    1854    1854 2380074    [No]    [No]    1854      14  {28,29,30,31,32,33,34,35,36,37,38,39,40,41}
## EC_MEMINFO   1855   231            gs30r1b42    1855    1855 2380075    [No]    [No]    1855      14  {42,43,44,45,46,47,48,49,50,51,52,53,54,55}
## EC_MEMINFO   1856   232            gs30r1b43    1856    1856 1437148    [No]     Yes    1856      14  {0,1,2,3,4,5,6,7,8,9,10,11,12,13}
## EC_MEMINFO   1857   232            gs30r1b43    1857    1857 1437149    [No]    [No]    1857      14  {14,15,16,17,18,19,20,21,22,23,24,25,26,27}
## EC_MEMINFO   1858   232            gs30r1b43    1858    1858 1437150    [No]    [No]    1858      14  {28,29,30,31,32,33,34,35,36,37,38,39,40,41}
## EC_MEMINFO   1859   232            gs30r1b43    1859    1859 1437151    [No]    [No]    1859      14  {42,43,44,45,46,47,48,49,50,51,52,53,54,55}
## EC_MEMINFO   1860   232            gs30r1b43    1860    1860 1437152    [No]    [No]    1860      14  {56,57,58,59,60,61,62,63,64,65,66,67,68,69}
## EC_MEMINFO   1861   232            gs30r1b43    1861    1861 1437153    [No]    [No]    1861      14  {70,71,72,73,74,75,76,77,78,79,80,81,82,83}
## EC_MEMINFO   1862   232            gs30r1b43    1862    1862 1437154    [No]    [No]    1862      14  {84,85,86,87,88,89,90,91,92,93,94,95,96,97}
## EC_MEMINFO   1863   232            gs30r1b43    1863    1863 1437155    [No]    [No]    1863      14  {98,99,100,101,102,103,104,105,106,107,108,109,110,111}
## EC_MEMINFO   1864   233            gs30r1b44    1864    1864 1000195    [No]     Yes    1864      14  {56,57,58,59,60,61,62,63,64,65,66,67,68,69}
## EC_MEMINFO   1865   233            gs30r1b44    1865    1865 1000196    [No]    [No]    1865      14  {70,71,72,73,74,75,76,77,78,79,80,81,82,83}
## EC_MEMINFO   1866   233            gs30r1b44    1866    1866 1000197    [No]    [No]    1866      14  {84,85,86,87,88,89,90,91,92,93,94,95,96,97}
## EC_MEMINFO   1867   233            gs30r1b44    1867    1867 1000198    [No]    [No]    1867      14  {98,99,100,101,102,103,104,105,106,107,108,109,110,111}
## EC_MEMINFO   1868   233            gs30r1b44    1868    1868 1000199    [No]    [No]    1868      14  {0,1,2,3,4,5,6,7,8,9,10,11,12,13}
## EC_MEMINFO   1869   233            gs30r1b44    1869    1869 1000200    [No]    [No]    1869      14  {14,15,16,17,18,19,20,21,22,23,24,25,26,27}
## EC_MEMINFO   1870   233            gs30r1b44    1870    1870 1000201    [No]    [No]    1870      14  {28,29,30,31,32,33,34,35,36,37,38,39,40,41}
## EC_MEMINFO   1871   233            gs30r1b44    1871    1871 1000202    [No]    [No]    1871      14  {42,43,44,45,46,47,48,49,50,51,52,53,54,55}
## EC_MEMINFO   1872   234            gs30r1b45    1872    1872 3369667    [No]     Yes    1872      14  {0,1,2,3,4,5,6,7,8,9,10,11,12,13}
## EC_MEMINFO   1873   234            gs30r1b45    1873    1873 3369668    [No]    [No]    1873      14  {14,15,16,17,18,19,20,21,22,23,24,25,26,27}
## EC_MEMINFO   1874   234            gs30r1b45    1874    1874 3369669    [No]    [No]    1874      14  {28,29,30,31,32,33,34,35,36,37,38,39,40,41}
## EC_MEMINFO   1875   234            gs30r1b45    1875    1875 3369670    [No]    [No]    1875      14  {42,43,44,45,46,47,48,49,50,51,52,53,54,55}
## EC_MEMINFO   1876   234            gs30r1b45    1876    1876 3369671    [No]    [No]    1876      14  {56,57,58,59,60,61,62,63,64,65,66,67,68,69}
## EC_MEMINFO   1877   234            gs30r1b45    1877    1877 3369672    [No]    [No]    1877      14  {70,71,72,73,74,75,76,77,78,79,80,81,82,83}
## EC_MEMINFO   1878   234            gs30r1b45    1878    1878 3369673    [No]    [No]    1878      14  {84,85,86,87,88,89,90,91,92,93,94,95,96,97}
## EC_MEMINFO   1879   234            gs30r1b45    1879    1879 3369674    [No]    [No]    1879      14  {98,99,100,101,102,103,104,105,106,107,108,109,110,111}
## EC_MEMINFO   1880   235            gs30r1b46    1880    1880 3899878    [No]     Yes    1880      14  {56,57,58,59,60,61,62,63,64,65,66,67,68,69}
## EC_MEMINFO   1881   235            gs30r1b46    1881    1881 3899879    [No]    [No]    1881      14  {70,71,72,73,74,75,76,77,78,79,80,81,82,83}
## EC_MEMINFO   1882   235            gs30r1b46    1882    1882 3899880    [No]    [No]    1882      14  {84,85,86,87,88,89,90,91,92,93,94,95,96,97}
## EC_MEMINFO   1883   235            gs30r1b46    1883    1883 3899881    [No]    [No]    1883      14  {98,99,100,101,102,103,104,105,106,107,108,109,110,111}
## EC_MEMINFO   1884   235            gs30r1b46    1884    1884 3899882    [No]    [No]    1884      14  {0,1,2,3,4,5,6,7,8,9,10,11,12,13}
## EC_MEMINFO   1885   235            gs30r1b46    1885    1885 3899883    [No]    [No]    1885      14  {14,15,16,17,18,19,20,21,22,23,24,25,26,27}
## EC_MEMINFO   1886   235            gs30r1b46    1886    1886 3899884    [No]    [No]    1886      14  {28,29,30,31,32,33,34,35,36,37,38,39,40,41}
## EC_MEMINFO   1887   235            gs30r1b46    1887    1887 3899885    [No]    [No]    1887      14  {42,43,44,45,46,47,48,49,50,51,52,53,54,55}
## EC_MEMINFO   1888   236            gs30r1b47    1888    1888  476790    [No]     Yes    1888      14  {0,1,2,3,4,5,6,7,8,9,10,11,12,13}
## EC_MEMINFO   1889   236            gs30r1b47    1889    1889  476791    [No]    [No]    1889      14  {14,15,16,17,18,19,20,21,22,23,24,25,26,27}
## EC_MEMINFO   1890   236            gs30r1b47    1890    1890  476792    [No]    [No]    1890      14  {28,29,30,31,32,33,34,35,36,37,38,39,40,41}
## EC_MEMINFO   1891   236            gs30r1b47    1891    1891  476793    [No]    [No]    1891      14  {42,43,44,45,46,47,48,49,50,51,52,53,54,55}
## EC_MEMINFO   1892   236            gs30r1b47    1892    1892  476794    [No]    [No]    1892      14  {56,57,58,59,60,61,62,63,64,65,66,67,68,69}
## EC_MEMINFO   1893   236            gs30r1b47    1893    1893  476795    [No]    [No]    1893      14  {70,71,72,73,74,75,76,77,78,79,80,81,82,83}
## EC_MEMINFO   1894   236            gs30r1b47    1894    1894  476796    [No]    [No]    1894      14  {84,85,86,87,88,89,90,91,92,93,94,95,96,97}
## EC_MEMINFO   1895   236            gs30r1b47    1895    1895  476797    [No]    [No]    1895      14  {98,99,100,101,102,103,104,105,106,107,108,109,110,111}
## EC_MEMINFO   1896   237            gs30r1b48    1896    1896 3527296    [No]     Yes    1896      14  {56,57,58,59,60,61,62,63,64,65,66,67,68,69}
## EC_MEMINFO   1897   237            gs30r1b48    1897    1897 3527297    [No]    [No]    1897      14  {70,71,72,73,74,75,76,77,78,79,80,81,82,83}
## EC_MEMINFO   1898   237            gs30r1b48    1898    1898 3527298    [No]    [No]    1898      14  {84,85,86,87,88,89,90,91,92,93,94,95,96,97}
## EC_MEMINFO   1899   237            gs30r1b48    1899    1899 3527299    [No]    [No]    1899      14  {98,99,100,101,102,103,104,105,106,107,108,109,110,111}
## EC_MEMINFO   1900   237            gs30r1b48    1900    1900 3527300    [No]    [No]    1900      14  {0,1,2,3,4,5,6,7,8,9,10,11,12,13}
## EC_MEMINFO   1901   237            gs30r1b48    1901    1901 3527301    [No]    [No]    1901      14  {14,15,16,17,18,19,20,21,22,23,24,25,26,27}
## EC_MEMINFO   1902   237            gs30r1b48    1902    1902 3527302    [No]    [No]    1902      14  {28,29,30,31,32,33,34,35,36,37,38,39,40,41}
## EC_MEMINFO   1903   237            gs30r1b48    1903    1903 3527303    [No]    [No]    1903      14  {42,43,44,45,46,47,48,49,50,51,52,53,54,55}
## EC_MEMINFO   1904   238            gs30r1b49    1904    1904 2853426    [No]     Yes    1904      14  {0,1,2,3,4,5,6,7,8,9,10,11,12,13}
## EC_MEMINFO   1905   238            gs30r1b49    1905    1905 2853427    [No]    [No]    1905      14  {14,15,16,17,18,19,20,21,22,23,24,25,26,27}
## EC_MEMINFO   1906   238            gs30r1b49    1906    1906 2853428    [No]    [No]    1906      14  {28,29,30,31,32,33,34,35,36,37,38,39,40,41}
## EC_MEMINFO   1907   238            gs30r1b49    1907    1907 2853429    [No]    [No]    1907      14  {42,43,44,45,46,47,48,49,50,51,52,53,54,55}
## EC_MEMINFO   1908   238            gs30r1b49    1908    1908 2853430    [No]    [No]    1908      14  {56,57,58,59,60,61,62,63,64,65,66,67,68,69}
## EC_MEMINFO   1909   238            gs30r1b49    1909    1909 2853431    [No]    [No]    1909      14  {70,71,72,73,74,75,76,77,78,79,80,81,82,83}
## EC_MEMINFO   1910   238            gs30r1b49    1910    1910 2853432    [No]    [No]    1910      14  {84,85,86,87,88,89,90,91,92,93,94,95,96,97}
## EC_MEMINFO   1911   238            gs30r1b49    1911    1911 2853433    [No]    [No]    1911      14  {98,99,100,101,102,103,104,105,106,107,108,109,110,111}
## EC_MEMINFO   1912   239            gs30r1b50    1912    1912  704914    [No]     Yes    1912      14  {56,57,58,59,60,61,62,63,64,65,66,67,68,69}
## EC_MEMINFO   1913   239            gs30r1b50    1913    1913  704915    [No]    [No]    1913      14  {70,71,72,73,74,75,76,77,78,79,80,81,82,83}
## EC_MEMINFO   1914   239            gs30r1b50    1914    1914  704916    [No]    [No]    1914      14  {84,85,86,87,88,89,90,91,92,93,94,95,96,97}
## EC_MEMINFO   1915   239            gs30r1b50    1915    1915  704917    [No]    [No]    1915      14  {98,99,100,101,102,103,104,105,106,107,108,109,110,111}
## EC_MEMINFO   1916   239            gs30r1b50    1916    1916  704918    [No]    [No]    1916      14  {0,1,2,3,4,5,6,7,8,9,10,11,12,13}
## EC_MEMINFO   1917   239            gs30r1b50    1917    1917  704919    [No]    [No]    1917      14  {14,15,16,17,18,19,20,21,22,23,24,25,26,27}
## EC_MEMINFO   1918   239            gs30r1b50    1918    1918  704920    [No]    [No]    1918      14  {28,29,30,31,32,33,34,35,36,37,38,39,40,41}
## EC_MEMINFO   1919   239            gs30r1b50    1919    1919  704921    [No]    [No]    1919      14  {42,43,44,45,46,47,48,49,50,51,52,53,54,55}
## EC_MEMINFO   1920   240            gs30r1b51    1920    1920 1839847    [No]     Yes    1920      14  {0,1,2,3,4,5,6,7,8,9,10,11,12,13}
## EC_MEMINFO   1921   240            gs30r1b51    1921    1921 1839848    [No]    [No]    1921      14  {14,15,16,17,18,19,20,21,22,23,24,25,26,27}
## EC_MEMINFO   1922   240            gs30r1b51    1922    1922 1839849    [No]    [No]    1922      14  {28,29,30,31,32,33,34,35,36,37,38,39,40,41}
## EC_MEMINFO   1923   240            gs30r1b51    1923    1923 1839850    [No]    [No]    1923      14  {42,43,44,45,46,47,48,49,50,51,52,53,54,55}
## EC_MEMINFO   1924   240            gs30r1b51    1924    1924 1839851    [No]    [No]    1924      14  {56,57,58,59,60,61,62,63,64,65,66,67,68,69}
## EC_MEMINFO   1925   240            gs30r1b51    1925    1925 1839852    [No]    [No]    1925      14  {70,71,72,73,74,75,76,77,78,79,80,81,82,83}
## EC_MEMINFO   1926   240            gs30r1b51    1926    1926 1839853    [No]    [No]    1926      14  {84,85,86,87,88,89,90,91,92,93,94,95,96,97}
## EC_MEMINFO   1927   240            gs30r1b51    1927    1927 1839854    [No]    [No]    1927      14  {98,99,100,101,102,103,104,105,106,107,108,109,110,111}
## EC_MEMINFO   1928   241            gs30r1b52    1928    1928 1629899    [No]     Yes    1928      14  {56,57,58,59,60,61,62,63,64,65,66,67,68,69}
## EC_MEMINFO   1929   241            gs30r1b52    1929    1929 1629900    [No]    [No]    1929      14  {70,71,72,73,74,75,76,77,78,79,80,81,82,83}
## EC_MEMINFO   1930   241            gs30r1b52    1930    1930 1629901    [No]    [No]    1930      14  {84,85,86,87,88,89,90,91,92,93,94,95,96,97}
## EC_MEMINFO   1931   241            gs30r1b52    1931    1931 1629902    [No]    [No]    1931      14  {98,99,100,101,102,103,104,105,106,107,108,109,110,111}
## EC_MEMINFO   1932   241            gs30r1b52    1932    1932 1629903    [No]    [No]    1932      14  {0,1,2,3,4,5,6,7,8,9,10,11,12,13}
## EC_MEMINFO   1933   241            gs30r1b52    1933    1933 1629904    [No]    [No]    1933      14  {14,15,16,17,18,19,20,21,22,23,24,25,26,27}
## EC_MEMINFO   1934   241            gs30r1b52    1934    1934 1629905    [No]    [No]    1934      14  {28,29,30,31,32,33,34,35,36,37,38,39,40,41}
## EC_MEMINFO   1935   241            gs30r1b52    1935    1935 1629906    [No]    [No]    1935      14  {42,43,44,45,46,47,48,49,50,51,52,53,54,55}
## EC_MEMINFO   1936   242            gs30r1b53    1936    1936    9992    [No]     Yes    1936      14  {0,1,2,3,4,5,6,7,8,9,10,11,12,13}
## EC_MEMINFO   1937   242            gs30r1b53    1937    1937    9993    [No]    [No]    1937      14  {14,15,16,17,18,19,20,21,22,23,24,25,26,27}
## EC_MEMINFO   1938   242            gs30r1b53    1938    1938    9994    [No]    [No]    1938      14  {28,29,30,31,32,33,34,35,36,37,38,39,40,41}
## EC_MEMINFO   1939   242            gs30r1b53    1939    1939    9995    [No]    [No]    1939      14  {42,43,44,45,46,47,48,49,50,51,52,53,54,55}
## EC_MEMINFO   1940   242            gs30r1b53    1940    1940    9996    [No]    [No]    1940      14  {56,57,58,59,60,61,62,63,64,65,66,67,68,69}
## EC_MEMINFO   1941   242            gs30r1b53    1941    1941    9997    [No]    [No]    1941      14  {70,71,72,73,74,75,76,77,78,79,80,81,82,83}
## EC_MEMINFO   1942   242            gs30r1b53    1942    1942    9998    [No]    [No]    1942      14  {84,85,86,87,88,89,90,91,92,93,94,95,96,97}
## EC_MEMINFO   1943   242            gs30r1b53    1943    1943    9999    [No]    [No]    1943      14  {98,99,100,101,102,103,104,105,106,107,108,109,110,111}
## EC_MEMINFO   1944   243            gs30r1b54    1944    1944 2256047    [No]     Yes    1944      14  {56,57,58,59,60,61,62,63,64,65,66,67,68,69}
## EC_MEMINFO   1945   243            gs30r1b54    1945    1945 2256048    [No]    [No]    1945      14  {70,71,72,73,74,75,76,77,78,79,80,81,82,83}
## EC_MEMINFO   1946   243            gs30r1b54    1946    1946 2256049    [No]    [No]    1946      14  {84,85,86,87,88,89,90,91,92,93,94,95,96,97}
## EC_MEMINFO   1947   243            gs30r1b54    1947    1947 2256050    [No]    [No]    1947      14  {98,99,100,101,102,103,104,105,106,107,108,109,110,111}
## EC_MEMINFO   1948   243            gs30r1b54    1948    1948 2256051    [No]    [No]    1948      14  {0,1,2,3,4,5,6,7,8,9,10,11,12,13}
## EC_MEMINFO   1949   243            gs30r1b54    1949    1949 2256052    [No]    [No]    1949      14  {14,15,16,17,18,19,20,21,22,23,24,25,26,27}
## EC_MEMINFO   1950   243            gs30r1b54    1950    1950 2256053    [No]    [No]    1950      14  {28,29,30,31,32,33,34,35,36,37,38,39,40,41}
## EC_MEMINFO   1951   243            gs30r1b54    1951    1951 2256054    [No]    [No]    1951      14  {42,43,44,45,46,47,48,49,50,51,52,53,54,55}
## EC_MEMINFO   1952   244            gs30r1b55    1952    1952 3594396    [No]     Yes    1952      14  {0,1,2,3,4,5,6,7,8,9,10,11,12,13}
## EC_MEMINFO   1953   244            gs30r1b55    1953    1953 3594397    [No]    [No]    1953      14  {14,15,16,17,18,19,20,21,22,23,24,25,26,27}
## EC_MEMINFO   1954   244            gs30r1b55    1954    1954 3594398    [No]    [No]    1954      14  {28,29,30,31,32,33,34,35,36,37,38,39,40,41}
## EC_MEMINFO   1955   244            gs30r1b55    1955    1955 3594399    [No]    [No]    1955      14  {42,43,44,45,46,47,48,49,50,51,52,53,54,55}
## EC_MEMINFO   1956   244            gs30r1b55    1956    1956 3594400    [No]    [No]    1956      14  {56,57,58,59,60,61,62,63,64,65,66,67,68,69}
## EC_MEMINFO   1957   244            gs30r1b55    1957    1957 3594401    [No]    [No]    1957      14  {70,71,72,73,74,75,76,77,78,79,80,81,82,83}
## EC_MEMINFO   1958   244            gs30r1b55    1958    1958 3594402    [No]    [No]    1958      14  {84,85,86,87,88,89,90,91,92,93,94,95,96,97}
## EC_MEMINFO   1959   244            gs30r1b55    1959    1959 3594403    [No]    [No]    1959      14  {98,99,100,101,102,103,104,105,106,107,108,109,110,111}
## EC_MEMINFO   1960   245            gs30r1b57    1960    1960  180176    [No]     Yes    1960      14  {0,1,2,3,4,5,6,7,8,9,10,11,12,13}
## EC_MEMINFO   1961   245            gs30r1b57    1961    1961  180177    [No]    [No]    1961      14  {14,15,16,17,18,19,20,21,22,23,24,25,26,27}
## EC_MEMINFO   1962   245            gs30r1b57    1962    1962  180178    [No]    [No]    1962      14  {28,29,30,31,32,33,34,35,36,37,38,39,40,41}
## EC_MEMINFO   1963   245            gs30r1b57    1963    1963  180179    [No]    [No]    1963      14  {42,43,44,45,46,47,48,49,50,51,52,53,54,55}
## EC_MEMINFO   1964   245            gs30r1b57    1964    1964  180180    [No]    [No]    1964      14  {56,57,58,59,60,61,62,63,64,65,66,67,68,69}
## EC_MEMINFO   1965   245            gs30r1b57    1965    1965  180181    [No]    [No]    1965      14  {70,71,72,73,74,75,76,77,78,79,80,81,82,83}
## EC_MEMINFO   1966   245            gs30r1b57    1966    1966  180182    [No]    [No]    1966      14  {84,85,86,87,88,89,90,91,92,93,94,95,96,97}
## EC_MEMINFO   1967   245            gs30r1b57    1967    1967  180183    [No]    [No]    1967      14  {98,99,100,101,102,103,104,105,106,107,108,109,110,111}
## EC_MEMINFO   1968   246            gs30r1b58    1968    1968 1398550    [No]     Yes    1968      14  {56,57,58,59,60,61,62,63,64,65,66,67,68,69}
## EC_MEMINFO   1969   246            gs30r1b58    1969    1969 1398551    [No]    [No]    1969      14  {70,71,72,73,74,75,76,77,78,79,80,81,82,83}
## EC_MEMINFO   1970   246            gs30r1b58    1970    1970 1398552    [No]    [No]    1970      14  {84,85,86,87,88,89,90,91,92,93,94,95,96,97}
## EC_MEMINFO   1971   246            gs30r1b58    1971    1971 1398553    [No]    [No]    1971      14  {98,99,100,101,102,103,104,105,106,107,108,109,110,111}
## EC_MEMINFO   1972   246            gs30r1b58    1972    1972 1398554    [No]    [No]    1972      14  {0,1,2,3,4,5,6,7,8,9,10,11,12,13}
## EC_MEMINFO   1973   246            gs30r1b58    1973    1973 1398555    [No]    [No]    1973      14  {14,15,16,17,18,19,20,21,22,23,24,25,26,27}
## EC_MEMINFO   1974   246            gs30r1b58    1974    1974 1398556    [No]    [No]    1974      14  {28,29,30,31,32,33,34,35,36,37,38,39,40,41}
## EC_MEMINFO   1975   246            gs30r1b58    1975    1975 1398557    [No]    [No]    1975      14  {42,43,44,45,46,47,48,49,50,51,52,53,54,55}
## EC_MEMINFO   1976   247            gs30r1b59    1976    1976 1814532    [No]     Yes    1976      14  {0,1,2,3,4,5,6,7,8,9,10,11,12,13}
## EC_MEMINFO   1977   247            gs30r1b59    1977    1977 1814533    [No]    [No]    1977      14  {14,15,16,17,18,19,20,21,22,23,24,25,26,27}
## EC_MEMINFO   1978   247            gs30r1b59    1978    1978 1814534    [No]    [No]    1978      14  {28,29,30,31,32,33,34,35,36,37,38,39,40,41}
## EC_MEMINFO   1979   247            gs30r1b59    1979    1979 1814535    [No]    [No]    1979      14  {42,43,44,45,46,47,48,49,50,51,52,53,54,55}
## EC_MEMINFO   1980   247            gs30r1b59    1980    1980 1814536    [No]    [No]    1980      14  {56,57,58,59,60,61,62,63,64,65,66,67,68,69}
## EC_MEMINFO   1981   247            gs30r1b59    1981    1981 1814537    [No]    [No]    1981      14  {70,71,72,73,74,75,76,77,78,79,80,81,82,83}
## EC_MEMINFO   1982   247            gs30r1b59    1982    1982 1814538    [No]    [No]    1982      14  {84,85,86,87,88,89,90,91,92,93,94,95,96,97}
## EC_MEMINFO   1983   247            gs30r1b59    1983    1983 1814539    [No]    [No]    1983      14  {98,99,100,101,102,103,104,105,106,107,108,109,110,111}
## EC_MEMINFO   1984   248            gs30r1b60    1984    1984  533807       0     Yes    1984       7  {56,57,58,59,60,61,62}
## EC_MEMINFO   1985   248            gs30r1b60    1985    1985  533808       1    [No]    1985       7  {63,64,65,66,67,68,69}
## EC_MEMINFO   1986   248            gs30r1b60    1986    1986  533809       2    [No]    1986       7  {70,71,72,73,74,75,76}
## EC_MEMINFO   1987   248            gs30r1b60    1987    1987  533810       3    [No]    1987       7  {77,78,79,80,81,82,83}
## EC_MEMINFO   1988   248            gs30r1b60    1988    1988  533811       4    [No]    1988       7  {84,85,86,87,88,89,90}
## EC_MEMINFO   1989   248            gs30r1b60    1989    1989  533812       5    [No]    1989       7  {91,92,93,94,95,96,97}
## EC_MEMINFO   1990   248            gs30r1b60    1990    1990  533813       6    [No]    1990       7  {98,99,100,101,102,103,104}
## EC_MEMINFO   1991   248            gs30r1b60    1991    1991  533814       7    [No]    1991       7  {105,106,107,108,109,110,111}
## EC_MEMINFO   1992   248            gs30r1b60    1992    1992  533815       8    [No]    1992       7  {0,1,2,3,4,5,6}
## EC_MEMINFO   1993   248            gs30r1b60    1993    1993  533816       9    [No]    1993       7  {7,8,9,10,11,12,13}
## EC_MEMINFO   1994   248            gs30r1b60    1994    1994  533817      10    [No]    1994       7  {14,15,16,17,18,19,20}
## EC_MEMINFO   1995   248            gs30r1b60    1995    1995  533818      11    [No]    1995       7  {21,22,23,24,25,26,27}
## EC_MEMINFO   1996   248            gs30r1b60    1996    1996  533819      12    [No]    1996       7  {28,29,30,31,32,33,34}
## EC_MEMINFO   1997   248            gs30r1b60    1997    1997  533820      13    [No]    1997       7  {35,36,37,38,39,40,41}
## EC_MEMINFO   1998   248            gs30r1b60    1998    1998  533821      14    [No]    1998       7  {42,43,44,45,46,47,48}
## EC_MEMINFO   1999   248            gs30r1b60    1999    1999  533822      15    [No]    1999       7  {49,50,51,52,53,54,55}
## EC_MEMINFO   2000   249            gs30r1b61    2000    2000  216392      16     Yes    2000       7  {0,1,2,3,4,5,6}
## EC_MEMINFO   2001   249            gs30r1b61    2001    2001  216393      17    [No]    2001       7  {7,8,9,10,11,12,13}
## EC_MEMINFO   2002   249            gs30r1b61    2002    2002  216394      18    [No]    2002       7  {14,15,16,17,18,19,20}
## EC_MEMINFO   2003   249            gs30r1b61    2003    2003  216395      19    [No]    2003       7  {21,22,23,24,25,26,27}
## EC_MEMINFO   2004   249            gs30r1b61    2004    2004  216396      20    [No]    2004       7  {28,29,30,31,32,33,34}
## EC_MEMINFO   2005   249            gs30r1b61    2005    2005  216397      21    [No]    2005       7  {35,36,37,38,39,40,41}
## EC_MEMINFO   2006   249            gs30r1b61    2006    2006  216398      22    [No]    2006       7  {42,43,44,45,46,47,48}
## EC_MEMINFO   2007   249            gs30r1b61    2007    2007  216399      23    [No]    2007       7  {49,50,51,52,53,54,55}
## EC_MEMINFO   2008   249            gs30r1b61    2008    2008  216400      24    [No]    2008       7  {56,57,58,59,60,61,62}
## EC_MEMINFO   2009   249            gs30r1b61    2009    2009  216401      25    [No]    2009       7  {63,64,65,66,67,68,69}
## EC_MEMINFO   2010   249            gs30r1b61    2010    2010  216402      26    [No]    2010       7  {70,71,72,73,74,75,76}
## EC_MEMINFO   2011   249            gs30r1b61    2011    2011  216403      27    [No]    2011       7  {77,78,79,80,81,82,83}
## EC_MEMINFO   2012   249            gs30r1b61    2012    2012  216404      28    [No]    2012       7  {84,85,86,87,88,89,90}
## EC_MEMINFO   2013   249            gs30r1b61    2013    2013  216405      29    [No]    2013       7  {91,92,93,94,95,96,97}
## EC_MEMINFO   2014   249            gs30r1b61    2014    2014  216406      30    [No]    2014       7  {98,99,100,101,102,103,104}
## EC_MEMINFO   2015   249            gs30r1b61    2015    2015  216407      31    [No]    2015       7  {105,106,107,108,109,110,111}
## EC_MEMINFO   2016   250            gs30r1b62    2016    2016 2511419      32     Yes    2016       7  {56,57,58,59,60,61,62}
## EC_MEMINFO   2017   250            gs30r1b62    2017    2017 2511420      33    [No]    2017       7  {63,64,65,66,67,68,69}
## EC_MEMINFO   2018   250            gs30r1b62    2018    2018 2511421      34    [No]    2018       7  {70,71,72,73,74,75,76}
## EC_MEMINFO   2019   250            gs30r1b62    2019    2019 2511422      35    [No]    2019       7  {77,78,79,80,81,82,83}
## EC_MEMINFO   2020   250            gs30r1b62    2020    2020 2511423      36    [No]    2020       7  {84,85,86,87,88,89,90}
## EC_MEMINFO   2021   250            gs30r1b62    2021    2021 2511424      37    [No]    2021       7  {91,92,93,94,95,96,97}
## EC_MEMINFO   2022   250            gs30r1b62    2022    2022 2511425      38    [No]    2022       7  {98,99,100,101,102,103,104}
## EC_MEMINFO   2023   250            gs30r1b62    2023    2023 2511426      39    [No]    2023       7  {105,106,107,108,109,110,111}
## EC_MEMINFO   2024   250            gs30r1b62    2024    2024 2511427      40    [No]    2024       7  {0,1,2,3,4,5,6}
## EC_MEMINFO   2025   250            gs30r1b62    2025    2025 2511428      41    [No]    2025       7  {7,8,9,10,11,12,13}
## EC_MEMINFO   2026   250            gs30r1b62    2026    2026 2511429      42    [No]    2026       7  {14,15,16,17,18,19,20}
## EC_MEMINFO   2027   250            gs30r1b62    2027    2027 2511430      43    [No]    2027       7  {21,22,23,24,25,26,27}
## EC_MEMINFO   2028   250            gs30r1b62    2028    2028 2511431      44    [No]    2028       7  {28,29,30,31,32,33,34}
## EC_MEMINFO   2029   250            gs30r1b62    2029    2029 2511432      45    [No]    2029       7  {35,36,37,38,39,40,41}
## EC_MEMINFO   2030   250            gs30r1b62    2030    2030 2511433      46    [No]    2030       7  {42,43,44,45,46,47,48}
## EC_MEMINFO   2031   250            gs30r1b62    2031    2031 2511434      47    [No]    2031       7  {49,50,51,52,53,54,55}
## EC_MEMINFO   2032   251            gs30r1b63    2032    2032 1117246      48     Yes    2032       7  {0,1,2,3,4,5,6}
## EC_MEMINFO   2033   251            gs30r1b63    2033    2033 1117247      49    [No]    2033       7  {7,8,9,10,11,12,13}
## EC_MEMINFO   2034   251            gs30r1b63    2034    2034 1117248      50    [No]    2034       7  {14,15,16,17,18,19,20}
## EC_MEMINFO   2035   251            gs30r1b63    2035    2035 1117249      51    [No]    2035       7  {21,22,23,24,25,26,27}
## EC_MEMINFO   2036   251            gs30r1b63    2036    2036 1117250      52    [No]    2036       7  {28,29,30,31,32,33,34}
## EC_MEMINFO   2037   251            gs30r1b63    2037    2037 1117251      53    [No]    2037       7  {35,36,37,38,39,40,41}
## EC_MEMINFO   2038   251            gs30r1b63    2038    2038 1117252      54    [No]    2038       7  {42,43,44,45,46,47,48}
## EC_MEMINFO   2039   251            gs30r1b63    2039    2039 1117253      55    [No]    2039       7  {49,50,51,52,53,54,55}
## EC_MEMINFO   2040   251            gs30r1b63    2040    2040 1117254      56    [No]    2040       7  {56,57,58,59,60,61,62}
## EC_MEMINFO   2041   251            gs30r1b63    2041    2041 1117255      57    [No]    2041       7  {63,64,65,66,67,68,69}
## EC_MEMINFO   2042   251            gs30r1b63    2042    2042 1117256      58    [No]    2042       7  {70,71,72,73,74,75,76}
## EC_MEMINFO   2043   251            gs30r1b63    2043    2043 1117257      59    [No]    2043       7  {77,78,79,80,81,82,83}
## EC_MEMINFO   2044   251            gs30r1b63    2044    2044 1117258      60    [No]    2044       7  {84,85,86,87,88,89,90}
## EC_MEMINFO   2045   251            gs30r1b63    2045    2045 1117259      61    [No]    2045       7  {91,92,93,94,95,96,97}
## EC_MEMINFO   2046   251            gs30r1b63    2046    2046 1117260      62    [No]    2046       7  {98,99,100,101,102,103,104}
## EC_MEMINFO   2047   251            gs30r1b63    2047    2047 1117261      63    [No]    2047       7  {105,106,107,108,109,110,111}
## EC_MEMINFO   2048   252            gs30r1b64    2048    2048 2714636      64     Yes    2048       7  {56,57,58,59,60,61,62}
## EC_MEMINFO   2049   252            gs30r1b64    2049    2049 2714637      65    [No]    2049       7  {63,64,65,66,67,68,69}
## EC_MEMINFO   2050   252            gs30r1b64    2050    2050 2714638      66    [No]    2050       7  {70,71,72,73,74,75,76}
## EC_MEMINFO   2051   252            gs30r1b64    2051    2051 2714639      67    [No]    2051       7  {77,78,79,80,81,82,83}
## EC_MEMINFO   2052   252            gs30r1b64    2052    2052 2714640      68    [No]    2052       7  {84,85,86,87,88,89,90}
## EC_MEMINFO   2053   252            gs30r1b64    2053    2053 2714641      69    [No]    2053       7  {91,92,93,94,95,96,97}
## EC_MEMINFO   2054   252            gs30r1b64    2054    2054 2714642      70    [No]    2054       7  {98,99,100,101,102,103,104}
## EC_MEMINFO   2055   252            gs30r1b64    2055    2055 2714643      71    [No]    2055       7  {105,106,107,108,109,110,111}
## EC_MEMINFO   2056   252            gs30r1b64    2056    2056 2714644      72    [No]    2056       7  {0,1,2,3,4,5,6}
## EC_MEMINFO   2057   252            gs30r1b64    2057    2057 2714645      73    [No]    2057       7  {7,8,9,10,11,12,13}
## EC_MEMINFO   2058   252            gs30r1b64    2058    2058 2714646      74    [No]    2058       7  {14,15,16,17,18,19,20}
## EC_MEMINFO   2059   252            gs30r1b64    2059    2059 2714647      75    [No]    2059       7  {21,22,23,24,25,26,27}
## EC_MEMINFO   2060   252            gs30r1b64    2060    2060 2714648      76    [No]    2060       7  {28,29,30,31,32,33,34}
## EC_MEMINFO   2061   252            gs30r1b64    2061    2061 2714649      77    [No]    2061       7  {35,36,37,38,39,40,41}
## EC_MEMINFO   2062   252            gs30r1b64    2062    2062 2714650      78    [No]    2062       7  {42,43,44,45,46,47,48}
## EC_MEMINFO   2063   252            gs30r1b64    2063    2063 2714651      79    [No]    2063       7  {49,50,51,52,53,54,55}
## EC_MEMINFO   2064   253            gs30r1b65    2064    2064 2836801      80     Yes    2064       7  {0,1,2,3,4,5,6}
## EC_MEMINFO   2065   253            gs30r1b65    2065    2065 2836802      81    [No]    2065       7  {7,8,9,10,11,12,13}
## EC_MEMINFO   2066   253            gs30r1b65    2066    2066 2836803      82    [No]    2066       7  {14,15,16,17,18,19,20}
## EC_MEMINFO   2067   253            gs30r1b65    2067    2067 2836804      83    [No]    2067       7  {21,22,23,24,25,26,27}
## EC_MEMINFO   2068   253            gs30r1b65    2068    2068 2836805      84    [No]    2068       7  {28,29,30,31,32,33,34}
## EC_MEMINFO   2069   253            gs30r1b65    2069    2069 2836806      85    [No]    2069       7  {35,36,37,38,39,40,41}
## EC_MEMINFO   2070   253            gs30r1b65    2070    2070 2836807      86    [No]    2070       7  {42,43,44,45,46,47,48}
## EC_MEMINFO   2071   253            gs30r1b65    2071    2071 2836808      87    [No]    2071       7  {49,50,51,52,53,54,55}
## EC_MEMINFO   2072   253            gs30r1b65    2072    2072 2836809      88    [No]    2072       7  {56,57,58,59,60,61,62}
## EC_MEMINFO   2073   253            gs30r1b65    2073    2073 2836810      89    [No]    2073       7  {63,64,65,66,67,68,69}
## EC_MEMINFO   2074   253            gs30r1b65    2074    2074 2836811      90    [No]    2074       7  {70,71,72,73,74,75,76}
## EC_MEMINFO   2075   253            gs30r1b65    2075    2075 2836812      91    [No]    2075       7  {77,78,79,80,81,82,83}
## EC_MEMINFO   2076   253            gs30r1b65    2076    2076 2836813      92    [No]    2076       7  {84,85,86,87,88,89,90}
## EC_MEMINFO   2077   253            gs30r1b65    2077    2077 2836814      93    [No]    2077       7  {91,92,93,94,95,96,97}
## EC_MEMINFO   2078   253            gs30r1b65    2078    2078 2836815      94    [No]    2078       7  {98,99,100,101,102,103,104}
## EC_MEMINFO   2079   253            gs30r1b65    2079    2079 2836816      95    [No]    2079       7  {105,106,107,108,109,110,111}
## EC_MEMINFO   2080   254            gs30r1b66    2080    2080  502385      96     Yes    2080       7  {56,57,58,59,60,61,62}
## EC_MEMINFO   2081   254            gs30r1b66    2081    2081  502386      97    [No]    2081       7  {63,64,65,66,67,68,69}
## EC_MEMINFO   2082   254            gs30r1b66    2082    2082  502387      98    [No]    2082       7  {70,71,72,73,74,75,76}
## EC_MEMINFO   2083   254            gs30r1b66    2083    2083  502388      99    [No]    2083       7  {77,78,79,80,81,82,83}
## EC_MEMINFO   2084   254            gs30r1b66    2084    2084  502389     100    [No]    2084       7  {84,85,86,87,88,89,90}
## EC_MEMINFO   2085   254            gs30r1b66    2085    2085  502390     101    [No]    2085       7  {91,92,93,94,95,96,97}
## EC_MEMINFO   2086   254            gs30r1b66    2086    2086  502391     102    [No]    2086       7  {98,99,100,101,102,103,104}
## EC_MEMINFO   2087   254            gs30r1b66    2087    2087  502392     103    [No]    2087       7  {105,106,107,108,109,110,111}
## EC_MEMINFO   2088   254            gs30r1b66    2088    2088  502393     104    [No]    2088       7  {0,1,2,3,4,5,6}
## EC_MEMINFO   2089   254            gs30r1b66    2089    2089  502394     105    [No]    2089       7  {7,8,9,10,11,12,13}
## EC_MEMINFO   2090   254            gs30r1b66    2090    2090  502395     106    [No]    2090       7  {14,15,16,17,18,19,20}
## EC_MEMINFO   2091   254            gs30r1b66    2091    2091  502396     107    [No]    2091       7  {21,22,23,24,25,26,27}
## EC_MEMINFO   2092   254            gs30r1b66    2092    2092  502397     108    [No]    2092       7  {28,29,30,31,32,33,34}
## EC_MEMINFO   2093   254            gs30r1b66    2093    2093  502398     109    [No]    2093       7  {35,36,37,38,39,40,41}
## EC_MEMINFO   2094   254            gs30r1b66    2094    2094  502399     110    [No]    2094       7  {42,43,44,45,46,47,48}
## EC_MEMINFO   2095   254            gs30r1b66    2095    2095  502400     111    [No]    2095       7  {49,50,51,52,53,54,55}
## EC_MEMINFO   2096   255            gs30r1b67    2096    2096 3344316     112     Yes    2096       7  {0,1,2,3,4,5,6}
## EC_MEMINFO   2097   255            gs30r1b67    2097    2097 3344317     113    [No]    2097       7  {7,8,9,10,11,12,13}
## EC_MEMINFO   2098   255            gs30r1b67    2098    2098 3344318     114    [No]    2098       7  {14,15,16,17,18,19,20}
## EC_MEMINFO   2099   255            gs30r1b67    2099    2099 3344319     115    [No]    2099       7  {21,22,23,24,25,26,27}
## EC_MEMINFO   2100   255            gs30r1b67    2100    2100 3344320     116    [No]    2100       7  {28,29,30,31,32,33,34}
## EC_MEMINFO   2101   255            gs30r1b67    2101    2101 3344321     117    [No]    2101       7  {35,36,37,38,39,40,41}
## EC_MEMINFO   2102   255            gs30r1b67    2102    2102 3344322     118    [No]    2102       7  {42,43,44,45,46,47,48}
## EC_MEMINFO   2103   255            gs30r1b67    2103    2103 3344323     119    [No]    2103       7  {49,50,51,52,53,54,55}
## EC_MEMINFO   2104   255            gs30r1b67    2104    2104 3344324     120    [No]    2104       7  {56,57,58,59,60,61,62}
## EC_MEMINFO   2105   255            gs30r1b67    2105    2105 3344325     121    [No]    2105       7  {63,64,65,66,67,68,69}
## EC_MEMINFO   2106   255            gs30r1b67    2106    2106 3344326     122    [No]    2106       7  {70,71,72,73,74,75,76}
## EC_MEMINFO   2107   255            gs30r1b67    2107    2107 3344327     123    [No]    2107       7  {77,78,79,80,81,82,83}
## EC_MEMINFO   2108   255            gs30r1b67    2108    2108 3344328     124    [No]    2108       7  {84,85,86,87,88,89,90}
## EC_MEMINFO   2109   255            gs30r1b67    2109    2109 3344329     125    [No]    2109       7  {91,92,93,94,95,96,97}
## EC_MEMINFO   2110   255            gs30r1b67    2110    2110 3344330     126    [No]    2110       7  {98,99,100,101,102,103,104}
## EC_MEMINFO   2111   255            gs30r1b67    2111    2111 3344331     127    [No]    2111       7  {105,106,107,108,109,110,111}
## EC_MEMINFO 
## EC_MEMINFO 
## EC_MEMINFO Detailed memory information for program /gpfs/scratch/bsc32/bsc631248/ifsnc-refgen-20251105-usearchandraps/ifsnemo-build/src/sandbox/ifs.DE_CY48R1.0_climateDT_20251105.SP.CPU.GPP/bin/ifsMASTER.SP -- wall-time :      3.728s
## EC_MEMINFO Running on 256 nodes (2-numa) with 1984 compute + 128 I/O-tasks and 14+7 threads at 16:18:43.531 on 19-Jan-2026
## EC_MEMINFO The Job Name is ifsnemo-basic-test and the Job ID is 35127695
## EC_MEMINFO 
## EC_MEMINFO                           | TC    | MEMORY USED(MB) | MEMORY FREE(MB)  -------------   INCLUDING CACHED|  %USED %HUGE  | Energy  Power Running
## EC_MEMINFO                           | Malloc| Inc Heap        | Numa region  0 | Numa region  1 |                |               |    (J)    (W)
## EC_MEMINFO Node Name                 | Heap  | RSS(sum)        | Small  Huge or | Small  Huge or | Total          |
## EC_MEMINFO                           | (sum) | Small    Huge   |  Only   Small  |  Only   Small  | Memfree+Cached |
## EC_MEMINFO    0 gs21r1b08             158309    3795       0      3647  100136    18003   91088    214569    7284      1.7   0.0         0      0     112  Sm/p:master:computation
## EC_MEMINFO    1 gs21r1b24             158250    3697       0      8347  101168    10618  100158    221981    1517      1.6   0.0         0      0     112  Sm/p:master:computation
## EC_MEMINFO    2 gs21r1b59             158250    3695       0      6568  101986     8570  102500    221319    1687      1.6   0.0         0      0     112  Sm/p:master:computation
## EC_MEMINFO    3 gs21r1b64             158248    3703       0      7257  102852    10690   99572    222064    1529      1.6   0.0         0      0     112  Sm/p:master:computation
## EC_MEMINFO    4 gs21r1b70             158248    3718       0      7012  102602    16622   93240    221168    1818      1.6   0.0         0      0     112  Sm/p:master:computation
## EC_MEMINFO    5 gs24r2b04             158248    3692       0     16812   91820    22796   85232    218233    3187      1.6   0.0         0      0     112  Sm/p:master:computation
## EC_MEMINFO    6 gs24r2b10             158250    3682       0     17901   92528    21136   86162    219313    3083      1.6   0.0         0      0     112  Sm/p:master:computation
## EC_MEMINFO    7 gs24r2b11             158250    3700       0     15982   91994    17612   91420    218600    3113      1.6   0.0         0      0     112  Sm/p:master:computation
## EC_MEMINFO    8 gs24r2b12             158248    3707       0     18174   91838    16037   91478    219099    2896      1.6   0.0         0      0     112  Sm/p:master:computation
## EC_MEMINFO    9 gs24r2b15             158250    3714       0     17943   89392    14775   94528    218212    3757      1.6   0.0         0      0     112  Sm/p:master:computation
## EC_MEMINFO   10 gs24r2b16             158248    3697       0     20496   88828    19278   89850    220041    2973      1.6   0.0         0      0     112  Sm/p:master:computation
## EC_MEMINFO   11 gs24r2b17             158250    3700       0     12873   96098    18716   90942    220324    2746      1.6   0.0         0      0     112  Sm/p:master:computation
## EC_MEMINFO   12 gs24r2b19             158248    3674       0     17464   89818    17454   92906    219286    3078      1.6   0.0         0      0     112  Sm/p:master:computation
## EC_MEMINFO   13 gs24r2b20             158248    3726       0     16736   92058    16302   91802    218534    3297      1.7   0.0         0      0     112  Sm/p:master:computation
## EC_MEMINFO   14 gs24r2b23             158248    3704       0     17007   91384    19997   89760    219733    2829      1.6   0.0         0      0     112  Sm/p:master:computation
## EC_MEMINFO   15 gs24r2b25             158248    3718       0     15377   92788     6278  103364    219507    2418      1.6   0.0         0      0     112  Sm/p:master:computation
## EC_MEMINFO   16 gs24r2b26             158252    3704       0     19967   88204    17831   90784    218347    3622      1.6   0.0         0      0     112  Sm/p:master:computation
## EC_MEMINFO   17 gs24r2b27             158252    3703       0     14822   92500    18289   91934    219124    2611      1.6   0.0         0      0     112  Sm/p:master:computation
## EC_MEMINFO   18 gs24r2b32             158248    3727       0     18339   91106    17030   91372    219478    2872      1.6   0.0         0      0     112  Sm/p:master:computation
## EC_MEMINFO   19 gs24r2b33             158248    3719       0     16060   92224    18385   91230    219440    2739      1.6   0.0         0      0     112  Sm/p:master:computation
## EC_MEMINFO   20 gs24r2b34             158248    3727       0     18728   89420    23174   85508    218423    3588      1.7   0.0         0      0     112  Sm/p:master:computation
## EC_MEMINFO   21 gs24r2b35             158252    3712       0     15356   91450    17999   90692    217194    3441      1.7   0.0         0      0     112  Sm/p:master:computation
## EC_MEMINFO   22 gs24r2b36             158250    3689       0     17473   90980    20517   86416    216932    3834      1.6   0.0         0      0     112  Sm/p:master:computation
## EC_MEMINFO   23 gs24r2b37             158250    3687       0     11781   96034    16459   92538    218407    3244      1.6   0.0         0      0     112  Sm/p:master:computation
## EC_MEMINFO   24 gs24r2b38             158252    3725       0     17358   91236    17915   89456    217551    3636      1.7   0.0         0      0     112  Sm/p:master:computation
## EC_MEMINFO   25 gs24r2b39             158248    3709       0     15603   92304    19184   90372    219039    3219      1.6   0.0         0      0     112  Sm/p:master:computation
## EC_MEMINFO   26 gs24r2b40             158248    3734       0     15584   93398    16657   90642    217852    2817      1.7   0.0         0      0     112  Sm/p:master:computation
## EC_MEMINFO   27 gs24r2b41             158248    3684       0     12824   95442    16399   92880    219125    3091      1.6   0.0         0      0     112  Sm/p:master:computation
## EC_MEMINFO   28 gs24r2b42             158250    3712       0     20010   89266    22219   86042    219130    3452      1.6   0.0         0      0     112  Sm/p:master:computation
## EC_MEMINFO   29 gs24r2b43             158248    3719       0     12720   95776    18439   91588    220071    2638      1.6   0.0         0      0     112  Sm/p:master:computation
## EC_MEMINFO   30 gs24r2b44             158248    3706       0     18389   90010    21948   85248    217264    3653      1.6   0.0         0      0     112  Sm/p:master:computation
## EC_MEMINFO   31 gs24r2b45             158248    3730       0     14906   91280    17443   93222    218445    3161      1.7   0.0         0      0     112  Sm/p:master:computation
## EC_MEMINFO   32 gs24r2b46             158248    3714       0     13844   95684    15728   91722    218567    2662      1.7   0.0         0      0     112  Sm/p:master:computation
## EC_MEMINFO   33 gs24r2b47             158248    3696       0     18049   88696    21593   89188    219123    3085      1.6   0.0         0      0     112  Sm/p:master:computation
## EC_MEMINFO   34 gs24r2b48             158250    3729       0     16663   91636    16971   91108    217958    3403      1.7   0.0         0      0     112  Sm/p:master:computation
## EC_MEMINFO   35 gs24r2b49             158248    3716       0     18961   88722    20180   89568    219018    3081      1.6   0.0         0      0     112  Sm/p:master:computation
## EC_MEMINFO   36 gs24r2b50             158248    3697       0     15994   92064    17847   91036    218528    2782      1.6   0.0         0      0     112  Sm/p:master:computation
## EC_MEMINFO   37 gs24r2b51             158252    3710       0     13150   94384    19640   89666    218410    3145      1.6   0.0         0      0     112  Sm/p:master:computation
## EC_MEMINFO   38 gs24r2b52             158254    3692       0     18238   89502    15889   92018    217235    3354      1.6   0.0         0      0     112  Sm/p:master:computation
## EC_MEMINFO   39 gs24r2b53             158248    3710       0     17368   88674    18803   91028    217458    4044      1.6   0.0         0      0     112  Sm/p:master:computation
## EC_MEMINFO   40 gs24r2b54             158248    3710       0     17173   91454    20311   89250    219783    2578      1.6   0.0         0      0     113  Sm/p:master:computation
## EC_MEMINFO   41 gs24r2b55             158248    3706       0     12354   94700    20096   89610    218372    3551      1.6   0.0         0      0     112  Sm/p:master:computation
## EC_MEMINFO   42 gs24r2b56             158248    3699       0     18333   90046    18449   88950    217417    3426      1.6   0.0         0      0     112  Sm/p:master:computation
## EC_MEMINFO   43 gs24r2b57             158248    3697       0     17791   89218    18559   90208    217353    3935      1.6   0.0         0      0     112  Sm/p:master:computation
## EC_MEMINFO   44 gs24r2b58             158250    3713       0     16619   91882    20536   88852    219520    2670      1.6   0.0         0      0     112  Sm/p:master:computation
## EC_MEMINFO   45 gs24r2b59             158252    3718       0     15787   91308    15767   94514    218958    2986      1.6   0.0         0      0     112  Sm/p:master:computation
## EC_MEMINFO   46 gs24r2b60             158248    3718       0     18015   90452    16127   91620    217845    2609      1.7   0.0         0      0     112  Sm/p:master:computation
## EC_MEMINFO   47 gs24r2b61             158248    3710       0     18700   88412    20023   90296    219052    2217      1.6   0.0         0      0     112  Sm/p:master:computation
## EC_MEMINFO   48 gs24r2b62             158248    3729       0     12916   96266    14346   93268    218421    2486      1.7   0.0         0      0     112  Sm/p:master:computation
## EC_MEMINFO   49 gs24r2b63             158248    3715       0     17245   89488    13570   96736    218637    3128      1.6   0.0         0      0     112  Sm/p:master:computation
## EC_MEMINFO   50 gs24r2b64             158248    3718       0     15008   92888    18264   90288    218052    2937      1.7   0.0         0      0     112  Sm/p:master:computation
## EC_MEMINFO   51 gs24r2b65             158248    3703       0     21831   84592    16684   92266    217066    2801      1.7   0.0         0      0     112  Sm/p:master:computation
## EC_MEMINFO   52 gs24r2b66             158252    3686       0     20445   88344    17831   91122    219396    2613      1.6   0.0         0      0     112  Sm/p:master:computation
## EC_MEMINFO   53 gs24r2b67             158250    3703       0     16002   91490    18792   91094    218950    2870      1.6   0.0         0      0     112  Sm/p:master:computation
## EC_MEMINFO   54 gs24r2b68             158250    3687       0     16771   90692    15467   93642    218160    2665      1.6   0.0         0      0     112  Sm/p:master:computation
## EC_MEMINFO   55 gs24r2b69             158254    3712       0     16684   89912    16021   94172    218424    3219      1.6   0.0         0      0     112  Sm/p:master:computation
## EC_MEMINFO   56 gs24r2b70             158248    3695       0     17415   90388    13374   95390    218190    3779      1.6   0.0         0      0     112  Sm/p:master:computation
## EC_MEMINFO   57 gs24r2b71             158250    3707       0     17060   90812    12753   96000    218267    2908      1.6   0.0         0      0     112  Sm/p:master:computation
## EC_MEMINFO   58 gs24r2b72             158248    3692       0     15136   92040    19247   90556    218562    2860      1.6   0.0         0      0     112  Sm/p:master:computation
## EC_MEMINFO   59 gs25r1b03             158252    3704       0     11422   97042     8526   98496    217182    3046      1.7   0.0         0      0     112  Sm/p:master:computation
## EC_MEMINFO   60 gs25r1b04             158248    3692       0     16623   91142     9504  100298    219255    2478      1.6   0.0         0      0     112  Sm/p:master:computation
## EC_MEMINFO   61 gs25r1b05             158248    3698       0     10200   97232     9898  100778    219805    2428      1.6   0.0         0      0     112  Sm/p:master:computation
## EC_MEMINFO   62 gs25r1b08             158248    3714       0     17257   91454     9263   99890    219472    2511      1.6   0.0         0      0     112  Sm/p:master:computation
## EC_MEMINFO   63 gs25r1b09             158248    3708       0     28850   78500     6681  103562    219294    2741      1.6   0.0         0      0     112  Sm/p:master:computation
## EC_MEMINFO   64 gs25r1b11             158248    3715       0     19100   88296     8127  102032    219243    2812      1.6   0.0         0      0     113  Sm/p:master:computation
## EC_MEMINFO   65 gs25r1b12             158252    3686       0      8540  100432    10362   98568    219536    2484      1.6   0.0         0      0     112  Sm/p:master:computation
## EC_MEMINFO   66 gs25r1b13             158248    3709       0     10112   97230     7891  102190    219112    3002      1.6   0.0         0      0     112  Sm/p:master:computation
## EC_MEMINFO   67 gs25r1b14             158248    3711       0     25846   82352    10592   98706    219194    2715      1.6   0.0         0      0     112  Sm/p:master:computation
## EC_MEMINFO   68 gs25r1b15             158248    3713       0     10642   97786     7630  101510    219266    2601      1.6   0.0         0      0     112  Sm/p:master:computation
## EC_MEMINFO   69 gs25r1b16             158248    3697       0     10547   98430    11170   97642    219385    2447      1.6   0.0         0      0     112  Sm/p:master:computation
## EC_MEMINFO   70 gs25r1b17             158248    3708       0      9249   99158     8489  100620    219169    2520      1.6   0.0         0      0     112  Sm/p:master:computation
## EC_MEMINFO   71 gs25r1b18             158248    3704       0     33186   75946     9902   99220    219855    2707      1.6   0.0         0      0     112  Sm/p:master:computation
## EC_MEMINFO   72 gs25r1b19             158250    3698       0      8116   99444     7186  103110    219548    2978      1.6   0.0         0      0     112  Sm/p:master:computation
## EC_MEMINFO   73 gs25r1b20             158250    3692       0     12455   96308    10697   98706    219706    2479      1.6   0.0         0      0     112  Sm/p:master:computation
## EC_MEMINFO   74 gs25r1b21             158252    3699       0     12183   94724     7715  103284    219488    2562      1.6   0.0         0      0     113  Sm/p:master:computation
## EC_MEMINFO   75 gs25r1b22             158248    3724       0      9136   98786    34611   75406    219564    2638      1.6   0.0         0      0     112  Sm/p:master:computation
## EC_MEMINFO   76 gs25r1b23             158248    3708       0     12385   95594    13928   95998    219603    2585      1.6   0.0         0      0     112  Sm/p:master:computation
## EC_MEMINFO   77 gs25r1b24             158248    3695       0     12247   96334    12092   97486    219859    2593      1.6   0.0         0      0     112  Sm/p:master:computation
## EC_MEMINFO   78 gs25r1b25             158250    3700       0     14530   92328    10602  100512    219673    2828      1.6   0.0         0      0     112  Sm/p:master:computation
## EC_MEMINFO   79 gs25r1b26             158250    3718       0      9423   98934    11744   97872    219596    2857      1.6   0.0         0      0     112  Sm/p:master:computation
## EC_MEMINFO   80 gs25r1b27             158250    3708       0     12281   95262     9835  100682    219759    2581      1.6   0.0         0      0     112  Sm/p:master:computation
## EC_MEMINFO   81 gs25r1b28             158252    3695       0     19217   88596     8104  101890    219394    2977      1.6   0.0         0      0     112  Sm/p:master:computation
## EC_MEMINFO   82 gs25r1b29             158250    3704       0      9563   98334    18557   90910    219016    2668      1.6   0.0         0      0     112  Sm/p:master:computation
## EC_MEMINFO   83 gs25r1b30             158250    3730       0      7542  101170    10276   98898    219519    2498      1.7   0.0         0      0     112  Sm/p:master:computation
## EC_MEMINFO   84 gs25r1b31             158248    3689       0      8563   98748     6890  103430    219312    3075      1.6   0.0         0      0     112  Sm/p:master:computation
## EC_MEMINFO   85 gs25r1b32             158250    3704       0     10778   97720     8961  100620    219667    2694      1.6   0.0         0      0     112  Sm/p:master:computation
## EC_MEMINFO   86 gs25r1b33             158248    3726       0      9879   97366     7337  102820    219102    2798      1.7   0.0         0      0     112  Sm/p:master:computation
## EC_MEMINFO   87 gs25r1b34             158248    3763       0      9000   98982    10688   99160    219415    2555      1.7   0.0         0      0     112  Sm/p:master:computation
## EC_MEMINFO   88 gs25r1b35             158250    3696       0      9252   99206    29966   79600    219681    2741      1.6   0.0         0      0     112  Sm/p:master:computation
## EC_MEMINFO   89 gs25r1b36             158248    3726       0     25111   84352     8024  101316    220486    2588      1.6   0.0         0      0     112  Sm/p:master:computation
## EC_MEMINFO   90 gs25r1b37             158252    3709       0      9279   98726    14524   95152    219273    2893      1.6   0.0         0      0     112  Sm/p:master:computation
## EC_MEMINFO   91 gs25r1b38             158248    3694       0      6966  101862    15042   94164    219658    2706      1.6   0.0         0      0     112  Sm/p:master:computation
## EC_MEMINFO   92 gs25r1b39             158248    3704       0      7075  100218    10852   99262    218992    2573      1.6   0.0         0      0     112  Sm/p:master:computation
## EC_MEMINFO   93 gs25r1b40             158248    3707       0      7507  101758    10721   98574    220222    2491      1.6   0.0         0      0     112  Sm/p:master:computation
## EC_MEMINFO   94 gs25r1b41             158252    3717       0      9565   97894     7761  102204    219124    2765      1.6   0.0         0      0     112  Sm/p:master:computation
## EC_MEMINFO   95 gs25r1b42             158250    3705       0     18065   90410     9155  100444    219732    2736      1.6   0.0         0      0     112  Sm/p:master:computation
## EC_MEMINFO   96 gs25r1b43             158248    3707       0     15564   91238     7615  102482    218595    2941      1.6   0.0         0      0     112  Sm/p:master:computation
## EC_MEMINFO   97 gs25r1b44             158248    3708       0      8772   99208     8871  100578    219084    2992      1.6   0.0         0      0     112  Sm/p:master:computation
## EC_MEMINFO   98 gs25r1b45             158248    3750       0      8624  100018     8891  100890    220020    2340      1.7   0.0         0      0     112  Sm/p:master:computation
## EC_MEMINFO   99 gs25r1b46             158252    3698       0      7349  101104     8791  100226    219031    2827      1.6   0.0         0      0     112  Sm/p:master:computation
## EC_MEMINFO  100 gs25r1b48             158248    3722       0      6935  101112    10022   99578    219336    2550      1.6   0.0         0      0     112  Sm/p:master:computation
## EC_MEMINFO  101 gs25r1b49             158252    3692       0      7063  100122     7422  103110    219388    2745      1.6   0.0         0      0     112  Sm/p:master:computation
## EC_MEMINFO  102 gs25r1b50             158248    3716       0     22679   87008    11331   97356    220020    2715      1.6   0.0         0      0     112  Sm/p:master:computation
## EC_MEMINFO  103 gs25r1b51             158248    3703       0     14363   92480    10279   99888    218707    2523      1.6   0.0         0      0     112  Sm/p:master:computation
## EC_MEMINFO  104 gs25r1b52             158252    3708       0     23711   84890     8243  101260    219801    2811      1.6   0.0         0      0     112  Sm/p:master:computation
## EC_MEMINFO  105 gs25r1b53             158248    3721       0     27442   79990     7589  102794    219513    2621      1.6   0.0         0      0     112  Sm/p:master:computation
## EC_MEMINFO  106 gs25r1b54             158250    3693       0      8222   99364     9187   98918    217388    2897      1.6   0.0         0      0     112  Sm/p:master:computation
## EC_MEMINFO  107 gs25r1b55             158250    3706       0      9062   97994     7606  103022    219301    2663      1.6   0.0         0      0     112  Sm/p:master:computation
## EC_MEMINFO  108 gs25r1b56             158248    3710       0     13577   95122    20416   88234    219045    2696      1.6   0.0         0      0     112  Sm/p:master:computation
## EC_MEMINFO  109 gs25r1b57             158248    3716       0     26599   81040    29220   81222    219703    2416      1.6   0.0         0      0     112  Sm/p:master:computation
## EC_MEMINFO  110 gs25r1b58             158250    3706       0      4816  104112     6365  103314    220214    2189      1.6   0.0         0      0     112  Sm/p:master:computation
## EC_MEMINFO  111 gs25r1b66             158250    3720       0      7645  101000    25632   83870    219840    2447      1.6   0.0         0      0     112  Sm/p:master:computation
## EC_MEMINFO  112 gs28r2b01             158252    3715       0     11146   95316    10376   98756    217274    2740      1.7   0.0         0      0     112  Sm/p:master:computation
## EC_MEMINFO  113 gs28r2b03             158252    3685       0     12340   94874    10766   99794    219456    2433      1.6   0.0         0      0     112  Sm/p:master:computation
## EC_MEMINFO  114 gs28r2b04             158248    3717       0     10931   97448    11413   97870    219351    2498      1.6   0.0         0      0     112  Sm/p:master:computation
## EC_MEMINFO  115 gs28r2b05             158248    3696       0     12016   95554    18919   91484    219660    2354      1.6   0.0         0      0     112  Sm/p:master:computation
## EC_MEMINFO  116 gs28r2b06             158250    3687       0      9452   99106    12368   97336    219959    2327      1.6   0.0         0      0     112  Sm/p:master:computation
## EC_MEMINFO  117 gs28r2b07             158248    3714       0     10437   97620    10003   99962    219722    2497      1.6   0.0         0      0     112  Sm/p:master:computation
## EC_MEMINFO  118 gs28r2b33             158248    3700       0     17019   90186    19263   91444    219544    2749      1.6   0.0         0      0     112  Sm/p:master:computation
## EC_MEMINFO  119 gs28r2b34             158248    3704       0     19923   88780    17983   92022    220324    2726      1.6   0.0         0      0     113  Sm/p:master:computation
## EC_MEMINFO  120 gs28r2b35             158252    3725       0     22024   86664    21408   89134    220825    2398      1.6   0.0         0      0     112  Sm/p:master:computation
## EC_MEMINFO  121 gs28r2b36             158252    3731       0     18746   90622    15610   93900    220492    2554      1.6   0.0         0      0     112  Sm/p:master:computation
## EC_MEMINFO  122 gs28r2b37             158250    3724       0     11388   97224    16752   94038    221017    2342      1.6   0.0         0      0     112  Sm/p:master:computation
## EC_MEMINFO  123 gs28r2b38             158248    3691       0     20431   88998    18585   91168    220813    2344      1.6   0.0         0      0     112  Sm/p:master:computation
## EC_MEMINFO  124 gs28r2b39             158248    3699       0     11747   96252    18998   92102    220747    2364      1.6   0.0         0      0     112  Sm/p:master:computation
## EC_MEMINFO  125 gs28r2b40             158248    3721       0     13274   96540     9931   99584    221026    2111      1.6   0.0         0      0     112  Sm/p:master:computation
## EC_MEMINFO  126 gs28r2b41             158248    3690       0     10673   97340     6639  104540    220892    2636      1.6   0.0         0      0     112  Sm/p:master:computation
## EC_MEMINFO  127 gs28r2b42             158250    3720       0     20734   87926    12705   97580    220645    2489      1.6   0.0         0      0     112  Sm/p:master:computation
## EC_MEMINFO  128 gs28r2b43             158248    3714       0     19219   90184    19818   89812    220675    2361      1.6   0.0         0      0     112  Sm/p:master:computation
## EC_MEMINFO  129 gs28r2b44             158248    3695       0     16091   93194    21474   88550    220925    2325      1.6   0.0         0      0     112  Sm/p:master:computation
## EC_MEMINFO  130 gs28r2b45             158248    3716       0     15127   94052    18667   91622    221070    2327      1.6   0.0         0      0     112  Sm/p:master:computation
## EC_MEMINFO  131 gs28r2b46             158248    3697       0     17315   92002    16381   93418    220747    2664      1.6   0.0         0      0     112  Sm/p:master:computation
## EC_MEMINFO  132 gs28r2b47             158250    3680       0     16384   91578    11785   98904    220306    2805      1.6   0.0         0      0     112  Sm/p:master:computation
## EC_MEMINFO  133 gs28r2b48             158250    3713       0     16177   93030    18563   91462    220842    2500      1.6   0.0         0      0     112  Sm/p:master:computation
## EC_MEMINFO  134 gs28r2b49             158248    3715       0     16295   92150    16526   93846    220434    2629      1.6   0.0         0      0     112  Sm/p:master:computation
## EC_MEMINFO  135 gs28r2b50             158250    3707       0     14365   94636    16611   92952    220213    2520      1.6   0.0         0      0     112  Sm/p:master:computation
## EC_MEMINFO  136 gs28r2b51             158250    3721       0     17474   90216    20032   91196    220530    2533      1.6   0.0         0      0     112  Sm/p:master:computation
## EC_MEMINFO  137 gs28r2b52             158250    3710       0     13607   96068    15608   93902    220883    2277      1.6   0.0         0      0     112  Sm/p:master:computation
## EC_MEMINFO  138 gs28r2b53             158250    3678       0     12678   95944    10526   99938    220780    2229      1.6   0.0         0      0     112  Sm/p:master:computation
## EC_MEMINFO  139 gs28r2b54             158250    3698       0      8253  101476    10570   98894    220896    2260      1.6   0.0         0      0     112  Sm/p:master:computation
## EC_MEMINFO  140 gs28r2b55             158250    3731       0     12870   94942    13810   97086    220408    2382      1.6   0.0         0      0     112  Sm/p:master:computation
## EC_MEMINFO  141 gs28r2b56             158248    3722       0     18514   90652    15912   93750    220401    2308      1.6   0.0         0      0     112  Sm/p:master:computation
## EC_MEMINFO  142 gs28r2b57             158248    3691       0     15512   92384    19682   91636    220785    2308      1.6   0.0         0      0     112  Sm/p:master:computation
## EC_MEMINFO  143 gs28r2b58             158248    3728       0     18017   90950    20538   89590    220736    2381      1.6   0.0         0      0     112  Sm/p:master:computation
## EC_MEMINFO  144 gs28r2b59             158248    3730       0     19846   88580    28913   81530    220497    2381      1.6   0.0         0      0     112  Sm/p:master:computation
## EC_MEMINFO  145 gs28r2b60             158248    3708       0     15976   92390    16332   93556    219954    2973      1.6   0.0         0      0     112  Sm/p:master:computation
## EC_MEMINFO  146 gs28r2b61             158248    3709       0     31139   76208     9252  101880    220119    2707      1.6   0.0         0      0     113  Sm/p:master:computation
## EC_MEMINFO  147 gs28r2b62             158248    3699       0     26854   81438    29522   80086    219454    2769      1.6   0.0         0      0     112  Sm/p:master:computation
## EC_MEMINFO  148 gs28r2b63             158250    3733       0     26705   81086    34199   75724    219401    2753      1.7   0.0         0      0     112  Sm/p:master:computation
## EC_MEMINFO  149 gs28r2b64             158248    3737       0     27541   80624    29576   80258    219677    2684      1.7   0.0         0      0     112  Sm/p:master:computation
## EC_MEMINFO  150 gs28r2b65             158248    3739       0     27215   80054    19223   91580    219756    2669      1.7   0.0         0      0     112  Sm/p:master:computation
## EC_MEMINFO  151 gs28r2b66             158248    3702       0     27978   78842    21907   88798    219227    2665      1.6   0.0         0      0     112  Sm/p:master:computation
## EC_MEMINFO  152 gs28r2b67             158248    3729       0     23322   84186    16151   94976    220313    2331      1.6   0.0         0      0     112  Sm/p:master:computation
## EC_MEMINFO  153 gs28r2b68             158250    3714       0     28455   80654    19250   89270    219318    2601      1.6   0.0         0      0     112  Sm/p:master:computation
## EC_MEMINFO  154 gs28r2b69             158248    3699       0     25660   82324    15007   95264    219938    2333      1.6   0.0         0      0     112  Sm/p:master:computation
## EC_MEMINFO  155 gs28r2b70             158250    3710       0     16171   91562    35555   74518    219501    2514      1.6   0.0         0      0     112  Sm/p:master:computation
## EC_MEMINFO  156 gs28r2b72             158248    3705       0      7240  101652     9093  100508    220186    2181      1.6   0.0         0      0     112  Sm/p:master:computation
## EC_MEMINFO  157 gs28r3b02             158248    3693       0     14769   94312    24069   84924    219743    2400      1.6   0.0         0      0     112  Sm/p:master:computation
## EC_MEMINFO  158 gs28r3b03             158250    3709       0     22020   86464    27655   82834    220639    2516      1.6   0.0         0      0     112  Sm/p:master:computation
## EC_MEMINFO  159 gs28r3b04             158248    3703       0     29097   80828    25344   83644    220578    2778      1.6   0.0         0      0     112  Sm/p:master:computation
## EC_MEMINFO  160 gs28r3b05             158248    3712       0     26041   81548    28737   82026    220033    3163      1.6   0.0         0      0     112  Sm/p:master:computation
## EC_MEMINFO  161 gs28r3b06             158250    3751       0      8152  102634     8832  100682    221999    1671      1.6   0.0         0      0     112  Sm/p:master:computation
## EC_MEMINFO  162 gs28r3b07             158252    3688       0     25378   82406    26312   84716    220476    2632      1.6   0.0         0      0     112  Sm/p:master:computation
## EC_MEMINFO  163 gs28r3b08             158250    3691       0     24060   85162    30509   78778    220189    2401      1.6   0.0         0      0     112  Sm/p:master:computation
## EC_MEMINFO  164 gs28r3b09             158250    3728       0     28380   79600    27346   83248    220249    2311      1.6   0.0         0      0     112  Sm/p:master:computation
## EC_MEMINFO  165 gs28r3b10             158252    3690       0      8643  101990    11163   97178    220673    2789      1.6   0.0         0      0     112  Sm/p:master:computation
## EC_MEMINFO  166 gs28r3b11             158250    3691       0     24488   83956     4957  105672    220764    2743      1.6   0.0         0      0     113  Sm/p:master:computation
## EC_MEMINFO  167 gs28r3b12             158250    3700       0     21935   88152    24766   83718    220240    3173      1.6   0.0         0      0     112  Sm/p:master:computation
## EC_MEMINFO  168 gs28r3b13             158248    3706       0     28049   80520    33236   76212    219685    3075      1.6   0.0         0      0     112  Sm/p:master:computation
## EC_MEMINFO  169 gs28r3b14             158248    3717       0     33950   75542    10825   98240    220258    2952      1.6   0.0         0      0     112  Sm/p:master:computation
## EC_MEMINFO  170 gs28r3b15             158248    3696       0     23095   85634     8594  101420    220442    3046      1.6   0.0         0      0     112  Sm/p:master:computation
## EC_MEMINFO  171 gs28r3b16             158248    3707       0      8856  100060    30333   78946    219895    3295      1.6   0.0         0      0     112  Sm/p:master:computation
## EC_MEMINFO  172 gs28r3b17             158250    3714       0     30520   77874    24480   85768    220285    2914      1.6   0.0         0      0     112  Sm/p:master:computation
## EC_MEMINFO  173 gs28r3b18             158248    3711       0      6133  103620     7730  101150    220318    3144      1.6   0.0         0      0     112  Sm/p:master:computation
## EC_MEMINFO  174 gs28r3b19             158248    3690       0     31994   77250    30692   79012    220616    3041      1.6   0.0         0      0     112  Sm/p:master:computation
## EC_MEMINFO  175 gs28r3b20             158248    3706       0      6467  103210    30377   78748    220498    2955      1.6   0.0         0      0     112  Sm/p:master:computation
## EC_MEMINFO  176 gs28r3b21             158250    3696       0     27657   80776     6149  104010    220291    3177      1.6   0.0         0      0     112  Sm/p:master:computation
## EC_MEMINFO  177 gs28r3b22             158248    3711       0     25502   83922    26060   82154    219181    3712      1.6   0.0         0      0     112  Sm/p:master:computation
## EC_MEMINFO  178 gs28r3b23             158252    3702       0      9692   98676     7275  103150    220485    3100      1.6   0.0         0      0     112  Sm/p:master:computation
## EC_MEMINFO  179 gs28r3b24             158248    3713       0     19237   89674    24820   83258    218689    3746      1.6   0.0         0      0     112  Sm/p:master:computation
## EC_MEMINFO  180 gs28r3b25             158248    3706       0      8346  100466     6423  103756    220690    2377      1.6   0.0         0      0     112  Sm/p:master:computation
## EC_MEMINFO  181 gs28r3b26             158248    3689       0     29071   80654    11326   97544    220295    2740      1.6   0.0         0      0     112  Sm/p:master:computation
## EC_MEMINFO  182 gs28r3b27             158250    3695       0     28084   79952    30010   80050    219758    3479      1.6   0.0         0      0     112  Sm/p:master:computation
## EC_MEMINFO  183 gs28r3b28             158248    3721       0      5503  104222    31616   77418    220452    2831      1.6   0.0         0      0     112  Sm/p:master:computation
## EC_MEMINFO  184 gs28r3b29             158248    3690       0      4637  104686    26382   83116    220509    2611      1.6   0.0         0      0     112  Sm/p:master:computation
## EC_MEMINFO  185 gs28r3b30             158250    3713       0      5171  105194     7291  102258    221606    2206      1.6   0.0         0      0     112  Sm/p:master:computation
## EC_MEMINFO  186 gs28r3b33             158248    3723       0     21798   85948     7566  102788    219800    3158      1.6   0.0         0      0     112  Sm/p:master:computation
## EC_MEMINFO  187 gs28r3b34             158248    3715       0     21121   88174    30611   78860    220387    3417      1.6   0.0         0      0     113  Sm/p:master:computation
## EC_MEMINFO  188 gs28r3b35             158248    3696       0      7736  100486    27547   83018    220484    3161      1.6   0.0         0      0     112  Sm/p:master:computation
## EC_MEMINFO  189 gs28r3b37             158250    3704       0     21122   86964    34079   76264    219979    3438      1.6   0.0         0      0     112  Sm/p:master:computation
## EC_MEMINFO  190 gs28r3b38             158248    3732       0     30597   78462    37460   72340    220495    3051      1.6   0.0         0      0     112  Sm/p:master:computation
## EC_MEMINFO  191 gs28r3b41             158252    3699       0     29487   78914    35734   73864    219572    3328      1.6   0.0         0      0     112  Sm/p:master:computation
## EC_MEMINFO  192 gs28r3b44             158250    3719       0     27754   82288    34287   74058    220002    3343      1.6   0.0         0      0     112  Sm/p:master:computation
## EC_MEMINFO  193 gs28r3b45             158250    3698       0     31096   76866    33636   77388    220657    2577      1.6   0.0         0      0     112  Sm/p:master:computation
## EC_MEMINFO  194 gs28r3b58             158248    3706       0      7062  101978     7161  102576    220476    2445      1.6   0.0         0      0     112  Sm/p:master:computation
## EC_MEMINFO  195 gs28r3b59             158248    3728       0     17431   90776    28849   80804    219541    3015      1.6   0.0         0      0     112  Sm/p:master:computation
## EC_MEMINFO  196 gs28r3b60             158250    3694       0     20556   89124     8359  100940    220679    2337      1.6   0.0         0      0     112  Sm/p:master:computation
## EC_MEMINFO  197 gs28r3b61             158250    3723       0     19351   89312     9217  100848    220421    2561      1.6   0.0         0      0     112  Sm/p:master:computation
## EC_MEMINFO  198 gs28r3b62             158248    3714       0      5361  104258     6288  103298    220897    2295      1.6   0.0         0      0     112  Sm/p:master:computation
## EC_MEMINFO  199 gs28r3b64             158252    3727       0      7414  101614     9937   99420    220081    1972      1.7   0.0         0      0     112  Sm/p:master:computation
## EC_MEMINFO  200 gs28r3b65             158254    3709       0      7757  100968     6688  103102    220211    2631      1.6   0.0         0      0     112  Sm/p:master:computation
## EC_MEMINFO  201 gs28r3b66             158250    3680       0     22718   86356    14274   95282    220327    2457      1.6   0.0         0      0     112  Sm/p:master:computation
## EC_MEMINFO  202 gs28r3b67             158248    3691       0     24863   81880    27457   83180    219069    2994      1.6   0.0         0      0     112  Sm/p:master:computation
## EC_MEMINFO  203 gs28r3b69             158250    3714       0      7235  101192     4527  106432    221086    2009      1.6   0.0         0      0     112  Sm/p:master:computation
## EC_MEMINFO  204 gs28r3b71             158250    3708       0      7028  101190    28134   81762    219812    2411      1.6   0.0         0      0     112  Sm/p:master:computation
## EC_MEMINFO  205 gs28r3b72             158250    3714       0      5535  103426     8409  101108    220165    2410      1.6   0.0         0      0     112  Sm/p:master:computation
## EC_MEMINFO  206 gs30r1b15             158248    3720       0     17054   90856    20838   89050    219480    2767      1.6   0.0         0      0     112  Sm/p:master:computation
## EC_MEMINFO  207 gs30r1b16             158248    3731       0     28672   79914    19865   89070    219185    3406      1.6   0.0         0      0     112  Sm/p:master:computation
## EC_MEMINFO  208 gs30r1b18             158250    3720       0     26054   83794    29258   80276    221021    2265      1.6   0.0         0      0     112  Sm/p:master:computation
## EC_MEMINFO  209 gs30r1b20             158250    3708       0     29131   80014    25643   83770    220235    2897      1.6   0.0         0      0     112  Sm/p:master:computation
## EC_MEMINFO  210 gs30r1b21             158248    3702       0     25100   81616    22096   87650    218101    3895      1.6   0.0         0      0     112  Sm/p:master:computation
## EC_MEMINFO  211 gs30r1b22             158248    3730       0     32071   76304    23911   85306    219266    2723      1.7   0.0         0      0     112  Sm/p:master:computation
## EC_MEMINFO  212 gs30r1b23             158248    3722       0     13100   98106    19757   92892    225555    1581      1.6   0.0         0      0     112  Sm/p:master:computation
## EC_MEMINFO  213 gs30r1b24             158248    3684       0     18013   93980    11916   99976    225585    1583      1.6   0.0         0      0     112  Sm/p:master:computation
## EC_MEMINFO  214 gs30r1b25             158248    3723       0     29055   78478    33957   77152    220312    2502      1.6   0.0         0      0     113  Sm/p:master:computation
## EC_MEMINFO  215 gs30r1b26             158250    3699       0     12877   95862    31978   77376    219758    2846      1.6   0.0         0      0     112  Sm/p:master:computation
## EC_MEMINFO  216 gs30r1b27             158250    3685       0     29999   78188    32452   78014    220344    2569      1.6   0.0         0      0     112  Sm/p:master:computation
## EC_MEMINFO  217 gs30r1b28             158248    3710       0     32545   77278    31550   77706    220739    2136      1.6   0.0         0      0     112  Sm/p:master:computation
## EC_MEMINFO  218 gs30r1b29             158250    3680       0     35705   72968    32038   78098    220496    2174      1.6   0.0         0      0     112  Sm/p:master:computation
## EC_MEMINFO  219 gs30r1b30             158252    3722       0     39089   70096    36527   72224    219624    2934      1.6   0.0         0      0     112  Sm/p:master:computation
## EC_MEMINFO  220 gs30r1b31             158252    3715       0     32625   75978    37798   72384    220468    2298      1.6   0.0         0      0     112  Sm/p:master:computation
## EC_MEMINFO  221 gs30r1b32             158248    3733       0     24270   84612    13841   95510    219912    2676      1.6   0.0         0      0     112  Sm/p:master:computation
## EC_MEMINFO  222 gs30r1b33             158252    3708       0     20363   88254    16322   93610    220229    2921      1.6   0.0         0      0     112  Sm/p:master:computation
## EC_MEMINFO  223 gs30r1b34             158248    3703       0     12778   97026    26405   82776    220642    2248      1.6   0.0         0      0     112  Sm/p:master:computation
## EC_MEMINFO  224 gs30r1b35             158250    3713       0     27889   80066    33457   76998    220079    2668      1.6   0.0         0      0     112  Sm/p:master:computation
## EC_MEMINFO  225 gs30r1b36             158248    3696       0     16513   92578    16833   92736    220335    2654      1.6   0.0         0      0     112  Sm/p:master:computation
## EC_MEMINFO  226 gs30r1b37             158248    3712       0     42146   66218    49933   60460    220420    2587      1.6   0.0         0      0     112  Sm/p:master:computation
## EC_MEMINFO  227 gs30r1b38             158250    3693       0     31145   77868    16860   92926    220484    2413      1.6   0.0         0      0     112  Sm/p:master:computation
## EC_MEMINFO  228 gs30r1b39             158248    3727       0     29502   79248    43362   66186    219970    2206      1.6   0.0         0      0     112  Sm/p:master:computation
## EC_MEMINFO  229 gs30r1b40             158250    3703       0     25537   83652    35995   73516    220371    2383      1.6   0.0         0      0     112  Sm/p:master:computation
## EC_MEMINFO  230 gs30r1b41             158250    3695       0     25438   82204    19185   92154    220660    2136      1.6   0.0         0      0     112  Sm/p:master:computation
## EC_MEMINFO  231 gs30r1b42             158250    3720       0      9792   99196    19605   90936    221194    2318      1.6   0.0         0      0     112  Sm/p:master:computation
## EC_MEMINFO  232 gs30r1b43             158248    3700       0     14213   94156    19661   91324    220999    1825      1.6   0.0         0      0     112  Sm/p:master:computation
## EC_MEMINFO  233 gs30r1b44             158248    3675       0     21994   86620    23320   86572    220138    2488      1.6   0.0         0      0     112  Sm/p:master:computation
## EC_MEMINFO  234 gs30r1b45             158250    3691       0      9437   98806    27602   83158    220673    1724      1.6   0.0         0      0     112  Sm/p:master:computation
## EC_MEMINFO  235 gs30r1b46             158250    3706       0      6501  102462    18505   91470    220577    2158      1.6   0.0         0      0     112  Sm/p:master:computation
## EC_MEMINFO  236 gs30r1b47             158250    3722       0     28237   80490    24794   85462    220628    2111      1.6   0.0         0      0     112  Sm/p:master:computation
## EC_MEMINFO  237 gs30r1b48             158250    3693       0     22050   86512    17111   93154    220523    2402      1.6   0.0         0      0     112  Sm/p:master:computation
## EC_MEMINFO  238 gs30r1b49             158248    3735       0     27714   79822    19985   91094    220228    2613      1.6   0.0         0      0     112  Sm/p:master:computation
## EC_MEMINFO  239 gs30r1b50             158250    3690       0     19578   89046    22129   87782    220211    2464      1.6   0.0         0      0     112  Sm/p:master:computation
## EC_MEMINFO  240 gs30r1b51             158252    3704       0     24312   84606    17287   92180    220028    2864      1.6   0.0         0      0     112  Sm/p:master:computation
## EC_MEMINFO  241 gs30r1b52             158248    3698       0     18367   90554    26346   83524    220459    2188      1.6   0.0         0      0     112  Sm/p:master:computation
## EC_MEMINFO  242 gs30r1b53             158248    3733       0     16810   91422    27018   82466    219413    3185      1.6   0.0         0      0     112  Sm/p:master:computation
## EC_MEMINFO  243 gs30r1b54             158248    3685       0     13491   95708    22264   87106    220239    1909      1.6   0.0         0      0     112  Sm/p:master:computation
## EC_MEMINFO  244 gs30r1b55             158248    3712       0     13657   96020    20268   88686    220330    2542      1.6   0.0         0      0     112  Sm/p:master:computation
## EC_MEMINFO  245 gs30r1b57             158250    3706       0     24579   83630    20751   89984    220605    2198      1.6   0.0         0      0     112  Sm/p:master:computation
## EC_MEMINFO  246 gs30r1b58             158252    3710       0     21103   87838    10507   99750    220884    2396      1.6   0.0         0      0     112  Sm/p:master:computation
## EC_MEMINFO  247 gs30r1b59             158248    3692       0      5326  102604     6114  105458    221196    2253      1.6   0.0         0      0     112  Sm/p:master:computation
## EC_MEMINFO  248 gs30r1b60                  0    3245       0     32629   74696    29460   78976    217444    6739      1.4   0.0         0      0     112  Sm/p:master:io-server
## EC_MEMINFO  249 gs30r1b61                  0    3300       0      8837   97618     5531  104100    217790    5825      1.5   0.0         0      0     112  Sm/p:master:io-server
## EC_MEMINFO  250 gs30r1b62                  0    3286       0      5732  101726    29049   79026    217234    6119      1.4   0.0         0      0     112  Sm/p:master:io-server
## EC_MEMINFO  251 gs30r1b63                  0    3299       0      6441   99772     6665  102418    216999    6530      1.5   0.0         0      0     112  Sm/p:master:io-server
## EC_MEMINFO  252 gs30r1b64                  0    3298       0      4539  103462     5523  103026    218248    5991      1.4   0.0         0      0     112  Sm/p:master:io-server
## EC_MEMINFO  253 gs30r1b65                  0    3298       0     20624   85986    22262   86224    216721    6488      1.5   0.0         0      0     112  Sm/p:master:io-server
## EC_MEMINFO  254 gs30r1b66                  0    3284       0      5255  102668    34627   73470    217718    6074      1.4   0.0         0      0     112  Sm/p:master:io-server
## EC_MEMINFO  255 gs30r1b67                  0    3137       0     13371   92652    12601   95108    215436    7409      1.4   0.0         0      0     112  Sm/p:master:io-server
## EC_MEMINFO 
## EC_MEMINFO 
## EC_MEMINFO Detailed memory information for program /gpfs/scratch/bsc32/bsc631248/ifsnc-refgen-20251105-usearchandraps/ifsnemo-build/src/sandbox/ifs.DE_CY48R1.0_climateDT_20251105.SP.CPU.GPP/bin/ifsMASTER.SP -- wall-time :      3.875s
## EC_MEMINFO Running on 256 nodes (2-numa) with 1856 compute + 128 I/O-tasks and 14+7 threads at 16:18:43.678 on 19-Jan-2026
## EC_MEMINFO The Job Name is ifsnemo-basic-test and the Job ID is 35127695
## EC_MEMINFO 
## EC_MEMINFO                           | TC    | MEMORY USED(MB) | MEMORY FREE(MB)  -------------   INCLUDING CACHED|  %USED %HUGE  | Energy  Power Running
## EC_MEMINFO                           | Malloc| Inc Heap        | Numa region  0 | Numa region  1 |                |               |    (J)    (W)
## EC_MEMINFO Node Name                 | Heap  | RSS(sum)        | Small  Huge or | Small  Huge or | Total          |
## EC_MEMINFO                           | (sum) | Small    Huge   |  Only   Small  |  Only   Small  | Memfree+Cached |
## EC_MEMINFO    0 gs21r1b08             158343    3882       0      3632  100130    17990   91080    214529    7289      1.7   0.0         0      0      47  Sm/p:oops:ifs_init
## EC_MEMINFO    1 gs21r1b24             158283    3786       0      8333  101170    10603  100150    221949    1522      1.7   0.0         0      0      86  Sm/p:master:comput
## EC_MEMINFO    2 gs21r1b59             158285    3784       0      6553  101978     8556  102490    221273    1692      1.7   0.0         0      0      86  Sm/p:master:comput
## EC_MEMINFO    3 gs21r1b64             158285    3796       0      7244  102832    10676   99566    222012    1534      1.7   0.0         0      0      99  Sm/p:master:comput
## EC_MEMINFO    4 gs21r1b70             158281    3798       0      6998  102600    16608   93236    221135    1824      1.7   0.0         0      0      99  Sm/p:master:comput
## EC_MEMINFO    5 gs24r2b04             158281    3776       0     16798   91812    22781   85226    218191    3194      1.7   0.0         0      0      86  Sm/p:master:comput
## EC_MEMINFO    6 gs24r2b10             158283    3774       0     17887   92518    21121   86154    219268    3089      1.7   0.0         0      0      99  Sm/p:master:comput
## EC_MEMINFO    7 gs24r2b11             158285    3792       0     15968   91986    17598   91414    218557    3120      1.7   0.0         0      0      99  Sm/p:master:comput
## EC_MEMINFO    8 gs24r2b12             158281    3790       0     18160   91838    16023   91474    219066    2902      1.7   0.0         0      0      86  Sm/p:master:comput
## EC_MEMINFO    9 gs24r2b15             158285    3801       0     17929   89386    14761   94514    218165    3763      1.7   0.0         0      0      99  Sm/p:master:comput
## EC_MEMINFO   10 gs24r2b16             158281    3785       0     20482   88824    19264   89842    220001    2978      1.7   0.0         0      0      73  Sm/p:master:comput
## EC_MEMINFO   11 gs24r2b17             158285    3793       0     12859   96092    18702   90932    220279    2754      1.7   0.0         0      0      99  Sm/p:master:comput
## EC_MEMINFO   12 gs24r2b19             158281    3761       0     17452   89808    17441   92902    219248    3084      1.7   0.0         0      0      21  Sm/p:master:comput
## EC_MEMINFO   13 gs24r2b20             158281    3808       0     16722   92054    16289   91788    218488    3304      1.7   0.0         0      0      86  Sm/p:master:comput
## EC_MEMINFO   14 gs24r2b23             158281    3789       0     16992   91380    19984   89760    219701    2837      1.7   0.0         0      0      73  Sm/p:master:comput
## EC_MEMINFO   15 gs24r2b25             158283    3807       0     15362   92782     6264  103354    219463    2423      1.7   0.0         0      0      99  Sm/p:master:comput
## EC_MEMINFO   16 gs24r2b26             158285    3793       0     19953   88196    17816   90774    218302    3628      1.7   0.0         0      0      86  Sm/p:master:comput
## EC_MEMINFO   17 gs24r2b27             158285    3789       0     14807   92498    18275   91928    219088    2617      1.7   0.0         0      0      99  Sm/p:master:comput
## EC_MEMINFO   18 gs24r2b32             158281    3808       0     18325   91102    17015   91370    219444    2877      1.7   0.0         0      0      99  Sm/p:master:comput
## EC_MEMINFO   19 gs24r2b33             158283    3808       0     16045   92208    18371   91222    219388    2745      1.7   0.0         0      0      99  Sm/p:master:comput
## EC_MEMINFO   20 gs24r2b34             158281    3814       0     18715   89426    23159   85504    218396    3594      1.7   0.0         0      0      73  Sm/p:master:comput
## EC_MEMINFO   21 gs24r2b35             158285    3801       0     15341   91444    17985   90680    217148    3446      1.7   0.0         0      0     112  Sm/p:master:comput
## EC_MEMINFO   22 gs24r2b36             158285    3776       0     17461   90970    20503   86410    216891    3839      1.7   0.0         0      0     112  Sm/p:master:comput
## EC_MEMINFO   23 gs24r2b37             158283    3778       0     11769   96020    16445   92524    218353    3250      1.7   0.0         0      0      86  Sm/p:master:comput
## EC_MEMINFO   24 gs24r2b38             158285    3811       0     17345   91228    17901   89448    217508    3643      1.7   0.0         0      0      86  Sm/p:master:comput
## EC_MEMINFO   25 gs24r2b39             158281    3794       0     15588   92294    19171   90370    218999    3225      1.7   0.0         0      0     112  Sm/p:master:comput
## EC_MEMINFO   26 gs24r2b40             158283    3818       0     15569   93396    16643   90640    217821    2823      1.7   0.0         0      0      99  Sm/p:master:comput
## EC_MEMINFO   27 gs24r2b41             158281    3771       0     12809   95436    16386   92866    219079    3097      1.7   0.0         0      0      86  Sm/p:master:comput
## EC_MEMINFO   28 gs24r2b42             158283    3802       0     19998   89256    22206   86028    219083    3457      1.7   0.0         0      0      99  Sm/p:master:comput
## EC_MEMINFO   29 gs24r2b43             158281    3799       0     12706   95770    18425   91584    220032    2643      1.7   0.0         0      0      99  Sm/p:master:comput
## EC_MEMINFO   30 gs24r2b44             158281    3797       0     18375   90000    21933   85238    217215    3659      1.7   0.0         0      0     112  Sm/p:master:comput
## EC_MEMINFO   31 gs24r2b45             158281    3817       0     14892   91268    17430   93218    218403    3166      1.7   0.0         0      0       8  Sm/p:master:comput
## EC_MEMINFO   32 gs24r2b46             158281    3798       0     13829   95676    15714   91712    218520    2668      1.7   0.0         0      0      86  Sm/p:master:comput
## EC_MEMINFO   33 gs24r2b47             158283    3785       0     18037   88684    21579   89178    219076    3091      1.7   0.0         0      0      86  Sm/p:master:comput
## EC_MEMINFO   34 gs24r2b48             158283    3819       0     16651   91630    16958   91106    217925    3410      1.7   0.0         0      0      86  Sm/p:master:comput
## EC_MEMINFO   35 gs24r2b49             158281    3798       0     18945   88718    20166   89562    218981    3088      1.7   0.0         0      0       8  Sm/p:master:comput
## EC_MEMINFO   36 gs24r2b50             158281    3788       0     15979   92058    17833   91028    218487    2788      1.7   0.0         0      0      60  Sm/p:master:comput
## EC_MEMINFO   37 gs24r2b51             158285    3801       0     13136   94372    19626   89658    218362    3151      1.7   0.0         0      0      73  Sm/p:master:comput
## EC_MEMINFO   38 gs24r2b52             158287    3784       0     18224   89490    15874   92006    217182    3359      1.7   0.0         0      0      73  Sm/p:master:comput
## EC_MEMINFO   39 gs24r2b53             158281    3796       0     17353   88664    18788   91028    217420    4050      1.7   0.0         0      0      60  Sm/p:master:comput
## EC_MEMINFO   40 gs24r2b54             158281    3794       0     17160   91456    20297   89246    219754    2586      1.7   0.0         0      0      73  Sm/p:master:comput
## EC_MEMINFO   41 gs24r2b55             158281    3793       0     12339   94696    20083   89606    218337    3557      1.7   0.0         0      0     112  Sm/p:master:comput
## EC_MEMINFO   42 gs24r2b56             158281    3779       0     18318   90036    18435   88942    217372    3433      1.7   0.0         0      0      86  Sm/p:master:comput
## EC_MEMINFO   43 gs24r2b57             158283    3785       0     17777   89212    18547   90200    217316    3941      1.7   0.0         0      0      86  Sm/p:master:comput
## EC_MEMINFO   44 gs24r2b58             158283    3803       0     16605   91872    20521   88844    219473    2675      1.7   0.0         0      0      99  Sm/p:master:comput
## EC_MEMINFO   45 gs24r2b59             158285    3805       0     15772   91294    15752   94506    218907    2993      1.7   0.0         0      0      99  Sm/p:master:comput
## EC_MEMINFO   46 gs24r2b60             158281    3808       0     18001   90444    16113   91618    217807    2615      1.7   0.0         0      0     112  Sm/p:master:comput
## EC_MEMINFO   47 gs24r2b61             158281    3796       0     18685   88404    20009   90292    219010    2224      1.7   0.0         0      0      99  Sm/p:master:comput
## EC_MEMINFO   48 gs24r2b62             158281    3810       0     12903   96262    14331   93266    218387    2494      1.7   0.0         0      0      73  Sm/p:master:comput
## EC_MEMINFO   49 gs24r2b63             158281    3800       0     17231   89484    13555   96726    218595    3135      1.7   0.0         0      0      60  Sm/p:master:comput
## EC_MEMINFO   50 gs24r2b64             158281    3803       0     14994   92894    18250   90280    218022    2943      1.7   0.0         0      0      99  Sm/p:master:comput
## EC_MEMINFO   51 gs24r2b65             158281    3789       0     21817   84584    16669   92254    217019    2806      1.7   0.0         0      0      73  Sm/p:master:comput
## EC_MEMINFO   52 gs24r2b66             158285    3773       0     20430   88338    17818   91112    219354    2619      1.7   0.0         0      0     112  Sm/p:master:comput
## EC_MEMINFO   53 gs24r2b67             158283    3787       0     15987   91482    18778   91094    218915    2876      1.7   0.0         0      0      73  Sm/p:master:comput
## EC_MEMINFO   54 gs24r2b68             158283    3773       0     16758   90690    15451   93626    218111    2670      1.7   0.0         0      0     112  Sm/p:master:comput
## EC_MEMINFO   55 gs24r2b69             158287    3804       0     16669   89902    16007   94158    218370    3227      1.7   0.0         0      0      99  Sm/p:master:comput
## EC_MEMINFO   56 gs24r2b70             158281    3782       0     17401   90380    13360   95380    218144    3785      1.7   0.0         0      0      34  Sm/p:master:comput
## EC_MEMINFO   57 gs24r2b71             158283    3797       0     17046   90808    12738   95992    218226    2913      1.7   0.0         0      0      73  Sm/p:master:comput
## EC_MEMINFO   58 gs24r2b72             158285    3783       0     15121   92032    19233   90550    218519    2867      1.7   0.0         0      0      86  Sm/p:master:comput
## EC_MEMINFO   59 gs25r1b03             158285    3795       0     11408   97036     8512   98486    217139    3052      1.7   0.0         0      0      99  Sm/p:master:comput
## EC_MEMINFO   60 gs25r1b04             158281    3778       0     16608   91130     9490  100286    219202    2486      1.7   0.0         0      0     112  Sm/p:master:comput
## EC_MEMINFO   61 gs25r1b05             158283    3793       0     10186   97224     9883  100760    219750    2434      1.7   0.0         0      0      73  Sm/p:master:comput
## EC_MEMINFO   62 gs25r1b08             158281    3801       0     17242   91448     9247   99880    219425    2517      1.7   0.0         0      0      99  Sm/p:master:comput
## EC_MEMINFO   63 gs25r1b09             158281    3791       0     28834   78494     6668  103560    219257    2748      1.7   0.0         0      0      86  Sm/p:master:comput
## EC_MEMINFO   64 gs25r1b11             158281    3800       0     19085   88290     8113  102022    219199    2818      1.7   0.0         0      0      99  Sm/p:master:comput
## EC_MEMINFO   65 gs25r1b12             158285    3778       0      8528  100414    10348   98560    219484    2490      1.7   0.0         0      0      99  Sm/p:master:comput
## EC_MEMINFO   66 gs25r1b13             158281    3797       0     10098   97228     7877  102180    219072    3009      1.7   0.0         0      0      99  Sm/p:master:comput
## EC_MEMINFO   67 gs25r1b14             158283    3793       0     25832   82342    10577   98700    219150    2720      1.7   0.0         0      0      86  Sm/p:master:comput
## EC_MEMINFO   68 gs25r1b15             158283    3800       0     10627   97782     7616  101506    219231    2606      1.7   0.0         0      0      99  Sm/p:master:comput
## EC_MEMINFO   69 gs25r1b16             158281    3784       0     10533   98422    11156   97630    219338    2453      1.7   0.0         0      0      34  Sm/p:master:comput
## EC_MEMINFO   70 gs25r1b17             158283    3801       0      9236   99152     8475  100612    219127    2527      1.7   0.0         0      0      99  Sm/p:master:comput
## EC_MEMINFO   71 gs25r1b18             158281    3786       0     33172   75944     9889   99214    219819    2713      1.7   0.0         0      0      99  Sm/p:master:comput
## EC_MEMINFO   72 gs25r1b19             158285    3784       0      8101   99442     7172  103098    219506    2984      1.7   0.0         0      0      86  Sm/p:master:comput
## EC_MEMINFO   73 gs25r1b20             158283    3782       0     12442   96296    10682   98698    219659    2485      1.7   0.0         0      0      99  Sm/p:master:comput
## EC_MEMINFO   74 gs25r1b21             158285    3793       0     12169   94710     7701  103274    219436    2568      1.7   0.0         0      0      86  Sm/p:master:comput
## EC_MEMINFO   75 gs25r1b22             158281    3806       0      9122   98782    34599   75398    219528    2644      1.7   0.0         0      0      34  Sm/p:master:comput
## EC_MEMINFO   76 gs25r1b23             158281    3798       0     12371   95578    13913   95990    219550    2593      1.7   0.0         0      0      99  Sm/p:master:comput
## EC_MEMINFO   77 gs25r1b24             158281    3777       0     12232   96324    12076   97482    219814    2599      1.7   0.0         0      0      99  Sm/p:master:comput
## EC_MEMINFO   78 gs25r1b25             158285    3789       0     14515   92328    10590  100498    219631    2834      1.7   0.0         0      0      99  Sm/p:master:comput
## EC_MEMINFO   79 gs25r1b26             158283    3810       0      9409   98924    11731   97860    219547    2863      1.7   0.0         0      0      99  Sm/p:master:comput
## EC_MEMINFO   80 gs25r1b27             158283    3796       0     12266   95258     9821  100676    219721    2587      1.7   0.0         0      0      86  Sm/p:master:comput
## EC_MEMINFO   81 gs25r1b28             158287    3785       0     19203   88588     8090  101880    219349    2983      1.7   0.0         0      0      86  Sm/p:master:comput
## EC_MEMINFO   82 gs25r1b29             158283    3794       0      9549   98320    18544   90900    218966    2673      1.7   0.0         0      0      99  Sm/p:master:comput
## EC_MEMINFO   83 gs25r1b30             158283    3814       0      7528  101158    10262   98900    219482    2504      1.7   0.0         0      0       8  Sm/p:master:comput
## EC_MEMINFO   84 gs25r1b31             158281    3775       0      8548   98740     6876  103422    219268    3082      1.7   0.0         0      0      99  Sm/p:master:comput
## EC_MEMINFO   85 gs25r1b32             158283    3792       0     10764   97708     8946  100612    219618    2700      1.7   0.0         0      0     112  Sm/p:master:comput
## EC_MEMINFO   86 gs25r1b33             158281    3809       0      9864   97356     7323  102818    219061    2804      1.7   0.0         0      0      86  Sm/p:master:comput
## EC_MEMINFO   87 gs25r1b34             158281    3843       0      8987   98976    10673   99154    219376    2561      1.7   0.0         0      0      86  Sm/p:master:comput
## EC_MEMINFO   88 gs25r1b35             158283    3786       0      9238   99202    29952   79586    219636    2747      1.7   0.0         0      0      73  Sm/p:master:comput
## EC_MEMINFO   89 gs25r1b36             158283    3813       0     25098   84350     8009  101308    220446    2593      1.7   0.0         0      0     112  Sm/p:master:comput
## EC_MEMINFO   90 gs25r1b37             158285    3799       0      9268   98718    14509   95142    219231    2901      1.7   0.0         0      0       8  Sm/p:master:comput
## EC_MEMINFO   91 gs25r1b38             158281    3783       0      6952  101862    15028   94152    219617    2712      1.7   0.0         0      0      99  Sm/p:master:comput
## EC_MEMINFO   92 gs25r1b39             158285    3795       0      7061  100206    10838   99252    218942    2581      1.7   0.0         0      0       8  Sm/p:master:comput
## EC_MEMINFO   93 gs25r1b40             158281    3791       0      7492  101752    10707   98570    220184    2496      1.7   0.0         0      0      86  Sm/p:master:comput
## EC_MEMINFO   94 gs25r1b41             158285    3806       0      9551   97890     7746  102198    219085    2771      1.7   0.0         0      0      99  Sm/p:master:comput
## EC_MEMINFO   95 gs25r1b42             158283    3793       0     18051   90402     9140  100442    219692    2743      1.7   0.0         0      0      99  Sm/p:master:comput
## EC_MEMINFO   96 gs25r1b43             158285    3798       0     15550   91230     7601  102472    218549    2946      1.7   0.0         0      0      86  Sm/p:master:comput
## EC_MEMINFO   97 gs25r1b44             158285    3796       0      8761   99194     8857  100570    219038    2997      1.7   0.0         0      0     112  Sm/p:master:comput
## EC_MEMINFO   98 gs25r1b45             158283    3834       0      8609  100012     8877  100880    219976    2346      1.7   0.0         0      0       8  Sm/p:master:comput
## EC_MEMINFO   99 gs25r1b46             158285    3784       0      7335  101102     8777  100220    218995    2833      1.7   0.0         0      0     112  Sm/p:master:comput
## EC_MEMINFO  100 gs25r1b48             158281    3804       0      6921  101104    10007   99566    219287    2555      1.7   0.0         0      0     112  Sm/p:master:comput
## EC_MEMINFO  101 gs25r1b49             158285    3779       0      7048  100116     7408  103098    219342    2751      1.7   0.0         0      0      86  Sm/p:master:comput
## EC_MEMINFO  102 gs25r1b50             158281    3805       0     22667   86996    11317   97348    219970    2722      1.7   0.0         0      0      99  Sm/p:master:comput
## EC_MEMINFO  103 gs25r1b51             158281    3795       0     14349   92472    10265   99880    218664    2529      1.7   0.0         0      0      99  Sm/p:master:comput
## EC_MEMINFO  104 gs25r1b52             158285    3799       0     23696   84880     8229  101256    219758    2817      1.7   0.0         0      0      99  Sm/p:master:comput
## EC_MEMINFO  105 gs25r1b53             158281    3809       0     27428   79982     7575  102782    219465    2628      1.7   0.0         0      0      99  Sm/p:master:comput
## EC_MEMINFO  106 gs25r1b54             158285    3779       0      8209   99356     9172   98910    217344    2904      1.7   0.0         0      0      86  Sm/p:master:comput
## EC_MEMINFO  107 gs25r1b55             158283    3790       0      9048   97986     7592  103020    219263    2669      1.7   0.0         0      0      86  Sm/p:master:comput
## EC_MEMINFO  108 gs25r1b56             158281    3796       0     13564   95118    20401   88226    219005    2702      1.7   0.0         0      0     112  Sm/p:master:comput
## EC_MEMINFO  109 gs25r1b57             158281    3800       0     26584   81028    29206   81220    219660    2421      1.7   0.0         0      0      99  Sm/p:master:comput
## EC_MEMINFO  110 gs25r1b58             158283    3795       0      4802  104100     6351  103318    220177    2196      1.7   0.0         0      0      86  Sm/p:master:comput
## EC_MEMINFO  111 gs25r1b66             158283    3803       0      7631  100988    25617   83864    219795    2453      1.7   0.0         0      0      99  Sm/p:master:comput
## EC_MEMINFO  112 gs28r2b01             158285    3806       0     11131   95306    10361   98744    217223    2747      1.7   0.0         0      0     112  Sm/p:master:comput
## EC_MEMINFO  113 gs28r2b03             158285    3775       0     12325   94866    10752   99782    219408    2438      1.7   0.0         0      0      73  Sm/p:master:comput
## EC_MEMINFO  114 gs28r2b04             158283    3803       0     10917   97442    11397   97864    219309    2505      1.7   0.0         0      0      99  Sm/p:master:comput
## EC_MEMINFO  115 gs28r2b05             158281    3785       0     12002   95552    18904   91476    219621    2360      1.7   0.0         0      0      86  Sm/p:master:comput
## EC_MEMINFO  116 gs28r2b06             158285    3778       0      9437   99100    12355   97324    219913    2332      1.7   0.0         0      0       8  Sm/p:master:comput
## EC_MEMINFO  117 gs28r2b07             158281    3801       0     10421   97618     9990   99958    219688    2503      1.7   0.0         0      0     100  Sm/p:master:comput
## EC_MEMINFO  118 gs28r2b33             158281    3784       0     17006   90180    19248   91432    219498    2755      1.7   0.0         0      0      86  Sm/p:master:comput
## EC_MEMINFO  119 gs28r2b34             158281    3792       0     19909   88776    17969   92008    220277    2732      1.7   0.0         0      0      99  Sm/p:master:comput
## EC_MEMINFO  120 gs28r2b35             158287    3811       0     22010   86666    21394   89122    220789    2405      1.7   0.0         0      0      99  Sm/p:master:comput
## EC_MEMINFO  121 gs28r2b36             158285    3819       0     18731   90610    15595   93898    220449    2560      1.7   0.0         0      0      86  Sm/p:master:comput
## EC_MEMINFO  122 gs28r2b37             158283    3813       0     11375   97214    16739   94030    220975    2349      1.7   0.0         0      0      86  Sm/p:master:comput
## EC_MEMINFO  123 gs28r2b38             158281    3780       0     20416   88986    18570   91160    220764    2350      1.7   0.0         0      0      99  Sm/p:master:comput
## EC_MEMINFO  124 gs28r2b39             158283    3786       0     11733   96244    18986   92098    220709    2372      1.7   0.0         0      0      86  Sm/p:master:comput
## EC_MEMINFO  125 gs28r2b40             158281    3805       0     13262   96530     9916   99572    220977    2117      1.7   0.0         0      0      86  Sm/p:master:comput
## EC_MEMINFO  126 gs28r2b41             158281    3775       0     10658   97334     6624  104530    220847    2641      1.7   0.0         0      0     112  Sm/p:master:comput
## EC_MEMINFO  127 gs28r2b42             158283    3807       0     20719   87916    12690   97568    220595    2494      1.7   0.0         0      0      73  Sm/p:master:comput
## EC_MEMINFO  128 gs28r2b43             158281    3800       0     19205   90174    19803   89804    220629    2368      1.7   0.0         0      0     100  Sm/p:master:comput
## EC_MEMINFO  129 gs28r2b44             158281    3787       0     16077   93184    21460   88540    220877    2332      1.7   0.0         0      0      99  Sm/p:master:comput
## EC_MEMINFO  130 gs28r2b45             158281    3800       0     15114   94044    18654   91614    221029    2334      1.7   0.0         0      0      34  Sm/p:master:comput
## EC_MEMINFO  131 gs28r2b46             158281    3788       0     17301   91986    16365   93402    220686    2669      1.7   0.0         0      0      99  Sm/p:master:comput
## EC_MEMINFO  132 gs28r2b47             158287    3773       0     16369   91570    11772   98884    220249    2812      1.7   0.0         0      0      86  Sm/p:master:comput
## EC_MEMINFO  133 gs28r2b48             158285    3801       0     16163   93018    18549   91450    220789    2506      1.7   0.0         0      0      99  Sm/p:master:comput
## EC_MEMINFO  134 gs28r2b49             158281    3797       0     16280   92140    16511   93838    220389    2635      1.7   0.0         0      0      60  Sm/p:master:comput
## EC_MEMINFO  135 gs28r2b50             158283    3792       0     14351   94628    16596   92946    220170    2525      1.7   0.0         0      0      99  Sm/p:master:comput
## EC_MEMINFO  136 gs28r2b51             158283    3808       0     17460   90212    20017   91184    220485    2539      1.7   0.0         0      0      86  Sm/p:master:comput
## EC_MEMINFO  137 gs28r2b52             158283    3793       0     13592   96062    15593   93898    220845    2283      1.7   0.0         0      0      60  Sm/p:master:comput
## EC_MEMINFO  138 gs28r2b53             158283    3768       0     12663   95936    10512   99932    220738    2235      1.7   0.0         0      0      60  Sm/p:master:comput
## EC_MEMINFO  139 gs28r2b54             158283    3784       0      8239  101470    10555   98888    220851    2265      1.7   0.0         0      0      99  Sm/p:master:comput
## EC_MEMINFO  140 gs28r2b55             158283    3822       0     12855   94932    13795   97074    220358    2388      1.7   0.0         0      0      86  Sm/p:master:comput
## EC_MEMINFO  141 gs28r2b56             158281    3805       0     18500   90644    15898   93742    220358    2314      1.7   0.0         0      0      60  Sm/p:master:comput
## EC_MEMINFO  142 gs28r2b57             158281    3773       0     15498   92378    19668   91632    220746    2314      1.7   0.0         0      0      86  Sm/p:master:comput
## EC_MEMINFO  143 gs28r2b58             158281    3813       0     18003   90938    20523   89578    220684    2388      1.7   0.0         0      0      99  Sm/p:master:comput
## EC_MEMINFO  144 gs28r2b59             158281    3815       0     19832   88568    28898   81520    220448    2387      1.7   0.0         0      0      73  Sm/p:master:comput
## EC_MEMINFO  145 gs28r2b60             158283    3799       0     15961   92382    16317   93544    219905    2978      1.7   0.0         0      0      47  Sm/p:master:comput
## EC_MEMINFO  146 gs28r2b61             158281    3794       0     31127   76196     9238  101872    220073    2713      1.7   0.0         0      0      99  Sm/p:master:comput
## EC_MEMINFO  147 gs28r2b62             158283    3788       0     26839   81430    29508   80076    219408    2774      1.7   0.0         0      0      99  Sm/p:master:comput
## EC_MEMINFO  148 gs28r2b63             158285    3822       0     26691   81082    34184   75714    219360    2760      1.7   0.0         0      0      86  Sm/p:master:comput
## EC_MEMINFO  149 gs28r2b64             158283    3823       0     27526   80618    29562   80248    219632    2690      1.7   0.0         0      0      86  Sm/p:master:comput
## EC_MEMINFO  150 gs28r2b65             158281    3826       0     27200   80042    19209   91570    219706    2674      1.7   0.0         0      0      99  Sm/p:master:comput
## EC_MEMINFO  151 gs28r2b66             158281    3788       0     27964   78838    21893   88794    219191    2671      1.7   0.0         0      0      99  Sm/p:master:comput
## EC_MEMINFO  152 gs28r2b67             158283    3815       0     23307   84182    16137   94970    220276    2337      1.7   0.0         0      0      86  Sm/p:master:comput
## EC_MEMINFO  153 gs28r2b68             158283    3801       0     28440   80652    19238   89260    219280    2606      1.7   0.0         0      0      86  Sm/p:master:comput
## EC_MEMINFO  154 gs28r2b69             158285    3790       0     25645   82318    14993   95258    219898    2338      1.7   0.0         0      0      99  Sm/p:master:comput
## EC_MEMINFO  155 gs28r2b70             158283    3793       0     16156   91554    35541   74510    219458    2520      1.7   0.0         0      0      73  Sm/p:master:comput
## EC_MEMINFO  156 gs28r2b72             158285    3794       0      7226  101640     9079  100508    220145    2189      1.7   0.0         0      0      73  Sm/p:master:comput
## EC_MEMINFO  157 gs28r3b02             158287    3788       0     14755   94296    24054   84914    219691    2405      1.7   0.0         0      0      60  Sm/p:master:comput
## EC_MEMINFO  158 gs28r3b03             158285    3799       0     22006   86452    27641   82822    220588    2522      1.7   0.0         0      0      73  Sm/p:master:comput
## EC_MEMINFO  159 gs28r3b04             158283    3796       0     29083   80818    25329   83636    220531    2783      1.7   0.0         0      0     112  Sm/p:master:comput
## EC_MEMINFO  160 gs28r3b05             158281    3799       0     26028   81538    28723   82018    219990    3170      1.7   0.0         0      0      99  Sm/p:master:comput
## EC_MEMINFO  161 gs28r3b06             158283    3835       0      8138  102636     8819  100670    221964    1678      1.7   0.0         0      0      99  Sm/p:master:comput
## EC_MEMINFO  162 gs28r3b07             158285    3778       0     25365   82402    26299   84704    220435    2638      1.7   0.0         0      0      86  Sm/p:master:comput
## EC_MEMINFO  163 gs28r3b08             158283    3775       0     24046   85156    30493   78774    220148    2409      1.7   0.0         0      0      99  Sm/p:master:comput
## EC_MEMINFO  164 gs28r3b09             158283    3816       0     28365   79590    27332   83242    220204    2316      1.7   0.0         0      0      60  Sm/p:master:comput
## EC_MEMINFO  165 gs28r3b10             158285    3780       0      8629  101982    11149   97172    220632    2794      1.7   0.0         0      0      99  Sm/p:master:comput
## EC_MEMINFO  166 gs28r3b11             158283    3779       0     24474   83960     4943  105668    220736    2748      1.7   0.0         0      0      99  Sm/p:master:comput
## EC_MEMINFO  167 gs28r3b12             158283    3786       0     21921   88146    24751   83716    220204    3179      1.7   0.0         0      0      86  Sm/p:master:comput
## EC_MEMINFO  168 gs28r3b13             158281    3794       0     28036   80512    33223   76206    219645    3080      1.7   0.0         0      0     112  Sm/p:master:comput
## EC_MEMINFO  169 gs28r3b14             158281    3799       0     33936   75538    10811   98232    220219    2958      1.7   0.0         0      0      86  Sm/p:master:comput
## EC_MEMINFO  170 gs28r3b15             158281    3781       0     23082   85620     8580  101412    220395    3053      1.7   0.0         0      0      60  Sm/p:master:comput
## EC_MEMINFO  171 gs28r3b16             158281    3792       0      8841  100056    30319   78940    219856    3300      1.7   0.0         0      0      86  Sm/p:master:comput
## EC_MEMINFO  172 gs28r3b17             158283    3803       0     30505   77860    24465   85766    220241    2920      1.7   0.0         0      0      86  Sm/p:master:comput
## EC_MEMINFO  173 gs28r3b18             158281    3793       0      6119  103606     7717  101142    220268    3152      1.7   0.0         0      0      60  Sm/p:master:comput
## EC_MEMINFO  174 gs28r3b19             158283    3783       0     31980   77236    30679   78996    220563    3046      1.7   0.0         0      0      87  Sm/p:master:comput
## EC_MEMINFO  175 gs28r3b20             158281    3796       0      6455  103206    30363   78744    220465    2961      1.7   0.0         0      0      34  Sm/p:master:comput
## EC_MEMINFO  176 gs28r3b21             158283    3783       0     27643   80766     6134  104002    220247    3182      1.7   0.0         0      0      86  Sm/p:master:comput
## EC_MEMINFO  177 gs28r3b22             158283    3805       0     25489   83908    26045   82142    219128    3717      1.7   0.0         0      0      86  Sm/p:master:comput
## EC_MEMINFO  178 gs28r3b23             158285    3788       0      9679   98666     7261  103146    220445    3105      1.7   0.0         0      0      60  Sm/p:master:comput
## EC_MEMINFO  179 gs28r3b24             158281    3802       0     19223   89656    24806   83254    218638    3752      1.7   0.0         0      0      86  Sm/p:master:comput
## EC_MEMINFO  180 gs28r3b25             158281    3791       0      8332  100452     6410  103750    220641    2385      1.7   0.0         0      0      86  Sm/p:master:comput
## EC_MEMINFO  181 gs28r3b26             158281    3775       0     29057   80648    11311   97532    220248    2747      1.7   0.0         0      0     112  Sm/p:master:comput
## EC_MEMINFO  182 gs28r3b27             158283    3784       0     28070   79942    29997   80042    219714    3485      1.7   0.0         0      0      99  Sm/p:master:comput
## EC_MEMINFO  183 gs28r3b28             158281    3805       0      5489  104216    31601   77412    220414    2836      1.7   0.0         0      0      99  Sm/p:master:comput
## EC_MEMINFO  184 gs28r3b29             158281    3775       0      4622  104684    26368   83108    220470    2617      1.7   0.0         0      0      86  Sm/p:master:comput
## EC_MEMINFO  185 gs28r3b30             158283    3796       0      5157  105186     7277  102252    221566    2211      1.7   0.0         0      0      73  Sm/p:master:comput
## EC_MEMINFO  186 gs28r3b33             158281    3809       0     21783   85942     7553  102780    219759    3163      1.7   0.0         0      0      47  Sm/p:master:comput
## EC_MEMINFO  187 gs28r3b34             158281    3799       0     21108   88162    30596   78856    220343    3425      1.7   0.0         0      0      86  Sm/p:master:comput
## EC_MEMINFO  188 gs28r3b35             158281    3785       0      7721  100476    27533   83010    220439    3166      1.7   0.0         0      0     112  Sm/p:master:comput
## EC_MEMINFO  189 gs28r3b37             158283    3790       0     21108   86956    34064   76256    219934    3444      1.7   0.0         0      0      86  Sm/p:master:comput
## EC_MEMINFO  190 gs28r3b38             158283    3817       0     30583   78454    37446   72336    220456    3056      1.7   0.0         0      0      34  Sm/p:master:comput
## EC_MEMINFO  191 gs28r3b41             158285    3788       0     29473   78900    35719   73856    219522    3334      1.7   0.0         0      0      74  Sm/p:master:comput
## EC_MEMINFO  192 gs28r3b44             158285    3806       0     27743   82282    34273   74060    219974    3349      1.7   0.0         0      0      34  Sm/p:master:comput
## EC_MEMINFO  193 gs28r3b45             158283    3784       0     31081   76866    33621   77384    220623    2582      1.7   0.0         0      0      86  Sm/p:master:comput
## EC_MEMINFO  194 gs28r3b58             158281    3791       0      7048  101976     7147  102570    220440    2450      1.7   0.0         0      0      99  Sm/p:master:comput
## EC_MEMINFO  195 gs28r3b59             158281    3810       0     17417   90774    28835   80794    219502    3021      1.7   0.0         0      0      99  Sm/p:master:comput
## EC_MEMINFO  196 gs28r3b60             158283    3787       0     20541   89112     8345  100926    220625    2342      1.7   0.0         0      0      99  Sm/p:master:comput
## EC_MEMINFO  197 gs28r3b61             158283    3807       0     19336   89302     9203  100832    220367    2567      1.7   0.0         0      0      73  Sm/p:master:comput
## EC_MEMINFO  198 gs28r3b62             158281    3805       0      5346  104242     6274  103286    220841    2301      1.7   0.0         0      0      86  Sm/p:master:comput
## EC_MEMINFO  199 gs28r3b64             158285    3819       0      7400  101598     9922   99408    220024    1977      1.7   0.0         0      0      99  Sm/p:master:comput
## EC_MEMINFO  200 gs28r3b65             158287    3798       0      7742  100958     6674  103094    220164    2637      1.7   0.0         0      0      99  Sm/p:master:comput
## EC_MEMINFO  201 gs28r3b66             158283    3767       0     22705   86350    14262   95270    220282    2462      1.7   0.0         0      0     112  Sm/p:master:comput
## EC_MEMINFO  202 gs28r3b67             158281    3779       0     24849   81874    27444   83174    219029    2999      1.7   0.0         0      0      86  Sm/p:master:comput
## EC_MEMINFO  203 gs28r3b69             158283    3800       0      7221  101178     4513  106416    221027    2016      1.7   0.0         0      0      86  Sm/p:master:comput
## EC_MEMINFO  204 gs28r3b71             158283    3796       0      7011  101186    28120   81758    219774    2417      1.7   0.0         0      0      73  Sm/p:master:comput
## EC_MEMINFO  205 gs28r3b72             158283    3801       0      5521  103420     8395  101094    220117    2416      1.7   0.0         0      0      73  Sm/p:master:comput
## EC_MEMINFO  206 gs30r1b15             158281    3800       0     17041   90852    20824   89044    219444    2772      1.7   0.0         0      0      99  Sm/p:master:comput
## EC_MEMINFO  207 gs30r1b16             158281    3819       0     28658   79902    19851   89064    219141    3411      1.7   0.0         0      0      73  Sm/p:master:comput
## EC_MEMINFO  208 gs30r1b18             158285    3809       0     26044   83778    29245   80272    220981    2271      1.7   0.0         0      0      21  Sm/p:master:comput
## EC_MEMINFO  209 gs30r1b20             158283    3795       0     29117   80008    25627   83764    220194    2903      1.7   0.0         0      0      87  Sm/p:master:comput
## EC_MEMINFO  210 gs30r1b21             158281    3789       0     25085   81606    22082   87634    218048    3900      1.7   0.0         0      0      86  Sm/p:master:comput
## EC_MEMINFO  211 gs30r1b22             158281    3815       0     32059   76296    23897   85294    219221    2729      1.7   0.0         0      0       8  Sm/p:master:comput
## EC_MEMINFO  212 gs30r1b23             158281    3809       0     13085   98098    19744   92884    225511    1586      1.6   0.0         0      0       8  Sm/p:master:comput
## EC_MEMINFO  213 gs30r1b24             158283    3775       0     18000   93972    11902   99964    225537    1589      1.6   0.0         0      0     101  Sm/p:master:comput
## EC_MEMINFO  214 gs30r1b25             158281    3805       0     29042   78466    33943   77146    220268    2508      1.7   0.0         0      0      86  Sm/p:master:comput
## EC_MEMINFO  215 gs30r1b26             158283    3787       0     12863   95856    31965   77368    219717    2853      1.7   0.0         0      0      99  Sm/p:master:comput
## EC_MEMINFO  216 gs30r1b27             158283    3775       0     29984   78182    32438   78004    220299    2575      1.7   0.0         0      0      86  Sm/p:master:comput
## EC_MEMINFO  217 gs30r1b28             158281    3795       0     32530   77276    31535   77698    220702    2142      1.7   0.0         0      0      99  Sm/p:master:comput
## EC_MEMINFO  218 gs30r1b29             158285    3768       0     35691   72958    32028   78086    220451    2182      1.7   0.0         0      0      47  Sm/p:master:comput
## EC_MEMINFO  219 gs30r1b30             158285    3810       0     39075   70086    36513   72216    219578    2940      1.7   0.0         0      0      99  Sm/p:master:comput
## EC_MEMINFO  220 gs30r1b31             158285    3800       0     32610   75974    37785   72376    220429    2304      1.7   0.0         0      0      99  Sm/p:master:comput
## EC_MEMINFO  221 gs30r1b32             158281    3816       0     24256   84610    13826   95502    219874    2682      1.7   0.0         0      0      86  Sm/p:master:comput
## EC_MEMINFO  222 gs30r1b33             158285    3801       0     20349   88244    16309   93602    220185    2926      1.7   0.0         0      0      73  Sm/p:master:comput
## EC_MEMINFO  223 gs30r1b34             158283    3788       0     12763   97016    26390   82770    220598    2254      1.7   0.0         0      0      60  Sm/p:master:comput
## EC_MEMINFO  224 gs30r1b35             158287    3801       0     27874   80062    33443   76996    220046    2673      1.7   0.0         0      0      73  Sm/p:master:comput
## EC_MEMINFO  225 gs30r1b36             158281    3786       0     16499   92564    16818   92730    220289    2659      1.7   0.0         0      0      21  Sm/p:master:comput
## EC_MEMINFO  226 gs30r1b37             158281    3798       0     42133   66204    49918   60452    220373    2591      1.7   0.0         0      0       8  Sm/p:master:comput
## EC_MEMINFO  227 gs30r1b38             158283    3782       0     31130   77856    16845   92918    220435    2418      1.7   0.0         0      0      86  Sm/p:master:comput
## EC_MEMINFO  228 gs30r1b39             158281    3812       0     29488   79252    43347   66176    219936    2211      1.7   0.0         0      0      73  Sm/p:master:comput
## EC_MEMINFO  229 gs30r1b40             158285    3794       0     25522   83640    35981   73504    220318    2388      1.7   0.0         0      0      73  Sm/p:master:comput
## EC_MEMINFO  230 gs30r1b41             158285    3792       0     25423   82194    19171   92142    220611    2142      1.7   0.0         0      0      73  Sm/p:master:comput
## EC_MEMINFO  231 gs30r1b42             158283    3807       0      9780   99188    19592   90922    221148    2323      1.7   0.0         0      0     112  Sm/p:master:comput
## EC_MEMINFO  232 gs30r1b43             158283    3785       0     14198   94158    19648   91318    220967    1833      1.7   0.0         0      0      47  Sm/p:master:comput
## EC_MEMINFO  233 gs30r1b44             158281    3767       0     21979   86616    23307   86562    220097    2495      1.7   0.0         0      0     112  Sm/p:master:comput
## EC_MEMINFO  234 gs30r1b45             158283    3781       0      9422   98802    27588   83148    220630    1731      1.7   0.0         0      0      99  Sm/p:master:comput
## EC_MEMINFO  235 gs30r1b46             158283    3793       0      6488  102458    18490   91462    220537    2163      1.7   0.0         0      0      99  Sm/p:master:comput
## EC_MEMINFO  236 gs30r1b47             158285    3813       0     28222   80480    24781   85450    220579    2116      1.7   0.0         0      0      34  Sm/p:master:comput
## EC_MEMINFO  237 gs30r1b48             158283    3779       0     22036   86506    17096   93140    220474    2408      1.7   0.0         0      0      99  Sm/p:master:comput
## EC_MEMINFO  238 gs30r1b49             158281    3815       0     27699   79814    19971   91088    220185    2620      1.7   0.0         0      0      86  Sm/p:master:comput
## EC_MEMINFO  239 gs30r1b50             158283    3778       0     19563   89038    22115   87774    220166    2469      1.7   0.0         0      0      73  Sm/p:master:comput
## EC_MEMINFO  240 gs30r1b51             158285    3791       0     24298   84598    17273   92172    219984    2869      1.7   0.0         0      0     112  Sm/p:master:comput
## EC_MEMINFO  241 gs30r1b52             158281    3786       0     18352   90538    26331   83514    220405    2194      1.7   0.0         0      0     112  Sm/p:master:comput
## EC_MEMINFO  242 gs30r1b53             158281    3820       0     16796   91420    27004   82460    219379    3190      1.7   0.0         0      0     112  Sm/p:master:comput
## EC_MEMINFO  243 gs30r1b54             158281    3771       0     13477   95698    22249   87098    220193    1917      1.7   0.0         0      0      86  Sm/p:master:comput
## EC_MEMINFO  244 gs30r1b55             158283    3800       0     13643   96016    20254   88676    220288    2548      1.7   0.0         0      0      73  Sm/p:master:comput
## EC_MEMINFO  245 gs30r1b57             158283    3793       0     24566   83618    20738   89972    220554    2203      1.7   0.0         0      0      73  Sm/p:master:comput
## EC_MEMINFO  246 gs30r1b58             158285    3800       0     21089   87824    10492   99744    220838    2401      1.7   0.0         0      0      73  Sm/p:master:comput
## EC_MEMINFO  247 gs30r1b59             158281    3783       0      5312  102592     6099  105448    221146    2259      1.7   0.0         0      0      86  Sm/p:master:comput
## EC_MEMINFO  248 gs30r1b59             158281    3783       0      5312  102592     6099  105448    221146    2259      1.7   0.0         0      0      86  Sm/p:oops:ifs_init
## EC_MEMINFO  249 gs30r1b59             158281    3783       0      5312  102592     6099  105448    221146    2259      1.7   0.0         0      0      86  Sm/p:oops:ifs_init
## EC_MEMINFO  250 gs30r1b59             158281    3783       0      5312  102592     6099  105448    221146    2259      1.7   0.0         0      0      86  Sm/p:oops:ifs_init
## EC_MEMINFO  251 gs30r1b59             158281    3783       0      5312  102592     6099  105448    221146    2259      1.7   0.0         0      0      86  Sm/p:oops:ifs_init
## EC_MEMINFO  252 gs30r1b59             158281    3783       0      5312  102592     6099  105448    221146    2259      1.7   0.0         0      0      86  Sm/p:oops:ifs_init
## EC_MEMINFO  253 gs30r1b59             158281    3783       0      5312  102592     6099  105448    221146    2259      1.7   0.0         0      0      86  Sm/p:oops:ifs_init
## EC_MEMINFO  254 gs30r1b59             158281    3783       0      5312  102592     6099  105448    221146    2259      1.7   0.0         0      0      86  Sm/p:oops:ifs_init
## EC_MEMINFO  255 gs30r1b59             158281    3783       0      5312  102592     6099  105448    221146    2259      1.7   0.0         0      0      86  Sm/p:oops:ifs_init
## EC_MEMINFO 
