## EC_MEMINFO 
## EC_MEMINFO : MPI-version 3.1
## EC_MEMINFO : Start of MPI-library version
Intel(R) MPI Library 2021.10 for Linux* OS
## EC_MEMINFO : End of MPI-library version
## EC_MEMINFO : OpenMP-version 4.5.201611
## EC_MEMINFO : CPU-model : Intel(R) Xeon(R) Platinum 8480+
## EC_MEMINFO : Hugepages : 2097152 bytes/page x 0 pages = 0 bytes
## EC_MEMINFO 
## EC_MEMINFO 
## EC_MEMINFO ********************************************************************************
## EC_MEMINFO *** Mapping of MPI & I/O-tasks to nodes and tasks' thread-to-core affinities ***
## EC_MEMINFO ********************************************************************************
## EC_MEMINFO 
## EC_MEMINFO Running on 256 nodes (2-numa) with 1984 compute + 128 I/O-tasks and 14+7 threads
## EC_MEMINFO 
## EC_MEMINFO      # NODE#             NODENAME    MPI#  WORLD#  GETPID    I/O#  MASTER    REF#    OMP#  Core affinities
## EC_MEMINFO      = =====             ========    ====  ======  ======    ====  ======    ====    ====  ===============
## EC_MEMINFO 
## EC_MEMINFO      0     0            gs22r1b24       0       0 1825833    [No]     Yes       0      14  {56,57,58,59,60,61,62,63,64,65,66,67,68,69}
## EC_MEMINFO      1     0            gs22r1b24       1       1 1825834    [No]    [No]       1      14  {70,71,72,73,74,75,76,77,78,79,80,81,82,83}
## EC_MEMINFO      2     0            gs22r1b24       2       2 1825835    [No]    [No]       2      14  {84,85,86,87,88,89,90,91,92,93,94,95,96,97}
## EC_MEMINFO      3     0            gs22r1b24       3       3 1825836    [No]    [No]       3      14  {98,99,100,101,102,103,104,105,106,107,108,109,110,111}
## EC_MEMINFO      4     0            gs22r1b24       4       4 1825837    [No]    [No]       4      14  {0,1,2,3,4,5,6,7,8,9,10,11,12,13}
## EC_MEMINFO      5     0            gs22r1b24       5       5 1825838    [No]    [No]       5      14  {14,15,16,17,18,19,20,21,22,23,24,25,26,27}
## EC_MEMINFO      6     0            gs22r1b24       6       6 1825839    [No]    [No]       6      14  {28,29,30,31,32,33,34,35,36,37,38,39,40,41}
## EC_MEMINFO      7     0            gs22r1b24       7       7 1825840    [No]    [No]       7      14  {42,43,44,45,46,47,48,49,50,51,52,53,54,55}
## EC_MEMINFO      8     1            gs22r1b28       8       8  934423    [No]     Yes       8      14  {56,57,58,59,60,61,62,63,64,65,66,67,68,69}
## EC_MEMINFO      9     1            gs22r1b28       9       9  934424    [No]    [No]       9      14  {70,71,72,73,74,75,76,77,78,79,80,81,82,83}
## EC_MEMINFO     10     1            gs22r1b28      10      10  934425    [No]    [No]      10      14  {84,85,86,87,88,89,90,91,92,93,94,95,96,97}
## EC_MEMINFO     11     1            gs22r1b28      11      11  934426    [No]    [No]      11      14  {98,99,100,101,102,103,104,105,106,107,108,109,110,111}
## EC_MEMINFO     12     1            gs22r1b28      12      12  934427    [No]    [No]      12      14  {0,1,2,3,4,5,6,7,8,9,10,11,12,13}
## EC_MEMINFO     13     1            gs22r1b28      13      13  934428    [No]    [No]      13      14  {14,15,16,17,18,19,20,21,22,23,24,25,26,27}
## EC_MEMINFO     14     1            gs22r1b28      14      14  934429    [No]    [No]      14      14  {28,29,30,31,32,33,34,35,36,37,38,39,40,41}
## EC_MEMINFO     15     1            gs22r1b28      15      15  934430    [No]    [No]      15      14  {42,43,44,45,46,47,48,49,50,51,52,53,54,55}
## EC_MEMINFO     16     2            gs24r1b01      16      16  288718    [No]     Yes      16      14  {0,1,2,3,4,5,6,7,8,9,10,11,12,13}
## EC_MEMINFO     17     2            gs24r1b01      17      17  288719    [No]    [No]      17      14  {14,15,16,17,18,19,20,21,22,23,24,25,26,27}
## EC_MEMINFO     18     2            gs24r1b01      18      18  288720    [No]    [No]      18      14  {28,29,30,31,32,33,34,35,36,37,38,39,40,41}
## EC_MEMINFO     19     2            gs24r1b01      19      19  288721    [No]    [No]      19      14  {42,43,44,45,46,47,48,49,50,51,52,53,54,55}
## EC_MEMINFO     20     2            gs24r1b01      20      20  288722    [No]    [No]      20      14  {56,57,58,59,60,61,62,63,64,65,66,67,68,69}
## EC_MEMINFO     21     2            gs24r1b01      21      21  288723    [No]    [No]      21      14  {70,71,72,73,74,75,76,77,78,79,80,81,82,83}
## EC_MEMINFO     22     2            gs24r1b01      22      22  288724    [No]    [No]      22      14  {84,85,86,87,88,89,90,91,92,93,94,95,96,97}
## EC_MEMINFO     23     2            gs24r1b01      23      23  288725    [No]    [No]      23      14  {98,99,100,101,102,103,104,105,106,107,108,109,110,111}
## EC_MEMINFO     24     3            gs24r1b02      24      24   91554    [No]     Yes      24      14  {56,57,58,59,60,61,62,63,64,65,66,67,68,69}
## EC_MEMINFO     25     3            gs24r1b02      25      25   91555    [No]    [No]      25      14  {70,71,72,73,74,75,76,77,78,79,80,81,82,83}
## EC_MEMINFO     26     3            gs24r1b02      26      26   91556    [No]    [No]      26      14  {84,85,86,87,88,89,90,91,92,93,94,95,96,97}
## EC_MEMINFO     27     3            gs24r1b02      27      27   91557    [No]    [No]      27      14  {98,99,100,101,102,103,104,105,106,107,108,109,110,111}
## EC_MEMINFO     28     3            gs24r1b02      28      28   91558    [No]    [No]      28      14  {0,1,2,3,4,5,6,7,8,9,10,11,12,13}
## EC_MEMINFO     29     3            gs24r1b02      29      29   91559    [No]    [No]      29      14  {14,15,16,17,18,19,20,21,22,23,24,25,26,27}
## EC_MEMINFO     30     3            gs24r1b02      30      30   91560    [No]    [No]      30      14  {28,29,30,31,32,33,34,35,36,37,38,39,40,41}
## EC_MEMINFO     31     3            gs24r1b02      31      31   91561    [No]    [No]      31      14  {42,43,44,45,46,47,48,49,50,51,52,53,54,55}
## EC_MEMINFO     32     4            gs24r1b03      32      32 1665606    [No]     Yes      32      14  {0,1,2,3,4,5,6,7,8,9,10,11,12,13}
## EC_MEMINFO     33     4            gs24r1b03      33      33 1665607    [No]    [No]      33      14  {14,15,16,17,18,19,20,21,22,23,24,25,26,27}
## EC_MEMINFO     34     4            gs24r1b03      34      34 1665608    [No]    [No]      34      14  {28,29,30,31,32,33,34,35,36,37,38,39,40,41}
## EC_MEMINFO     35     4            gs24r1b03      35      35 1665609    [No]    [No]      35      14  {42,43,44,45,46,47,48,49,50,51,52,53,54,55}
## EC_MEMINFO     36     4            gs24r1b03      36      36 1665610    [No]    [No]      36      14  {56,57,58,59,60,61,62,63,64,65,66,67,68,69}
## EC_MEMINFO     37     4            gs24r1b03      37      37 1665611    [No]    [No]      37      14  {70,71,72,73,74,75,76,77,78,79,80,81,82,83}
## EC_MEMINFO     38     4            gs24r1b03      38      38 1665612    [No]    [No]      38      14  {84,85,86,87,88,89,90,91,92,93,94,95,96,97}
## EC_MEMINFO     39     4            gs24r1b03      39      39 1665613    [No]    [No]      39      14  {98,99,100,101,102,103,104,105,106,107,108,109,110,111}
## EC_MEMINFO     40     5            gs24r1b04      40      40  874376    [No]     Yes      40      14  {56,57,58,59,60,61,62,63,64,65,66,67,68,69}
## EC_MEMINFO     41     5            gs24r1b04      41      41  874377    [No]    [No]      41      14  {70,71,72,73,74,75,76,77,78,79,80,81,82,83}
## EC_MEMINFO     42     5            gs24r1b04      42      42  874378    [No]    [No]      42      14  {84,85,86,87,88,89,90,91,92,93,94,95,96,97}
## EC_MEMINFO     43     5            gs24r1b04      43      43  874379    [No]    [No]      43      14  {98,99,100,101,102,103,104,105,106,107,108,109,110,111}
## EC_MEMINFO     44     5            gs24r1b04      44      44  874380    [No]    [No]      44      14  {0,1,2,3,4,5,6,7,8,9,10,11,12,13}
## EC_MEMINFO     45     5            gs24r1b04      45      45  874381    [No]    [No]      45      14  {14,15,16,17,18,19,20,21,22,23,24,25,26,27}
## EC_MEMINFO     46     5            gs24r1b04      46      46  874382    [No]    [No]      46      14  {28,29,30,31,32,33,34,35,36,37,38,39,40,41}
## EC_MEMINFO     47     5            gs24r1b04      47      47  874383    [No]    [No]      47      14  {42,43,44,45,46,47,48,49,50,51,52,53,54,55}
## EC_MEMINFO     48     6            gs24r1b05      48      48  556322    [No]     Yes      48      14  {0,1,2,3,4,5,6,7,8,9,10,11,12,13}
## EC_MEMINFO     49     6            gs24r1b05      49      49  556323    [No]    [No]      49      14  {14,15,16,17,18,19,20,21,22,23,24,25,26,27}
## EC_MEMINFO     50     6            gs24r1b05      50      50  556324    [No]    [No]      50      14  {28,29,30,31,32,33,34,35,36,37,38,39,40,41}
## EC_MEMINFO     51     6            gs24r1b05      51      51  556325    [No]    [No]      51      14  {42,43,44,45,46,47,48,49,50,51,52,53,54,55}
## EC_MEMINFO     52     6            gs24r1b05      52      52  556326    [No]    [No]      52      14  {56,57,58,59,60,61,62,63,64,65,66,67,68,69}
## EC_MEMINFO     53     6            gs24r1b05      53      53  556327    [No]    [No]      53      14  {70,71,72,73,74,75,76,77,78,79,80,81,82,83}
## EC_MEMINFO     54     6            gs24r1b05      54      54  556328    [No]    [No]      54      14  {84,85,86,87,88,89,90,91,92,93,94,95,96,97}
## EC_MEMINFO     55     6            gs24r1b05      55      55  556329    [No]    [No]      55      14  {98,99,100,101,102,103,104,105,106,107,108,109,110,111}
## EC_MEMINFO     56     7            gs24r1b06      56      56 4172674    [No]     Yes      56      14  {56,57,58,59,60,61,62,63,64,65,66,67,68,69}
## EC_MEMINFO     57     7            gs24r1b06      57      57 4172675    [No]    [No]      57      14  {70,71,72,73,74,75,76,77,78,79,80,81,82,83}
## EC_MEMINFO     58     7            gs24r1b06      58      58 4172676    [No]    [No]      58      14  {84,85,86,87,88,89,90,91,92,93,94,95,96,97}
## EC_MEMINFO     59     7            gs24r1b06      59      59 4172677    [No]    [No]      59      14  {98,99,100,101,102,103,104,105,106,107,108,109,110,111}
## EC_MEMINFO     60     7            gs24r1b06      60      60 4172678    [No]    [No]      60      14  {0,1,2,3,4,5,6,7,8,9,10,11,12,13}
## EC_MEMINFO     61     7            gs24r1b06      61      61 4172679    [No]    [No]      61      14  {14,15,16,17,18,19,20,21,22,23,24,25,26,27}
## EC_MEMINFO     62     7            gs24r1b06      62      62 4172680    [No]    [No]      62      14  {28,29,30,31,32,33,34,35,36,37,38,39,40,41}
## EC_MEMINFO     63     7            gs24r1b06      63      63 4172681    [No]    [No]      63      14  {42,43,44,45,46,47,48,49,50,51,52,53,54,55}
## EC_MEMINFO     64     8            gs24r1b07      64      64 2170995    [No]     Yes      64      14  {0,1,2,3,4,5,6,7,8,9,10,11,12,13}
## EC_MEMINFO     65     8            gs24r1b07      65      65 2170996    [No]    [No]      65      14  {14,15,16,17,18,19,20,21,22,23,24,25,26,27}
## EC_MEMINFO     66     8            gs24r1b07      66      66 2170997    [No]    [No]      66      14  {28,29,30,31,32,33,34,35,36,37,38,39,40,41}
## EC_MEMINFO     67     8            gs24r1b07      67      67 2170998    [No]    [No]      67      14  {42,43,44,45,46,47,48,49,50,51,52,53,54,55}
## EC_MEMINFO     68     8            gs24r1b07      68      68 2170999    [No]    [No]      68      14  {56,57,58,59,60,61,62,63,64,65,66,67,68,69}
## EC_MEMINFO     69     8            gs24r1b07      69      69 2171000    [No]    [No]      69      14  {70,71,72,73,74,75,76,77,78,79,80,81,82,83}
## EC_MEMINFO     70     8            gs24r1b07      70      70 2171001    [No]    [No]      70      14  {84,85,86,87,88,89,90,91,92,93,94,95,96,97}
## EC_MEMINFO     71     8            gs24r1b07      71      71 2171002    [No]    [No]      71      14  {98,99,100,101,102,103,104,105,106,107,108,109,110,111}
## EC_MEMINFO     72     9            gs24r1b08      72      72 2692829    [No]     Yes      72      14  {56,57,58,59,60,61,62,63,64,65,66,67,68,69}
## EC_MEMINFO     73     9            gs24r1b08      73      73 2692830    [No]    [No]      73      14  {70,71,72,73,74,75,76,77,78,79,80,81,82,83}
## EC_MEMINFO     74     9            gs24r1b08      74      74 2692831    [No]    [No]      74      14  {84,85,86,87,88,89,90,91,92,93,94,95,96,97}
## EC_MEMINFO     75     9            gs24r1b08      75      75 2692832    [No]    [No]      75      14  {98,99,100,101,102,103,104,105,106,107,108,109,110,111}
## EC_MEMINFO     76     9            gs24r1b08      76      76 2692833    [No]    [No]      76      14  {0,1,2,3,4,5,6,7,8,9,10,11,12,13}
## EC_MEMINFO     77     9            gs24r1b08      77      77 2692834    [No]    [No]      77      14  {14,15,16,17,18,19,20,21,22,23,24,25,26,27}
## EC_MEMINFO     78     9            gs24r1b08      78      78 2692835    [No]    [No]      78      14  {28,29,30,31,32,33,34,35,36,37,38,39,40,41}
## EC_MEMINFO     79     9            gs24r1b08      79      79 2692836    [No]    [No]      79      14  {42,43,44,45,46,47,48,49,50,51,52,53,54,55}
## EC_MEMINFO     80    10            gs24r1b09      80      80 2002795    [No]     Yes      80      14  {0,1,2,3,4,5,6,7,8,9,10,11,12,13}
## EC_MEMINFO     81    10            gs24r1b09      81      81 2002796    [No]    [No]      81      14  {14,15,16,17,18,19,20,21,22,23,24,25,26,27}
## EC_MEMINFO     82    10            gs24r1b09      82      82 2002797    [No]    [No]      82      14  {28,29,30,31,32,33,34,35,36,37,38,39,40,41}
## EC_MEMINFO     83    10            gs24r1b09      83      83 2002798    [No]    [No]      83      14  {42,43,44,45,46,47,48,49,50,51,52,53,54,55}
## EC_MEMINFO     84    10            gs24r1b09      84      84 2002799    [No]    [No]      84      14  {56,57,58,59,60,61,62,63,64,65,66,67,68,69}
## EC_MEMINFO     85    10            gs24r1b09      85      85 2002800    [No]    [No]      85      14  {70,71,72,73,74,75,76,77,78,79,80,81,82,83}
## EC_MEMINFO     86    10            gs24r1b09      86      86 2002801    [No]    [No]      86      14  {84,85,86,87,88,89,90,91,92,93,94,95,96,97}
## EC_MEMINFO     87    10            gs24r1b09      87      87 2002802    [No]    [No]      87      14  {98,99,100,101,102,103,104,105,106,107,108,109,110,111}
## EC_MEMINFO     88    11            gs24r1b10      88      88 1513091    [No]     Yes      88      14  {56,57,58,59,60,61,62,63,64,65,66,67,68,69}
## EC_MEMINFO     89    11            gs24r1b10      89      89 1513092    [No]    [No]      89      14  {70,71,72,73,74,75,76,77,78,79,80,81,82,83}
## EC_MEMINFO     90    11            gs24r1b10      90      90 1513093    [No]    [No]      90      14  {84,85,86,87,88,89,90,91,92,93,94,95,96,97}
## EC_MEMINFO     91    11            gs24r1b10      91      91 1513094    [No]    [No]      91      14  {98,99,100,101,102,103,104,105,106,107,108,109,110,111}
## EC_MEMINFO     92    11            gs24r1b10      92      92 1513095    [No]    [No]      92      14  {0,1,2,3,4,5,6,7,8,9,10,11,12,13}
## EC_MEMINFO     93    11            gs24r1b10      93      93 1513096    [No]    [No]      93      14  {14,15,16,17,18,19,20,21,22,23,24,25,26,27}
## EC_MEMINFO     94    11            gs24r1b10      94      94 1513097    [No]    [No]      94      14  {28,29,30,31,32,33,34,35,36,37,38,39,40,41}
## EC_MEMINFO     95    11            gs24r1b10      95      95 1513098    [No]    [No]      95      14  {42,43,44,45,46,47,48,49,50,51,52,53,54,55}
## EC_MEMINFO     96    12            gs24r1b11      96      96  602848    [No]     Yes      96      14  {0,1,2,3,4,5,6,7,8,9,10,11,12,13}
## EC_MEMINFO     97    12            gs24r1b11      97      97  602849    [No]    [No]      97      14  {14,15,16,17,18,19,20,21,22,23,24,25,26,27}
## EC_MEMINFO     98    12            gs24r1b11      98      98  602850    [No]    [No]      98      14  {28,29,30,31,32,33,34,35,36,37,38,39,40,41}
## EC_MEMINFO     99    12            gs24r1b11      99      99  602851    [No]    [No]      99      14  {42,43,44,45,46,47,48,49,50,51,52,53,54,55}
## EC_MEMINFO    100    12            gs24r1b11     100     100  602852    [No]    [No]     100      14  {56,57,58,59,60,61,62,63,64,65,66,67,68,69}
## EC_MEMINFO    101    12            gs24r1b11     101     101  602853    [No]    [No]     101      14  {70,71,72,73,74,75,76,77,78,79,80,81,82,83}
## EC_MEMINFO    102    12            gs24r1b11     102     102  602854    [No]    [No]     102      14  {84,85,86,87,88,89,90,91,92,93,94,95,96,97}
## EC_MEMINFO    103    12            gs24r1b11     103     103  602855    [No]    [No]     103      14  {98,99,100,101,102,103,104,105,106,107,108,109,110,111}
## EC_MEMINFO    104    13            gs24r1b12     104     104  534655    [No]     Yes     104      14  {56,57,58,59,60,61,62,63,64,65,66,67,68,69}
## EC_MEMINFO    105    13            gs24r1b12     105     105  534656    [No]    [No]     105      14  {70,71,72,73,74,75,76,77,78,79,80,81,82,83}
## EC_MEMINFO    106    13            gs24r1b12     106     106  534657    [No]    [No]     106      14  {84,85,86,87,88,89,90,91,92,93,94,95,96,97}
## EC_MEMINFO    107    13            gs24r1b12     107     107  534658    [No]    [No]     107      14  {98,99,100,101,102,103,104,105,106,107,108,109,110,111}
## EC_MEMINFO    108    13            gs24r1b12     108     108  534659    [No]    [No]     108      14  {0,1,2,3,4,5,6,7,8,9,10,11,12,13}
## EC_MEMINFO    109    13            gs24r1b12     109     109  534660    [No]    [No]     109      14  {14,15,16,17,18,19,20,21,22,23,24,25,26,27}
## EC_MEMINFO    110    13            gs24r1b12     110     110  534661    [No]    [No]     110      14  {28,29,30,31,32,33,34,35,36,37,38,39,40,41}
## EC_MEMINFO    111    13            gs24r1b12     111     111  534662    [No]    [No]     111      14  {42,43,44,45,46,47,48,49,50,51,52,53,54,55}
## EC_MEMINFO    112    14            gs24r1b13     112     112  507693    [No]     Yes     112      14  {0,1,2,3,4,5,6,7,8,9,10,11,12,13}
## EC_MEMINFO    113    14            gs24r1b13     113     113  507694    [No]    [No]     113      14  {14,15,16,17,18,19,20,21,22,23,24,25,26,27}
## EC_MEMINFO    114    14            gs24r1b13     114     114  507695    [No]    [No]     114      14  {28,29,30,31,32,33,34,35,36,37,38,39,40,41}
## EC_MEMINFO    115    14            gs24r1b13     115     115  507696    [No]    [No]     115      14  {42,43,44,45,46,47,48,49,50,51,52,53,54,55}
## EC_MEMINFO    116    14            gs24r1b13     116     116  507697    [No]    [No]     116      14  {56,57,58,59,60,61,62,63,64,65,66,67,68,69}
## EC_MEMINFO    117    14            gs24r1b13     117     117  507698    [No]    [No]     117      14  {70,71,72,73,74,75,76,77,78,79,80,81,82,83}
## EC_MEMINFO    118    14            gs24r1b13     118     118  507699    [No]    [No]     118      14  {84,85,86,87,88,89,90,91,92,93,94,95,96,97}
## EC_MEMINFO    119    14            gs24r1b13     119     119  507700    [No]    [No]     119      14  {98,99,100,101,102,103,104,105,106,107,108,109,110,111}
## EC_MEMINFO    120    15            gs24r1b14     120     120  522079    [No]     Yes     120      14  {56,57,58,59,60,61,62,63,64,65,66,67,68,69}
## EC_MEMINFO    121    15            gs24r1b14     121     121  522080    [No]    [No]     121      14  {70,71,72,73,74,75,76,77,78,79,80,81,82,83}
## EC_MEMINFO    122    15            gs24r1b14     122     122  522081    [No]    [No]     122      14  {84,85,86,87,88,89,90,91,92,93,94,95,96,97}
## EC_MEMINFO    123    15            gs24r1b14     123     123  522082    [No]    [No]     123      14  {98,99,100,101,102,103,104,105,106,107,108,109,110,111}
## EC_MEMINFO    124    15            gs24r1b14     124     124  522083    [No]    [No]     124      14  {0,1,2,3,4,5,6,7,8,9,10,11,12,13}
## EC_MEMINFO    125    15            gs24r1b14     125     125  522084    [No]    [No]     125      14  {14,15,16,17,18,19,20,21,22,23,24,25,26,27}
## EC_MEMINFO    126    15            gs24r1b14     126     126  522085    [No]    [No]     126      14  {28,29,30,31,32,33,34,35,36,37,38,39,40,41}
## EC_MEMINFO    127    15            gs24r1b14     127     127  522086    [No]    [No]     127      14  {42,43,44,45,46,47,48,49,50,51,52,53,54,55}
## EC_MEMINFO    128    16            gs24r1b29     128     128  493294    [No]     Yes     128      14  {0,1,2,3,4,5,6,7,8,9,10,11,12,13}
## EC_MEMINFO    129    16            gs24r1b29     129     129  493295    [No]    [No]     129      14  {14,15,16,17,18,19,20,21,22,23,24,25,26,27}
## EC_MEMINFO    130    16            gs24r1b29     130     130  493296    [No]    [No]     130      14  {28,29,30,31,32,33,34,35,36,37,38,39,40,41}
## EC_MEMINFO    131    16            gs24r1b29     131     131  493297    [No]    [No]     131      14  {42,43,44,45,46,47,48,49,50,51,52,53,54,55}
## EC_MEMINFO    132    16            gs24r1b29     132     132  493298    [No]    [No]     132      14  {56,57,58,59,60,61,62,63,64,65,66,67,68,69}
## EC_MEMINFO    133    16            gs24r1b29     133     133  493299    [No]    [No]     133      14  {70,71,72,73,74,75,76,77,78,79,80,81,82,83}
## EC_MEMINFO    134    16            gs24r1b29     134     134  493300    [No]    [No]     134      14  {84,85,86,87,88,89,90,91,92,93,94,95,96,97}
## EC_MEMINFO    135    16            gs24r1b29     135     135  493301    [No]    [No]     135      14  {98,99,100,101,102,103,104,105,106,107,108,109,110,111}
## EC_MEMINFO    136    17            gs24r1b30     136     136 2791468    [No]     Yes     136      14  {56,57,58,59,60,61,62,63,64,65,66,67,68,69}
## EC_MEMINFO    137    17            gs24r1b30     137     137 2791469    [No]    [No]     137      14  {70,71,72,73,74,75,76,77,78,79,80,81,82,83}
## EC_MEMINFO    138    17            gs24r1b30     138     138 2791470    [No]    [No]     138      14  {84,85,86,87,88,89,90,91,92,93,94,95,96,97}
## EC_MEMINFO    139    17            gs24r1b30     139     139 2791471    [No]    [No]     139      14  {98,99,100,101,102,103,104,105,106,107,108,109,110,111}
## EC_MEMINFO    140    17            gs24r1b30     140     140 2791472    [No]    [No]     140      14  {0,1,2,3,4,5,6,7,8,9,10,11,12,13}
## EC_MEMINFO    141    17            gs24r1b30     141     141 2791473    [No]    [No]     141      14  {14,15,16,17,18,19,20,21,22,23,24,25,26,27}
## EC_MEMINFO    142    17            gs24r1b30     142     142 2791474    [No]    [No]     142      14  {28,29,30,31,32,33,34,35,36,37,38,39,40,41}
## EC_MEMINFO    143    17            gs24r1b30     143     143 2791475    [No]    [No]     143      14  {42,43,44,45,46,47,48,49,50,51,52,53,54,55}
## EC_MEMINFO    144    18            gs24r1b31     144     144 2101326    [No]     Yes     144      14  {0,1,2,3,4,5,6,7,8,9,10,11,12,13}
## EC_MEMINFO    145    18            gs24r1b31     145     145 2101327    [No]    [No]     145      14  {14,15,16,17,18,19,20,21,22,23,24,25,26,27}
## EC_MEMINFO    146    18            gs24r1b31     146     146 2101328    [No]    [No]     146      14  {28,29,30,31,32,33,34,35,36,37,38,39,40,41}
## EC_MEMINFO    147    18            gs24r1b31     147     147 2101329    [No]    [No]     147      14  {42,43,44,45,46,47,48,49,50,51,52,53,54,55}
## EC_MEMINFO    148    18            gs24r1b31     148     148 2101330    [No]    [No]     148      14  {56,57,58,59,60,61,62,63,64,65,66,67,68,69}
## EC_MEMINFO    149    18            gs24r1b31     149     149 2101331    [No]    [No]     149      14  {70,71,72,73,74,75,76,77,78,79,80,81,82,83}
## EC_MEMINFO    150    18            gs24r1b31     150     150 2101332    [No]    [No]     150      14  {84,85,86,87,88,89,90,91,92,93,94,95,96,97}
## EC_MEMINFO    151    18            gs24r1b31     151     151 2101333    [No]    [No]     151      14  {98,99,100,101,102,103,104,105,106,107,108,109,110,111}
## EC_MEMINFO    152    19            gs24r1b32     152     152 1584687    [No]     Yes     152      14  {56,57,58,59,60,61,62,63,64,65,66,67,68,69}
## EC_MEMINFO    153    19            gs24r1b32     153     153 1584688    [No]    [No]     153      14  {70,71,72,73,74,75,76,77,78,79,80,81,82,83}
## EC_MEMINFO    154    19            gs24r1b32     154     154 1584689    [No]    [No]     154      14  {84,85,86,87,88,89,90,91,92,93,94,95,96,97}
## EC_MEMINFO    155    19            gs24r1b32     155     155 1584690    [No]    [No]     155      14  {98,99,100,101,102,103,104,105,106,107,108,109,110,111}
## EC_MEMINFO    156    19            gs24r1b32     156     156 1584691    [No]    [No]     156      14  {0,1,2,3,4,5,6,7,8,9,10,11,12,13}
## EC_MEMINFO    157    19            gs24r1b32     157     157 1584692    [No]    [No]     157      14  {14,15,16,17,18,19,20,21,22,23,24,25,26,27}
## EC_MEMINFO    158    19            gs24r1b32     158     158 1584693    [No]    [No]     158      14  {28,29,30,31,32,33,34,35,36,37,38,39,40,41}
## EC_MEMINFO    159    19            gs24r1b32     159     159 1584694    [No]    [No]     159      14  {42,43,44,45,46,47,48,49,50,51,52,53,54,55}
## EC_MEMINFO    160    20            gs24r1b33     160     160 3173338    [No]     Yes     160      14  {0,1,2,3,4,5,6,7,8,9,10,11,12,13}
## EC_MEMINFO    161    20            gs24r1b33     161     161 3173339    [No]    [No]     161      14  {14,15,16,17,18,19,20,21,22,23,24,25,26,27}
## EC_MEMINFO    162    20            gs24r1b33     162     162 3173340    [No]    [No]     162      14  {28,29,30,31,32,33,34,35,36,37,38,39,40,41}
## EC_MEMINFO    163    20            gs24r1b33     163     163 3173341    [No]    [No]     163      14  {42,43,44,45,46,47,48,49,50,51,52,53,54,55}
## EC_MEMINFO    164    20            gs24r1b33     164     164 3173342    [No]    [No]     164      14  {56,57,58,59,60,61,62,63,64,65,66,67,68,69}
## EC_MEMINFO    165    20            gs24r1b33     165     165 3173343    [No]    [No]     165      14  {70,71,72,73,74,75,76,77,78,79,80,81,82,83}
## EC_MEMINFO    166    20            gs24r1b33     166     166 3173344    [No]    [No]     166      14  {84,85,86,87,88,89,90,91,92,93,94,95,96,97}
## EC_MEMINFO    167    20            gs24r1b33     167     167 3173345    [No]    [No]     167      14  {98,99,100,101,102,103,104,105,106,107,108,109,110,111}
## EC_MEMINFO    168    21            gs24r1b34     168     168 3833908    [No]     Yes     168      14  {56,57,58,59,60,61,62,63,64,65,66,67,68,69}
## EC_MEMINFO    169    21            gs24r1b34     169     169 3833909    [No]    [No]     169      14  {70,71,72,73,74,75,76,77,78,79,80,81,82,83}
## EC_MEMINFO    170    21            gs24r1b34     170     170 3833910    [No]    [No]     170      14  {84,85,86,87,88,89,90,91,92,93,94,95,96,97}
## EC_MEMINFO    171    21            gs24r1b34     171     171 3833911    [No]    [No]     171      14  {98,99,100,101,102,103,104,105,106,107,108,109,110,111}
## EC_MEMINFO    172    21            gs24r1b34     172     172 3833912    [No]    [No]     172      14  {0,1,2,3,4,5,6,7,8,9,10,11,12,13}
## EC_MEMINFO    173    21            gs24r1b34     173     173 3833913    [No]    [No]     173      14  {14,15,16,17,18,19,20,21,22,23,24,25,26,27}
## EC_MEMINFO    174    21            gs24r1b34     174     174 3833914    [No]    [No]     174      14  {28,29,30,31,32,33,34,35,36,37,38,39,40,41}
## EC_MEMINFO    175    21            gs24r1b34     175     175 3833915    [No]    [No]     175      14  {42,43,44,45,46,47,48,49,50,51,52,53,54,55}
## EC_MEMINFO    176    22            gs24r1b35     176     176 2213719    [No]     Yes     176      14  {0,1,2,3,4,5,6,7,8,9,10,11,12,13}
## EC_MEMINFO    177    22            gs24r1b35     177     177 2213720    [No]    [No]     177      14  {14,15,16,17,18,19,20,21,22,23,24,25,26,27}
## EC_MEMINFO    178    22            gs24r1b35     178     178 2213721    [No]    [No]     178      14  {28,29,30,31,32,33,34,35,36,37,38,39,40,41}
## EC_MEMINFO    179    22            gs24r1b35     179     179 2213722    [No]    [No]     179      14  {42,43,44,45,46,47,48,49,50,51,52,53,54,55}
## EC_MEMINFO    180    22            gs24r1b35     180     180 2213723    [No]    [No]     180      14  {56,57,58,59,60,61,62,63,64,65,66,67,68,69}
## EC_MEMINFO    181    22            gs24r1b35     181     181 2213724    [No]    [No]     181      14  {70,71,72,73,74,75,76,77,78,79,80,81,82,83}
## EC_MEMINFO    182    22            gs24r1b35     182     182 2213725    [No]    [No]     182      14  {84,85,86,87,88,89,90,91,92,93,94,95,96,97}
## EC_MEMINFO    183    22            gs24r1b35     183     183 2213726    [No]    [No]     183      14  {98,99,100,101,102,103,104,105,106,107,108,109,110,111}
## EC_MEMINFO    184    23            gs24r1b36     184     184 3695897    [No]     Yes     184      14  {56,57,58,59,60,61,62,63,64,65,66,67,68,69}
## EC_MEMINFO    185    23            gs24r1b36     185     185 3695898    [No]    [No]     185      14  {70,71,72,73,74,75,76,77,78,79,80,81,82,83}
## EC_MEMINFO    186    23            gs24r1b36     186     186 3695899    [No]    [No]     186      14  {84,85,86,87,88,89,90,91,92,93,94,95,96,97}
## EC_MEMINFO    187    23            gs24r1b36     187     187 3695900    [No]    [No]     187      14  {98,99,100,101,102,103,104,105,106,107,108,109,110,111}
## EC_MEMINFO    188    23            gs24r1b36     188     188 3695901    [No]    [No]     188      14  {0,1,2,3,4,5,6,7,8,9,10,11,12,13}
## EC_MEMINFO    189    23            gs24r1b36     189     189 3695902    [No]    [No]     189      14  {14,15,16,17,18,19,20,21,22,23,24,25,26,27}
## EC_MEMINFO    190    23            gs24r1b36     190     190 3695903    [No]    [No]     190      14  {28,29,30,31,32,33,34,35,36,37,38,39,40,41}
## EC_MEMINFO    191    23            gs24r1b36     191     191 3695904    [No]    [No]     191      14  {42,43,44,45,46,47,48,49,50,51,52,53,54,55}
## EC_MEMINFO    192    24            gs24r1b37     192     192 3589735    [No]     Yes     192      14  {0,1,2,3,4,5,6,7,8,9,10,11,12,13}
## EC_MEMINFO    193    24            gs24r1b37     193     193 3589736    [No]    [No]     193      14  {14,15,16,17,18,19,20,21,22,23,24,25,26,27}
## EC_MEMINFO    194    24            gs24r1b37     194     194 3589737    [No]    [No]     194      14  {28,29,30,31,32,33,34,35,36,37,38,39,40,41}
## EC_MEMINFO    195    24            gs24r1b37     195     195 3589738    [No]    [No]     195      14  {42,43,44,45,46,47,48,49,50,51,52,53,54,55}
## EC_MEMINFO    196    24            gs24r1b37     196     196 3589739    [No]    [No]     196      14  {56,57,58,59,60,61,62,63,64,65,66,67,68,69}
## EC_MEMINFO    197    24            gs24r1b37     197     197 3589740    [No]    [No]     197      14  {70,71,72,73,74,75,76,77,78,79,80,81,82,83}
## EC_MEMINFO    198    24            gs24r1b37     198     198 3589741    [No]    [No]     198      14  {84,85,86,87,88,89,90,91,92,93,94,95,96,97}
## EC_MEMINFO    199    24            gs24r1b37     199     199 3589742    [No]    [No]     199      14  {98,99,100,101,102,103,104,105,106,107,108,109,110,111}
## EC_MEMINFO    200    25            gs24r1b38     200     200  374730    [No]     Yes     200      14  {56,57,58,59,60,61,62,63,64,65,66,67,68,69}
## EC_MEMINFO    201    25            gs24r1b38     201     201  374731    [No]    [No]     201      14  {70,71,72,73,74,75,76,77,78,79,80,81,82,83}
## EC_MEMINFO    202    25            gs24r1b38     202     202  374732    [No]    [No]     202      14  {84,85,86,87,88,89,90,91,92,93,94,95,96,97}
## EC_MEMINFO    203    25            gs24r1b38     203     203  374733    [No]    [No]     203      14  {98,99,100,101,102,103,104,105,106,107,108,109,110,111}
## EC_MEMINFO    204    25            gs24r1b38     204     204  374734    [No]    [No]     204      14  {0,1,2,3,4,5,6,7,8,9,10,11,12,13}
## EC_MEMINFO    205    25            gs24r1b38     205     205  374735    [No]    [No]     205      14  {14,15,16,17,18,19,20,21,22,23,24,25,26,27}
## EC_MEMINFO    206    25            gs24r1b38     206     206  374736    [No]    [No]     206      14  {28,29,30,31,32,33,34,35,36,37,38,39,40,41}
## EC_MEMINFO    207    25            gs24r1b38     207     207  374737    [No]    [No]     207      14  {42,43,44,45,46,47,48,49,50,51,52,53,54,55}
## EC_MEMINFO    208    26            gs24r1b39     208     208  969883    [No]     Yes     208      14  {0,1,2,3,4,5,6,7,8,9,10,11,12,13}
## EC_MEMINFO    209    26            gs24r1b39     209     209  969884    [No]    [No]     209      14  {14,15,16,17,18,19,20,21,22,23,24,25,26,27}
## EC_MEMINFO    210    26            gs24r1b39     210     210  969885    [No]    [No]     210      14  {28,29,30,31,32,33,34,35,36,37,38,39,40,41}
## EC_MEMINFO    211    26            gs24r1b39     211     211  969886    [No]    [No]     211      14  {42,43,44,45,46,47,48,49,50,51,52,53,54,55}
## EC_MEMINFO    212    26            gs24r1b39     212     212  969887    [No]    [No]     212      14  {56,57,58,59,60,61,62,63,64,65,66,67,68,69}
## EC_MEMINFO    213    26            gs24r1b39     213     213  969888    [No]    [No]     213      14  {70,71,72,73,74,75,76,77,78,79,80,81,82,83}
## EC_MEMINFO    214    26            gs24r1b39     214     214  969889    [No]    [No]     214      14  {84,85,86,87,88,89,90,91,92,93,94,95,96,97}
## EC_MEMINFO    215    26            gs24r1b39     215     215  969890    [No]    [No]     215      14  {98,99,100,101,102,103,104,105,106,107,108,109,110,111}
## EC_MEMINFO    216    27            gs24r1b40     216     216 2424320    [No]     Yes     216      14  {56,57,58,59,60,61,62,63,64,65,66,67,68,69}
## EC_MEMINFO    217    27            gs24r1b40     217     217 2424321    [No]    [No]     217      14  {70,71,72,73,74,75,76,77,78,79,80,81,82,83}
## EC_MEMINFO    218    27            gs24r1b40     218     218 2424322    [No]    [No]     218      14  {84,85,86,87,88,89,90,91,92,93,94,95,96,97}
## EC_MEMINFO    219    27            gs24r1b40     219     219 2424323    [No]    [No]     219      14  {98,99,100,101,102,103,104,105,106,107,108,109,110,111}
## EC_MEMINFO    220    27            gs24r1b40     220     220 2424324    [No]    [No]     220      14  {0,1,2,3,4,5,6,7,8,9,10,11,12,13}
## EC_MEMINFO    221    27            gs24r1b40     221     221 2424325    [No]    [No]     221      14  {14,15,16,17,18,19,20,21,22,23,24,25,26,27}
## EC_MEMINFO    222    27            gs24r1b40     222     222 2424326    [No]    [No]     222      14  {28,29,30,31,32,33,34,35,36,37,38,39,40,41}
## EC_MEMINFO    223    27            gs24r1b40     223     223 2424327    [No]    [No]     223      14  {42,43,44,45,46,47,48,49,50,51,52,53,54,55}
## EC_MEMINFO    224    28            gs24r1b41     224     224 2727645    [No]     Yes     224      14  {0,1,2,3,4,5,6,7,8,9,10,11,12,13}
## EC_MEMINFO    225    28            gs24r1b41     225     225 2727646    [No]    [No]     225      14  {14,15,16,17,18,19,20,21,22,23,24,25,26,27}
## EC_MEMINFO    226    28            gs24r1b41     226     226 2727647    [No]    [No]     226      14  {28,29,30,31,32,33,34,35,36,37,38,39,40,41}
## EC_MEMINFO    227    28            gs24r1b41     227     227 2727648    [No]    [No]     227      14  {42,43,44,45,46,47,48,49,50,51,52,53,54,55}
## EC_MEMINFO    228    28            gs24r1b41     228     228 2727649    [No]    [No]     228      14  {56,57,58,59,60,61,62,63,64,65,66,67,68,69}
## EC_MEMINFO    229    28            gs24r1b41     229     229 2727650    [No]    [No]     229      14  {70,71,72,73,74,75,76,77,78,79,80,81,82,83}
## EC_MEMINFO    230    28            gs24r1b41     230     230 2727651    [No]    [No]     230      14  {84,85,86,87,88,89,90,91,92,93,94,95,96,97}
## EC_MEMINFO    231    28            gs24r1b41     231     231 2727652    [No]    [No]     231      14  {98,99,100,101,102,103,104,105,106,107,108,109,110,111}
## EC_MEMINFO    232    29            gs24r1b42     232     232 1242447    [No]     Yes     232      14  {56,57,58,59,60,61,62,63,64,65,66,67,68,69}
## EC_MEMINFO    233    29            gs24r1b42     233     233 1242448    [No]    [No]     233      14  {70,71,72,73,74,75,76,77,78,79,80,81,82,83}
## EC_MEMINFO    234    29            gs24r1b42     234     234 1242449    [No]    [No]     234      14  {84,85,86,87,88,89,90,91,92,93,94,95,96,97}
## EC_MEMINFO    235    29            gs24r1b42     235     235 1242450    [No]    [No]     235      14  {98,99,100,101,102,103,104,105,106,107,108,109,110,111}
## EC_MEMINFO    236    29            gs24r1b42     236     236 1242451    [No]    [No]     236      14  {0,1,2,3,4,5,6,7,8,9,10,11,12,13}
## EC_MEMINFO    237    29            gs24r1b42     237     237 1242452    [No]    [No]     237      14  {14,15,16,17,18,19,20,21,22,23,24,25,26,27}
## EC_MEMINFO    238    29            gs24r1b42     238     238 1242453    [No]    [No]     238      14  {28,29,30,31,32,33,34,35,36,37,38,39,40,41}
## EC_MEMINFO    239    29            gs24r1b42     239     239 1242454    [No]    [No]     239      14  {42,43,44,45,46,47,48,49,50,51,52,53,54,55}
## EC_MEMINFO    240    30            gs24r1b43     240     240 2394541    [No]     Yes     240      14  {0,1,2,3,4,5,6,7,8,9,10,11,12,13}
## EC_MEMINFO    241    30            gs24r1b43     241     241 2394542    [No]    [No]     241      14  {14,15,16,17,18,19,20,21,22,23,24,25,26,27}
## EC_MEMINFO    242    30            gs24r1b43     242     242 2394543    [No]    [No]     242      14  {28,29,30,31,32,33,34,35,36,37,38,39,40,41}
## EC_MEMINFO    243    30            gs24r1b43     243     243 2394544    [No]    [No]     243      14  {42,43,44,45,46,47,48,49,50,51,52,53,54,55}
## EC_MEMINFO    244    30            gs24r1b43     244     244 2394545    [No]    [No]     244      14  {56,57,58,59,60,61,62,63,64,65,66,67,68,69}
## EC_MEMINFO    245    30            gs24r1b43     245     245 2394546    [No]    [No]     245      14  {70,71,72,73,74,75,76,77,78,79,80,81,82,83}
## EC_MEMINFO    246    30            gs24r1b43     246     246 2394547    [No]    [No]     246      14  {84,85,86,87,88,89,90,91,92,93,94,95,96,97}
## EC_MEMINFO    247    30            gs24r1b43     247     247 2394548    [No]    [No]     247      14  {98,99,100,101,102,103,104,105,106,107,108,109,110,111}
## EC_MEMINFO    248    31            gs24r1b44     248     248 3357111    [No]     Yes     248      14  {56,57,58,59,60,61,62,63,64,65,66,67,68,69}
## EC_MEMINFO    249    31            gs24r1b44     249     249 3357112    [No]    [No]     249      14  {70,71,72,73,74,75,76,77,78,79,80,81,82,83}
## EC_MEMINFO    250    31            gs24r1b44     250     250 3357113    [No]    [No]     250      14  {84,85,86,87,88,89,90,91,92,93,94,95,96,97}
## EC_MEMINFO    251    31            gs24r1b44     251     251 3357114    [No]    [No]     251      14  {98,99,100,101,102,103,104,105,106,107,108,109,110,111}
## EC_MEMINFO    252    31            gs24r1b44     252     252 3357115    [No]    [No]     252      14  {0,1,2,3,4,5,6,7,8,9,10,11,12,13}
## EC_MEMINFO    253    31            gs24r1b44     253     253 3357116    [No]    [No]     253      14  {14,15,16,17,18,19,20,21,22,23,24,25,26,27}
## EC_MEMINFO    254    31            gs24r1b44     254     254 3357117    [No]    [No]     254      14  {28,29,30,31,32,33,34,35,36,37,38,39,40,41}
## EC_MEMINFO    255    31            gs24r1b44     255     255 3357118    [No]    [No]     255      14  {42,43,44,45,46,47,48,49,50,51,52,53,54,55}
## EC_MEMINFO    256    32            gs24r1b45     256     256  702500    [No]     Yes     256      14  {0,1,2,3,4,5,6,7,8,9,10,11,12,13}
## EC_MEMINFO    257    32            gs24r1b45     257     257  702501    [No]    [No]     257      14  {14,15,16,17,18,19,20,21,22,23,24,25,26,27}
## EC_MEMINFO    258    32            gs24r1b45     258     258  702502    [No]    [No]     258      14  {28,29,30,31,32,33,34,35,36,37,38,39,40,41}
## EC_MEMINFO    259    32            gs24r1b45     259     259  702503    [No]    [No]     259      14  {42,43,44,45,46,47,48,49,50,51,52,53,54,55}
## EC_MEMINFO    260    32            gs24r1b45     260     260  702504    [No]    [No]     260      14  {56,57,58,59,60,61,62,63,64,65,66,67,68,69}
## EC_MEMINFO    261    32            gs24r1b45     261     261  702505    [No]    [No]     261      14  {70,71,72,73,74,75,76,77,78,79,80,81,82,83}
## EC_MEMINFO    262    32            gs24r1b45     262     262  702506    [No]    [No]     262      14  {84,85,86,87,88,89,90,91,92,93,94,95,96,97}
## EC_MEMINFO    263    32            gs24r1b45     263     263  702507    [No]    [No]     263      14  {98,99,100,101,102,103,104,105,106,107,108,109,110,111}
## EC_MEMINFO    264    33            gs24r1b46     264     264 1722463    [No]     Yes     264      14  {56,57,58,59,60,61,62,63,64,65,66,67,68,69}
## EC_MEMINFO    265    33            gs24r1b46     265     265 1722464    [No]    [No]     265      14  {70,71,72,73,74,75,76,77,78,79,80,81,82,83}
## EC_MEMINFO    266    33            gs24r1b46     266     266 1722465    [No]    [No]     266      14  {84,85,86,87,88,89,90,91,92,93,94,95,96,97}
## EC_MEMINFO    267    33            gs24r1b46     267     267 1722466    [No]    [No]     267      14  {98,99,100,101,102,103,104,105,106,107,108,109,110,111}
## EC_MEMINFO    268    33            gs24r1b46     268     268 1722467    [No]    [No]     268      14  {0,1,2,3,4,5,6,7,8,9,10,11,12,13}
## EC_MEMINFO    269    33            gs24r1b46     269     269 1722468    [No]    [No]     269      14  {14,15,16,17,18,19,20,21,22,23,24,25,26,27}
## EC_MEMINFO    270    33            gs24r1b46     270     270 1722469    [No]    [No]     270      14  {28,29,30,31,32,33,34,35,36,37,38,39,40,41}
## EC_MEMINFO    271    33            gs24r1b46     271     271 1722470    [No]    [No]     271      14  {42,43,44,45,46,47,48,49,50,51,52,53,54,55}
## EC_MEMINFO    272    34            gs24r1b47     272     272 2689916    [No]     Yes     272      14  {0,1,2,3,4,5,6,7,8,9,10,11,12,13}
## EC_MEMINFO    273    34            gs24r1b47     273     273 2689917    [No]    [No]     273      14  {14,15,16,17,18,19,20,21,22,23,24,25,26,27}
## EC_MEMINFO    274    34            gs24r1b47     274     274 2689918    [No]    [No]     274      14  {28,29,30,31,32,33,34,35,36,37,38,39,40,41}
## EC_MEMINFO    275    34            gs24r1b47     275     275 2689919    [No]    [No]     275      14  {42,43,44,45,46,47,48,49,50,51,52,53,54,55}
## EC_MEMINFO    276    34            gs24r1b47     276     276 2689920    [No]    [No]     276      14  {56,57,58,59,60,61,62,63,64,65,66,67,68,69}
## EC_MEMINFO    277    34            gs24r1b47     277     277 2689921    [No]    [No]     277      14  {70,71,72,73,74,75,76,77,78,79,80,81,82,83}
## EC_MEMINFO    278    34            gs24r1b47     278     278 2689922    [No]    [No]     278      14  {84,85,86,87,88,89,90,91,92,93,94,95,96,97}
## EC_MEMINFO    279    34            gs24r1b47     279     279 2689923    [No]    [No]     279      14  {98,99,100,101,102,103,104,105,106,107,108,109,110,111}
## EC_MEMINFO    280    35            gs24r1b48     280     280 2229459    [No]     Yes     280      14  {56,57,58,59,60,61,62,63,64,65,66,67,68,69}
## EC_MEMINFO    281    35            gs24r1b48     281     281 2229460    [No]    [No]     281      14  {70,71,72,73,74,75,76,77,78,79,80,81,82,83}
## EC_MEMINFO    282    35            gs24r1b48     282     282 2229461    [No]    [No]     282      14  {84,85,86,87,88,89,90,91,92,93,94,95,96,97}
## EC_MEMINFO    283    35            gs24r1b48     283     283 2229462    [No]    [No]     283      14  {98,99,100,101,102,103,104,105,106,107,108,109,110,111}
## EC_MEMINFO    284    35            gs24r1b48     284     284 2229463    [No]    [No]     284      14  {0,1,2,3,4,5,6,7,8,9,10,11,12,13}
## EC_MEMINFO    285    35            gs24r1b48     285     285 2229464    [No]    [No]     285      14  {14,15,16,17,18,19,20,21,22,23,24,25,26,27}
## EC_MEMINFO    286    35            gs24r1b48     286     286 2229465    [No]    [No]     286      14  {28,29,30,31,32,33,34,35,36,37,38,39,40,41}
## EC_MEMINFO    287    35            gs24r1b48     287     287 2229466    [No]    [No]     287      14  {42,43,44,45,46,47,48,49,50,51,52,53,54,55}
## EC_MEMINFO    288    36            gs24r1b49     288     288  462340    [No]     Yes     288      14  {0,1,2,3,4,5,6,7,8,9,10,11,12,13}
## EC_MEMINFO    289    36            gs24r1b49     289     289  462341    [No]    [No]     289      14  {14,15,16,17,18,19,20,21,22,23,24,25,26,27}
## EC_MEMINFO    290    36            gs24r1b49     290     290  462342    [No]    [No]     290      14  {28,29,30,31,32,33,34,35,36,37,38,39,40,41}
## EC_MEMINFO    291    36            gs24r1b49     291     291  462343    [No]    [No]     291      14  {42,43,44,45,46,47,48,49,50,51,52,53,54,55}
## EC_MEMINFO    292    36            gs24r1b49     292     292  462344    [No]    [No]     292      14  {56,57,58,59,60,61,62,63,64,65,66,67,68,69}
## EC_MEMINFO    293    36            gs24r1b49     293     293  462345    [No]    [No]     293      14  {70,71,72,73,74,75,76,77,78,79,80,81,82,83}
## EC_MEMINFO    294    36            gs24r1b49     294     294  462346    [No]    [No]     294      14  {84,85,86,87,88,89,90,91,92,93,94,95,96,97}
## EC_MEMINFO    295    36            gs24r1b49     295     295  462347    [No]    [No]     295      14  {98,99,100,101,102,103,104,105,106,107,108,109,110,111}
## EC_MEMINFO    296    37            gs24r1b50     296     296 3661216    [No]     Yes     296      14  {56,57,58,59,60,61,62,63,64,65,66,67,68,69}
## EC_MEMINFO    297    37            gs24r1b50     297     297 3661217    [No]    [No]     297      14  {70,71,72,73,74,75,76,77,78,79,80,81,82,83}
## EC_MEMINFO    298    37            gs24r1b50     298     298 3661218    [No]    [No]     298      14  {84,85,86,87,88,89,90,91,92,93,94,95,96,97}
## EC_MEMINFO    299    37            gs24r1b50     299     299 3661219    [No]    [No]     299      14  {98,99,100,101,102,103,104,105,106,107,108,109,110,111}
## EC_MEMINFO    300    37            gs24r1b50     300     300 3661220    [No]    [No]     300      14  {0,1,2,3,4,5,6,7,8,9,10,11,12,13}
## EC_MEMINFO    301    37            gs24r1b50     301     301 3661221    [No]    [No]     301      14  {14,15,16,17,18,19,20,21,22,23,24,25,26,27}
## EC_MEMINFO    302    37            gs24r1b50     302     302 3661222    [No]    [No]     302      14  {28,29,30,31,32,33,34,35,36,37,38,39,40,41}
## EC_MEMINFO    303    37            gs24r1b50     303     303 3661223    [No]    [No]     303      14  {42,43,44,45,46,47,48,49,50,51,52,53,54,55}
## EC_MEMINFO    304    38            gs24r1b51     304     304 3388533    [No]     Yes     304      14  {0,1,2,3,4,5,6,7,8,9,10,11,12,13}
## EC_MEMINFO    305    38            gs24r1b51     305     305 3388534    [No]    [No]     305      14  {14,15,16,17,18,19,20,21,22,23,24,25,26,27}
## EC_MEMINFO    306    38            gs24r1b51     306     306 3388535    [No]    [No]     306      14  {28,29,30,31,32,33,34,35,36,37,38,39,40,41}
## EC_MEMINFO    307    38            gs24r1b51     307     307 3388536    [No]    [No]     307      14  {42,43,44,45,46,47,48,49,50,51,52,53,54,55}
## EC_MEMINFO    308    38            gs24r1b51     308     308 3388537    [No]    [No]     308      14  {56,57,58,59,60,61,62,63,64,65,66,67,68,69}
## EC_MEMINFO    309    38            gs24r1b51     309     309 3388538    [No]    [No]     309      14  {70,71,72,73,74,75,76,77,78,79,80,81,82,83}
## EC_MEMINFO    310    38            gs24r1b51     310     310 3388539    [No]    [No]     310      14  {84,85,86,87,88,89,90,91,92,93,94,95,96,97}
## EC_MEMINFO    311    38            gs24r1b51     311     311 3388540    [No]    [No]     311      14  {98,99,100,101,102,103,104,105,106,107,108,109,110,111}
## EC_MEMINFO    312    39            gs24r1b52     312     312  796834    [No]     Yes     312      14  {56,57,58,59,60,61,62,63,64,65,66,67,68,69}
## EC_MEMINFO    313    39            gs24r1b52     313     313  796835    [No]    [No]     313      14  {70,71,72,73,74,75,76,77,78,79,80,81,82,83}
## EC_MEMINFO    314    39            gs24r1b52     314     314  796836    [No]    [No]     314      14  {84,85,86,87,88,89,90,91,92,93,94,95,96,97}
## EC_MEMINFO    315    39            gs24r1b52     315     315  796837    [No]    [No]     315      14  {98,99,100,101,102,103,104,105,106,107,108,109,110,111}
## EC_MEMINFO    316    39            gs24r1b52     316     316  796838    [No]    [No]     316      14  {0,1,2,3,4,5,6,7,8,9,10,11,12,13}
## EC_MEMINFO    317    39            gs24r1b52     317     317  796839    [No]    [No]     317      14  {14,15,16,17,18,19,20,21,22,23,24,25,26,27}
## EC_MEMINFO    318    39            gs24r1b52     318     318  796840    [No]    [No]     318      14  {28,29,30,31,32,33,34,35,36,37,38,39,40,41}
## EC_MEMINFO    319    39            gs24r1b52     319     319  796841    [No]    [No]     319      14  {42,43,44,45,46,47,48,49,50,51,52,53,54,55}
## EC_MEMINFO    320    40            gs24r1b53     320     320  430251    [No]     Yes     320      14  {0,1,2,3,4,5,6,7,8,9,10,11,12,13}
## EC_MEMINFO    321    40            gs24r1b53     321     321  430252    [No]    [No]     321      14  {14,15,16,17,18,19,20,21,22,23,24,25,26,27}
## EC_MEMINFO    322    40            gs24r1b53     322     322  430253    [No]    [No]     322      14  {28,29,30,31,32,33,34,35,36,37,38,39,40,41}
## EC_MEMINFO    323    40            gs24r1b53     323     323  430254    [No]    [No]     323      14  {42,43,44,45,46,47,48,49,50,51,52,53,54,55}
## EC_MEMINFO    324    40            gs24r1b53     324     324  430255    [No]    [No]     324      14  {56,57,58,59,60,61,62,63,64,65,66,67,68,69}
## EC_MEMINFO    325    40            gs24r1b53     325     325  430256    [No]    [No]     325      14  {70,71,72,73,74,75,76,77,78,79,80,81,82,83}
## EC_MEMINFO    326    40            gs24r1b53     326     326  430257    [No]    [No]     326      14  {84,85,86,87,88,89,90,91,92,93,94,95,96,97}
## EC_MEMINFO    327    40            gs24r1b53     327     327  430258    [No]    [No]     327      14  {98,99,100,101,102,103,104,105,106,107,108,109,110,111}
## EC_MEMINFO    328    41            gs24r1b54     328     328 3965513    [No]     Yes     328      14  {56,57,58,59,60,61,62,63,64,65,66,67,68,69}
## EC_MEMINFO    329    41            gs24r1b54     329     329 3965514    [No]    [No]     329      14  {70,71,72,73,74,75,76,77,78,79,80,81,82,83}
## EC_MEMINFO    330    41            gs24r1b54     330     330 3965515    [No]    [No]     330      14  {84,85,86,87,88,89,90,91,92,93,94,95,96,97}
## EC_MEMINFO    331    41            gs24r1b54     331     331 3965516    [No]    [No]     331      14  {98,99,100,101,102,103,104,105,106,107,108,109,110,111}
## EC_MEMINFO    332    41            gs24r1b54     332     332 3965517    [No]    [No]     332      14  {0,1,2,3,4,5,6,7,8,9,10,11,12,13}
## EC_MEMINFO    333    41            gs24r1b54     333     333 3965518    [No]    [No]     333      14  {14,15,16,17,18,19,20,21,22,23,24,25,26,27}
## EC_MEMINFO    334    41            gs24r1b54     334     334 3965519    [No]    [No]     334      14  {28,29,30,31,32,33,34,35,36,37,38,39,40,41}
## EC_MEMINFO    335    41            gs24r1b54     335     335 3965520    [No]    [No]     335      14  {42,43,44,45,46,47,48,49,50,51,52,53,54,55}
## EC_MEMINFO    336    42            gs24r1b55     336     336 2280442    [No]     Yes     336      14  {0,1,2,3,4,5,6,7,8,9,10,11,12,13}
## EC_MEMINFO    337    42            gs24r1b55     337     337 2280443    [No]    [No]     337      14  {14,15,16,17,18,19,20,21,22,23,24,25,26,27}
## EC_MEMINFO    338    42            gs24r1b55     338     338 2280444    [No]    [No]     338      14  {28,29,30,31,32,33,34,35,36,37,38,39,40,41}
## EC_MEMINFO    339    42            gs24r1b55     339     339 2280445    [No]    [No]     339      14  {42,43,44,45,46,47,48,49,50,51,52,53,54,55}
## EC_MEMINFO    340    42            gs24r1b55     340     340 2280446    [No]    [No]     340      14  {56,57,58,59,60,61,62,63,64,65,66,67,68,69}
## EC_MEMINFO    341    42            gs24r1b55     341     341 2280447    [No]    [No]     341      14  {70,71,72,73,74,75,76,77,78,79,80,81,82,83}
## EC_MEMINFO    342    42            gs24r1b55     342     342 2280448    [No]    [No]     342      14  {84,85,86,87,88,89,90,91,92,93,94,95,96,97}
## EC_MEMINFO    343    42            gs24r1b55     343     343 2280449    [No]    [No]     343      14  {98,99,100,101,102,103,104,105,106,107,108,109,110,111}
## EC_MEMINFO    344    43            gs24r1b56     344     344 1656745    [No]     Yes     344      14  {56,57,58,59,60,61,62,63,64,65,66,67,68,69}
## EC_MEMINFO    345    43            gs24r1b56     345     345 1656746    [No]    [No]     345      14  {70,71,72,73,74,75,76,77,78,79,80,81,82,83}
## EC_MEMINFO    346    43            gs24r1b56     346     346 1656747    [No]    [No]     346      14  {84,85,86,87,88,89,90,91,92,93,94,95,96,97}
## EC_MEMINFO    347    43            gs24r1b56     347     347 1656748    [No]    [No]     347      14  {98,99,100,101,102,103,104,105,106,107,108,109,110,111}
## EC_MEMINFO    348    43            gs24r1b56     348     348 1656749    [No]    [No]     348      14  {0,1,2,3,4,5,6,7,8,9,10,11,12,13}
## EC_MEMINFO    349    43            gs24r1b56     349     349 1656750    [No]    [No]     349      14  {14,15,16,17,18,19,20,21,22,23,24,25,26,27}
## EC_MEMINFO    350    43            gs24r1b56     350     350 1656751    [No]    [No]     350      14  {28,29,30,31,32,33,34,35,36,37,38,39,40,41}
## EC_MEMINFO    351    43            gs24r1b56     351     351 1656752    [No]    [No]     351      14  {42,43,44,45,46,47,48,49,50,51,52,53,54,55}
## EC_MEMINFO    352    44            gs24r1b70     352     352 4084115    [No]     Yes     352      14  {56,57,58,59,60,61,62,63,64,65,66,67,68,69}
## EC_MEMINFO    353    44            gs24r1b70     353     353 4084116    [No]    [No]     353      14  {70,71,72,73,74,75,76,77,78,79,80,81,82,83}
## EC_MEMINFO    354    44            gs24r1b70     354     354 4084117    [No]    [No]     354      14  {84,85,86,87,88,89,90,91,92,93,94,95,96,97}
## EC_MEMINFO    355    44            gs24r1b70     355     355 4084118    [No]    [No]     355      14  {98,99,100,101,102,103,104,105,106,107,108,109,110,111}
## EC_MEMINFO    356    44            gs24r1b70     356     356 4084119    [No]    [No]     356      14  {0,1,2,3,4,5,6,7,8,9,10,11,12,13}
## EC_MEMINFO    357    44            gs24r1b70     357     357 4084120    [No]    [No]     357      14  {14,15,16,17,18,19,20,21,22,23,24,25,26,27}
## EC_MEMINFO    358    44            gs24r1b70     358     358 4084121    [No]    [No]     358      14  {28,29,30,31,32,33,34,35,36,37,38,39,40,41}
## EC_MEMINFO    359    44            gs24r1b70     359     359 4084122    [No]    [No]     359      14  {42,43,44,45,46,47,48,49,50,51,52,53,54,55}
## EC_MEMINFO    360    45            gs24r1b72     360     360 3721842    [No]     Yes     360      14  {56,57,58,59,60,61,62,63,64,65,66,67,68,69}
## EC_MEMINFO    361    45            gs24r1b72     361     361 3721843    [No]    [No]     361      14  {70,71,72,73,74,75,76,77,78,79,80,81,82,83}
## EC_MEMINFO    362    45            gs24r1b72     362     362 3721844    [No]    [No]     362      14  {84,85,86,87,88,89,90,91,92,93,94,95,96,97}
## EC_MEMINFO    363    45            gs24r1b72     363     363 3721845    [No]    [No]     363      14  {98,99,100,101,102,103,104,105,106,107,108,109,110,111}
## EC_MEMINFO    364    45            gs24r1b72     364     364 3721846    [No]    [No]     364      14  {0,1,2,3,4,5,6,7,8,9,10,11,12,13}
## EC_MEMINFO    365    45            gs24r1b72     365     365 3721847    [No]    [No]     365      14  {14,15,16,17,18,19,20,21,22,23,24,25,26,27}
## EC_MEMINFO    366    45            gs24r1b72     366     366 3721848    [No]    [No]     366      14  {28,29,30,31,32,33,34,35,36,37,38,39,40,41}
## EC_MEMINFO    367    45            gs24r1b72     367     367 3721849    [No]    [No]     367      14  {42,43,44,45,46,47,48,49,50,51,52,53,54,55}
## EC_MEMINFO    368    46            gs24r3b02     368     368  614156    [No]     Yes     368      14  {56,57,58,59,60,61,62,63,64,65,66,67,68,69}
## EC_MEMINFO    369    46            gs24r3b02     369     369  614157    [No]    [No]     369      14  {70,71,72,73,74,75,76,77,78,79,80,81,82,83}
## EC_MEMINFO    370    46            gs24r3b02     370     370  614158    [No]    [No]     370      14  {84,85,86,87,88,89,90,91,92,93,94,95,96,97}
## EC_MEMINFO    371    46            gs24r3b02     371     371  614159    [No]    [No]     371      14  {98,99,100,101,102,103,104,105,106,107,108,109,110,111}
## EC_MEMINFO    372    46            gs24r3b02     372     372  614160    [No]    [No]     372      14  {0,1,2,3,4,5,6,7,8,9,10,11,12,13}
## EC_MEMINFO    373    46            gs24r3b02     373     373  614161    [No]    [No]     373      14  {14,15,16,17,18,19,20,21,22,23,24,25,26,27}
## EC_MEMINFO    374    46            gs24r3b02     374     374  614162    [No]    [No]     374      14  {28,29,30,31,32,33,34,35,36,37,38,39,40,41}
## EC_MEMINFO    375    46            gs24r3b02     375     375  614163    [No]    [No]     375      14  {42,43,44,45,46,47,48,49,50,51,52,53,54,55}
## EC_MEMINFO    376    47            gs24r3b03     376     376  607102    [No]     Yes     376      14  {0,1,2,3,4,5,6,7,8,9,10,11,12,13}
## EC_MEMINFO    377    47            gs24r3b03     377     377  607103    [No]    [No]     377      14  {14,15,16,17,18,19,20,21,22,23,24,25,26,27}
## EC_MEMINFO    378    47            gs24r3b03     378     378  607104    [No]    [No]     378      14  {28,29,30,31,32,33,34,35,36,37,38,39,40,41}
## EC_MEMINFO    379    47            gs24r3b03     379     379  607105    [No]    [No]     379      14  {42,43,44,45,46,47,48,49,50,51,52,53,54,55}
## EC_MEMINFO    380    47            gs24r3b03     380     380  607106    [No]    [No]     380      14  {56,57,58,59,60,61,62,63,64,65,66,67,68,69}
## EC_MEMINFO    381    47            gs24r3b03     381     381  607107    [No]    [No]     381      14  {70,71,72,73,74,75,76,77,78,79,80,81,82,83}
## EC_MEMINFO    382    47            gs24r3b03     382     382  607108    [No]    [No]     382      14  {84,85,86,87,88,89,90,91,92,93,94,95,96,97}
## EC_MEMINFO    383    47            gs24r3b03     383     383  607109    [No]    [No]     383      14  {98,99,100,101,102,103,104,105,106,107,108,109,110,111}
## EC_MEMINFO    384    48            gs24r3b04     384     384  602035    [No]     Yes     384      14  {56,57,58,59,60,61,62,63,64,65,66,67,68,69}
## EC_MEMINFO    385    48            gs24r3b04     385     385  602036    [No]    [No]     385      14  {70,71,72,73,74,75,76,77,78,79,80,81,82,83}
## EC_MEMINFO    386    48            gs24r3b04     386     386  602037    [No]    [No]     386      14  {84,85,86,87,88,89,90,91,92,93,94,95,96,97}
## EC_MEMINFO    387    48            gs24r3b04     387     387  602038    [No]    [No]     387      14  {98,99,100,101,102,103,104,105,106,107,108,109,110,111}
## EC_MEMINFO    388    48            gs24r3b04     388     388  602039    [No]    [No]     388      14  {0,1,2,3,4,5,6,7,8,9,10,11,12,13}
## EC_MEMINFO    389    48            gs24r3b04     389     389  602040    [No]    [No]     389      14  {14,15,16,17,18,19,20,21,22,23,24,25,26,27}
## EC_MEMINFO    390    48            gs24r3b04     390     390  602041    [No]    [No]     390      14  {28,29,30,31,32,33,34,35,36,37,38,39,40,41}
## EC_MEMINFO    391    48            gs24r3b04     391     391  602042    [No]    [No]     391      14  {42,43,44,45,46,47,48,49,50,51,52,53,54,55}
## EC_MEMINFO    392    49            gs24r3b05     392     392  600611    [No]     Yes     392      14  {0,1,2,3,4,5,6,7,8,9,10,11,12,13}
## EC_MEMINFO    393    49            gs24r3b05     393     393  600612    [No]    [No]     393      14  {14,15,16,17,18,19,20,21,22,23,24,25,26,27}
## EC_MEMINFO    394    49            gs24r3b05     394     394  600613    [No]    [No]     394      14  {28,29,30,31,32,33,34,35,36,37,38,39,40,41}
## EC_MEMINFO    395    49            gs24r3b05     395     395  600614    [No]    [No]     395      14  {42,43,44,45,46,47,48,49,50,51,52,53,54,55}
## EC_MEMINFO    396    49            gs24r3b05     396     396  600615    [No]    [No]     396      14  {56,57,58,59,60,61,62,63,64,65,66,67,68,69}
## EC_MEMINFO    397    49            gs24r3b05     397     397  600616    [No]    [No]     397      14  {70,71,72,73,74,75,76,77,78,79,80,81,82,83}
## EC_MEMINFO    398    49            gs24r3b05     398     398  600617    [No]    [No]     398      14  {84,85,86,87,88,89,90,91,92,93,94,95,96,97}
## EC_MEMINFO    399    49            gs24r3b05     399     399  600618    [No]    [No]     399      14  {98,99,100,101,102,103,104,105,106,107,108,109,110,111}
## EC_MEMINFO    400    50            gs24r3b06     400     400  599761    [No]     Yes     400      14  {56,57,58,59,60,61,62,63,64,65,66,67,68,69}
## EC_MEMINFO    401    50            gs24r3b06     401     401  599762    [No]    [No]     401      14  {70,71,72,73,74,75,76,77,78,79,80,81,82,83}
## EC_MEMINFO    402    50            gs24r3b06     402     402  599763    [No]    [No]     402      14  {84,85,86,87,88,89,90,91,92,93,94,95,96,97}
## EC_MEMINFO    403    50            gs24r3b06     403     403  599764    [No]    [No]     403      14  {98,99,100,101,102,103,104,105,106,107,108,109,110,111}
## EC_MEMINFO    404    50            gs24r3b06     404     404  599765    [No]    [No]     404      14  {0,1,2,3,4,5,6,7,8,9,10,11,12,13}
## EC_MEMINFO    405    50            gs24r3b06     405     405  599766    [No]    [No]     405      14  {14,15,16,17,18,19,20,21,22,23,24,25,26,27}
## EC_MEMINFO    406    50            gs24r3b06     406     406  599767    [No]    [No]     406      14  {28,29,30,31,32,33,34,35,36,37,38,39,40,41}
## EC_MEMINFO    407    50            gs24r3b06     407     407  599768    [No]    [No]     407      14  {42,43,44,45,46,47,48,49,50,51,52,53,54,55}
## EC_MEMINFO    408    51            gs24r3b09     408     408  594412    [No]     Yes     408      14  {0,1,2,3,4,5,6,7,8,9,10,11,12,13}
## EC_MEMINFO    409    51            gs24r3b09     409     409  594413    [No]    [No]     409      14  {14,15,16,17,18,19,20,21,22,23,24,25,26,27}
## EC_MEMINFO    410    51            gs24r3b09     410     410  594414    [No]    [No]     410      14  {28,29,30,31,32,33,34,35,36,37,38,39,40,41}
## EC_MEMINFO    411    51            gs24r3b09     411     411  594415    [No]    [No]     411      14  {42,43,44,45,46,47,48,49,50,51,52,53,54,55}
## EC_MEMINFO    412    51            gs24r3b09     412     412  594416    [No]    [No]     412      14  {56,57,58,59,60,61,62,63,64,65,66,67,68,69}
## EC_MEMINFO    413    51            gs24r3b09     413     413  594417    [No]    [No]     413      14  {70,71,72,73,74,75,76,77,78,79,80,81,82,83}
## EC_MEMINFO    414    51            gs24r3b09     414     414  594418    [No]    [No]     414      14  {84,85,86,87,88,89,90,91,92,93,94,95,96,97}
## EC_MEMINFO    415    51            gs24r3b09     415     415  594419    [No]    [No]     415      14  {98,99,100,101,102,103,104,105,106,107,108,109,110,111}
## EC_MEMINFO    416    52            gs24r3b10     416     416  594246    [No]     Yes     416      14  {56,57,58,59,60,61,62,63,64,65,66,67,68,69}
## EC_MEMINFO    417    52            gs24r3b10     417     417  594247    [No]    [No]     417      14  {70,71,72,73,74,75,76,77,78,79,80,81,82,83}
## EC_MEMINFO    418    52            gs24r3b10     418     418  594248    [No]    [No]     418      14  {84,85,86,87,88,89,90,91,92,93,94,95,96,97}
## EC_MEMINFO    419    52            gs24r3b10     419     419  594249    [No]    [No]     419      14  {98,99,100,101,102,103,104,105,106,107,108,109,110,111}
## EC_MEMINFO    420    52            gs24r3b10     420     420  594250    [No]    [No]     420      14  {0,1,2,3,4,5,6,7,8,9,10,11,12,13}
## EC_MEMINFO    421    52            gs24r3b10     421     421  594251    [No]    [No]     421      14  {14,15,16,17,18,19,20,21,22,23,24,25,26,27}
## EC_MEMINFO    422    52            gs24r3b10     422     422  594252    [No]    [No]     422      14  {28,29,30,31,32,33,34,35,36,37,38,39,40,41}
## EC_MEMINFO    423    52            gs24r3b10     423     423  594253    [No]    [No]     423      14  {42,43,44,45,46,47,48,49,50,51,52,53,54,55}
## EC_MEMINFO    424    53            gs24r3b11     424     424  595848    [No]     Yes     424      14  {0,1,2,3,4,5,6,7,8,9,10,11,12,13}
## EC_MEMINFO    425    53            gs24r3b11     425     425  595849    [No]    [No]     425      14  {14,15,16,17,18,19,20,21,22,23,24,25,26,27}
## EC_MEMINFO    426    53            gs24r3b11     426     426  595850    [No]    [No]     426      14  {28,29,30,31,32,33,34,35,36,37,38,39,40,41}
## EC_MEMINFO    427    53            gs24r3b11     427     427  595851    [No]    [No]     427      14  {42,43,44,45,46,47,48,49,50,51,52,53,54,55}
## EC_MEMINFO    428    53            gs24r3b11     428     428  595852    [No]    [No]     428      14  {56,57,58,59,60,61,62,63,64,65,66,67,68,69}
## EC_MEMINFO    429    53            gs24r3b11     429     429  595853    [No]    [No]     429      14  {70,71,72,73,74,75,76,77,78,79,80,81,82,83}
## EC_MEMINFO    430    53            gs24r3b11     430     430  595854    [No]    [No]     430      14  {84,85,86,87,88,89,90,91,92,93,94,95,96,97}
## EC_MEMINFO    431    53            gs24r3b11     431     431  595855    [No]    [No]     431      14  {98,99,100,101,102,103,104,105,106,107,108,109,110,111}
## EC_MEMINFO    432    54            gs24r3b12     432     432  594328    [No]     Yes     432      14  {56,57,58,59,60,61,62,63,64,65,66,67,68,69}
## EC_MEMINFO    433    54            gs24r3b12     433     433  594329    [No]    [No]     433      14  {70,71,72,73,74,75,76,77,78,79,80,81,82,83}
## EC_MEMINFO    434    54            gs24r3b12     434     434  594330    [No]    [No]     434      14  {84,85,86,87,88,89,90,91,92,93,94,95,96,97}
## EC_MEMINFO    435    54            gs24r3b12     435     435  594331    [No]    [No]     435      14  {98,99,100,101,102,103,104,105,106,107,108,109,110,111}
## EC_MEMINFO    436    54            gs24r3b12     436     436  594332    [No]    [No]     436      14  {0,1,2,3,4,5,6,7,8,9,10,11,12,13}
## EC_MEMINFO    437    54            gs24r3b12     437     437  594333    [No]    [No]     437      14  {14,15,16,17,18,19,20,21,22,23,24,25,26,27}
## EC_MEMINFO    438    54            gs24r3b12     438     438  594334    [No]    [No]     438      14  {28,29,30,31,32,33,34,35,36,37,38,39,40,41}
## EC_MEMINFO    439    54            gs24r3b12     439     439  594335    [No]    [No]     439      14  {42,43,44,45,46,47,48,49,50,51,52,53,54,55}
## EC_MEMINFO    440    55            gs24r3b13     440     440  595875    [No]     Yes     440      14  {0,1,2,3,4,5,6,7,8,9,10,11,12,13}
## EC_MEMINFO    441    55            gs24r3b13     441     441  595876    [No]    [No]     441      14  {14,15,16,17,18,19,20,21,22,23,24,25,26,27}
## EC_MEMINFO    442    55            gs24r3b13     442     442  595877    [No]    [No]     442      14  {28,29,30,31,32,33,34,35,36,37,38,39,40,41}
## EC_MEMINFO    443    55            gs24r3b13     443     443  595878    [No]    [No]     443      14  {42,43,44,45,46,47,48,49,50,51,52,53,54,55}
## EC_MEMINFO    444    55            gs24r3b13     444     444  595879    [No]    [No]     444      14  {56,57,58,59,60,61,62,63,64,65,66,67,68,69}
## EC_MEMINFO    445    55            gs24r3b13     445     445  595880    [No]    [No]     445      14  {70,71,72,73,74,75,76,77,78,79,80,81,82,83}
## EC_MEMINFO    446    55            gs24r3b13     446     446  595881    [No]    [No]     446      14  {84,85,86,87,88,89,90,91,92,93,94,95,96,97}
## EC_MEMINFO    447    55            gs24r3b13     447     447  595882    [No]    [No]     447      14  {98,99,100,101,102,103,104,105,106,107,108,109,110,111}
## EC_MEMINFO    448    56            gs24r3b14     448     448  594836    [No]     Yes     448      14  {56,57,58,59,60,61,62,63,64,65,66,67,68,69}
## EC_MEMINFO    449    56            gs24r3b14     449     449  594837    [No]    [No]     449      14  {70,71,72,73,74,75,76,77,78,79,80,81,82,83}
## EC_MEMINFO    450    56            gs24r3b14     450     450  594838    [No]    [No]     450      14  {84,85,86,87,88,89,90,91,92,93,94,95,96,97}
## EC_MEMINFO    451    56            gs24r3b14     451     451  594839    [No]    [No]     451      14  {98,99,100,101,102,103,104,105,106,107,108,109,110,111}
## EC_MEMINFO    452    56            gs24r3b14     452     452  594840    [No]    [No]     452      14  {0,1,2,3,4,5,6,7,8,9,10,11,12,13}
## EC_MEMINFO    453    56            gs24r3b14     453     453  594841    [No]    [No]     453      14  {14,15,16,17,18,19,20,21,22,23,24,25,26,27}
## EC_MEMINFO    454    56            gs24r3b14     454     454  594842    [No]    [No]     454      14  {28,29,30,31,32,33,34,35,36,37,38,39,40,41}
## EC_MEMINFO    455    56            gs24r3b14     455     455  594843    [No]    [No]     455      14  {42,43,44,45,46,47,48,49,50,51,52,53,54,55}
## EC_MEMINFO    456    57            gs24r3b17     456     456  595163    [No]     Yes     456      14  {0,1,2,3,4,5,6,7,8,9,10,11,12,13}
## EC_MEMINFO    457    57            gs24r3b17     457     457  595164    [No]    [No]     457      14  {14,15,16,17,18,19,20,21,22,23,24,25,26,27}
## EC_MEMINFO    458    57            gs24r3b17     458     458  595165    [No]    [No]     458      14  {28,29,30,31,32,33,34,35,36,37,38,39,40,41}
## EC_MEMINFO    459    57            gs24r3b17     459     459  595166    [No]    [No]     459      14  {42,43,44,45,46,47,48,49,50,51,52,53,54,55}
## EC_MEMINFO    460    57            gs24r3b17     460     460  595167    [No]    [No]     460      14  {56,57,58,59,60,61,62,63,64,65,66,67,68,69}
## EC_MEMINFO    461    57            gs24r3b17     461     461  595168    [No]    [No]     461      14  {70,71,72,73,74,75,76,77,78,79,80,81,82,83}
## EC_MEMINFO    462    57            gs24r3b17     462     462  595169    [No]    [No]     462      14  {84,85,86,87,88,89,90,91,92,93,94,95,96,97}
## EC_MEMINFO    463    57            gs24r3b17     463     463  595170    [No]    [No]     463      14  {98,99,100,101,102,103,104,105,106,107,108,109,110,111}
## EC_MEMINFO    464    58            gs24r3b18     464     464  593357    [No]     Yes     464      14  {56,57,58,59,60,61,62,63,64,65,66,67,68,69}
## EC_MEMINFO    465    58            gs24r3b18     465     465  593358    [No]    [No]     465      14  {70,71,72,73,74,75,76,77,78,79,80,81,82,83}
## EC_MEMINFO    466    58            gs24r3b18     466     466  593359    [No]    [No]     466      14  {84,85,86,87,88,89,90,91,92,93,94,95,96,97}
## EC_MEMINFO    467    58            gs24r3b18     467     467  593360    [No]    [No]     467      14  {98,99,100,101,102,103,104,105,106,107,108,109,110,111}
## EC_MEMINFO    468    58            gs24r3b18     468     468  593361    [No]    [No]     468      14  {0,1,2,3,4,5,6,7,8,9,10,11,12,13}
## EC_MEMINFO    469    58            gs24r3b18     469     469  593362    [No]    [No]     469      14  {14,15,16,17,18,19,20,21,22,23,24,25,26,27}
## EC_MEMINFO    470    58            gs24r3b18     470     470  593363    [No]    [No]     470      14  {28,29,30,31,32,33,34,35,36,37,38,39,40,41}
## EC_MEMINFO    471    58            gs24r3b18     471     471  593364    [No]    [No]     471      14  {42,43,44,45,46,47,48,49,50,51,52,53,54,55}
## EC_MEMINFO    472    59            gs24r3b19     472     472  595714    [No]     Yes     472      14  {0,1,2,3,4,5,6,7,8,9,10,11,12,13}
## EC_MEMINFO    473    59            gs24r3b19     473     473  595715    [No]    [No]     473      14  {14,15,16,17,18,19,20,21,22,23,24,25,26,27}
## EC_MEMINFO    474    59            gs24r3b19     474     474  595716    [No]    [No]     474      14  {28,29,30,31,32,33,34,35,36,37,38,39,40,41}
## EC_MEMINFO    475    59            gs24r3b19     475     475  595717    [No]    [No]     475      14  {42,43,44,45,46,47,48,49,50,51,52,53,54,55}
## EC_MEMINFO    476    59            gs24r3b19     476     476  595718    [No]    [No]     476      14  {56,57,58,59,60,61,62,63,64,65,66,67,68,69}
## EC_MEMINFO    477    59            gs24r3b19     477     477  595719    [No]    [No]     477      14  {70,71,72,73,74,75,76,77,78,79,80,81,82,83}
## EC_MEMINFO    478    59            gs24r3b19     478     478  595720    [No]    [No]     478      14  {84,85,86,87,88,89,90,91,92,93,94,95,96,97}
## EC_MEMINFO    479    59            gs24r3b19     479     479  595721    [No]    [No]     479      14  {98,99,100,101,102,103,104,105,106,107,108,109,110,111}
## EC_MEMINFO    480    60            gs24r3b20     480     480  594574    [No]     Yes     480      14  {56,57,58,59,60,61,62,63,64,65,66,67,68,69}
## EC_MEMINFO    481    60            gs24r3b20     481     481  594575    [No]    [No]     481      14  {70,71,72,73,74,75,76,77,78,79,80,81,82,83}
## EC_MEMINFO    482    60            gs24r3b20     482     482  594576    [No]    [No]     482      14  {84,85,86,87,88,89,90,91,92,93,94,95,96,97}
## EC_MEMINFO    483    60            gs24r3b20     483     483  594577    [No]    [No]     483      14  {98,99,100,101,102,103,104,105,106,107,108,109,110,111}
## EC_MEMINFO    484    60            gs24r3b20     484     484  594578    [No]    [No]     484      14  {0,1,2,3,4,5,6,7,8,9,10,11,12,13}
## EC_MEMINFO    485    60            gs24r3b20     485     485  594579    [No]    [No]     485      14  {14,15,16,17,18,19,20,21,22,23,24,25,26,27}
## EC_MEMINFO    486    60            gs24r3b20     486     486  594580    [No]    [No]     486      14  {28,29,30,31,32,33,34,35,36,37,38,39,40,41}
## EC_MEMINFO    487    60            gs24r3b20     487     487  594581    [No]    [No]     487      14  {42,43,44,45,46,47,48,49,50,51,52,53,54,55}
## EC_MEMINFO    488    61            gs24r3b21     488     488  594745    [No]     Yes     488      14  {0,1,2,3,4,5,6,7,8,9,10,11,12,13}
## EC_MEMINFO    489    61            gs24r3b21     489     489  594746    [No]    [No]     489      14  {14,15,16,17,18,19,20,21,22,23,24,25,26,27}
## EC_MEMINFO    490    61            gs24r3b21     490     490  594747    [No]    [No]     490      14  {28,29,30,31,32,33,34,35,36,37,38,39,40,41}
## EC_MEMINFO    491    61            gs24r3b21     491     491  594748    [No]    [No]     491      14  {42,43,44,45,46,47,48,49,50,51,52,53,54,55}
## EC_MEMINFO    492    61            gs24r3b21     492     492  594749    [No]    [No]     492      14  {56,57,58,59,60,61,62,63,64,65,66,67,68,69}
## EC_MEMINFO    493    61            gs24r3b21     493     493  594750    [No]    [No]     493      14  {70,71,72,73,74,75,76,77,78,79,80,81,82,83}
## EC_MEMINFO    494    61            gs24r3b21     494     494  594751    [No]    [No]     494      14  {84,85,86,87,88,89,90,91,92,93,94,95,96,97}
## EC_MEMINFO    495    61            gs24r3b21     495     495  594752    [No]    [No]     495      14  {98,99,100,101,102,103,104,105,106,107,108,109,110,111}
## EC_MEMINFO    496    62            gs24r3b22     496     496  593017    [No]     Yes     496      14  {56,57,58,59,60,61,62,63,64,65,66,67,68,69}
## EC_MEMINFO    497    62            gs24r3b22     497     497  593018    [No]    [No]     497      14  {70,71,72,73,74,75,76,77,78,79,80,81,82,83}
## EC_MEMINFO    498    62            gs24r3b22     498     498  593019    [No]    [No]     498      14  {84,85,86,87,88,89,90,91,92,93,94,95,96,97}
## EC_MEMINFO    499    62            gs24r3b22     499     499  593020    [No]    [No]     499      14  {98,99,100,101,102,103,104,105,106,107,108,109,110,111}
## EC_MEMINFO    500    62            gs24r3b22     500     500  593021    [No]    [No]     500      14  {0,1,2,3,4,5,6,7,8,9,10,11,12,13}
## EC_MEMINFO    501    62            gs24r3b22     501     501  593022    [No]    [No]     501      14  {14,15,16,17,18,19,20,21,22,23,24,25,26,27}
## EC_MEMINFO    502    62            gs24r3b22     502     502  593023    [No]    [No]     502      14  {28,29,30,31,32,33,34,35,36,37,38,39,40,41}
## EC_MEMINFO    503    62            gs24r3b22     503     503  593024    [No]    [No]     503      14  {42,43,44,45,46,47,48,49,50,51,52,53,54,55}
## EC_MEMINFO    504    63            gs24r3b23     504     504  594126    [No]     Yes     504      14  {0,1,2,3,4,5,6,7,8,9,10,11,12,13}
## EC_MEMINFO    505    63            gs24r3b23     505     505  594127    [No]    [No]     505      14  {14,15,16,17,18,19,20,21,22,23,24,25,26,27}
## EC_MEMINFO    506    63            gs24r3b23     506     506  594128    [No]    [No]     506      14  {28,29,30,31,32,33,34,35,36,37,38,39,40,41}
## EC_MEMINFO    507    63            gs24r3b23     507     507  594129    [No]    [No]     507      14  {42,43,44,45,46,47,48,49,50,51,52,53,54,55}
## EC_MEMINFO    508    63            gs24r3b23     508     508  594130    [No]    [No]     508      14  {56,57,58,59,60,61,62,63,64,65,66,67,68,69}
## EC_MEMINFO    509    63            gs24r3b23     509     509  594131    [No]    [No]     509      14  {70,71,72,73,74,75,76,77,78,79,80,81,82,83}
## EC_MEMINFO    510    63            gs24r3b23     510     510  594132    [No]    [No]     510      14  {84,85,86,87,88,89,90,91,92,93,94,95,96,97}
## EC_MEMINFO    511    63            gs24r3b23     511     511  594133    [No]    [No]     511      14  {98,99,100,101,102,103,104,105,106,107,108,109,110,111}
## EC_MEMINFO    512    64            gs24r3b24     512     512  593514    [No]     Yes     512      14  {56,57,58,59,60,61,62,63,64,65,66,67,68,69}
## EC_MEMINFO    513    64            gs24r3b24     513     513  593515    [No]    [No]     513      14  {70,71,72,73,74,75,76,77,78,79,80,81,82,83}
## EC_MEMINFO    514    64            gs24r3b24     514     514  593516    [No]    [No]     514      14  {84,85,86,87,88,89,90,91,92,93,94,95,96,97}
## EC_MEMINFO    515    64            gs24r3b24     515     515  593517    [No]    [No]     515      14  {98,99,100,101,102,103,104,105,106,107,108,109,110,111}
## EC_MEMINFO    516    64            gs24r3b24     516     516  593518    [No]    [No]     516      14  {0,1,2,3,4,5,6,7,8,9,10,11,12,13}
## EC_MEMINFO    517    64            gs24r3b24     517     517  593519    [No]    [No]     517      14  {14,15,16,17,18,19,20,21,22,23,24,25,26,27}
## EC_MEMINFO    518    64            gs24r3b24     518     518  593520    [No]    [No]     518      14  {28,29,30,31,32,33,34,35,36,37,38,39,40,41}
## EC_MEMINFO    519    64            gs24r3b24     519     519  593521    [No]    [No]     519      14  {42,43,44,45,46,47,48,49,50,51,52,53,54,55}
## EC_MEMINFO    520    65            gs24r3b25     520     520  594186    [No]     Yes     520      14  {0,1,2,3,4,5,6,7,8,9,10,11,12,13}
## EC_MEMINFO    521    65            gs24r3b25     521     521  594187    [No]    [No]     521      14  {14,15,16,17,18,19,20,21,22,23,24,25,26,27}
## EC_MEMINFO    522    65            gs24r3b25     522     522  594188    [No]    [No]     522      14  {28,29,30,31,32,33,34,35,36,37,38,39,40,41}
## EC_MEMINFO    523    65            gs24r3b25     523     523  594189    [No]    [No]     523      14  {42,43,44,45,46,47,48,49,50,51,52,53,54,55}
## EC_MEMINFO    524    65            gs24r3b25     524     524  594190    [No]    [No]     524      14  {56,57,58,59,60,61,62,63,64,65,66,67,68,69}
## EC_MEMINFO    525    65            gs24r3b25     525     525  594191    [No]    [No]     525      14  {70,71,72,73,74,75,76,77,78,79,80,81,82,83}
## EC_MEMINFO    526    65            gs24r3b25     526     526  594192    [No]    [No]     526      14  {84,85,86,87,88,89,90,91,92,93,94,95,96,97}
## EC_MEMINFO    527    65            gs24r3b25     527     527  594193    [No]    [No]     527      14  {98,99,100,101,102,103,104,105,106,107,108,109,110,111}
## EC_MEMINFO    528    66            gs24r3b26     528     528  595570    [No]     Yes     528      14  {56,57,58,59,60,61,62,63,64,65,66,67,68,69}
## EC_MEMINFO    529    66            gs24r3b26     529     529  595571    [No]    [No]     529      14  {70,71,72,73,74,75,76,77,78,79,80,81,82,83}
## EC_MEMINFO    530    66            gs24r3b26     530     530  595572    [No]    [No]     530      14  {84,85,86,87,88,89,90,91,92,93,94,95,96,97}
## EC_MEMINFO    531    66            gs24r3b26     531     531  595573    [No]    [No]     531      14  {98,99,100,101,102,103,104,105,106,107,108,109,110,111}
## EC_MEMINFO    532    66            gs24r3b26     532     532  595574    [No]    [No]     532      14  {0,1,2,3,4,5,6,7,8,9,10,11,12,13}
## EC_MEMINFO    533    66            gs24r3b26     533     533  595575    [No]    [No]     533      14  {14,15,16,17,18,19,20,21,22,23,24,25,26,27}
## EC_MEMINFO    534    66            gs24r3b26     534     534  595576    [No]    [No]     534      14  {28,29,30,31,32,33,34,35,36,37,38,39,40,41}
## EC_MEMINFO    535    66            gs24r3b26     535     535  595577    [No]    [No]     535      14  {42,43,44,45,46,47,48,49,50,51,52,53,54,55}
## EC_MEMINFO    536    67            gs24r3b27     536     536  593446    [No]     Yes     536      14  {0,1,2,3,4,5,6,7,8,9,10,11,12,13}
## EC_MEMINFO    537    67            gs24r3b27     537     537  593447    [No]    [No]     537      14  {14,15,16,17,18,19,20,21,22,23,24,25,26,27}
## EC_MEMINFO    538    67            gs24r3b27     538     538  593448    [No]    [No]     538      14  {28,29,30,31,32,33,34,35,36,37,38,39,40,41}
## EC_MEMINFO    539    67            gs24r3b27     539     539  593449    [No]    [No]     539      14  {42,43,44,45,46,47,48,49,50,51,52,53,54,55}
## EC_MEMINFO    540    67            gs24r3b27     540     540  593450    [No]    [No]     540      14  {56,57,58,59,60,61,62,63,64,65,66,67,68,69}
## EC_MEMINFO    541    67            gs24r3b27     541     541  593451    [No]    [No]     541      14  {70,71,72,73,74,75,76,77,78,79,80,81,82,83}
## EC_MEMINFO    542    67            gs24r3b27     542     542  593452    [No]    [No]     542      14  {84,85,86,87,88,89,90,91,92,93,94,95,96,97}
## EC_MEMINFO    543    67            gs24r3b27     543     543  593453    [No]    [No]     543      14  {98,99,100,101,102,103,104,105,106,107,108,109,110,111}
## EC_MEMINFO    544    68            gs24r3b28     544     544  594332    [No]     Yes     544      14  {56,57,58,59,60,61,62,63,64,65,66,67,68,69}
## EC_MEMINFO    545    68            gs24r3b28     545     545  594333    [No]    [No]     545      14  {70,71,72,73,74,75,76,77,78,79,80,81,82,83}
## EC_MEMINFO    546    68            gs24r3b28     546     546  594334    [No]    [No]     546      14  {84,85,86,87,88,89,90,91,92,93,94,95,96,97}
## EC_MEMINFO    547    68            gs24r3b28     547     547  594335    [No]    [No]     547      14  {98,99,100,101,102,103,104,105,106,107,108,109,110,111}
## EC_MEMINFO    548    68            gs24r3b28     548     548  594336    [No]    [No]     548      14  {0,1,2,3,4,5,6,7,8,9,10,11,12,13}
## EC_MEMINFO    549    68            gs24r3b28     549     549  594337    [No]    [No]     549      14  {14,15,16,17,18,19,20,21,22,23,24,25,26,27}
## EC_MEMINFO    550    68            gs24r3b28     550     550  594338    [No]    [No]     550      14  {28,29,30,31,32,33,34,35,36,37,38,39,40,41}
## EC_MEMINFO    551    68            gs24r3b28     551     551  594339    [No]    [No]     551      14  {42,43,44,45,46,47,48,49,50,51,52,53,54,55}
## EC_MEMINFO    552    69            gs24r3b29     552     552  594265    [No]     Yes     552      14  {0,1,2,3,4,5,6,7,8,9,10,11,12,13}
## EC_MEMINFO    553    69            gs24r3b29     553     553  594266    [No]    [No]     553      14  {14,15,16,17,18,19,20,21,22,23,24,25,26,27}
## EC_MEMINFO    554    69            gs24r3b29     554     554  594267    [No]    [No]     554      14  {28,29,30,31,32,33,34,35,36,37,38,39,40,41}
## EC_MEMINFO    555    69            gs24r3b29     555     555  594268    [No]    [No]     555      14  {42,43,44,45,46,47,48,49,50,51,52,53,54,55}
## EC_MEMINFO    556    69            gs24r3b29     556     556  594269    [No]    [No]     556      14  {56,57,58,59,60,61,62,63,64,65,66,67,68,69}
## EC_MEMINFO    557    69            gs24r3b29     557     557  594270    [No]    [No]     557      14  {70,71,72,73,74,75,76,77,78,79,80,81,82,83}
## EC_MEMINFO    558    69            gs24r3b29     558     558  594271    [No]    [No]     558      14  {84,85,86,87,88,89,90,91,92,93,94,95,96,97}
## EC_MEMINFO    559    69            gs24r3b29     559     559  594272    [No]    [No]     559      14  {98,99,100,101,102,103,104,105,106,107,108,109,110,111}
## EC_MEMINFO    560    70            gs24r3b30     560     560  594199    [No]     Yes     560      14  {56,57,58,59,60,61,62,63,64,65,66,67,68,69}
## EC_MEMINFO    561    70            gs24r3b30     561     561  594200    [No]    [No]     561      14  {70,71,72,73,74,75,76,77,78,79,80,81,82,83}
## EC_MEMINFO    562    70            gs24r3b30     562     562  594201    [No]    [No]     562      14  {84,85,86,87,88,89,90,91,92,93,94,95,96,97}
## EC_MEMINFO    563    70            gs24r3b30     563     563  594202    [No]    [No]     563      14  {98,99,100,101,102,103,104,105,106,107,108,109,110,111}
## EC_MEMINFO    564    70            gs24r3b30     564     564  594203    [No]    [No]     564      14  {0,1,2,3,4,5,6,7,8,9,10,11,12,13}
## EC_MEMINFO    565    70            gs24r3b30     565     565  594204    [No]    [No]     565      14  {14,15,16,17,18,19,20,21,22,23,24,25,26,27}
## EC_MEMINFO    566    70            gs24r3b30     566     566  594205    [No]    [No]     566      14  {28,29,30,31,32,33,34,35,36,37,38,39,40,41}
## EC_MEMINFO    567    70            gs24r3b30     567     567  594206    [No]    [No]     567      14  {42,43,44,45,46,47,48,49,50,51,52,53,54,55}
## EC_MEMINFO    568    71            gs24r3b31     568     568  595487    [No]     Yes     568      14  {0,1,2,3,4,5,6,7,8,9,10,11,12,13}
## EC_MEMINFO    569    71            gs24r3b31     569     569  595488    [No]    [No]     569      14  {14,15,16,17,18,19,20,21,22,23,24,25,26,27}
## EC_MEMINFO    570    71            gs24r3b31     570     570  595489    [No]    [No]     570      14  {28,29,30,31,32,33,34,35,36,37,38,39,40,41}
## EC_MEMINFO    571    71            gs24r3b31     571     571  595490    [No]    [No]     571      14  {42,43,44,45,46,47,48,49,50,51,52,53,54,55}
## EC_MEMINFO    572    71            gs24r3b31     572     572  595491    [No]    [No]     572      14  {56,57,58,59,60,61,62,63,64,65,66,67,68,69}
## EC_MEMINFO    573    71            gs24r3b31     573     573  595492    [No]    [No]     573      14  {70,71,72,73,74,75,76,77,78,79,80,81,82,83}
## EC_MEMINFO    574    71            gs24r3b31     574     574  595493    [No]    [No]     574      14  {84,85,86,87,88,89,90,91,92,93,94,95,96,97}
## EC_MEMINFO    575    71            gs24r3b31     575     575  595494    [No]    [No]     575      14  {98,99,100,101,102,103,104,105,106,107,108,109,110,111}
## EC_MEMINFO    576    72            gs24r3b32     576     576  593535    [No]     Yes     576      14  {56,57,58,59,60,61,62,63,64,65,66,67,68,69}
## EC_MEMINFO    577    72            gs24r3b32     577     577  593536    [No]    [No]     577      14  {70,71,72,73,74,75,76,77,78,79,80,81,82,83}
## EC_MEMINFO    578    72            gs24r3b32     578     578  593537    [No]    [No]     578      14  {84,85,86,87,88,89,90,91,92,93,94,95,96,97}
## EC_MEMINFO    579    72            gs24r3b32     579     579  593538    [No]    [No]     579      14  {98,99,100,101,102,103,104,105,106,107,108,109,110,111}
## EC_MEMINFO    580    72            gs24r3b32     580     580  593539    [No]    [No]     580      14  {0,1,2,3,4,5,6,7,8,9,10,11,12,13}
## EC_MEMINFO    581    72            gs24r3b32     581     581  593540    [No]    [No]     581      14  {14,15,16,17,18,19,20,21,22,23,24,25,26,27}
## EC_MEMINFO    582    72            gs24r3b32     582     582  593541    [No]    [No]     582      14  {28,29,30,31,32,33,34,35,36,37,38,39,40,41}
## EC_MEMINFO    583    72            gs24r3b32     583     583  593542    [No]    [No]     583      14  {42,43,44,45,46,47,48,49,50,51,52,53,54,55}
## EC_MEMINFO    584    73            gs24r3b33     584     584  595168    [No]     Yes     584      14  {0,1,2,3,4,5,6,7,8,9,10,11,12,13}
## EC_MEMINFO    585    73            gs24r3b33     585     585  595169    [No]    [No]     585      14  {14,15,16,17,18,19,20,21,22,23,24,25,26,27}
## EC_MEMINFO    586    73            gs24r3b33     586     586  595170    [No]    [No]     586      14  {28,29,30,31,32,33,34,35,36,37,38,39,40,41}
## EC_MEMINFO    587    73            gs24r3b33     587     587  595171    [No]    [No]     587      14  {42,43,44,45,46,47,48,49,50,51,52,53,54,55}
## EC_MEMINFO    588    73            gs24r3b33     588     588  595172    [No]    [No]     588      14  {56,57,58,59,60,61,62,63,64,65,66,67,68,69}
## EC_MEMINFO    589    73            gs24r3b33     589     589  595173    [No]    [No]     589      14  {70,71,72,73,74,75,76,77,78,79,80,81,82,83}
## EC_MEMINFO    590    73            gs24r3b33     590     590  595174    [No]    [No]     590      14  {84,85,86,87,88,89,90,91,92,93,94,95,96,97}
## EC_MEMINFO    591    73            gs24r3b33     591     591  595175    [No]    [No]     591      14  {98,99,100,101,102,103,104,105,106,107,108,109,110,111}
## EC_MEMINFO    592    74            gs24r3b35     592     592  607931    [No]     Yes     592      14  {0,1,2,3,4,5,6,7,8,9,10,11,12,13}
## EC_MEMINFO    593    74            gs24r3b35     593     593  607932    [No]    [No]     593      14  {14,15,16,17,18,19,20,21,22,23,24,25,26,27}
## EC_MEMINFO    594    74            gs24r3b35     594     594  607933    [No]    [No]     594      14  {28,29,30,31,32,33,34,35,36,37,38,39,40,41}
## EC_MEMINFO    595    74            gs24r3b35     595     595  607934    [No]    [No]     595      14  {42,43,44,45,46,47,48,49,50,51,52,53,54,55}
## EC_MEMINFO    596    74            gs24r3b35     596     596  607935    [No]    [No]     596      14  {56,57,58,59,60,61,62,63,64,65,66,67,68,69}
## EC_MEMINFO    597    74            gs24r3b35     597     597  607936    [No]    [No]     597      14  {70,71,72,73,74,75,76,77,78,79,80,81,82,83}
## EC_MEMINFO    598    74            gs24r3b35     598     598  607937    [No]    [No]     598      14  {84,85,86,87,88,89,90,91,92,93,94,95,96,97}
## EC_MEMINFO    599    74            gs24r3b35     599     599  607938    [No]    [No]     599      14  {98,99,100,101,102,103,104,105,106,107,108,109,110,111}
## EC_MEMINFO    600    75            gs24r3b36     600     600  600621    [No]     Yes     600      14  {56,57,58,59,60,61,62,63,64,65,66,67,68,69}
## EC_MEMINFO    601    75            gs24r3b36     601     601  600622    [No]    [No]     601      14  {70,71,72,73,74,75,76,77,78,79,80,81,82,83}
## EC_MEMINFO    602    75            gs24r3b36     602     602  600623    [No]    [No]     602      14  {84,85,86,87,88,89,90,91,92,93,94,95,96,97}
## EC_MEMINFO    603    75            gs24r3b36     603     603  600624    [No]    [No]     603      14  {98,99,100,101,102,103,104,105,106,107,108,109,110,111}
## EC_MEMINFO    604    75            gs24r3b36     604     604  600625    [No]    [No]     604      14  {0,1,2,3,4,5,6,7,8,9,10,11,12,13}
## EC_MEMINFO    605    75            gs24r3b36     605     605  600626    [No]    [No]     605      14  {14,15,16,17,18,19,20,21,22,23,24,25,26,27}
## EC_MEMINFO    606    75            gs24r3b36     606     606  600627    [No]    [No]     606      14  {28,29,30,31,32,33,34,35,36,37,38,39,40,41}
## EC_MEMINFO    607    75            gs24r3b36     607     607  600628    [No]    [No]     607      14  {42,43,44,45,46,47,48,49,50,51,52,53,54,55}
## EC_MEMINFO    608    76            gs24r3b37     608     608  604200    [No]     Yes     608      14  {0,1,2,3,4,5,6,7,8,9,10,11,12,13}
## EC_MEMINFO    609    76            gs24r3b37     609     609  604201    [No]    [No]     609      14  {14,15,16,17,18,19,20,21,22,23,24,25,26,27}
## EC_MEMINFO    610    76            gs24r3b37     610     610  604202    [No]    [No]     610      14  {28,29,30,31,32,33,34,35,36,37,38,39,40,41}
## EC_MEMINFO    611    76            gs24r3b37     611     611  604203    [No]    [No]     611      14  {42,43,44,45,46,47,48,49,50,51,52,53,54,55}
## EC_MEMINFO    612    76            gs24r3b37     612     612  604204    [No]    [No]     612      14  {56,57,58,59,60,61,62,63,64,65,66,67,68,69}
## EC_MEMINFO    613    76            gs24r3b37     613     613  604205    [No]    [No]     613      14  {70,71,72,73,74,75,76,77,78,79,80,81,82,83}
## EC_MEMINFO    614    76            gs24r3b37     614     614  604206    [No]    [No]     614      14  {84,85,86,87,88,89,90,91,92,93,94,95,96,97}
## EC_MEMINFO    615    76            gs24r3b37     615     615  604207    [No]    [No]     615      14  {98,99,100,101,102,103,104,105,106,107,108,109,110,111}
## EC_MEMINFO    616    77            gs24r3b38     616     616  601038    [No]     Yes     616      14  {56,57,58,59,60,61,62,63,64,65,66,67,68,69}
## EC_MEMINFO    617    77            gs24r3b38     617     617  601039    [No]    [No]     617      14  {70,71,72,73,74,75,76,77,78,79,80,81,82,83}
## EC_MEMINFO    618    77            gs24r3b38     618     618  601040    [No]    [No]     618      14  {84,85,86,87,88,89,90,91,92,93,94,95,96,97}
## EC_MEMINFO    619    77            gs24r3b38     619     619  601041    [No]    [No]     619      14  {98,99,100,101,102,103,104,105,106,107,108,109,110,111}
## EC_MEMINFO    620    77            gs24r3b38     620     620  601042    [No]    [No]     620      14  {0,1,2,3,4,5,6,7,8,9,10,11,12,13}
## EC_MEMINFO    621    77            gs24r3b38     621     621  601043    [No]    [No]     621      14  {14,15,16,17,18,19,20,21,22,23,24,25,26,27}
## EC_MEMINFO    622    77            gs24r3b38     622     622  601044    [No]    [No]     622      14  {28,29,30,31,32,33,34,35,36,37,38,39,40,41}
## EC_MEMINFO    623    77            gs24r3b38     623     623  601045    [No]    [No]     623      14  {42,43,44,45,46,47,48,49,50,51,52,53,54,55}
## EC_MEMINFO    624    78            gs24r3b39     624     624  603375    [No]     Yes     624      14  {0,1,2,3,4,5,6,7,8,9,10,11,12,13}
## EC_MEMINFO    625    78            gs24r3b39     625     625  603376    [No]    [No]     625      14  {14,15,16,17,18,19,20,21,22,23,24,25,26,27}
## EC_MEMINFO    626    78            gs24r3b39     626     626  603377    [No]    [No]     626      14  {28,29,30,31,32,33,34,35,36,37,38,39,40,41}
## EC_MEMINFO    627    78            gs24r3b39     627     627  603378    [No]    [No]     627      14  {42,43,44,45,46,47,48,49,50,51,52,53,54,55}
## EC_MEMINFO    628    78            gs24r3b39     628     628  603379    [No]    [No]     628      14  {56,57,58,59,60,61,62,63,64,65,66,67,68,69}
## EC_MEMINFO    629    78            gs24r3b39     629     629  603380    [No]    [No]     629      14  {70,71,72,73,74,75,76,77,78,79,80,81,82,83}
## EC_MEMINFO    630    78            gs24r3b39     630     630  603381    [No]    [No]     630      14  {84,85,86,87,88,89,90,91,92,93,94,95,96,97}
## EC_MEMINFO    631    78            gs24r3b39     631     631  603382    [No]    [No]     631      14  {98,99,100,101,102,103,104,105,106,107,108,109,110,111}
## EC_MEMINFO    632    79            gs24r3b40     632     632  603296    [No]     Yes     632      14  {56,57,58,59,60,61,62,63,64,65,66,67,68,69}
## EC_MEMINFO    633    79            gs24r3b40     633     633  603297    [No]    [No]     633      14  {70,71,72,73,74,75,76,77,78,79,80,81,82,83}
## EC_MEMINFO    634    79            gs24r3b40     634     634  603298    [No]    [No]     634      14  {84,85,86,87,88,89,90,91,92,93,94,95,96,97}
## EC_MEMINFO    635    79            gs24r3b40     635     635  603299    [No]    [No]     635      14  {98,99,100,101,102,103,104,105,106,107,108,109,110,111}
## EC_MEMINFO    636    79            gs24r3b40     636     636  603300    [No]    [No]     636      14  {0,1,2,3,4,5,6,7,8,9,10,11,12,13}
## EC_MEMINFO    637    79            gs24r3b40     637     637  603301    [No]    [No]     637      14  {14,15,16,17,18,19,20,21,22,23,24,25,26,27}
## EC_MEMINFO    638    79            gs24r3b40     638     638  603302    [No]    [No]     638      14  {28,29,30,31,32,33,34,35,36,37,38,39,40,41}
## EC_MEMINFO    639    79            gs24r3b40     639     639  603303    [No]    [No]     639      14  {42,43,44,45,46,47,48,49,50,51,52,53,54,55}
## EC_MEMINFO    640    80            gs24r3b41     640     640  603936    [No]     Yes     640      14  {0,1,2,3,4,5,6,7,8,9,10,11,12,13}
## EC_MEMINFO    641    80            gs24r3b41     641     641  603937    [No]    [No]     641      14  {14,15,16,17,18,19,20,21,22,23,24,25,26,27}
## EC_MEMINFO    642    80            gs24r3b41     642     642  603938    [No]    [No]     642      14  {28,29,30,31,32,33,34,35,36,37,38,39,40,41}
## EC_MEMINFO    643    80            gs24r3b41     643     643  603939    [No]    [No]     643      14  {42,43,44,45,46,47,48,49,50,51,52,53,54,55}
## EC_MEMINFO    644    80            gs24r3b41     644     644  603940    [No]    [No]     644      14  {56,57,58,59,60,61,62,63,64,65,66,67,68,69}
## EC_MEMINFO    645    80            gs24r3b41     645     645  603941    [No]    [No]     645      14  {70,71,72,73,74,75,76,77,78,79,80,81,82,83}
## EC_MEMINFO    646    80            gs24r3b41     646     646  603942    [No]    [No]     646      14  {84,85,86,87,88,89,90,91,92,93,94,95,96,97}
## EC_MEMINFO    647    80            gs24r3b41     647     647  603943    [No]    [No]     647      14  {98,99,100,101,102,103,104,105,106,107,108,109,110,111}
## EC_MEMINFO    648    81            gs24r3b42     648     648  602137    [No]     Yes     648      14  {56,57,58,59,60,61,62,63,64,65,66,67,68,69}
## EC_MEMINFO    649    81            gs24r3b42     649     649  602138    [No]    [No]     649      14  {70,71,72,73,74,75,76,77,78,79,80,81,82,83}
## EC_MEMINFO    650    81            gs24r3b42     650     650  602139    [No]    [No]     650      14  {84,85,86,87,88,89,90,91,92,93,94,95,96,97}
## EC_MEMINFO    651    81            gs24r3b42     651     651  602140    [No]    [No]     651      14  {98,99,100,101,102,103,104,105,106,107,108,109,110,111}
## EC_MEMINFO    652    81            gs24r3b42     652     652  602141    [No]    [No]     652      14  {0,1,2,3,4,5,6,7,8,9,10,11,12,13}
## EC_MEMINFO    653    81            gs24r3b42     653     653  602142    [No]    [No]     653      14  {14,15,16,17,18,19,20,21,22,23,24,25,26,27}
## EC_MEMINFO    654    81            gs24r3b42     654     654  602143    [No]    [No]     654      14  {28,29,30,31,32,33,34,35,36,37,38,39,40,41}
## EC_MEMINFO    655    81            gs24r3b42     655     655  602144    [No]    [No]     655      14  {42,43,44,45,46,47,48,49,50,51,52,53,54,55}
## EC_MEMINFO    656    82            gs24r3b43     656     656  604421    [No]     Yes     656      14  {0,1,2,3,4,5,6,7,8,9,10,11,12,13}
## EC_MEMINFO    657    82            gs24r3b43     657     657  604422    [No]    [No]     657      14  {14,15,16,17,18,19,20,21,22,23,24,25,26,27}
## EC_MEMINFO    658    82            gs24r3b43     658     658  604423    [No]    [No]     658      14  {28,29,30,31,32,33,34,35,36,37,38,39,40,41}
## EC_MEMINFO    659    82            gs24r3b43     659     659  604424    [No]    [No]     659      14  {42,43,44,45,46,47,48,49,50,51,52,53,54,55}
## EC_MEMINFO    660    82            gs24r3b43     660     660  604425    [No]    [No]     660      14  {56,57,58,59,60,61,62,63,64,65,66,67,68,69}
## EC_MEMINFO    661    82            gs24r3b43     661     661  604426    [No]    [No]     661      14  {70,71,72,73,74,75,76,77,78,79,80,81,82,83}
## EC_MEMINFO    662    82            gs24r3b43     662     662  604427    [No]    [No]     662      14  {84,85,86,87,88,89,90,91,92,93,94,95,96,97}
## EC_MEMINFO    663    82            gs24r3b43     663     663  604428    [No]    [No]     663      14  {98,99,100,101,102,103,104,105,106,107,108,109,110,111}
## EC_MEMINFO    664    83            gs24r3b44     664     664  603781    [No]     Yes     664      14  {56,57,58,59,60,61,62,63,64,65,66,67,68,69}
## EC_MEMINFO    665    83            gs24r3b44     665     665  603782    [No]    [No]     665      14  {70,71,72,73,74,75,76,77,78,79,80,81,82,83}
## EC_MEMINFO    666    83            gs24r3b44     666     666  603783    [No]    [No]     666      14  {84,85,86,87,88,89,90,91,92,93,94,95,96,97}
## EC_MEMINFO    667    83            gs24r3b44     667     667  603784    [No]    [No]     667      14  {98,99,100,101,102,103,104,105,106,107,108,109,110,111}
## EC_MEMINFO    668    83            gs24r3b44     668     668  603785    [No]    [No]     668      14  {0,1,2,3,4,5,6,7,8,9,10,11,12,13}
## EC_MEMINFO    669    83            gs24r3b44     669     669  603786    [No]    [No]     669      14  {14,15,16,17,18,19,20,21,22,23,24,25,26,27}
## EC_MEMINFO    670    83            gs24r3b44     670     670  603787    [No]    [No]     670      14  {28,29,30,31,32,33,34,35,36,37,38,39,40,41}
## EC_MEMINFO    671    83            gs24r3b44     671     671  603788    [No]    [No]     671      14  {42,43,44,45,46,47,48,49,50,51,52,53,54,55}
## EC_MEMINFO    672    84            gs24r3b45     672     672  604351    [No]     Yes     672      14  {0,1,2,3,4,5,6,7,8,9,10,11,12,13}
## EC_MEMINFO    673    84            gs24r3b45     673     673  604352    [No]    [No]     673      14  {14,15,16,17,18,19,20,21,22,23,24,25,26,27}
## EC_MEMINFO    674    84            gs24r3b45     674     674  604353    [No]    [No]     674      14  {28,29,30,31,32,33,34,35,36,37,38,39,40,41}
## EC_MEMINFO    675    84            gs24r3b45     675     675  604354    [No]    [No]     675      14  {42,43,44,45,46,47,48,49,50,51,52,53,54,55}
## EC_MEMINFO    676    84            gs24r3b45     676     676  604355    [No]    [No]     676      14  {56,57,58,59,60,61,62,63,64,65,66,67,68,69}
## EC_MEMINFO    677    84            gs24r3b45     677     677  604356    [No]    [No]     677      14  {70,71,72,73,74,75,76,77,78,79,80,81,82,83}
## EC_MEMINFO    678    84            gs24r3b45     678     678  604357    [No]    [No]     678      14  {84,85,86,87,88,89,90,91,92,93,94,95,96,97}
## EC_MEMINFO    679    84            gs24r3b45     679     679  604358    [No]    [No]     679      14  {98,99,100,101,102,103,104,105,106,107,108,109,110,111}
## EC_MEMINFO    680    85            gs24r3b46     680     680  601975    [No]     Yes     680      14  {56,57,58,59,60,61,62,63,64,65,66,67,68,69}
## EC_MEMINFO    681    85            gs24r3b46     681     681  601976    [No]    [No]     681      14  {70,71,72,73,74,75,76,77,78,79,80,81,82,83}
## EC_MEMINFO    682    85            gs24r3b46     682     682  601977    [No]    [No]     682      14  {84,85,86,87,88,89,90,91,92,93,94,95,96,97}
## EC_MEMINFO    683    85            gs24r3b46     683     683  601978    [No]    [No]     683      14  {98,99,100,101,102,103,104,105,106,107,108,109,110,111}
## EC_MEMINFO    684    85            gs24r3b46     684     684  601979    [No]    [No]     684      14  {0,1,2,3,4,5,6,7,8,9,10,11,12,13}
## EC_MEMINFO    685    85            gs24r3b46     685     685  601980    [No]    [No]     685      14  {14,15,16,17,18,19,20,21,22,23,24,25,26,27}
## EC_MEMINFO    686    85            gs24r3b46     686     686  601981    [No]    [No]     686      14  {28,29,30,31,32,33,34,35,36,37,38,39,40,41}
## EC_MEMINFO    687    85            gs24r3b46     687     687  601982    [No]    [No]     687      14  {42,43,44,45,46,47,48,49,50,51,52,53,54,55}
## EC_MEMINFO    688    86            gs24r3b47     688     688  608887    [No]     Yes     688      14  {0,1,2,3,4,5,6,7,8,9,10,11,12,13}
## EC_MEMINFO    689    86            gs24r3b47     689     689  608888    [No]    [No]     689      14  {14,15,16,17,18,19,20,21,22,23,24,25,26,27}
## EC_MEMINFO    690    86            gs24r3b47     690     690  608889    [No]    [No]     690      14  {28,29,30,31,32,33,34,35,36,37,38,39,40,41}
## EC_MEMINFO    691    86            gs24r3b47     691     691  608890    [No]    [No]     691      14  {42,43,44,45,46,47,48,49,50,51,52,53,54,55}
## EC_MEMINFO    692    86            gs24r3b47     692     692  608891    [No]    [No]     692      14  {56,57,58,59,60,61,62,63,64,65,66,67,68,69}
## EC_MEMINFO    693    86            gs24r3b47     693     693  608892    [No]    [No]     693      14  {70,71,72,73,74,75,76,77,78,79,80,81,82,83}
## EC_MEMINFO    694    86            gs24r3b47     694     694  608893    [No]    [No]     694      14  {84,85,86,87,88,89,90,91,92,93,94,95,96,97}
## EC_MEMINFO    695    86            gs24r3b47     695     695  608894    [No]    [No]     695      14  {98,99,100,101,102,103,104,105,106,107,108,109,110,111}
## EC_MEMINFO    696    87            gs24r3b48     696     696  602372    [No]     Yes     696      14  {56,57,58,59,60,61,62,63,64,65,66,67,68,69}
## EC_MEMINFO    697    87            gs24r3b48     697     697  602373    [No]    [No]     697      14  {70,71,72,73,74,75,76,77,78,79,80,81,82,83}
## EC_MEMINFO    698    87            gs24r3b48     698     698  602374    [No]    [No]     698      14  {84,85,86,87,88,89,90,91,92,93,94,95,96,97}
## EC_MEMINFO    699    87            gs24r3b48     699     699  602375    [No]    [No]     699      14  {98,99,100,101,102,103,104,105,106,107,108,109,110,111}
## EC_MEMINFO    700    87            gs24r3b48     700     700  602376    [No]    [No]     700      14  {0,1,2,3,4,5,6,7,8,9,10,11,12,13}
## EC_MEMINFO    701    87            gs24r3b48     701     701  602377    [No]    [No]     701      14  {14,15,16,17,18,19,20,21,22,23,24,25,26,27}
## EC_MEMINFO    702    87            gs24r3b48     702     702  602378    [No]    [No]     702      14  {28,29,30,31,32,33,34,35,36,37,38,39,40,41}
## EC_MEMINFO    703    87            gs24r3b48     703     703  602379    [No]    [No]     703      14  {42,43,44,45,46,47,48,49,50,51,52,53,54,55}
## EC_MEMINFO    704    88            gs24r3b49     704     704  600251    [No]     Yes     704      14  {0,1,2,3,4,5,6,7,8,9,10,11,12,13}
## EC_MEMINFO    705    88            gs24r3b49     705     705  600252    [No]    [No]     705      14  {14,15,16,17,18,19,20,21,22,23,24,25,26,27}
## EC_MEMINFO    706    88            gs24r3b49     706     706  600253    [No]    [No]     706      14  {28,29,30,31,32,33,34,35,36,37,38,39,40,41}
## EC_MEMINFO    707    88            gs24r3b49     707     707  600254    [No]    [No]     707      14  {42,43,44,45,46,47,48,49,50,51,52,53,54,55}
## EC_MEMINFO    708    88            gs24r3b49     708     708  600255    [No]    [No]     708      14  {56,57,58,59,60,61,62,63,64,65,66,67,68,69}
## EC_MEMINFO    709    88            gs24r3b49     709     709  600256    [No]    [No]     709      14  {70,71,72,73,74,75,76,77,78,79,80,81,82,83}
## EC_MEMINFO    710    88            gs24r3b49     710     710  600257    [No]    [No]     710      14  {84,85,86,87,88,89,90,91,92,93,94,95,96,97}
## EC_MEMINFO    711    88            gs24r3b49     711     711  600258    [No]    [No]     711      14  {98,99,100,101,102,103,104,105,106,107,108,109,110,111}
## EC_MEMINFO    712    89            gs24r3b50     712     712  601470    [No]     Yes     712      14  {56,57,58,59,60,61,62,63,64,65,66,67,68,69}
## EC_MEMINFO    713    89            gs24r3b50     713     713  601471    [No]    [No]     713      14  {70,71,72,73,74,75,76,77,78,79,80,81,82,83}
## EC_MEMINFO    714    89            gs24r3b50     714     714  601472    [No]    [No]     714      14  {84,85,86,87,88,89,90,91,92,93,94,95,96,97}
## EC_MEMINFO    715    89            gs24r3b50     715     715  601473    [No]    [No]     715      14  {98,99,100,101,102,103,104,105,106,107,108,109,110,111}
## EC_MEMINFO    716    89            gs24r3b50     716     716  601474    [No]    [No]     716      14  {0,1,2,3,4,5,6,7,8,9,10,11,12,13}
## EC_MEMINFO    717    89            gs24r3b50     717     717  601475    [No]    [No]     717      14  {14,15,16,17,18,19,20,21,22,23,24,25,26,27}
## EC_MEMINFO    718    89            gs24r3b50     718     718  601476    [No]    [No]     718      14  {28,29,30,31,32,33,34,35,36,37,38,39,40,41}
## EC_MEMINFO    719    89            gs24r3b50     719     719  601477    [No]    [No]     719      14  {42,43,44,45,46,47,48,49,50,51,52,53,54,55}
## EC_MEMINFO    720    90            gs24r3b51     720     720  600448    [No]     Yes     720      14  {0,1,2,3,4,5,6,7,8,9,10,11,12,13}
## EC_MEMINFO    721    90            gs24r3b51     721     721  600449    [No]    [No]     721      14  {14,15,16,17,18,19,20,21,22,23,24,25,26,27}
## EC_MEMINFO    722    90            gs24r3b51     722     722  600450    [No]    [No]     722      14  {28,29,30,31,32,33,34,35,36,37,38,39,40,41}
## EC_MEMINFO    723    90            gs24r3b51     723     723  600451    [No]    [No]     723      14  {42,43,44,45,46,47,48,49,50,51,52,53,54,55}
## EC_MEMINFO    724    90            gs24r3b51     724     724  600452    [No]    [No]     724      14  {56,57,58,59,60,61,62,63,64,65,66,67,68,69}
## EC_MEMINFO    725    90            gs24r3b51     725     725  600453    [No]    [No]     725      14  {70,71,72,73,74,75,76,77,78,79,80,81,82,83}
## EC_MEMINFO    726    90            gs24r3b51     726     726  600454    [No]    [No]     726      14  {84,85,86,87,88,89,90,91,92,93,94,95,96,97}
## EC_MEMINFO    727    90            gs24r3b51     727     727  600455    [No]    [No]     727      14  {98,99,100,101,102,103,104,105,106,107,108,109,110,111}
## EC_MEMINFO    728    91            gs24r3b52     728     728  599544    [No]     Yes     728      14  {56,57,58,59,60,61,62,63,64,65,66,67,68,69}
## EC_MEMINFO    729    91            gs24r3b52     729     729  599545    [No]    [No]     729      14  {70,71,72,73,74,75,76,77,78,79,80,81,82,83}
## EC_MEMINFO    730    91            gs24r3b52     730     730  599546    [No]    [No]     730      14  {84,85,86,87,88,89,90,91,92,93,94,95,96,97}
## EC_MEMINFO    731    91            gs24r3b52     731     731  599547    [No]    [No]     731      14  {98,99,100,101,102,103,104,105,106,107,108,109,110,111}
## EC_MEMINFO    732    91            gs24r3b52     732     732  599548    [No]    [No]     732      14  {0,1,2,3,4,5,6,7,8,9,10,11,12,13}
## EC_MEMINFO    733    91            gs24r3b52     733     733  599549    [No]    [No]     733      14  {14,15,16,17,18,19,20,21,22,23,24,25,26,27}
## EC_MEMINFO    734    91            gs24r3b52     734     734  599550    [No]    [No]     734      14  {28,29,30,31,32,33,34,35,36,37,38,39,40,41}
## EC_MEMINFO    735    91            gs24r3b52     735     735  599551    [No]    [No]     735      14  {42,43,44,45,46,47,48,49,50,51,52,53,54,55}
## EC_MEMINFO    736    92            gs24r3b53     736     736  600762    [No]     Yes     736      14  {0,1,2,3,4,5,6,7,8,9,10,11,12,13}
## EC_MEMINFO    737    92            gs24r3b53     737     737  600763    [No]    [No]     737      14  {14,15,16,17,18,19,20,21,22,23,24,25,26,27}
## EC_MEMINFO    738    92            gs24r3b53     738     738  600764    [No]    [No]     738      14  {28,29,30,31,32,33,34,35,36,37,38,39,40,41}
## EC_MEMINFO    739    92            gs24r3b53     739     739  600765    [No]    [No]     739      14  {42,43,44,45,46,47,48,49,50,51,52,53,54,55}
## EC_MEMINFO    740    92            gs24r3b53     740     740  600766    [No]    [No]     740      14  {56,57,58,59,60,61,62,63,64,65,66,67,68,69}
## EC_MEMINFO    741    92            gs24r3b53     741     741  600767    [No]    [No]     741      14  {70,71,72,73,74,75,76,77,78,79,80,81,82,83}
## EC_MEMINFO    742    92            gs24r3b53     742     742  600768    [No]    [No]     742      14  {84,85,86,87,88,89,90,91,92,93,94,95,96,97}
## EC_MEMINFO    743    92            gs24r3b53     743     743  600769    [No]    [No]     743      14  {98,99,100,101,102,103,104,105,106,107,108,109,110,111}
## EC_MEMINFO    744    93            gs24r3b54     744     744  599499    [No]     Yes     744      14  {56,57,58,59,60,61,62,63,64,65,66,67,68,69}
## EC_MEMINFO    745    93            gs24r3b54     745     745  599500    [No]    [No]     745      14  {70,71,72,73,74,75,76,77,78,79,80,81,82,83}
## EC_MEMINFO    746    93            gs24r3b54     746     746  599501    [No]    [No]     746      14  {84,85,86,87,88,89,90,91,92,93,94,95,96,97}
## EC_MEMINFO    747    93            gs24r3b54     747     747  599502    [No]    [No]     747      14  {98,99,100,101,102,103,104,105,106,107,108,109,110,111}
## EC_MEMINFO    748    93            gs24r3b54     748     748  599503    [No]    [No]     748      14  {0,1,2,3,4,5,6,7,8,9,10,11,12,13}
## EC_MEMINFO    749    93            gs24r3b54     749     749  599504    [No]    [No]     749      14  {14,15,16,17,18,19,20,21,22,23,24,25,26,27}
## EC_MEMINFO    750    93            gs24r3b54     750     750  599505    [No]    [No]     750      14  {28,29,30,31,32,33,34,35,36,37,38,39,40,41}
## EC_MEMINFO    751    93            gs24r3b54     751     751  599506    [No]    [No]     751      14  {42,43,44,45,46,47,48,49,50,51,52,53,54,55}
## EC_MEMINFO    752    94            gs24r3b55     752     752  600573    [No]     Yes     752      14  {0,1,2,3,4,5,6,7,8,9,10,11,12,13}
## EC_MEMINFO    753    94            gs24r3b55     753     753  600574    [No]    [No]     753      14  {14,15,16,17,18,19,20,21,22,23,24,25,26,27}
## EC_MEMINFO    754    94            gs24r3b55     754     754  600575    [No]    [No]     754      14  {28,29,30,31,32,33,34,35,36,37,38,39,40,41}
## EC_MEMINFO    755    94            gs24r3b55     755     755  600576    [No]    [No]     755      14  {42,43,44,45,46,47,48,49,50,51,52,53,54,55}
## EC_MEMINFO    756    94            gs24r3b55     756     756  600577    [No]    [No]     756      14  {56,57,58,59,60,61,62,63,64,65,66,67,68,69}
## EC_MEMINFO    757    94            gs24r3b55     757     757  600578    [No]    [No]     757      14  {70,71,72,73,74,75,76,77,78,79,80,81,82,83}
## EC_MEMINFO    758    94            gs24r3b55     758     758  600579    [No]    [No]     758      14  {84,85,86,87,88,89,90,91,92,93,94,95,96,97}
## EC_MEMINFO    759    94            gs24r3b55     759     759  600580    [No]    [No]     759      14  {98,99,100,101,102,103,104,105,106,107,108,109,110,111}
## EC_MEMINFO    760    95            gs24r3b56     760     760  602022    [No]     Yes     760      14  {56,57,58,59,60,61,62,63,64,65,66,67,68,69}
## EC_MEMINFO    761    95            gs24r3b56     761     761  602023    [No]    [No]     761      14  {70,71,72,73,74,75,76,77,78,79,80,81,82,83}
## EC_MEMINFO    762    95            gs24r3b56     762     762  602024    [No]    [No]     762      14  {84,85,86,87,88,89,90,91,92,93,94,95,96,97}
## EC_MEMINFO    763    95            gs24r3b56     763     763  602025    [No]    [No]     763      14  {98,99,100,101,102,103,104,105,106,107,108,109,110,111}
## EC_MEMINFO    764    95            gs24r3b56     764     764  602026    [No]    [No]     764      14  {0,1,2,3,4,5,6,7,8,9,10,11,12,13}
## EC_MEMINFO    765    95            gs24r3b56     765     765  602027    [No]    [No]     765      14  {14,15,16,17,18,19,20,21,22,23,24,25,26,27}
## EC_MEMINFO    766    95            gs24r3b56     766     766  602028    [No]    [No]     766      14  {28,29,30,31,32,33,34,35,36,37,38,39,40,41}
## EC_MEMINFO    767    95            gs24r3b56     767     767  602029    [No]    [No]     767      14  {42,43,44,45,46,47,48,49,50,51,52,53,54,55}
## EC_MEMINFO    768    96            gs24r3b57     768     768  602797    [No]     Yes     768      14  {0,1,2,3,4,5,6,7,8,9,10,11,12,13}
## EC_MEMINFO    769    96            gs24r3b57     769     769  602798    [No]    [No]     769      14  {14,15,16,17,18,19,20,21,22,23,24,25,26,27}
## EC_MEMINFO    770    96            gs24r3b57     770     770  602799    [No]    [No]     770      14  {28,29,30,31,32,33,34,35,36,37,38,39,40,41}
## EC_MEMINFO    771    96            gs24r3b57     771     771  602800    [No]    [No]     771      14  {42,43,44,45,46,47,48,49,50,51,52,53,54,55}
## EC_MEMINFO    772    96            gs24r3b57     772     772  602801    [No]    [No]     772      14  {56,57,58,59,60,61,62,63,64,65,66,67,68,69}
## EC_MEMINFO    773    96            gs24r3b57     773     773  602802    [No]    [No]     773      14  {70,71,72,73,74,75,76,77,78,79,80,81,82,83}
## EC_MEMINFO    774    96            gs24r3b57     774     774  602803    [No]    [No]     774      14  {84,85,86,87,88,89,90,91,92,93,94,95,96,97}
## EC_MEMINFO    775    96            gs24r3b57     775     775  602804    [No]    [No]     775      14  {98,99,100,101,102,103,104,105,106,107,108,109,110,111}
## EC_MEMINFO    776    97            gs24r3b58     776     776  600782    [No]     Yes     776      14  {56,57,58,59,60,61,62,63,64,65,66,67,68,69}
## EC_MEMINFO    777    97            gs24r3b58     777     777  600783    [No]    [No]     777      14  {70,71,72,73,74,75,76,77,78,79,80,81,82,83}
## EC_MEMINFO    778    97            gs24r3b58     778     778  600784    [No]    [No]     778      14  {84,85,86,87,88,89,90,91,92,93,94,95,96,97}
## EC_MEMINFO    779    97            gs24r3b58     779     779  600785    [No]    [No]     779      14  {98,99,100,101,102,103,104,105,106,107,108,109,110,111}
## EC_MEMINFO    780    97            gs24r3b58     780     780  600786    [No]    [No]     780      14  {0,1,2,3,4,5,6,7,8,9,10,11,12,13}
## EC_MEMINFO    781    97            gs24r3b58     781     781  600787    [No]    [No]     781      14  {14,15,16,17,18,19,20,21,22,23,24,25,26,27}
## EC_MEMINFO    782    97            gs24r3b58     782     782  600788    [No]    [No]     782      14  {28,29,30,31,32,33,34,35,36,37,38,39,40,41}
## EC_MEMINFO    783    97            gs24r3b58     783     783  600789    [No]    [No]     783      14  {42,43,44,45,46,47,48,49,50,51,52,53,54,55}
## EC_MEMINFO    784    98            gs24r3b59     784     784  602120    [No]     Yes     784      14  {0,1,2,3,4,5,6,7,8,9,10,11,12,13}
## EC_MEMINFO    785    98            gs24r3b59     785     785  602121    [No]    [No]     785      14  {14,15,16,17,18,19,20,21,22,23,24,25,26,27}
## EC_MEMINFO    786    98            gs24r3b59     786     786  602122    [No]    [No]     786      14  {28,29,30,31,32,33,34,35,36,37,38,39,40,41}
## EC_MEMINFO    787    98            gs24r3b59     787     787  602123    [No]    [No]     787      14  {42,43,44,45,46,47,48,49,50,51,52,53,54,55}
## EC_MEMINFO    788    98            gs24r3b59     788     788  602124    [No]    [No]     788      14  {56,57,58,59,60,61,62,63,64,65,66,67,68,69}
## EC_MEMINFO    789    98            gs24r3b59     789     789  602125    [No]    [No]     789      14  {70,71,72,73,74,75,76,77,78,79,80,81,82,83}
## EC_MEMINFO    790    98            gs24r3b59     790     790  602126    [No]    [No]     790      14  {84,85,86,87,88,89,90,91,92,93,94,95,96,97}
## EC_MEMINFO    791    98            gs24r3b59     791     791  602127    [No]    [No]     791      14  {98,99,100,101,102,103,104,105,106,107,108,109,110,111}
## EC_MEMINFO    792    99            gs24r3b60     792     792  600843    [No]     Yes     792      14  {56,57,58,59,60,61,62,63,64,65,66,67,68,69}
## EC_MEMINFO    793    99            gs24r3b60     793     793  600844    [No]    [No]     793      14  {70,71,72,73,74,75,76,77,78,79,80,81,82,83}
## EC_MEMINFO    794    99            gs24r3b60     794     794  600845    [No]    [No]     794      14  {84,85,86,87,88,89,90,91,92,93,94,95,96,97}
## EC_MEMINFO    795    99            gs24r3b60     795     795  600846    [No]    [No]     795      14  {98,99,100,101,102,103,104,105,106,107,108,109,110,111}
## EC_MEMINFO    796    99            gs24r3b60     796     796  600847    [No]    [No]     796      14  {0,1,2,3,4,5,6,7,8,9,10,11,12,13}
## EC_MEMINFO    797    99            gs24r3b60     797     797  600848    [No]    [No]     797      14  {14,15,16,17,18,19,20,21,22,23,24,25,26,27}
## EC_MEMINFO    798    99            gs24r3b60     798     798  600849    [No]    [No]     798      14  {28,29,30,31,32,33,34,35,36,37,38,39,40,41}
## EC_MEMINFO    799    99            gs24r3b60     799     799  600850    [No]    [No]     799      14  {42,43,44,45,46,47,48,49,50,51,52,53,54,55}
## EC_MEMINFO    800   100            gs24r3b65     800     800  660462    [No]     Yes     800      14  {0,1,2,3,4,5,6,7,8,9,10,11,12,13}
## EC_MEMINFO    801   100            gs24r3b65     801     801  660463    [No]    [No]     801      14  {14,15,16,17,18,19,20,21,22,23,24,25,26,27}
## EC_MEMINFO    802   100            gs24r3b65     802     802  660464    [No]    [No]     802      14  {28,29,30,31,32,33,34,35,36,37,38,39,40,41}
## EC_MEMINFO    803   100            gs24r3b65     803     803  660465    [No]    [No]     803      14  {42,43,44,45,46,47,48,49,50,51,52,53,54,55}
## EC_MEMINFO    804   100            gs24r3b65     804     804  660466    [No]    [No]     804      14  {56,57,58,59,60,61,62,63,64,65,66,67,68,69}
## EC_MEMINFO    805   100            gs24r3b65     805     805  660467    [No]    [No]     805      14  {70,71,72,73,74,75,76,77,78,79,80,81,82,83}
## EC_MEMINFO    806   100            gs24r3b65     806     806  660468    [No]    [No]     806      14  {84,85,86,87,88,89,90,91,92,93,94,95,96,97}
## EC_MEMINFO    807   100            gs24r3b65     807     807  660469    [No]    [No]     807      14  {98,99,100,101,102,103,104,105,106,107,108,109,110,111}
## EC_MEMINFO    808   101            gs24r3b66     808     808  641641    [No]     Yes     808      14  {56,57,58,59,60,61,62,63,64,65,66,67,68,69}
## EC_MEMINFO    809   101            gs24r3b66     809     809  641642    [No]    [No]     809      14  {70,71,72,73,74,75,76,77,78,79,80,81,82,83}
## EC_MEMINFO    810   101            gs24r3b66     810     810  641643    [No]    [No]     810      14  {84,85,86,87,88,89,90,91,92,93,94,95,96,97}
## EC_MEMINFO    811   101            gs24r3b66     811     811  641644    [No]    [No]     811      14  {98,99,100,101,102,103,104,105,106,107,108,109,110,111}
## EC_MEMINFO    812   101            gs24r3b66     812     812  641645    [No]    [No]     812      14  {0,1,2,3,4,5,6,7,8,9,10,11,12,13}
## EC_MEMINFO    813   101            gs24r3b66     813     813  641646    [No]    [No]     813      14  {14,15,16,17,18,19,20,21,22,23,24,25,26,27}
## EC_MEMINFO    814   101            gs24r3b66     814     814  641647    [No]    [No]     814      14  {28,29,30,31,32,33,34,35,36,37,38,39,40,41}
## EC_MEMINFO    815   101            gs24r3b66     815     815  641648    [No]    [No]     815      14  {42,43,44,45,46,47,48,49,50,51,52,53,54,55}
## EC_MEMINFO    816   102            gs24r3b68     816     816  644978    [No]     Yes     816      14  {56,57,58,59,60,61,62,63,64,65,66,67,68,69}
## EC_MEMINFO    817   102            gs24r3b68     817     817  644979    [No]    [No]     817      14  {70,71,72,73,74,75,76,77,78,79,80,81,82,83}
## EC_MEMINFO    818   102            gs24r3b68     818     818  644980    [No]    [No]     818      14  {84,85,86,87,88,89,90,91,92,93,94,95,96,97}
## EC_MEMINFO    819   102            gs24r3b68     819     819  644981    [No]    [No]     819      14  {98,99,100,101,102,103,104,105,106,107,108,109,110,111}
## EC_MEMINFO    820   102            gs24r3b68     820     820  644982    [No]    [No]     820      14  {0,1,2,3,4,5,6,7,8,9,10,11,12,13}
## EC_MEMINFO    821   102            gs24r3b68     821     821  644983    [No]    [No]     821      14  {14,15,16,17,18,19,20,21,22,23,24,25,26,27}
## EC_MEMINFO    822   102            gs24r3b68     822     822  644984    [No]    [No]     822      14  {28,29,30,31,32,33,34,35,36,37,38,39,40,41}
## EC_MEMINFO    823   102            gs24r3b68     823     823  644985    [No]    [No]     823      14  {42,43,44,45,46,47,48,49,50,51,52,53,54,55}
## EC_MEMINFO    824   103            gs25r2b02     824     824 2591302    [No]     Yes     824      14  {56,57,58,59,60,61,62,63,64,65,66,67,68,69}
## EC_MEMINFO    825   103            gs25r2b02     825     825 2591303    [No]    [No]     825      14  {70,71,72,73,74,75,76,77,78,79,80,81,82,83}
## EC_MEMINFO    826   103            gs25r2b02     826     826 2591304    [No]    [No]     826      14  {84,85,86,87,88,89,90,91,92,93,94,95,96,97}
## EC_MEMINFO    827   103            gs25r2b02     827     827 2591305    [No]    [No]     827      14  {98,99,100,101,102,103,104,105,106,107,108,109,110,111}
## EC_MEMINFO    828   103            gs25r2b02     828     828 2591306    [No]    [No]     828      14  {0,1,2,3,4,5,6,7,8,9,10,11,12,13}
## EC_MEMINFO    829   103            gs25r2b02     829     829 2591307    [No]    [No]     829      14  {14,15,16,17,18,19,20,21,22,23,24,25,26,27}
## EC_MEMINFO    830   103            gs25r2b02     830     830 2591308    [No]    [No]     830      14  {28,29,30,31,32,33,34,35,36,37,38,39,40,41}
## EC_MEMINFO    831   103            gs25r2b02     831     831 2591309    [No]    [No]     831      14  {42,43,44,45,46,47,48,49,50,51,52,53,54,55}
## EC_MEMINFO    832   104            gs25r2b03     832     832  517433    [No]     Yes     832      14  {0,1,2,3,4,5,6,7,8,9,10,11,12,13}
## EC_MEMINFO    833   104            gs25r2b03     833     833  517434    [No]    [No]     833      14  {14,15,16,17,18,19,20,21,22,23,24,25,26,27}
## EC_MEMINFO    834   104            gs25r2b03     834     834  517435    [No]    [No]     834      14  {28,29,30,31,32,33,34,35,36,37,38,39,40,41}
## EC_MEMINFO    835   104            gs25r2b03     835     835  517436    [No]    [No]     835      14  {42,43,44,45,46,47,48,49,50,51,52,53,54,55}
## EC_MEMINFO    836   104            gs25r2b03     836     836  517437    [No]    [No]     836      14  {56,57,58,59,60,61,62,63,64,65,66,67,68,69}
## EC_MEMINFO    837   104            gs25r2b03     837     837  517438    [No]    [No]     837      14  {70,71,72,73,74,75,76,77,78,79,80,81,82,83}
## EC_MEMINFO    838   104            gs25r2b03     838     838  517439    [No]    [No]     838      14  {84,85,86,87,88,89,90,91,92,93,94,95,96,97}
## EC_MEMINFO    839   104            gs25r2b03     839     839  517440    [No]    [No]     839      14  {98,99,100,101,102,103,104,105,106,107,108,109,110,111}
## EC_MEMINFO    840   105            gs25r2b04     840     840 1398411    [No]     Yes     840      14  {56,57,58,59,60,61,62,63,64,65,66,67,68,69}
## EC_MEMINFO    841   105            gs25r2b04     841     841 1398412    [No]    [No]     841      14  {70,71,72,73,74,75,76,77,78,79,80,81,82,83}
## EC_MEMINFO    842   105            gs25r2b04     842     842 1398413    [No]    [No]     842      14  {84,85,86,87,88,89,90,91,92,93,94,95,96,97}
## EC_MEMINFO    843   105            gs25r2b04     843     843 1398414    [No]    [No]     843      14  {98,99,100,101,102,103,104,105,106,107,108,109,110,111}
## EC_MEMINFO    844   105            gs25r2b04     844     844 1398415    [No]    [No]     844      14  {0,1,2,3,4,5,6,7,8,9,10,11,12,13}
## EC_MEMINFO    845   105            gs25r2b04     845     845 1398416    [No]    [No]     845      14  {14,15,16,17,18,19,20,21,22,23,24,25,26,27}
## EC_MEMINFO    846   105            gs25r2b04     846     846 1398417    [No]    [No]     846      14  {28,29,30,31,32,33,34,35,36,37,38,39,40,41}
## EC_MEMINFO    847   105            gs25r2b04     847     847 1398418    [No]    [No]     847      14  {42,43,44,45,46,47,48,49,50,51,52,53,54,55}
## EC_MEMINFO    848   106            gs25r2b05     848     848 3542132    [No]     Yes     848      14  {0,1,2,3,4,5,6,7,8,9,10,11,12,13}
## EC_MEMINFO    849   106            gs25r2b05     849     849 3542133    [No]    [No]     849      14  {14,15,16,17,18,19,20,21,22,23,24,25,26,27}
## EC_MEMINFO    850   106            gs25r2b05     850     850 3542134    [No]    [No]     850      14  {28,29,30,31,32,33,34,35,36,37,38,39,40,41}
## EC_MEMINFO    851   106            gs25r2b05     851     851 3542135    [No]    [No]     851      14  {42,43,44,45,46,47,48,49,50,51,52,53,54,55}
## EC_MEMINFO    852   106            gs25r2b05     852     852 3542136    [No]    [No]     852      14  {56,57,58,59,60,61,62,63,64,65,66,67,68,69}
## EC_MEMINFO    853   106            gs25r2b05     853     853 3542137    [No]    [No]     853      14  {70,71,72,73,74,75,76,77,78,79,80,81,82,83}
## EC_MEMINFO    854   106            gs25r2b05     854     854 3542138    [No]    [No]     854      14  {84,85,86,87,88,89,90,91,92,93,94,95,96,97}
## EC_MEMINFO    855   106            gs25r2b05     855     855 3542139    [No]    [No]     855      14  {98,99,100,101,102,103,104,105,106,107,108,109,110,111}
## EC_MEMINFO    856   107            gs25r2b06     856     856  534630    [No]     Yes     856      14  {56,57,58,59,60,61,62,63,64,65,66,67,68,69}
## EC_MEMINFO    857   107            gs25r2b06     857     857  534631    [No]    [No]     857      14  {70,71,72,73,74,75,76,77,78,79,80,81,82,83}
## EC_MEMINFO    858   107            gs25r2b06     858     858  534632    [No]    [No]     858      14  {84,85,86,87,88,89,90,91,92,93,94,95,96,97}
## EC_MEMINFO    859   107            gs25r2b06     859     859  534633    [No]    [No]     859      14  {98,99,100,101,102,103,104,105,106,107,108,109,110,111}
## EC_MEMINFO    860   107            gs25r2b06     860     860  534634    [No]    [No]     860      14  {0,1,2,3,4,5,6,7,8,9,10,11,12,13}
## EC_MEMINFO    861   107            gs25r2b06     861     861  534635    [No]    [No]     861      14  {14,15,16,17,18,19,20,21,22,23,24,25,26,27}
## EC_MEMINFO    862   107            gs25r2b06     862     862  534636    [No]    [No]     862      14  {28,29,30,31,32,33,34,35,36,37,38,39,40,41}
## EC_MEMINFO    863   107            gs25r2b06     863     863  534637    [No]    [No]     863      14  {42,43,44,45,46,47,48,49,50,51,52,53,54,55}
## EC_MEMINFO    864   108            gs25r2b07     864     864 2852384    [No]     Yes     864      14  {0,1,2,3,4,5,6,7,8,9,10,11,12,13}
## EC_MEMINFO    865   108            gs25r2b07     865     865 2852385    [No]    [No]     865      14  {14,15,16,17,18,19,20,21,22,23,24,25,26,27}
## EC_MEMINFO    866   108            gs25r2b07     866     866 2852386    [No]    [No]     866      14  {28,29,30,31,32,33,34,35,36,37,38,39,40,41}
## EC_MEMINFO    867   108            gs25r2b07     867     867 2852387    [No]    [No]     867      14  {42,43,44,45,46,47,48,49,50,51,52,53,54,55}
## EC_MEMINFO    868   108            gs25r2b07     868     868 2852388    [No]    [No]     868      14  {56,57,58,59,60,61,62,63,64,65,66,67,68,69}
## EC_MEMINFO    869   108            gs25r2b07     869     869 2852389    [No]    [No]     869      14  {70,71,72,73,74,75,76,77,78,79,80,81,82,83}
## EC_MEMINFO    870   108            gs25r2b07     870     870 2852390    [No]    [No]     870      14  {84,85,86,87,88,89,90,91,92,93,94,95,96,97}
## EC_MEMINFO    871   108            gs25r2b07     871     871 2852391    [No]    [No]     871      14  {98,99,100,101,102,103,104,105,106,107,108,109,110,111}
## EC_MEMINFO    872   109            gs25r2b08     872     872 1870137    [No]     Yes     872      14  {56,57,58,59,60,61,62,63,64,65,66,67,68,69}
## EC_MEMINFO    873   109            gs25r2b08     873     873 1870138    [No]    [No]     873      14  {70,71,72,73,74,75,76,77,78,79,80,81,82,83}
## EC_MEMINFO    874   109            gs25r2b08     874     874 1870139    [No]    [No]     874      14  {84,85,86,87,88,89,90,91,92,93,94,95,96,97}
## EC_MEMINFO    875   109            gs25r2b08     875     875 1870140    [No]    [No]     875      14  {98,99,100,101,102,103,104,105,106,107,108,109,110,111}
## EC_MEMINFO    876   109            gs25r2b08     876     876 1870141    [No]    [No]     876      14  {0,1,2,3,4,5,6,7,8,9,10,11,12,13}
## EC_MEMINFO    877   109            gs25r2b08     877     877 1870142    [No]    [No]     877      14  {14,15,16,17,18,19,20,21,22,23,24,25,26,27}
## EC_MEMINFO    878   109            gs25r2b08     878     878 1870143    [No]    [No]     878      14  {28,29,30,31,32,33,34,35,36,37,38,39,40,41}
## EC_MEMINFO    879   109            gs25r2b08     879     879 1870144    [No]    [No]     879      14  {42,43,44,45,46,47,48,49,50,51,52,53,54,55}
## EC_MEMINFO    880   110            gs25r2b09     880     880 2386697    [No]     Yes     880      14  {0,1,2,3,4,5,6,7,8,9,10,11,12,13}
## EC_MEMINFO    881   110            gs25r2b09     881     881 2386698    [No]    [No]     881      14  {14,15,16,17,18,19,20,21,22,23,24,25,26,27}
## EC_MEMINFO    882   110            gs25r2b09     882     882 2386699    [No]    [No]     882      14  {28,29,30,31,32,33,34,35,36,37,38,39,40,41}
## EC_MEMINFO    883   110            gs25r2b09     883     883 2386700    [No]    [No]     883      14  {42,43,44,45,46,47,48,49,50,51,52,53,54,55}
## EC_MEMINFO    884   110            gs25r2b09     884     884 2386701    [No]    [No]     884      14  {56,57,58,59,60,61,62,63,64,65,66,67,68,69}
## EC_MEMINFO    885   110            gs25r2b09     885     885 2386702    [No]    [No]     885      14  {70,71,72,73,74,75,76,77,78,79,80,81,82,83}
## EC_MEMINFO    886   110            gs25r2b09     886     886 2386703    [No]    [No]     886      14  {84,85,86,87,88,89,90,91,92,93,94,95,96,97}
## EC_MEMINFO    887   110            gs25r2b09     887     887 2386704    [No]    [No]     887      14  {98,99,100,101,102,103,104,105,106,107,108,109,110,111}
## EC_MEMINFO    888   111            gs25r2b10     888     888 1548300    [No]     Yes     888      14  {56,57,58,59,60,61,62,63,64,65,66,67,68,69}
## EC_MEMINFO    889   111            gs25r2b10     889     889 1548301    [No]    [No]     889      14  {70,71,72,73,74,75,76,77,78,79,80,81,82,83}
## EC_MEMINFO    890   111            gs25r2b10     890     890 1548302    [No]    [No]     890      14  {84,85,86,87,88,89,90,91,92,93,94,95,96,97}
## EC_MEMINFO    891   111            gs25r2b10     891     891 1548303    [No]    [No]     891      14  {98,99,100,101,102,103,104,105,106,107,108,109,110,111}
## EC_MEMINFO    892   111            gs25r2b10     892     892 1548304    [No]    [No]     892      14  {0,1,2,3,4,5,6,7,8,9,10,11,12,13}
## EC_MEMINFO    893   111            gs25r2b10     893     893 1548305    [No]    [No]     893      14  {14,15,16,17,18,19,20,21,22,23,24,25,26,27}
## EC_MEMINFO    894   111            gs25r2b10     894     894 1548306    [No]    [No]     894      14  {28,29,30,31,32,33,34,35,36,37,38,39,40,41}
## EC_MEMINFO    895   111            gs25r2b10     895     895 1548307    [No]    [No]     895      14  {42,43,44,45,46,47,48,49,50,51,52,53,54,55}
## EC_MEMINFO    896   112            gs25r2b11     896     896   90165    [No]     Yes     896      14  {0,1,2,3,4,5,6,7,8,9,10,11,12,13}
## EC_MEMINFO    897   112            gs25r2b11     897     897   90166    [No]    [No]     897      14  {14,15,16,17,18,19,20,21,22,23,24,25,26,27}
## EC_MEMINFO    898   112            gs25r2b11     898     898   90167    [No]    [No]     898      14  {28,29,30,31,32,33,34,35,36,37,38,39,40,41}
## EC_MEMINFO    899   112            gs25r2b11     899     899   90168    [No]    [No]     899      14  {42,43,44,45,46,47,48,49,50,51,52,53,54,55}
## EC_MEMINFO    900   112            gs25r2b11     900     900   90169    [No]    [No]     900      14  {56,57,58,59,60,61,62,63,64,65,66,67,68,69}
## EC_MEMINFO    901   112            gs25r2b11     901     901   90170    [No]    [No]     901      14  {70,71,72,73,74,75,76,77,78,79,80,81,82,83}
## EC_MEMINFO    902   112            gs25r2b11     902     902   90171    [No]    [No]     902      14  {84,85,86,87,88,89,90,91,92,93,94,95,96,97}
## EC_MEMINFO    903   112            gs25r2b11     903     903   90172    [No]    [No]     903      14  {98,99,100,101,102,103,104,105,106,107,108,109,110,111}
## EC_MEMINFO    904   113            gs25r2b12     904     904 3445315    [No]     Yes     904      14  {56,57,58,59,60,61,62,63,64,65,66,67,68,69}
## EC_MEMINFO    905   113            gs25r2b12     905     905 3445316    [No]    [No]     905      14  {70,71,72,73,74,75,76,77,78,79,80,81,82,83}
## EC_MEMINFO    906   113            gs25r2b12     906     906 3445317    [No]    [No]     906      14  {84,85,86,87,88,89,90,91,92,93,94,95,96,97}
## EC_MEMINFO    907   113            gs25r2b12     907     907 3445318    [No]    [No]     907      14  {98,99,100,101,102,103,104,105,106,107,108,109,110,111}
## EC_MEMINFO    908   113            gs25r2b12     908     908 3445319    [No]    [No]     908      14  {0,1,2,3,4,5,6,7,8,9,10,11,12,13}
## EC_MEMINFO    909   113            gs25r2b12     909     909 3445320    [No]    [No]     909      14  {14,15,16,17,18,19,20,21,22,23,24,25,26,27}
## EC_MEMINFO    910   113            gs25r2b12     910     910 3445321    [No]    [No]     910      14  {28,29,30,31,32,33,34,35,36,37,38,39,40,41}
## EC_MEMINFO    911   113            gs25r2b12     911     911 3445322    [No]    [No]     911      14  {42,43,44,45,46,47,48,49,50,51,52,53,54,55}
## EC_MEMINFO    912   114            gs25r2b13     912     912 2759182    [No]     Yes     912      14  {0,1,2,3,4,5,6,7,8,9,10,11,12,13}
## EC_MEMINFO    913   114            gs25r2b13     913     913 2759183    [No]    [No]     913      14  {14,15,16,17,18,19,20,21,22,23,24,25,26,27}
## EC_MEMINFO    914   114            gs25r2b13     914     914 2759184    [No]    [No]     914      14  {28,29,30,31,32,33,34,35,36,37,38,39,40,41}
## EC_MEMINFO    915   114            gs25r2b13     915     915 2759185    [No]    [No]     915      14  {42,43,44,45,46,47,48,49,50,51,52,53,54,55}
## EC_MEMINFO    916   114            gs25r2b13     916     916 2759186    [No]    [No]     916      14  {56,57,58,59,60,61,62,63,64,65,66,67,68,69}
## EC_MEMINFO    917   114            gs25r2b13     917     917 2759187    [No]    [No]     917      14  {70,71,72,73,74,75,76,77,78,79,80,81,82,83}
## EC_MEMINFO    918   114            gs25r2b13     918     918 2759188    [No]    [No]     918      14  {84,85,86,87,88,89,90,91,92,93,94,95,96,97}
## EC_MEMINFO    919   114            gs25r2b13     919     919 2759189    [No]    [No]     919      14  {98,99,100,101,102,103,104,105,106,107,108,109,110,111}
## EC_MEMINFO    920   115            gs25r2b14     920     920 3444086    [No]     Yes     920      14  {56,57,58,59,60,61,62,63,64,65,66,67,68,69}
## EC_MEMINFO    921   115            gs25r2b14     921     921 3444087    [No]    [No]     921      14  {70,71,72,73,74,75,76,77,78,79,80,81,82,83}
## EC_MEMINFO    922   115            gs25r2b14     922     922 3444088    [No]    [No]     922      14  {84,85,86,87,88,89,90,91,92,93,94,95,96,97}
## EC_MEMINFO    923   115            gs25r2b14     923     923 3444089    [No]    [No]     923      14  {98,99,100,101,102,103,104,105,106,107,108,109,110,111}
## EC_MEMINFO    924   115            gs25r2b14     924     924 3444090    [No]    [No]     924      14  {0,1,2,3,4,5,6,7,8,9,10,11,12,13}
## EC_MEMINFO    925   115            gs25r2b14     925     925 3444091    [No]    [No]     925      14  {14,15,16,17,18,19,20,21,22,23,24,25,26,27}
## EC_MEMINFO    926   115            gs25r2b14     926     926 3444092    [No]    [No]     926      14  {28,29,30,31,32,33,34,35,36,37,38,39,40,41}
## EC_MEMINFO    927   115            gs25r2b14     927     927 3444093    [No]    [No]     927      14  {42,43,44,45,46,47,48,49,50,51,52,53,54,55}
## EC_MEMINFO    928   116            gs25r2b15     928     928  192905    [No]     Yes     928      14  {0,1,2,3,4,5,6,7,8,9,10,11,12,13}
## EC_MEMINFO    929   116            gs25r2b15     929     929  192906    [No]    [No]     929      14  {14,15,16,17,18,19,20,21,22,23,24,25,26,27}
## EC_MEMINFO    930   116            gs25r2b15     930     930  192907    [No]    [No]     930      14  {28,29,30,31,32,33,34,35,36,37,38,39,40,41}
## EC_MEMINFO    931   116            gs25r2b15     931     931  192908    [No]    [No]     931      14  {42,43,44,45,46,47,48,49,50,51,52,53,54,55}
## EC_MEMINFO    932   116            gs25r2b15     932     932  192909    [No]    [No]     932      14  {56,57,58,59,60,61,62,63,64,65,66,67,68,69}
## EC_MEMINFO    933   116            gs25r2b15     933     933  192910    [No]    [No]     933      14  {70,71,72,73,74,75,76,77,78,79,80,81,82,83}
## EC_MEMINFO    934   116            gs25r2b15     934     934  192911    [No]    [No]     934      14  {84,85,86,87,88,89,90,91,92,93,94,95,96,97}
## EC_MEMINFO    935   116            gs25r2b15     935     935  192912    [No]    [No]     935      14  {98,99,100,101,102,103,104,105,106,107,108,109,110,111}
## EC_MEMINFO    936   117            gs25r2b31     936     936 1271243    [No]     Yes     936      14  {0,1,2,3,4,5,6,7,8,9,10,11,12,13}
## EC_MEMINFO    937   117            gs25r2b31     937     937 1271244    [No]    [No]     937      14  {14,15,16,17,18,19,20,21,22,23,24,25,26,27}
## EC_MEMINFO    938   117            gs25r2b31     938     938 1271245    [No]    [No]     938      14  {28,29,30,31,32,33,34,35,36,37,38,39,40,41}
## EC_MEMINFO    939   117            gs25r2b31     939     939 1271246    [No]    [No]     939      14  {42,43,44,45,46,47,48,49,50,51,52,53,54,55}
## EC_MEMINFO    940   117            gs25r2b31     940     940 1271247    [No]    [No]     940      14  {56,57,58,59,60,61,62,63,64,65,66,67,68,69}
## EC_MEMINFO    941   117            gs25r2b31     941     941 1271248    [No]    [No]     941      14  {70,71,72,73,74,75,76,77,78,79,80,81,82,83}
## EC_MEMINFO    942   117            gs25r2b31     942     942 1271249    [No]    [No]     942      14  {84,85,86,87,88,89,90,91,92,93,94,95,96,97}
## EC_MEMINFO    943   117            gs25r2b31     943     943 1271250    [No]    [No]     943      14  {98,99,100,101,102,103,104,105,106,107,108,109,110,111}
## EC_MEMINFO    944   118            gs25r2b32     944     944 4056913    [No]     Yes     944      14  {56,57,58,59,60,61,62,63,64,65,66,67,68,69}
## EC_MEMINFO    945   118            gs25r2b32     945     945 4056914    [No]    [No]     945      14  {70,71,72,73,74,75,76,77,78,79,80,81,82,83}
## EC_MEMINFO    946   118            gs25r2b32     946     946 4056915    [No]    [No]     946      14  {84,85,86,87,88,89,90,91,92,93,94,95,96,97}
## EC_MEMINFO    947   118            gs25r2b32     947     947 4056916    [No]    [No]     947      14  {98,99,100,101,102,103,104,105,106,107,108,109,110,111}
## EC_MEMINFO    948   118            gs25r2b32     948     948 4056917    [No]    [No]     948      14  {0,1,2,3,4,5,6,7,8,9,10,11,12,13}
## EC_MEMINFO    949   118            gs25r2b32     949     949 4056918    [No]    [No]     949      14  {14,15,16,17,18,19,20,21,22,23,24,25,26,27}
## EC_MEMINFO    950   118            gs25r2b32     950     950 4056919    [No]    [No]     950      14  {28,29,30,31,32,33,34,35,36,37,38,39,40,41}
## EC_MEMINFO    951   118            gs25r2b32     951     951 4056920    [No]    [No]     951      14  {42,43,44,45,46,47,48,49,50,51,52,53,54,55}
## EC_MEMINFO    952   119            gs25r2b33     952     952  123244    [No]     Yes     952      14  {0,1,2,3,4,5,6,7,8,9,10,11,12,13}
## EC_MEMINFO    953   119            gs25r2b33     953     953  123245    [No]    [No]     953      14  {14,15,16,17,18,19,20,21,22,23,24,25,26,27}
## EC_MEMINFO    954   119            gs25r2b33     954     954  123246    [No]    [No]     954      14  {28,29,30,31,32,33,34,35,36,37,38,39,40,41}
## EC_MEMINFO    955   119            gs25r2b33     955     955  123247    [No]    [No]     955      14  {42,43,44,45,46,47,48,49,50,51,52,53,54,55}
## EC_MEMINFO    956   119            gs25r2b33     956     956  123248    [No]    [No]     956      14  {56,57,58,59,60,61,62,63,64,65,66,67,68,69}
## EC_MEMINFO    957   119            gs25r2b33     957     957  123249    [No]    [No]     957      14  {70,71,72,73,74,75,76,77,78,79,80,81,82,83}
## EC_MEMINFO    958   119            gs25r2b33     958     958  123250    [No]    [No]     958      14  {84,85,86,87,88,89,90,91,92,93,94,95,96,97}
## EC_MEMINFO    959   119            gs25r2b33     959     959  123251    [No]    [No]     959      14  {98,99,100,101,102,103,104,105,106,107,108,109,110,111}
## EC_MEMINFO    960   120            gs25r2b34     960     960 1912382    [No]     Yes     960      14  {56,57,58,59,60,61,62,63,64,65,66,67,68,69}
## EC_MEMINFO    961   120            gs25r2b34     961     961 1912383    [No]    [No]     961      14  {70,71,72,73,74,75,76,77,78,79,80,81,82,83}
## EC_MEMINFO    962   120            gs25r2b34     962     962 1912384    [No]    [No]     962      14  {84,85,86,87,88,89,90,91,92,93,94,95,96,97}
## EC_MEMINFO    963   120            gs25r2b34     963     963 1912385    [No]    [No]     963      14  {98,99,100,101,102,103,104,105,106,107,108,109,110,111}
## EC_MEMINFO    964   120            gs25r2b34     964     964 1912386    [No]    [No]     964      14  {0,1,2,3,4,5,6,7,8,9,10,11,12,13}
## EC_MEMINFO    965   120            gs25r2b34     965     965 1912387    [No]    [No]     965      14  {14,15,16,17,18,19,20,21,22,23,24,25,26,27}
## EC_MEMINFO    966   120            gs25r2b34     966     966 1912388    [No]    [No]     966      14  {28,29,30,31,32,33,34,35,36,37,38,39,40,41}
## EC_MEMINFO    967   120            gs25r2b34     967     967 1912389    [No]    [No]     967      14  {42,43,44,45,46,47,48,49,50,51,52,53,54,55}
## EC_MEMINFO    968   121            gs25r2b35     968     968 2949076    [No]     Yes     968      14  {0,1,2,3,4,5,6,7,8,9,10,11,12,13}
## EC_MEMINFO    969   121            gs25r2b35     969     969 2949077    [No]    [No]     969      14  {14,15,16,17,18,19,20,21,22,23,24,25,26,27}
## EC_MEMINFO    970   121            gs25r2b35     970     970 2949078    [No]    [No]     970      14  {28,29,30,31,32,33,34,35,36,37,38,39,40,41}
## EC_MEMINFO    971   121            gs25r2b35     971     971 2949079    [No]    [No]     971      14  {42,43,44,45,46,47,48,49,50,51,52,53,54,55}
## EC_MEMINFO    972   121            gs25r2b35     972     972 2949080    [No]    [No]     972      14  {56,57,58,59,60,61,62,63,64,65,66,67,68,69}
## EC_MEMINFO    973   121            gs25r2b35     973     973 2949081    [No]    [No]     973      14  {70,71,72,73,74,75,76,77,78,79,80,81,82,83}
## EC_MEMINFO    974   121            gs25r2b35     974     974 2949082    [No]    [No]     974      14  {84,85,86,87,88,89,90,91,92,93,94,95,96,97}
## EC_MEMINFO    975   121            gs25r2b35     975     975 2949083    [No]    [No]     975      14  {98,99,100,101,102,103,104,105,106,107,108,109,110,111}
## EC_MEMINFO    976   122            gs25r2b36     976     976 1883488    [No]     Yes     976      14  {56,57,58,59,60,61,62,63,64,65,66,67,68,69}
## EC_MEMINFO    977   122            gs25r2b36     977     977 1883489    [No]    [No]     977      14  {70,71,72,73,74,75,76,77,78,79,80,81,82,83}
## EC_MEMINFO    978   122            gs25r2b36     978     978 1883490    [No]    [No]     978      14  {84,85,86,87,88,89,90,91,92,93,94,95,96,97}
## EC_MEMINFO    979   122            gs25r2b36     979     979 1883491    [No]    [No]     979      14  {98,99,100,101,102,103,104,105,106,107,108,109,110,111}
## EC_MEMINFO    980   122            gs25r2b36     980     980 1883492    [No]    [No]     980      14  {0,1,2,3,4,5,6,7,8,9,10,11,12,13}
## EC_MEMINFO    981   122            gs25r2b36     981     981 1883493    [No]    [No]     981      14  {14,15,16,17,18,19,20,21,22,23,24,25,26,27}
## EC_MEMINFO    982   122            gs25r2b36     982     982 1883494    [No]    [No]     982      14  {28,29,30,31,32,33,34,35,36,37,38,39,40,41}
## EC_MEMINFO    983   122            gs25r2b36     983     983 1883495    [No]    [No]     983      14  {42,43,44,45,46,47,48,49,50,51,52,53,54,55}
## EC_MEMINFO    984   123            gs25r2b37     984     984 2061507    [No]     Yes     984      14  {0,1,2,3,4,5,6,7,8,9,10,11,12,13}
## EC_MEMINFO    985   123            gs25r2b37     985     985 2061508    [No]    [No]     985      14  {14,15,16,17,18,19,20,21,22,23,24,25,26,27}
## EC_MEMINFO    986   123            gs25r2b37     986     986 2061509    [No]    [No]     986      14  {28,29,30,31,32,33,34,35,36,37,38,39,40,41}
## EC_MEMINFO    987   123            gs25r2b37     987     987 2061510    [No]    [No]     987      14  {42,43,44,45,46,47,48,49,50,51,52,53,54,55}
## EC_MEMINFO    988   123            gs25r2b37     988     988 2061511    [No]    [No]     988      14  {56,57,58,59,60,61,62,63,64,65,66,67,68,69}
## EC_MEMINFO    989   123            gs25r2b37     989     989 2061512    [No]    [No]     989      14  {70,71,72,73,74,75,76,77,78,79,80,81,82,83}
## EC_MEMINFO    990   123            gs25r2b37     990     990 2061513    [No]    [No]     990      14  {84,85,86,87,88,89,90,91,92,93,94,95,96,97}
## EC_MEMINFO    991   123            gs25r2b37     991     991 2061514    [No]    [No]     991      14  {98,99,100,101,102,103,104,105,106,107,108,109,110,111}
## EC_MEMINFO    992   124            gs25r2b38     992     992  144524    [No]     Yes     992      14  {56,57,58,59,60,61,62,63,64,65,66,67,68,69}
## EC_MEMINFO    993   124            gs25r2b38     993     993  144525    [No]    [No]     993      14  {70,71,72,73,74,75,76,77,78,79,80,81,82,83}
## EC_MEMINFO    994   124            gs25r2b38     994     994  144526    [No]    [No]     994      14  {84,85,86,87,88,89,90,91,92,93,94,95,96,97}
## EC_MEMINFO    995   124            gs25r2b38     995     995  144527    [No]    [No]     995      14  {98,99,100,101,102,103,104,105,106,107,108,109,110,111}
## EC_MEMINFO    996   124            gs25r2b38     996     996  144528    [No]    [No]     996      14  {0,1,2,3,4,5,6,7,8,9,10,11,12,13}
## EC_MEMINFO    997   124            gs25r2b38     997     997  144529    [No]    [No]     997      14  {14,15,16,17,18,19,20,21,22,23,24,25,26,27}
## EC_MEMINFO    998   124            gs25r2b38     998     998  144530    [No]    [No]     998      14  {28,29,30,31,32,33,34,35,36,37,38,39,40,41}
## EC_MEMINFO    999   124            gs25r2b38     999     999  144531    [No]    [No]     999      14  {42,43,44,45,46,47,48,49,50,51,52,53,54,55}
## EC_MEMINFO   1000   125            gs25r2b39    1000    1000 3220038    [No]     Yes    1000      14  {0,1,2,3,4,5,6,7,8,9,10,11,12,13}
## EC_MEMINFO   1001   125            gs25r2b39    1001    1001 3220039    [No]    [No]    1001      14  {14,15,16,17,18,19,20,21,22,23,24,25,26,27}
## EC_MEMINFO   1002   125            gs25r2b39    1002    1002 3220040    [No]    [No]    1002      14  {28,29,30,31,32,33,34,35,36,37,38,39,40,41}
## EC_MEMINFO   1003   125            gs25r2b39    1003    1003 3220041    [No]    [No]    1003      14  {42,43,44,45,46,47,48,49,50,51,52,53,54,55}
## EC_MEMINFO   1004   125            gs25r2b39    1004    1004 3220042    [No]    [No]    1004      14  {56,57,58,59,60,61,62,63,64,65,66,67,68,69}
## EC_MEMINFO   1005   125            gs25r2b39    1005    1005 3220043    [No]    [No]    1005      14  {70,71,72,73,74,75,76,77,78,79,80,81,82,83}
## EC_MEMINFO   1006   125            gs25r2b39    1006    1006 3220044    [No]    [No]    1006      14  {84,85,86,87,88,89,90,91,92,93,94,95,96,97}
## EC_MEMINFO   1007   125            gs25r2b39    1007    1007 3220045    [No]    [No]    1007      14  {98,99,100,101,102,103,104,105,106,107,108,109,110,111}
## EC_MEMINFO   1008   126            gs25r2b40    1008    1008 2916875    [No]     Yes    1008      14  {56,57,58,59,60,61,62,63,64,65,66,67,68,69}
## EC_MEMINFO   1009   126            gs25r2b40    1009    1009 2916876    [No]    [No]    1009      14  {70,71,72,73,74,75,76,77,78,79,80,81,82,83}
## EC_MEMINFO   1010   126            gs25r2b40    1010    1010 2916877    [No]    [No]    1010      14  {84,85,86,87,88,89,90,91,92,93,94,95,96,97}
## EC_MEMINFO   1011   126            gs25r2b40    1011    1011 2916878    [No]    [No]    1011      14  {98,99,100,101,102,103,104,105,106,107,108,109,110,111}
## EC_MEMINFO   1012   126            gs25r2b40    1012    1012 2916879    [No]    [No]    1012      14  {0,1,2,3,4,5,6,7,8,9,10,11,12,13}
## EC_MEMINFO   1013   126            gs25r2b40    1013    1013 2916880    [No]    [No]    1013      14  {14,15,16,17,18,19,20,21,22,23,24,25,26,27}
## EC_MEMINFO   1014   126            gs25r2b40    1014    1014 2916881    [No]    [No]    1014      14  {28,29,30,31,32,33,34,35,36,37,38,39,40,41}
## EC_MEMINFO   1015   126            gs25r2b40    1015    1015 2916882    [No]    [No]    1015      14  {42,43,44,45,46,47,48,49,50,51,52,53,54,55}
## EC_MEMINFO   1016   127            gs25r2b41    1016    1016  727322    [No]     Yes    1016      14  {0,1,2,3,4,5,6,7,8,9,10,11,12,13}
## EC_MEMINFO   1017   127            gs25r2b41    1017    1017  727323    [No]    [No]    1017      14  {14,15,16,17,18,19,20,21,22,23,24,25,26,27}
## EC_MEMINFO   1018   127            gs25r2b41    1018    1018  727324    [No]    [No]    1018      14  {28,29,30,31,32,33,34,35,36,37,38,39,40,41}
## EC_MEMINFO   1019   127            gs25r2b41    1019    1019  727325    [No]    [No]    1019      14  {42,43,44,45,46,47,48,49,50,51,52,53,54,55}
## EC_MEMINFO   1020   127            gs25r2b41    1020    1020  727326    [No]    [No]    1020      14  {56,57,58,59,60,61,62,63,64,65,66,67,68,69}
## EC_MEMINFO   1021   127            gs25r2b41    1021    1021  727327    [No]    [No]    1021      14  {70,71,72,73,74,75,76,77,78,79,80,81,82,83}
## EC_MEMINFO   1022   127            gs25r2b41    1022    1022  727328    [No]    [No]    1022      14  {84,85,86,87,88,89,90,91,92,93,94,95,96,97}
## EC_MEMINFO   1023   127            gs25r2b41    1023    1023  727329    [No]    [No]    1023      14  {98,99,100,101,102,103,104,105,106,107,108,109,110,111}
## EC_MEMINFO   1024   128            gs25r2b42    1024    1024 1468629    [No]     Yes    1024      14  {56,57,58,59,60,61,62,63,64,65,66,67,68,69}
## EC_MEMINFO   1025   128            gs25r2b42    1025    1025 1468630    [No]    [No]    1025      14  {70,71,72,73,74,75,76,77,78,79,80,81,82,83}
## EC_MEMINFO   1026   128            gs25r2b42    1026    1026 1468631    [No]    [No]    1026      14  {84,85,86,87,88,89,90,91,92,93,94,95,96,97}
## EC_MEMINFO   1027   128            gs25r2b42    1027    1027 1468632    [No]    [No]    1027      14  {98,99,100,101,102,103,104,105,106,107,108,109,110,111}
## EC_MEMINFO   1028   128            gs25r2b42    1028    1028 1468633    [No]    [No]    1028      14  {0,1,2,3,4,5,6,7,8,9,10,11,12,13}
## EC_MEMINFO   1029   128            gs25r2b42    1029    1029 1468634    [No]    [No]    1029      14  {14,15,16,17,18,19,20,21,22,23,24,25,26,27}
## EC_MEMINFO   1030   128            gs25r2b42    1030    1030 1468635    [No]    [No]    1030      14  {28,29,30,31,32,33,34,35,36,37,38,39,40,41}
## EC_MEMINFO   1031   128            gs25r2b42    1031    1031 1468636    [No]    [No]    1031      14  {42,43,44,45,46,47,48,49,50,51,52,53,54,55}
## EC_MEMINFO   1032   129            gs25r2b43    1032    1032 2243108    [No]     Yes    1032      14  {0,1,2,3,4,5,6,7,8,9,10,11,12,13}
## EC_MEMINFO   1033   129            gs25r2b43    1033    1033 2243109    [No]    [No]    1033      14  {14,15,16,17,18,19,20,21,22,23,24,25,26,27}
## EC_MEMINFO   1034   129            gs25r2b43    1034    1034 2243110    [No]    [No]    1034      14  {28,29,30,31,32,33,34,35,36,37,38,39,40,41}
## EC_MEMINFO   1035   129            gs25r2b43    1035    1035 2243111    [No]    [No]    1035      14  {42,43,44,45,46,47,48,49,50,51,52,53,54,55}
## EC_MEMINFO   1036   129            gs25r2b43    1036    1036 2243112    [No]    [No]    1036      14  {56,57,58,59,60,61,62,63,64,65,66,67,68,69}
## EC_MEMINFO   1037   129            gs25r2b43    1037    1037 2243113    [No]    [No]    1037      14  {70,71,72,73,74,75,76,77,78,79,80,81,82,83}
## EC_MEMINFO   1038   129            gs25r2b43    1038    1038 2243114    [No]    [No]    1038      14  {84,85,86,87,88,89,90,91,92,93,94,95,96,97}
## EC_MEMINFO   1039   129            gs25r2b43    1039    1039 2243115    [No]    [No]    1039      14  {98,99,100,101,102,103,104,105,106,107,108,109,110,111}
## EC_MEMINFO   1040   130            gs25r2b44    1040    1040 2815049    [No]     Yes    1040      14  {56,57,58,59,60,61,62,63,64,65,66,67,68,69}
## EC_MEMINFO   1041   130            gs25r2b44    1041    1041 2815050    [No]    [No]    1041      14  {70,71,72,73,74,75,76,77,78,79,80,81,82,83}
## EC_MEMINFO   1042   130            gs25r2b44    1042    1042 2815051    [No]    [No]    1042      14  {84,85,86,87,88,89,90,91,92,93,94,95,96,97}
## EC_MEMINFO   1043   130            gs25r2b44    1043    1043 2815052    [No]    [No]    1043      14  {98,99,100,101,102,103,104,105,106,107,108,109,110,111}
## EC_MEMINFO   1044   130            gs25r2b44    1044    1044 2815053    [No]    [No]    1044      14  {0,1,2,3,4,5,6,7,8,9,10,11,12,13}
## EC_MEMINFO   1045   130            gs25r2b44    1045    1045 2815054    [No]    [No]    1045      14  {14,15,16,17,18,19,20,21,22,23,24,25,26,27}
## EC_MEMINFO   1046   130            gs25r2b44    1046    1046 2815055    [No]    [No]    1046      14  {28,29,30,31,32,33,34,35,36,37,38,39,40,41}
## EC_MEMINFO   1047   130            gs25r2b44    1047    1047 2815056    [No]    [No]    1047      14  {42,43,44,45,46,47,48,49,50,51,52,53,54,55}
## EC_MEMINFO   1048   131            gs25r3b39    1048    1048 1589189    [No]     Yes    1048      14  {0,1,2,3,4,5,6,7,8,9,10,11,12,13}
## EC_MEMINFO   1049   131            gs25r3b39    1049    1049 1589190    [No]    [No]    1049      14  {14,15,16,17,18,19,20,21,22,23,24,25,26,27}
## EC_MEMINFO   1050   131            gs25r3b39    1050    1050 1589191    [No]    [No]    1050      14  {28,29,30,31,32,33,34,35,36,37,38,39,40,41}
## EC_MEMINFO   1051   131            gs25r3b39    1051    1051 1589192    [No]    [No]    1051      14  {42,43,44,45,46,47,48,49,50,51,52,53,54,55}
## EC_MEMINFO   1052   131            gs25r3b39    1052    1052 1589193    [No]    [No]    1052      14  {56,57,58,59,60,61,62,63,64,65,66,67,68,69}
## EC_MEMINFO   1053   131            gs25r3b39    1053    1053 1589194    [No]    [No]    1053      14  {70,71,72,73,74,75,76,77,78,79,80,81,82,83}
## EC_MEMINFO   1054   131            gs25r3b39    1054    1054 1589195    [No]    [No]    1054      14  {84,85,86,87,88,89,90,91,92,93,94,95,96,97}
## EC_MEMINFO   1055   131            gs25r3b39    1055    1055 1589196    [No]    [No]    1055      14  {98,99,100,101,102,103,104,105,106,107,108,109,110,111}
## EC_MEMINFO   1056   132            gs25r3b44    1056    1056 1287397    [No]     Yes    1056      14  {56,57,58,59,60,61,62,63,64,65,66,67,68,69}
## EC_MEMINFO   1057   132            gs25r3b44    1057    1057 1287398    [No]    [No]    1057      14  {70,71,72,73,74,75,76,77,78,79,80,81,82,83}
## EC_MEMINFO   1058   132            gs25r3b44    1058    1058 1287399    [No]    [No]    1058      14  {84,85,86,87,88,89,90,91,92,93,94,95,96,97}
## EC_MEMINFO   1059   132            gs25r3b44    1059    1059 1287400    [No]    [No]    1059      14  {98,99,100,101,102,103,104,105,106,107,108,109,110,111}
## EC_MEMINFO   1060   132            gs25r3b44    1060    1060 1287401    [No]    [No]    1060      14  {0,1,2,3,4,5,6,7,8,9,10,11,12,13}
## EC_MEMINFO   1061   132            gs25r3b44    1061    1061 1287402    [No]    [No]    1061      14  {14,15,16,17,18,19,20,21,22,23,24,25,26,27}
## EC_MEMINFO   1062   132            gs25r3b44    1062    1062 1287403    [No]    [No]    1062      14  {28,29,30,31,32,33,34,35,36,37,38,39,40,41}
## EC_MEMINFO   1063   132            gs25r3b44    1063    1063 1287404    [No]    [No]    1063      14  {42,43,44,45,46,47,48,49,50,51,52,53,54,55}
## EC_MEMINFO   1064   133            gs25r3b45    1064    1064 4142133    [No]     Yes    1064      14  {0,1,2,3,4,5,6,7,8,9,10,11,12,13}
## EC_MEMINFO   1065   133            gs25r3b45    1065    1065 4142134    [No]    [No]    1065      14  {14,15,16,17,18,19,20,21,22,23,24,25,26,27}
## EC_MEMINFO   1066   133            gs25r3b45    1066    1066 4142135    [No]    [No]    1066      14  {28,29,30,31,32,33,34,35,36,37,38,39,40,41}
## EC_MEMINFO   1067   133            gs25r3b45    1067    1067 4142136    [No]    [No]    1067      14  {42,43,44,45,46,47,48,49,50,51,52,53,54,55}
## EC_MEMINFO   1068   133            gs25r3b45    1068    1068 4142137    [No]    [No]    1068      14  {56,57,58,59,60,61,62,63,64,65,66,67,68,69}
## EC_MEMINFO   1069   133            gs25r3b45    1069    1069 4142138    [No]    [No]    1069      14  {70,71,72,73,74,75,76,77,78,79,80,81,82,83}
## EC_MEMINFO   1070   133            gs25r3b45    1070    1070 4142139    [No]    [No]    1070      14  {84,85,86,87,88,89,90,91,92,93,94,95,96,97}
## EC_MEMINFO   1071   133            gs25r3b45    1071    1071 4142140    [No]    [No]    1071      14  {98,99,100,101,102,103,104,105,106,107,108,109,110,111}
## EC_MEMINFO   1072   134            gs25r3b61    1072    1072 1025008    [No]     Yes    1072      14  {0,1,2,3,4,5,6,7,8,9,10,11,12,13}
## EC_MEMINFO   1073   134            gs25r3b61    1073    1073 1025009    [No]    [No]    1073      14  {14,15,16,17,18,19,20,21,22,23,24,25,26,27}
## EC_MEMINFO   1074   134            gs25r3b61    1074    1074 1025010    [No]    [No]    1074      14  {28,29,30,31,32,33,34,35,36,37,38,39,40,41}
## EC_MEMINFO   1075   134            gs25r3b61    1075    1075 1025011    [No]    [No]    1075      14  {42,43,44,45,46,47,48,49,50,51,52,53,54,55}
## EC_MEMINFO   1076   134            gs25r3b61    1076    1076 1025012    [No]    [No]    1076      14  {56,57,58,59,60,61,62,63,64,65,66,67,68,69}
## EC_MEMINFO   1077   134            gs25r3b61    1077    1077 1025013    [No]    [No]    1077      14  {70,71,72,73,74,75,76,77,78,79,80,81,82,83}
## EC_MEMINFO   1078   134            gs25r3b61    1078    1078 1025014    [No]    [No]    1078      14  {84,85,86,87,88,89,90,91,92,93,94,95,96,97}
## EC_MEMINFO   1079   134            gs25r3b61    1079    1079 1025015    [No]    [No]    1079      14  {98,99,100,101,102,103,104,105,106,107,108,109,110,111}
## EC_MEMINFO   1080   135            gs25r3b62    1080    1080 1010366    [No]     Yes    1080      14  {56,57,58,59,60,61,62,63,64,65,66,67,68,69}
## EC_MEMINFO   1081   135            gs25r3b62    1081    1081 1010367    [No]    [No]    1081      14  {70,71,72,73,74,75,76,77,78,79,80,81,82,83}
## EC_MEMINFO   1082   135            gs25r3b62    1082    1082 1010368    [No]    [No]    1082      14  {84,85,86,87,88,89,90,91,92,93,94,95,96,97}
## EC_MEMINFO   1083   135            gs25r3b62    1083    1083 1010369    [No]    [No]    1083      14  {98,99,100,101,102,103,104,105,106,107,108,109,110,111}
## EC_MEMINFO   1084   135            gs25r3b62    1084    1084 1010370    [No]    [No]    1084      14  {0,1,2,3,4,5,6,7,8,9,10,11,12,13}
## EC_MEMINFO   1085   135            gs25r3b62    1085    1085 1010371    [No]    [No]    1085      14  {14,15,16,17,18,19,20,21,22,23,24,25,26,27}
## EC_MEMINFO   1086   135            gs25r3b62    1086    1086 1010372    [No]    [No]    1086      14  {28,29,30,31,32,33,34,35,36,37,38,39,40,41}
## EC_MEMINFO   1087   135            gs25r3b62    1087    1087 1010373    [No]    [No]    1087      14  {42,43,44,45,46,47,48,49,50,51,52,53,54,55}
## EC_MEMINFO   1088   136            gs25r3b63    1088    1088   26477    [No]     Yes    1088      14  {0,1,2,3,4,5,6,7,8,9,10,11,12,13}
## EC_MEMINFO   1089   136            gs25r3b63    1089    1089   26478    [No]    [No]    1089      14  {14,15,16,17,18,19,20,21,22,23,24,25,26,27}
## EC_MEMINFO   1090   136            gs25r3b63    1090    1090   26479    [No]    [No]    1090      14  {28,29,30,31,32,33,34,35,36,37,38,39,40,41}
## EC_MEMINFO   1091   136            gs25r3b63    1091    1091   26480    [No]    [No]    1091      14  {42,43,44,45,46,47,48,49,50,51,52,53,54,55}
## EC_MEMINFO   1092   136            gs25r3b63    1092    1092   26481    [No]    [No]    1092      14  {56,57,58,59,60,61,62,63,64,65,66,67,68,69}
## EC_MEMINFO   1093   136            gs25r3b63    1093    1093   26482    [No]    [No]    1093      14  {70,71,72,73,74,75,76,77,78,79,80,81,82,83}
## EC_MEMINFO   1094   136            gs25r3b63    1094    1094   26483    [No]    [No]    1094      14  {84,85,86,87,88,89,90,91,92,93,94,95,96,97}
## EC_MEMINFO   1095   136            gs25r3b63    1095    1095   26484    [No]    [No]    1095      14  {98,99,100,101,102,103,104,105,106,107,108,109,110,111}
## EC_MEMINFO   1096   137            gs25r3b64    1096    1096   13023    [No]     Yes    1096      14  {56,57,58,59,60,61,62,63,64,65,66,67,68,69}
## EC_MEMINFO   1097   137            gs25r3b64    1097    1097   13024    [No]    [No]    1097      14  {70,71,72,73,74,75,76,77,78,79,80,81,82,83}
## EC_MEMINFO   1098   137            gs25r3b64    1098    1098   13025    [No]    [No]    1098      14  {84,85,86,87,88,89,90,91,92,93,94,95,96,97}
## EC_MEMINFO   1099   137            gs25r3b64    1099    1099   13026    [No]    [No]    1099      14  {98,99,100,101,102,103,104,105,106,107,108,109,110,111}
## EC_MEMINFO   1100   137            gs25r3b64    1100    1100   13027    [No]    [No]    1100      14  {0,1,2,3,4,5,6,7,8,9,10,11,12,13}
## EC_MEMINFO   1101   137            gs25r3b64    1101    1101   13028    [No]    [No]    1101      14  {14,15,16,17,18,19,20,21,22,23,24,25,26,27}
## EC_MEMINFO   1102   137            gs25r3b64    1102    1102   13029    [No]    [No]    1102      14  {28,29,30,31,32,33,34,35,36,37,38,39,40,41}
## EC_MEMINFO   1103   137            gs25r3b64    1103    1103   13030    [No]    [No]    1103      14  {42,43,44,45,46,47,48,49,50,51,52,53,54,55}
## EC_MEMINFO   1104   138            gs25r3b65    1104    1104 1484137    [No]     Yes    1104      14  {0,1,2,3,4,5,6,7,8,9,10,11,12,13}
## EC_MEMINFO   1105   138            gs25r3b65    1105    1105 1484138    [No]    [No]    1105      14  {14,15,16,17,18,19,20,21,22,23,24,25,26,27}
## EC_MEMINFO   1106   138            gs25r3b65    1106    1106 1484139    [No]    [No]    1106      14  {28,29,30,31,32,33,34,35,36,37,38,39,40,41}
## EC_MEMINFO   1107   138            gs25r3b65    1107    1107 1484140    [No]    [No]    1107      14  {42,43,44,45,46,47,48,49,50,51,52,53,54,55}
## EC_MEMINFO   1108   138            gs25r3b65    1108    1108 1484141    [No]    [No]    1108      14  {56,57,58,59,60,61,62,63,64,65,66,67,68,69}
## EC_MEMINFO   1109   138            gs25r3b65    1109    1109 1484142    [No]    [No]    1109      14  {70,71,72,73,74,75,76,77,78,79,80,81,82,83}
## EC_MEMINFO   1110   138            gs25r3b65    1110    1110 1484143    [No]    [No]    1110      14  {84,85,86,87,88,89,90,91,92,93,94,95,96,97}
## EC_MEMINFO   1111   138            gs25r3b65    1111    1111 1484144    [No]    [No]    1111      14  {98,99,100,101,102,103,104,105,106,107,108,109,110,111}
## EC_MEMINFO   1112   139            gs25r3b66    1112    1112 2836514    [No]     Yes    1112      14  {56,57,58,59,60,61,62,63,64,65,66,67,68,69}
## EC_MEMINFO   1113   139            gs25r3b66    1113    1113 2836515    [No]    [No]    1113      14  {70,71,72,73,74,75,76,77,78,79,80,81,82,83}
## EC_MEMINFO   1114   139            gs25r3b66    1114    1114 2836516    [No]    [No]    1114      14  {84,85,86,87,88,89,90,91,92,93,94,95,96,97}
## EC_MEMINFO   1115   139            gs25r3b66    1115    1115 2836517    [No]    [No]    1115      14  {98,99,100,101,102,103,104,105,106,107,108,109,110,111}
## EC_MEMINFO   1116   139            gs25r3b66    1116    1116 2836518    [No]    [No]    1116      14  {0,1,2,3,4,5,6,7,8,9,10,11,12,13}
## EC_MEMINFO   1117   139            gs25r3b66    1117    1117 2836519    [No]    [No]    1117      14  {14,15,16,17,18,19,20,21,22,23,24,25,26,27}
## EC_MEMINFO   1118   139            gs25r3b66    1118    1118 2836520    [No]    [No]    1118      14  {28,29,30,31,32,33,34,35,36,37,38,39,40,41}
## EC_MEMINFO   1119   139            gs25r3b66    1119    1119 2836521    [No]    [No]    1119      14  {42,43,44,45,46,47,48,49,50,51,52,53,54,55}
## EC_MEMINFO   1120   140            gs25r3b72    1120    1120 1649182    [No]     Yes    1120      14  {56,57,58,59,60,61,62,63,64,65,66,67,68,69}
## EC_MEMINFO   1121   140            gs25r3b72    1121    1121 1649183    [No]    [No]    1121      14  {70,71,72,73,74,75,76,77,78,79,80,81,82,83}
## EC_MEMINFO   1122   140            gs25r3b72    1122    1122 1649184    [No]    [No]    1122      14  {84,85,86,87,88,89,90,91,92,93,94,95,96,97}
## EC_MEMINFO   1123   140            gs25r3b72    1123    1123 1649185    [No]    [No]    1123      14  {98,99,100,101,102,103,104,105,106,107,108,109,110,111}
## EC_MEMINFO   1124   140            gs25r3b72    1124    1124 1649186    [No]    [No]    1124      14  {0,1,2,3,4,5,6,7,8,9,10,11,12,13}
## EC_MEMINFO   1125   140            gs25r3b72    1125    1125 1649187    [No]    [No]    1125      14  {14,15,16,17,18,19,20,21,22,23,24,25,26,27}
## EC_MEMINFO   1126   140            gs25r3b72    1126    1126 1649188    [No]    [No]    1126      14  {28,29,30,31,32,33,34,35,36,37,38,39,40,41}
## EC_MEMINFO   1127   140            gs25r3b72    1127    1127 1649189    [No]    [No]    1127      14  {42,43,44,45,46,47,48,49,50,51,52,53,54,55}
## EC_MEMINFO   1128   141            gs27r2b12    1128    1128  134802    [No]     Yes    1128      14  {56,57,58,59,60,61,62,63,64,65,66,67,68,69}
## EC_MEMINFO   1129   141            gs27r2b12    1129    1129  134803    [No]    [No]    1129      14  {70,71,72,73,74,75,76,77,78,79,80,81,82,83}
## EC_MEMINFO   1130   141            gs27r2b12    1130    1130  134804    [No]    [No]    1130      14  {84,85,86,87,88,89,90,91,92,93,94,95,96,97}
## EC_MEMINFO   1131   141            gs27r2b12    1131    1131  134805    [No]    [No]    1131      14  {98,99,100,101,102,103,104,105,106,107,108,109,110,111}
## EC_MEMINFO   1132   141            gs27r2b12    1132    1132  134806    [No]    [No]    1132      14  {0,1,2,3,4,5,6,7,8,9,10,11,12,13}
## EC_MEMINFO   1133   141            gs27r2b12    1133    1133  134807    [No]    [No]    1133      14  {14,15,16,17,18,19,20,21,22,23,24,25,26,27}
## EC_MEMINFO   1134   141            gs27r2b12    1134    1134  134808    [No]    [No]    1134      14  {28,29,30,31,32,33,34,35,36,37,38,39,40,41}
## EC_MEMINFO   1135   141            gs27r2b12    1135    1135  134809    [No]    [No]    1135      14  {42,43,44,45,46,47,48,49,50,51,52,53,54,55}
## EC_MEMINFO   1136   142            gs27r2b16    1136    1136 4075609    [No]     Yes    1136      14  {56,57,58,59,60,61,62,63,64,65,66,67,68,69}
## EC_MEMINFO   1137   142            gs27r2b16    1137    1137 4075610    [No]    [No]    1137      14  {70,71,72,73,74,75,76,77,78,79,80,81,82,83}
## EC_MEMINFO   1138   142            gs27r2b16    1138    1138 4075611    [No]    [No]    1138      14  {84,85,86,87,88,89,90,91,92,93,94,95,96,97}
## EC_MEMINFO   1139   142            gs27r2b16    1139    1139 4075612    [No]    [No]    1139      14  {98,99,100,101,102,103,104,105,106,107,108,109,110,111}
## EC_MEMINFO   1140   142            gs27r2b16    1140    1140 4075613    [No]    [No]    1140      14  {0,1,2,3,4,5,6,7,8,9,10,11,12,13}
## EC_MEMINFO   1141   142            gs27r2b16    1141    1141 4075614    [No]    [No]    1141      14  {14,15,16,17,18,19,20,21,22,23,24,25,26,27}
## EC_MEMINFO   1142   142            gs27r2b16    1142    1142 4075615    [No]    [No]    1142      14  {28,29,30,31,32,33,34,35,36,37,38,39,40,41}
## EC_MEMINFO   1143   142            gs27r2b16    1143    1143 4075616    [No]    [No]    1143      14  {42,43,44,45,46,47,48,49,50,51,52,53,54,55}
## EC_MEMINFO   1144   143            gs27r2b28    1144    1144  240772    [No]     Yes    1144      14  {56,57,58,59,60,61,62,63,64,65,66,67,68,69}
## EC_MEMINFO   1145   143            gs27r2b28    1145    1145  240773    [No]    [No]    1145      14  {70,71,72,73,74,75,76,77,78,79,80,81,82,83}
## EC_MEMINFO   1146   143            gs27r2b28    1146    1146  240774    [No]    [No]    1146      14  {84,85,86,87,88,89,90,91,92,93,94,95,96,97}
## EC_MEMINFO   1147   143            gs27r2b28    1147    1147  240775    [No]    [No]    1147      14  {98,99,100,101,102,103,104,105,106,107,108,109,110,111}
## EC_MEMINFO   1148   143            gs27r2b28    1148    1148  240776    [No]    [No]    1148      14  {0,1,2,3,4,5,6,7,8,9,10,11,12,13}
## EC_MEMINFO   1149   143            gs27r2b28    1149    1149  240777    [No]    [No]    1149      14  {14,15,16,17,18,19,20,21,22,23,24,25,26,27}
## EC_MEMINFO   1150   143            gs27r2b28    1150    1150  240778    [No]    [No]    1150      14  {28,29,30,31,32,33,34,35,36,37,38,39,40,41}
## EC_MEMINFO   1151   143            gs27r2b28    1151    1151  240779    [No]    [No]    1151      14  {42,43,44,45,46,47,48,49,50,51,52,53,54,55}
## EC_MEMINFO   1152   144            gs27r2b31    1152    1152 2419499    [No]     Yes    1152      14  {0,1,2,3,4,5,6,7,8,9,10,11,12,13}
## EC_MEMINFO   1153   144            gs27r2b31    1153    1153 2419500    [No]    [No]    1153      14  {14,15,16,17,18,19,20,21,22,23,24,25,26,27}
## EC_MEMINFO   1154   144            gs27r2b31    1154    1154 2419501    [No]    [No]    1154      14  {28,29,30,31,32,33,34,35,36,37,38,39,40,41}
## EC_MEMINFO   1155   144            gs27r2b31    1155    1155 2419502    [No]    [No]    1155      14  {42,43,44,45,46,47,48,49,50,51,52,53,54,55}
## EC_MEMINFO   1156   144            gs27r2b31    1156    1156 2419503    [No]    [No]    1156      14  {56,57,58,59,60,61,62,63,64,65,66,67,68,69}
## EC_MEMINFO   1157   144            gs27r2b31    1157    1157 2419504    [No]    [No]    1157      14  {70,71,72,73,74,75,76,77,78,79,80,81,82,83}
## EC_MEMINFO   1158   144            gs27r2b31    1158    1158 2419505    [No]    [No]    1158      14  {84,85,86,87,88,89,90,91,92,93,94,95,96,97}
## EC_MEMINFO   1159   144            gs27r2b31    1159    1159 2419506    [No]    [No]    1159      14  {98,99,100,101,102,103,104,105,106,107,108,109,110,111}
## EC_MEMINFO   1160   145            gs27r2b32    1160    1160 3519394    [No]     Yes    1160      14  {56,57,58,59,60,61,62,63,64,65,66,67,68,69}
## EC_MEMINFO   1161   145            gs27r2b32    1161    1161 3519395    [No]    [No]    1161      14  {70,71,72,73,74,75,76,77,78,79,80,81,82,83}
## EC_MEMINFO   1162   145            gs27r2b32    1162    1162 3519396    [No]    [No]    1162      14  {84,85,86,87,88,89,90,91,92,93,94,95,96,97}
## EC_MEMINFO   1163   145            gs27r2b32    1163    1163 3519397    [No]    [No]    1163      14  {98,99,100,101,102,103,104,105,106,107,108,109,110,111}
## EC_MEMINFO   1164   145            gs27r2b32    1164    1164 3519398    [No]    [No]    1164      14  {0,1,2,3,4,5,6,7,8,9,10,11,12,13}
## EC_MEMINFO   1165   145            gs27r2b32    1165    1165 3519399    [No]    [No]    1165      14  {14,15,16,17,18,19,20,21,22,23,24,25,26,27}
## EC_MEMINFO   1166   145            gs27r2b32    1166    1166 3519400    [No]    [No]    1166      14  {28,29,30,31,32,33,34,35,36,37,38,39,40,41}
## EC_MEMINFO   1167   145            gs27r2b32    1167    1167 3519401    [No]    [No]    1167      14  {42,43,44,45,46,47,48,49,50,51,52,53,54,55}
## EC_MEMINFO   1168   146            gs27r2b35    1168    1168 3284127    [No]     Yes    1168      14  {0,1,2,3,4,5,6,7,8,9,10,11,12,13}
## EC_MEMINFO   1169   146            gs27r2b35    1169    1169 3284128    [No]    [No]    1169      14  {14,15,16,17,18,19,20,21,22,23,24,25,26,27}
## EC_MEMINFO   1170   146            gs27r2b35    1170    1170 3284129    [No]    [No]    1170      14  {28,29,30,31,32,33,34,35,36,37,38,39,40,41}
## EC_MEMINFO   1171   146            gs27r2b35    1171    1171 3284130    [No]    [No]    1171      14  {42,43,44,45,46,47,48,49,50,51,52,53,54,55}
## EC_MEMINFO   1172   146            gs27r2b35    1172    1172 3284131    [No]    [No]    1172      14  {56,57,58,59,60,61,62,63,64,65,66,67,68,69}
## EC_MEMINFO   1173   146            gs27r2b35    1173    1173 3284132    [No]    [No]    1173      14  {70,71,72,73,74,75,76,77,78,79,80,81,82,83}
## EC_MEMINFO   1174   146            gs27r2b35    1174    1174 3284133    [No]    [No]    1174      14  {84,85,86,87,88,89,90,91,92,93,94,95,96,97}
## EC_MEMINFO   1175   146            gs27r2b35    1175    1175 3284134    [No]    [No]    1175      14  {98,99,100,101,102,103,104,105,106,107,108,109,110,111}
## EC_MEMINFO   1176   147            gs27r2b38    1176    1176 2846144    [No]     Yes    1176      14  {56,57,58,59,60,61,62,63,64,65,66,67,68,69}
## EC_MEMINFO   1177   147            gs27r2b38    1177    1177 2846145    [No]    [No]    1177      14  {70,71,72,73,74,75,76,77,78,79,80,81,82,83}
## EC_MEMINFO   1178   147            gs27r2b38    1178    1178 2846146    [No]    [No]    1178      14  {84,85,86,87,88,89,90,91,92,93,94,95,96,97}
## EC_MEMINFO   1179   147            gs27r2b38    1179    1179 2846147    [No]    [No]    1179      14  {98,99,100,101,102,103,104,105,106,107,108,109,110,111}
## EC_MEMINFO   1180   147            gs27r2b38    1180    1180 2846148    [No]    [No]    1180      14  {0,1,2,3,4,5,6,7,8,9,10,11,12,13}
## EC_MEMINFO   1181   147            gs27r2b38    1181    1181 2846149    [No]    [No]    1181      14  {14,15,16,17,18,19,20,21,22,23,24,25,26,27}
## EC_MEMINFO   1182   147            gs27r2b38    1182    1182 2846150    [No]    [No]    1182      14  {28,29,30,31,32,33,34,35,36,37,38,39,40,41}
## EC_MEMINFO   1183   147            gs27r2b38    1183    1183 2846151    [No]    [No]    1183      14  {42,43,44,45,46,47,48,49,50,51,52,53,54,55}
## EC_MEMINFO   1184   148            gs27r2b40    1184    1184 2098118    [No]     Yes    1184      14  {56,57,58,59,60,61,62,63,64,65,66,67,68,69}
## EC_MEMINFO   1185   148            gs27r2b40    1185    1185 2098119    [No]    [No]    1185      14  {70,71,72,73,74,75,76,77,78,79,80,81,82,83}
## EC_MEMINFO   1186   148            gs27r2b40    1186    1186 2098120    [No]    [No]    1186      14  {84,85,86,87,88,89,90,91,92,93,94,95,96,97}
## EC_MEMINFO   1187   148            gs27r2b40    1187    1187 2098121    [No]    [No]    1187      14  {98,99,100,101,102,103,104,105,106,107,108,109,110,111}
## EC_MEMINFO   1188   148            gs27r2b40    1188    1188 2098122    [No]    [No]    1188      14  {0,1,2,3,4,5,6,7,8,9,10,11,12,13}
## EC_MEMINFO   1189   148            gs27r2b40    1189    1189 2098123    [No]    [No]    1189      14  {14,15,16,17,18,19,20,21,22,23,24,25,26,27}
## EC_MEMINFO   1190   148            gs27r2b40    1190    1190 2098124    [No]    [No]    1190      14  {28,29,30,31,32,33,34,35,36,37,38,39,40,41}
## EC_MEMINFO   1191   148            gs27r2b40    1191    1191 2098125    [No]    [No]    1191      14  {42,43,44,45,46,47,48,49,50,51,52,53,54,55}
## EC_MEMINFO   1192   149            gs27r2b41    1192    1192 4086735    [No]     Yes    1192      14  {0,1,2,3,4,5,6,7,8,9,10,11,12,13}
## EC_MEMINFO   1193   149            gs27r2b41    1193    1193 4086736    [No]    [No]    1193      14  {14,15,16,17,18,19,20,21,22,23,24,25,26,27}
## EC_MEMINFO   1194   149            gs27r2b41    1194    1194 4086737    [No]    [No]    1194      14  {28,29,30,31,32,33,34,35,36,37,38,39,40,41}
## EC_MEMINFO   1195   149            gs27r2b41    1195    1195 4086738    [No]    [No]    1195      14  {42,43,44,45,46,47,48,49,50,51,52,53,54,55}
## EC_MEMINFO   1196   149            gs27r2b41    1196    1196 4086739    [No]    [No]    1196      14  {56,57,58,59,60,61,62,63,64,65,66,67,68,69}
## EC_MEMINFO   1197   149            gs27r2b41    1197    1197 4086740    [No]    [No]    1197      14  {70,71,72,73,74,75,76,77,78,79,80,81,82,83}
## EC_MEMINFO   1198   149            gs27r2b41    1198    1198 4086741    [No]    [No]    1198      14  {84,85,86,87,88,89,90,91,92,93,94,95,96,97}
## EC_MEMINFO   1199   149            gs27r2b41    1199    1199 4086742    [No]    [No]    1199      14  {98,99,100,101,102,103,104,105,106,107,108,109,110,111}
## EC_MEMINFO   1200   150            gs27r2b42    1200    1200 1697924    [No]     Yes    1200      14  {56,57,58,59,60,61,62,63,64,65,66,67,68,69}
## EC_MEMINFO   1201   150            gs27r2b42    1201    1201 1697925    [No]    [No]    1201      14  {70,71,72,73,74,75,76,77,78,79,80,81,82,83}
## EC_MEMINFO   1202   150            gs27r2b42    1202    1202 1697926    [No]    [No]    1202      14  {84,85,86,87,88,89,90,91,92,93,94,95,96,97}
## EC_MEMINFO   1203   150            gs27r2b42    1203    1203 1697927    [No]    [No]    1203      14  {98,99,100,101,102,103,104,105,106,107,108,109,110,111}
## EC_MEMINFO   1204   150            gs27r2b42    1204    1204 1697928    [No]    [No]    1204      14  {0,1,2,3,4,5,6,7,8,9,10,11,12,13}
## EC_MEMINFO   1205   150            gs27r2b42    1205    1205 1697929    [No]    [No]    1205      14  {14,15,16,17,18,19,20,21,22,23,24,25,26,27}
## EC_MEMINFO   1206   150            gs27r2b42    1206    1206 1697930    [No]    [No]    1206      14  {28,29,30,31,32,33,34,35,36,37,38,39,40,41}
## EC_MEMINFO   1207   150            gs27r2b42    1207    1207 1697931    [No]    [No]    1207      14  {42,43,44,45,46,47,48,49,50,51,52,53,54,55}
## EC_MEMINFO   1208   151            gs27r2b43    1208    1208 1619344    [No]     Yes    1208      14  {0,1,2,3,4,5,6,7,8,9,10,11,12,13}
## EC_MEMINFO   1209   151            gs27r2b43    1209    1209 1619345    [No]    [No]    1209      14  {14,15,16,17,18,19,20,21,22,23,24,25,26,27}
## EC_MEMINFO   1210   151            gs27r2b43    1210    1210 1619346    [No]    [No]    1210      14  {28,29,30,31,32,33,34,35,36,37,38,39,40,41}
## EC_MEMINFO   1211   151            gs27r2b43    1211    1211 1619347    [No]    [No]    1211      14  {42,43,44,45,46,47,48,49,50,51,52,53,54,55}
## EC_MEMINFO   1212   151            gs27r2b43    1212    1212 1619348    [No]    [No]    1212      14  {56,57,58,59,60,61,62,63,64,65,66,67,68,69}
## EC_MEMINFO   1213   151            gs27r2b43    1213    1213 1619349    [No]    [No]    1213      14  {70,71,72,73,74,75,76,77,78,79,80,81,82,83}
## EC_MEMINFO   1214   151            gs27r2b43    1214    1214 1619350    [No]    [No]    1214      14  {84,85,86,87,88,89,90,91,92,93,94,95,96,97}
## EC_MEMINFO   1215   151            gs27r2b43    1215    1215 1619351    [No]    [No]    1215      14  {98,99,100,101,102,103,104,105,106,107,108,109,110,111}
## EC_MEMINFO   1216   152            gs27r2b45    1216    1216 3897581    [No]     Yes    1216      14  {0,1,2,3,4,5,6,7,8,9,10,11,12,13}
## EC_MEMINFO   1217   152            gs27r2b45    1217    1217 3897582    [No]    [No]    1217      14  {14,15,16,17,18,19,20,21,22,23,24,25,26,27}
## EC_MEMINFO   1218   152            gs27r2b45    1218    1218 3897583    [No]    [No]    1218      14  {28,29,30,31,32,33,34,35,36,37,38,39,40,41}
## EC_MEMINFO   1219   152            gs27r2b45    1219    1219 3897584    [No]    [No]    1219      14  {42,43,44,45,46,47,48,49,50,51,52,53,54,55}
## EC_MEMINFO   1220   152            gs27r2b45    1220    1220 3897585    [No]    [No]    1220      14  {56,57,58,59,60,61,62,63,64,65,66,67,68,69}
## EC_MEMINFO   1221   152            gs27r2b45    1221    1221 3897586    [No]    [No]    1221      14  {70,71,72,73,74,75,76,77,78,79,80,81,82,83}
## EC_MEMINFO   1222   152            gs27r2b45    1222    1222 3897587    [No]    [No]    1222      14  {84,85,86,87,88,89,90,91,92,93,94,95,96,97}
## EC_MEMINFO   1223   152            gs27r2b45    1223    1223 3897588    [No]    [No]    1223      14  {98,99,100,101,102,103,104,105,106,107,108,109,110,111}
## EC_MEMINFO   1224   153            gs27r2b46    1224    1224 3595592    [No]     Yes    1224      14  {56,57,58,59,60,61,62,63,64,65,66,67,68,69}
## EC_MEMINFO   1225   153            gs27r2b46    1225    1225 3595593    [No]    [No]    1225      14  {70,71,72,73,74,75,76,77,78,79,80,81,82,83}
## EC_MEMINFO   1226   153            gs27r2b46    1226    1226 3595594    [No]    [No]    1226      14  {84,85,86,87,88,89,90,91,92,93,94,95,96,97}
## EC_MEMINFO   1227   153            gs27r2b46    1227    1227 3595595    [No]    [No]    1227      14  {98,99,100,101,102,103,104,105,106,107,108,109,110,111}
## EC_MEMINFO   1228   153            gs27r2b46    1228    1228 3595596    [No]    [No]    1228      14  {0,1,2,3,4,5,6,7,8,9,10,11,12,13}
## EC_MEMINFO   1229   153            gs27r2b46    1229    1229 3595597    [No]    [No]    1229      14  {14,15,16,17,18,19,20,21,22,23,24,25,26,27}
## EC_MEMINFO   1230   153            gs27r2b46    1230    1230 3595598    [No]    [No]    1230      14  {28,29,30,31,32,33,34,35,36,37,38,39,40,41}
## EC_MEMINFO   1231   153            gs27r2b46    1231    1231 3595599    [No]    [No]    1231      14  {42,43,44,45,46,47,48,49,50,51,52,53,54,55}
## EC_MEMINFO   1232   154            gs27r2b47    1232    1232 1007337    [No]     Yes    1232      14  {0,1,2,3,4,5,6,7,8,9,10,11,12,13}
## EC_MEMINFO   1233   154            gs27r2b47    1233    1233 1007338    [No]    [No]    1233      14  {14,15,16,17,18,19,20,21,22,23,24,25,26,27}
## EC_MEMINFO   1234   154            gs27r2b47    1234    1234 1007339    [No]    [No]    1234      14  {28,29,30,31,32,33,34,35,36,37,38,39,40,41}
## EC_MEMINFO   1235   154            gs27r2b47    1235    1235 1007340    [No]    [No]    1235      14  {42,43,44,45,46,47,48,49,50,51,52,53,54,55}
## EC_MEMINFO   1236   154            gs27r2b47    1236    1236 1007341    [No]    [No]    1236      14  {56,57,58,59,60,61,62,63,64,65,66,67,68,69}
## EC_MEMINFO   1237   154            gs27r2b47    1237    1237 1007342    [No]    [No]    1237      14  {70,71,72,73,74,75,76,77,78,79,80,81,82,83}
## EC_MEMINFO   1238   154            gs27r2b47    1238    1238 1007343    [No]    [No]    1238      14  {84,85,86,87,88,89,90,91,92,93,94,95,96,97}
## EC_MEMINFO   1239   154            gs27r2b47    1239    1239 1007344    [No]    [No]    1239      14  {98,99,100,101,102,103,104,105,106,107,108,109,110,111}
## EC_MEMINFO   1240   155            gs27r2b49    1240    1240 2607559    [No]     Yes    1240      14  {0,1,2,3,4,5,6,7,8,9,10,11,12,13}
## EC_MEMINFO   1241   155            gs27r2b49    1241    1241 2607560    [No]    [No]    1241      14  {14,15,16,17,18,19,20,21,22,23,24,25,26,27}
## EC_MEMINFO   1242   155            gs27r2b49    1242    1242 2607561    [No]    [No]    1242      14  {28,29,30,31,32,33,34,35,36,37,38,39,40,41}
## EC_MEMINFO   1243   155            gs27r2b49    1243    1243 2607562    [No]    [No]    1243      14  {42,43,44,45,46,47,48,49,50,51,52,53,54,55}
## EC_MEMINFO   1244   155            gs27r2b49    1244    1244 2607563    [No]    [No]    1244      14  {56,57,58,59,60,61,62,63,64,65,66,67,68,69}
## EC_MEMINFO   1245   155            gs27r2b49    1245    1245 2607564    [No]    [No]    1245      14  {70,71,72,73,74,75,76,77,78,79,80,81,82,83}
## EC_MEMINFO   1246   155            gs27r2b49    1246    1246 2607565    [No]    [No]    1246      14  {84,85,86,87,88,89,90,91,92,93,94,95,96,97}
## EC_MEMINFO   1247   155            gs27r2b49    1247    1247 2607566    [No]    [No]    1247      14  {98,99,100,101,102,103,104,105,106,107,108,109,110,111}
## EC_MEMINFO   1248   156            gs27r2b50    1248    1248 2350354    [No]     Yes    1248      14  {56,57,58,59,60,61,62,63,64,65,66,67,68,69}
## EC_MEMINFO   1249   156            gs27r2b50    1249    1249 2350355    [No]    [No]    1249      14  {70,71,72,73,74,75,76,77,78,79,80,81,82,83}
## EC_MEMINFO   1250   156            gs27r2b50    1250    1250 2350356    [No]    [No]    1250      14  {84,85,86,87,88,89,90,91,92,93,94,95,96,97}
## EC_MEMINFO   1251   156            gs27r2b50    1251    1251 2350357    [No]    [No]    1251      14  {98,99,100,101,102,103,104,105,106,107,108,109,110,111}
## EC_MEMINFO   1252   156            gs27r2b50    1252    1252 2350358    [No]    [No]    1252      14  {0,1,2,3,4,5,6,7,8,9,10,11,12,13}
## EC_MEMINFO   1253   156            gs27r2b50    1253    1253 2350359    [No]    [No]    1253      14  {14,15,16,17,18,19,20,21,22,23,24,25,26,27}
## EC_MEMINFO   1254   156            gs27r2b50    1254    1254 2350360    [No]    [No]    1254      14  {28,29,30,31,32,33,34,35,36,37,38,39,40,41}
## EC_MEMINFO   1255   156            gs27r2b50    1255    1255 2350361    [No]    [No]    1255      14  {42,43,44,45,46,47,48,49,50,51,52,53,54,55}
## EC_MEMINFO   1256   157            gs27r2b52    1256    1256 1377000    [No]     Yes    1256      14  {56,57,58,59,60,61,62,63,64,65,66,67,68,69}
## EC_MEMINFO   1257   157            gs27r2b52    1257    1257 1377001    [No]    [No]    1257      14  {70,71,72,73,74,75,76,77,78,79,80,81,82,83}
## EC_MEMINFO   1258   157            gs27r2b52    1258    1258 1377002    [No]    [No]    1258      14  {84,85,86,87,88,89,90,91,92,93,94,95,96,97}
## EC_MEMINFO   1259   157            gs27r2b52    1259    1259 1377003    [No]    [No]    1259      14  {98,99,100,101,102,103,104,105,106,107,108,109,110,111}
## EC_MEMINFO   1260   157            gs27r2b52    1260    1260 1377004    [No]    [No]    1260      14  {0,1,2,3,4,5,6,7,8,9,10,11,12,13}
## EC_MEMINFO   1261   157            gs27r2b52    1261    1261 1377005    [No]    [No]    1261      14  {14,15,16,17,18,19,20,21,22,23,24,25,26,27}
## EC_MEMINFO   1262   157            gs27r2b52    1262    1262 1377006    [No]    [No]    1262      14  {28,29,30,31,32,33,34,35,36,37,38,39,40,41}
## EC_MEMINFO   1263   157            gs27r2b52    1263    1263 1377007    [No]    [No]    1263      14  {42,43,44,45,46,47,48,49,50,51,52,53,54,55}
## EC_MEMINFO   1264   158            gs27r2b53    1264    1264 1654669    [No]     Yes    1264      14  {0,1,2,3,4,5,6,7,8,9,10,11,12,13}
## EC_MEMINFO   1265   158            gs27r2b53    1265    1265 1654670    [No]    [No]    1265      14  {14,15,16,17,18,19,20,21,22,23,24,25,26,27}
## EC_MEMINFO   1266   158            gs27r2b53    1266    1266 1654671    [No]    [No]    1266      14  {28,29,30,31,32,33,34,35,36,37,38,39,40,41}
## EC_MEMINFO   1267   158            gs27r2b53    1267    1267 1654672    [No]    [No]    1267      14  {42,43,44,45,46,47,48,49,50,51,52,53,54,55}
## EC_MEMINFO   1268   158            gs27r2b53    1268    1268 1654673    [No]    [No]    1268      14  {56,57,58,59,60,61,62,63,64,65,66,67,68,69}
## EC_MEMINFO   1269   158            gs27r2b53    1269    1269 1654674    [No]    [No]    1269      14  {70,71,72,73,74,75,76,77,78,79,80,81,82,83}
## EC_MEMINFO   1270   158            gs27r2b53    1270    1270 1654675    [No]    [No]    1270      14  {84,85,86,87,88,89,90,91,92,93,94,95,96,97}
## EC_MEMINFO   1271   158            gs27r2b53    1271    1271 1654676    [No]    [No]    1271      14  {98,99,100,101,102,103,104,105,106,107,108,109,110,111}
## EC_MEMINFO   1272   159            gs27r2b57    1272    1272 1129753    [No]     Yes    1272      14  {0,1,2,3,4,5,6,7,8,9,10,11,12,13}
## EC_MEMINFO   1273   159            gs27r2b57    1273    1273 1129754    [No]    [No]    1273      14  {14,15,16,17,18,19,20,21,22,23,24,25,26,27}
## EC_MEMINFO   1274   159            gs27r2b57    1274    1274 1129755    [No]    [No]    1274      14  {28,29,30,31,32,33,34,35,36,37,38,39,40,41}
## EC_MEMINFO   1275   159            gs27r2b57    1275    1275 1129756    [No]    [No]    1275      14  {42,43,44,45,46,47,48,49,50,51,52,53,54,55}
## EC_MEMINFO   1276   159            gs27r2b57    1276    1276 1129757    [No]    [No]    1276      14  {56,57,58,59,60,61,62,63,64,65,66,67,68,69}
## EC_MEMINFO   1277   159            gs27r2b57    1277    1277 1129758    [No]    [No]    1277      14  {70,71,72,73,74,75,76,77,78,79,80,81,82,83}
## EC_MEMINFO   1278   159            gs27r2b57    1278    1278 1129759    [No]    [No]    1278      14  {84,85,86,87,88,89,90,91,92,93,94,95,96,97}
## EC_MEMINFO   1279   159            gs27r2b57    1279    1279 1129760    [No]    [No]    1279      14  {98,99,100,101,102,103,104,105,106,107,108,109,110,111}
## EC_MEMINFO   1280   160            gs27r2b58    1280    1280 1753109    [No]     Yes    1280      14  {56,57,58,59,60,61,62,63,64,65,66,67,68,69}
## EC_MEMINFO   1281   160            gs27r2b58    1281    1281 1753110    [No]    [No]    1281      14  {70,71,72,73,74,75,76,77,78,79,80,81,82,83}
## EC_MEMINFO   1282   160            gs27r2b58    1282    1282 1753111    [No]    [No]    1282      14  {84,85,86,87,88,89,90,91,92,93,94,95,96,97}
## EC_MEMINFO   1283   160            gs27r2b58    1283    1283 1753112    [No]    [No]    1283      14  {98,99,100,101,102,103,104,105,106,107,108,109,110,111}
## EC_MEMINFO   1284   160            gs27r2b58    1284    1284 1753113    [No]    [No]    1284      14  {0,1,2,3,4,5,6,7,8,9,10,11,12,13}
## EC_MEMINFO   1285   160            gs27r2b58    1285    1285 1753114    [No]    [No]    1285      14  {14,15,16,17,18,19,20,21,22,23,24,25,26,27}
## EC_MEMINFO   1286   160            gs27r2b58    1286    1286 1753115    [No]    [No]    1286      14  {28,29,30,31,32,33,34,35,36,37,38,39,40,41}
## EC_MEMINFO   1287   160            gs27r2b58    1287    1287 1753116    [No]    [No]    1287      14  {42,43,44,45,46,47,48,49,50,51,52,53,54,55}
## EC_MEMINFO   1288   161            gs27r2b59    1288    1288 1990572    [No]     Yes    1288      14  {0,1,2,3,4,5,6,7,8,9,10,11,12,13}
## EC_MEMINFO   1289   161            gs27r2b59    1289    1289 1990573    [No]    [No]    1289      14  {14,15,16,17,18,19,20,21,22,23,24,25,26,27}
## EC_MEMINFO   1290   161            gs27r2b59    1290    1290 1990574    [No]    [No]    1290      14  {28,29,30,31,32,33,34,35,36,37,38,39,40,41}
## EC_MEMINFO   1291   161            gs27r2b59    1291    1291 1990575    [No]    [No]    1291      14  {42,43,44,45,46,47,48,49,50,51,52,53,54,55}
## EC_MEMINFO   1292   161            gs27r2b59    1292    1292 1990576    [No]    [No]    1292      14  {56,57,58,59,60,61,62,63,64,65,66,67,68,69}
## EC_MEMINFO   1293   161            gs27r2b59    1293    1293 1990577    [No]    [No]    1293      14  {70,71,72,73,74,75,76,77,78,79,80,81,82,83}
## EC_MEMINFO   1294   161            gs27r2b59    1294    1294 1990578    [No]    [No]    1294      14  {84,85,86,87,88,89,90,91,92,93,94,95,96,97}
## EC_MEMINFO   1295   161            gs27r2b59    1295    1295 1990579    [No]    [No]    1295      14  {98,99,100,101,102,103,104,105,106,107,108,109,110,111}
## EC_MEMINFO   1296   162            gs27r2b60    1296    1296 3706520    [No]     Yes    1296      14  {56,57,58,59,60,61,62,63,64,65,66,67,68,69}
## EC_MEMINFO   1297   162            gs27r2b60    1297    1297 3706521    [No]    [No]    1297      14  {70,71,72,73,74,75,76,77,78,79,80,81,82,83}
## EC_MEMINFO   1298   162            gs27r2b60    1298    1298 3706522    [No]    [No]    1298      14  {84,85,86,87,88,89,90,91,92,93,94,95,96,97}
## EC_MEMINFO   1299   162            gs27r2b60    1299    1299 3706523    [No]    [No]    1299      14  {98,99,100,101,102,103,104,105,106,107,108,109,110,111}
## EC_MEMINFO   1300   162            gs27r2b60    1300    1300 3706524    [No]    [No]    1300      14  {0,1,2,3,4,5,6,7,8,9,10,11,12,13}
## EC_MEMINFO   1301   162            gs27r2b60    1301    1301 3706525    [No]    [No]    1301      14  {14,15,16,17,18,19,20,21,22,23,24,25,26,27}
## EC_MEMINFO   1302   162            gs27r2b60    1302    1302 3706526    [No]    [No]    1302      14  {28,29,30,31,32,33,34,35,36,37,38,39,40,41}
## EC_MEMINFO   1303   162            gs27r2b60    1303    1303 3706527    [No]    [No]    1303      14  {42,43,44,45,46,47,48,49,50,51,52,53,54,55}
## EC_MEMINFO   1304   163            gs27r2b63    1304    1304 1643486    [No]     Yes    1304      14  {0,1,2,3,4,5,6,7,8,9,10,11,12,13}
## EC_MEMINFO   1305   163            gs27r2b63    1305    1305 1643487    [No]    [No]    1305      14  {14,15,16,17,18,19,20,21,22,23,24,25,26,27}
## EC_MEMINFO   1306   163            gs27r2b63    1306    1306 1643488    [No]    [No]    1306      14  {28,29,30,31,32,33,34,35,36,37,38,39,40,41}
## EC_MEMINFO   1307   163            gs27r2b63    1307    1307 1643489    [No]    [No]    1307      14  {42,43,44,45,46,47,48,49,50,51,52,53,54,55}
## EC_MEMINFO   1308   163            gs27r2b63    1308    1308 1643490    [No]    [No]    1308      14  {56,57,58,59,60,61,62,63,64,65,66,67,68,69}
## EC_MEMINFO   1309   163            gs27r2b63    1309    1309 1643491    [No]    [No]    1309      14  {70,71,72,73,74,75,76,77,78,79,80,81,82,83}
## EC_MEMINFO   1310   163            gs27r2b63    1310    1310 1643492    [No]    [No]    1310      14  {84,85,86,87,88,89,90,91,92,93,94,95,96,97}
## EC_MEMINFO   1311   163            gs27r2b63    1311    1311 1643493    [No]    [No]    1311      14  {98,99,100,101,102,103,104,105,106,107,108,109,110,111}
## EC_MEMINFO   1312   164            gs27r2b67    1312    1312 3573871    [No]     Yes    1312      14  {0,1,2,3,4,5,6,7,8,9,10,11,12,13}
## EC_MEMINFO   1313   164            gs27r2b67    1313    1313 3573872    [No]    [No]    1313      14  {14,15,16,17,18,19,20,21,22,23,24,25,26,27}
## EC_MEMINFO   1314   164            gs27r2b67    1314    1314 3573873    [No]    [No]    1314      14  {28,29,30,31,32,33,34,35,36,37,38,39,40,41}
## EC_MEMINFO   1315   164            gs27r2b67    1315    1315 3573874    [No]    [No]    1315      14  {42,43,44,45,46,47,48,49,50,51,52,53,54,55}
## EC_MEMINFO   1316   164            gs27r2b67    1316    1316 3573875    [No]    [No]    1316      14  {56,57,58,59,60,61,62,63,64,65,66,67,68,69}
## EC_MEMINFO   1317   164            gs27r2b67    1317    1317 3573876    [No]    [No]    1317      14  {70,71,72,73,74,75,76,77,78,79,80,81,82,83}
## EC_MEMINFO   1318   164            gs27r2b67    1318    1318 3573877    [No]    [No]    1318      14  {84,85,86,87,88,89,90,91,92,93,94,95,96,97}
## EC_MEMINFO   1319   164            gs27r2b67    1319    1319 3573878    [No]    [No]    1319      14  {98,99,100,101,102,103,104,105,106,107,108,109,110,111}
## EC_MEMINFO   1320   165            gs27r2b69    1320    1320  960596    [No]     Yes    1320      14  {0,1,2,3,4,5,6,7,8,9,10,11,12,13}
## EC_MEMINFO   1321   165            gs27r2b69    1321    1321  960597    [No]    [No]    1321      14  {14,15,16,17,18,19,20,21,22,23,24,25,26,27}
## EC_MEMINFO   1322   165            gs27r2b69    1322    1322  960598    [No]    [No]    1322      14  {28,29,30,31,32,33,34,35,36,37,38,39,40,41}
## EC_MEMINFO   1323   165            gs27r2b69    1323    1323  960599    [No]    [No]    1323      14  {42,43,44,45,46,47,48,49,50,51,52,53,54,55}
## EC_MEMINFO   1324   165            gs27r2b69    1324    1324  960600    [No]    [No]    1324      14  {56,57,58,59,60,61,62,63,64,65,66,67,68,69}
## EC_MEMINFO   1325   165            gs27r2b69    1325    1325  960601    [No]    [No]    1325      14  {70,71,72,73,74,75,76,77,78,79,80,81,82,83}
## EC_MEMINFO   1326   165            gs27r2b69    1326    1326  960602    [No]    [No]    1326      14  {84,85,86,87,88,89,90,91,92,93,94,95,96,97}
## EC_MEMINFO   1327   165            gs27r2b69    1327    1327  960603    [No]    [No]    1327      14  {98,99,100,101,102,103,104,105,106,107,108,109,110,111}
## EC_MEMINFO   1328   166            gs28r2b08    1328    1328 1080358    [No]     Yes    1328      14  {56,57,58,59,60,61,62,63,64,65,66,67,68,69}
## EC_MEMINFO   1329   166            gs28r2b08    1329    1329 1080359    [No]    [No]    1329      14  {70,71,72,73,74,75,76,77,78,79,80,81,82,83}
## EC_MEMINFO   1330   166            gs28r2b08    1330    1330 1080360    [No]    [No]    1330      14  {84,85,86,87,88,89,90,91,92,93,94,95,96,97}
## EC_MEMINFO   1331   166            gs28r2b08    1331    1331 1080361    [No]    [No]    1331      14  {98,99,100,101,102,103,104,105,106,107,108,109,110,111}
## EC_MEMINFO   1332   166            gs28r2b08    1332    1332 1080362    [No]    [No]    1332      14  {0,1,2,3,4,5,6,7,8,9,10,11,12,13}
## EC_MEMINFO   1333   166            gs28r2b08    1333    1333 1080363    [No]    [No]    1333      14  {14,15,16,17,18,19,20,21,22,23,24,25,26,27}
## EC_MEMINFO   1334   166            gs28r2b08    1334    1334 1080364    [No]    [No]    1334      14  {28,29,30,31,32,33,34,35,36,37,38,39,40,41}
## EC_MEMINFO   1335   166            gs28r2b08    1335    1335 1080365    [No]    [No]    1335      14  {42,43,44,45,46,47,48,49,50,51,52,53,54,55}
## EC_MEMINFO   1336   167            gs28r2b09    1336    1336  592880    [No]     Yes    1336      14  {0,1,2,3,4,5,6,7,8,9,10,11,12,13}
## EC_MEMINFO   1337   167            gs28r2b09    1337    1337  592881    [No]    [No]    1337      14  {14,15,16,17,18,19,20,21,22,23,24,25,26,27}
## EC_MEMINFO   1338   167            gs28r2b09    1338    1338  592882    [No]    [No]    1338      14  {28,29,30,31,32,33,34,35,36,37,38,39,40,41}
## EC_MEMINFO   1339   167            gs28r2b09    1339    1339  592883    [No]    [No]    1339      14  {42,43,44,45,46,47,48,49,50,51,52,53,54,55}
## EC_MEMINFO   1340   167            gs28r2b09    1340    1340  592884    [No]    [No]    1340      14  {56,57,58,59,60,61,62,63,64,65,66,67,68,69}
## EC_MEMINFO   1341   167            gs28r2b09    1341    1341  592885    [No]    [No]    1341      14  {70,71,72,73,74,75,76,77,78,79,80,81,82,83}
## EC_MEMINFO   1342   167            gs28r2b09    1342    1342  592886    [No]    [No]    1342      14  {84,85,86,87,88,89,90,91,92,93,94,95,96,97}
## EC_MEMINFO   1343   167            gs28r2b09    1343    1343  592887    [No]    [No]    1343      14  {98,99,100,101,102,103,104,105,106,107,108,109,110,111}
## EC_MEMINFO   1344   168            gs28r2b10    1344    1344  952535    [No]     Yes    1344      14  {56,57,58,59,60,61,62,63,64,65,66,67,68,69}
## EC_MEMINFO   1345   168            gs28r2b10    1345    1345  952536    [No]    [No]    1345      14  {70,71,72,73,74,75,76,77,78,79,80,81,82,83}
## EC_MEMINFO   1346   168            gs28r2b10    1346    1346  952537    [No]    [No]    1346      14  {84,85,86,87,88,89,90,91,92,93,94,95,96,97}
## EC_MEMINFO   1347   168            gs28r2b10    1347    1347  952538    [No]    [No]    1347      14  {98,99,100,101,102,103,104,105,106,107,108,109,110,111}
## EC_MEMINFO   1348   168            gs28r2b10    1348    1348  952539    [No]    [No]    1348      14  {0,1,2,3,4,5,6,7,8,9,10,11,12,13}
## EC_MEMINFO   1349   168            gs28r2b10    1349    1349  952540    [No]    [No]    1349      14  {14,15,16,17,18,19,20,21,22,23,24,25,26,27}
## EC_MEMINFO   1350   168            gs28r2b10    1350    1350  952541    [No]    [No]    1350      14  {28,29,30,31,32,33,34,35,36,37,38,39,40,41}
## EC_MEMINFO   1351   168            gs28r2b10    1351    1351  952542    [No]    [No]    1351      14  {42,43,44,45,46,47,48,49,50,51,52,53,54,55}
## EC_MEMINFO   1352   169            gs28r2b11    1352    1352 1539050    [No]     Yes    1352      14  {0,1,2,3,4,5,6,7,8,9,10,11,12,13}
## EC_MEMINFO   1353   169            gs28r2b11    1353    1353 1539051    [No]    [No]    1353      14  {14,15,16,17,18,19,20,21,22,23,24,25,26,27}
## EC_MEMINFO   1354   169            gs28r2b11    1354    1354 1539052    [No]    [No]    1354      14  {28,29,30,31,32,33,34,35,36,37,38,39,40,41}
## EC_MEMINFO   1355   169            gs28r2b11    1355    1355 1539053    [No]    [No]    1355      14  {42,43,44,45,46,47,48,49,50,51,52,53,54,55}
## EC_MEMINFO   1356   169            gs28r2b11    1356    1356 1539054    [No]    [No]    1356      14  {56,57,58,59,60,61,62,63,64,65,66,67,68,69}
## EC_MEMINFO   1357   169            gs28r2b11    1357    1357 1539055    [No]    [No]    1357      14  {70,71,72,73,74,75,76,77,78,79,80,81,82,83}
## EC_MEMINFO   1358   169            gs28r2b11    1358    1358 1539056    [No]    [No]    1358      14  {84,85,86,87,88,89,90,91,92,93,94,95,96,97}
## EC_MEMINFO   1359   169            gs28r2b11    1359    1359 1539057    [No]    [No]    1359      14  {98,99,100,101,102,103,104,105,106,107,108,109,110,111}
## EC_MEMINFO   1360   170            gs28r2b12    1360    1360 2050692    [No]     Yes    1360      14  {56,57,58,59,60,61,62,63,64,65,66,67,68,69}
## EC_MEMINFO   1361   170            gs28r2b12    1361    1361 2050693    [No]    [No]    1361      14  {70,71,72,73,74,75,76,77,78,79,80,81,82,83}
## EC_MEMINFO   1362   170            gs28r2b12    1362    1362 2050694    [No]    [No]    1362      14  {84,85,86,87,88,89,90,91,92,93,94,95,96,97}
## EC_MEMINFO   1363   170            gs28r2b12    1363    1363 2050695    [No]    [No]    1363      14  {98,99,100,101,102,103,104,105,106,107,108,109,110,111}
## EC_MEMINFO   1364   170            gs28r2b12    1364    1364 2050696    [No]    [No]    1364      14  {0,1,2,3,4,5,6,7,8,9,10,11,12,13}
## EC_MEMINFO   1365   170            gs28r2b12    1365    1365 2050697    [No]    [No]    1365      14  {14,15,16,17,18,19,20,21,22,23,24,25,26,27}
## EC_MEMINFO   1366   170            gs28r2b12    1366    1366 2050698    [No]    [No]    1366      14  {28,29,30,31,32,33,34,35,36,37,38,39,40,41}
## EC_MEMINFO   1367   170            gs28r2b12    1367    1367 2050699    [No]    [No]    1367      14  {42,43,44,45,46,47,48,49,50,51,52,53,54,55}
## EC_MEMINFO   1368   171            gs28r2b13    1368    1368 1952343    [No]     Yes    1368      14  {0,1,2,3,4,5,6,7,8,9,10,11,12,13}
## EC_MEMINFO   1369   171            gs28r2b13    1369    1369 1952344    [No]    [No]    1369      14  {14,15,16,17,18,19,20,21,22,23,24,25,26,27}
## EC_MEMINFO   1370   171            gs28r2b13    1370    1370 1952345    [No]    [No]    1370      14  {28,29,30,31,32,33,34,35,36,37,38,39,40,41}
## EC_MEMINFO   1371   171            gs28r2b13    1371    1371 1952346    [No]    [No]    1371      14  {42,43,44,45,46,47,48,49,50,51,52,53,54,55}
## EC_MEMINFO   1372   171            gs28r2b13    1372    1372 1952347    [No]    [No]    1372      14  {56,57,58,59,60,61,62,63,64,65,66,67,68,69}
## EC_MEMINFO   1373   171            gs28r2b13    1373    1373 1952348    [No]    [No]    1373      14  {70,71,72,73,74,75,76,77,78,79,80,81,82,83}
## EC_MEMINFO   1374   171            gs28r2b13    1374    1374 1952349    [No]    [No]    1374      14  {84,85,86,87,88,89,90,91,92,93,94,95,96,97}
## EC_MEMINFO   1375   171            gs28r2b13    1375    1375 1952350    [No]    [No]    1375      14  {98,99,100,101,102,103,104,105,106,107,108,109,110,111}
## EC_MEMINFO   1376   172            gs28r2b14    1376    1376 1431613    [No]     Yes    1376      14  {56,57,58,59,60,61,62,63,64,65,66,67,68,69}
## EC_MEMINFO   1377   172            gs28r2b14    1377    1377 1431614    [No]    [No]    1377      14  {70,71,72,73,74,75,76,77,78,79,80,81,82,83}
## EC_MEMINFO   1378   172            gs28r2b14    1378    1378 1431615    [No]    [No]    1378      14  {84,85,86,87,88,89,90,91,92,93,94,95,96,97}
## EC_MEMINFO   1379   172            gs28r2b14    1379    1379 1431616    [No]    [No]    1379      14  {98,99,100,101,102,103,104,105,106,107,108,109,110,111}
## EC_MEMINFO   1380   172            gs28r2b14    1380    1380 1431617    [No]    [No]    1380      14  {0,1,2,3,4,5,6,7,8,9,10,11,12,13}
## EC_MEMINFO   1381   172            gs28r2b14    1381    1381 1431618    [No]    [No]    1381      14  {14,15,16,17,18,19,20,21,22,23,24,25,26,27}
## EC_MEMINFO   1382   172            gs28r2b14    1382    1382 1431619    [No]    [No]    1382      14  {28,29,30,31,32,33,34,35,36,37,38,39,40,41}
## EC_MEMINFO   1383   172            gs28r2b14    1383    1383 1431620    [No]    [No]    1383      14  {42,43,44,45,46,47,48,49,50,51,52,53,54,55}
## EC_MEMINFO   1384   173            gs28r2b15    1384    1384 1520456    [No]     Yes    1384      14  {0,1,2,3,4,5,6,7,8,9,10,11,12,13}
## EC_MEMINFO   1385   173            gs28r2b15    1385    1385 1520457    [No]    [No]    1385      14  {14,15,16,17,18,19,20,21,22,23,24,25,26,27}
## EC_MEMINFO   1386   173            gs28r2b15    1386    1386 1520458    [No]    [No]    1386      14  {28,29,30,31,32,33,34,35,36,37,38,39,40,41}
## EC_MEMINFO   1387   173            gs28r2b15    1387    1387 1520459    [No]    [No]    1387      14  {42,43,44,45,46,47,48,49,50,51,52,53,54,55}
## EC_MEMINFO   1388   173            gs28r2b15    1388    1388 1520460    [No]    [No]    1388      14  {56,57,58,59,60,61,62,63,64,65,66,67,68,69}
## EC_MEMINFO   1389   173            gs28r2b15    1389    1389 1520461    [No]    [No]    1389      14  {70,71,72,73,74,75,76,77,78,79,80,81,82,83}
## EC_MEMINFO   1390   173            gs28r2b15    1390    1390 1520462    [No]    [No]    1390      14  {84,85,86,87,88,89,90,91,92,93,94,95,96,97}
## EC_MEMINFO   1391   173            gs28r2b15    1391    1391 1520463    [No]    [No]    1391      14  {98,99,100,101,102,103,104,105,106,107,108,109,110,111}
## EC_MEMINFO   1392   174            gs28r2b16    1392    1392 1080445    [No]     Yes    1392      14  {56,57,58,59,60,61,62,63,64,65,66,67,68,69}
## EC_MEMINFO   1393   174            gs28r2b16    1393    1393 1080446    [No]    [No]    1393      14  {70,71,72,73,74,75,76,77,78,79,80,81,82,83}
## EC_MEMINFO   1394   174            gs28r2b16    1394    1394 1080447    [No]    [No]    1394      14  {84,85,86,87,88,89,90,91,92,93,94,95,96,97}
## EC_MEMINFO   1395   174            gs28r2b16    1395    1395 1080448    [No]    [No]    1395      14  {98,99,100,101,102,103,104,105,106,107,108,109,110,111}
## EC_MEMINFO   1396   174            gs28r2b16    1396    1396 1080449    [No]    [No]    1396      14  {0,1,2,3,4,5,6,7,8,9,10,11,12,13}
## EC_MEMINFO   1397   174            gs28r2b16    1397    1397 1080450    [No]    [No]    1397      14  {14,15,16,17,18,19,20,21,22,23,24,25,26,27}
## EC_MEMINFO   1398   174            gs28r2b16    1398    1398 1080451    [No]    [No]    1398      14  {28,29,30,31,32,33,34,35,36,37,38,39,40,41}
## EC_MEMINFO   1399   174            gs28r2b16    1399    1399 1080452    [No]    [No]    1399      14  {42,43,44,45,46,47,48,49,50,51,52,53,54,55}
## EC_MEMINFO   1400   175            gs28r2b17    1400    1400 1236319    [No]     Yes    1400      14  {0,1,2,3,4,5,6,7,8,9,10,11,12,13}
## EC_MEMINFO   1401   175            gs28r2b17    1401    1401 1236320    [No]    [No]    1401      14  {14,15,16,17,18,19,20,21,22,23,24,25,26,27}
## EC_MEMINFO   1402   175            gs28r2b17    1402    1402 1236321    [No]    [No]    1402      14  {28,29,30,31,32,33,34,35,36,37,38,39,40,41}
## EC_MEMINFO   1403   175            gs28r2b17    1403    1403 1236322    [No]    [No]    1403      14  {42,43,44,45,46,47,48,49,50,51,52,53,54,55}
## EC_MEMINFO   1404   175            gs28r2b17    1404    1404 1236323    [No]    [No]    1404      14  {56,57,58,59,60,61,62,63,64,65,66,67,68,69}
## EC_MEMINFO   1405   175            gs28r2b17    1405    1405 1236324    [No]    [No]    1405      14  {70,71,72,73,74,75,76,77,78,79,80,81,82,83}
## EC_MEMINFO   1406   175            gs28r2b17    1406    1406 1236325    [No]    [No]    1406      14  {84,85,86,87,88,89,90,91,92,93,94,95,96,97}
## EC_MEMINFO   1407   175            gs28r2b17    1407    1407 1236326    [No]    [No]    1407      14  {98,99,100,101,102,103,104,105,106,107,108,109,110,111}
## EC_MEMINFO   1408   176            gs28r2b18    1408    1408 1042346    [No]     Yes    1408      14  {56,57,58,59,60,61,62,63,64,65,66,67,68,69}
## EC_MEMINFO   1409   176            gs28r2b18    1409    1409 1042347    [No]    [No]    1409      14  {70,71,72,73,74,75,76,77,78,79,80,81,82,83}
## EC_MEMINFO   1410   176            gs28r2b18    1410    1410 1042348    [No]    [No]    1410      14  {84,85,86,87,88,89,90,91,92,93,94,95,96,97}
## EC_MEMINFO   1411   176            gs28r2b18    1411    1411 1042349    [No]    [No]    1411      14  {98,99,100,101,102,103,104,105,106,107,108,109,110,111}
## EC_MEMINFO   1412   176            gs28r2b18    1412    1412 1042350    [No]    [No]    1412      14  {0,1,2,3,4,5,6,7,8,9,10,11,12,13}
## EC_MEMINFO   1413   176            gs28r2b18    1413    1413 1042351    [No]    [No]    1413      14  {14,15,16,17,18,19,20,21,22,23,24,25,26,27}
## EC_MEMINFO   1414   176            gs28r2b18    1414    1414 1042352    [No]    [No]    1414      14  {28,29,30,31,32,33,34,35,36,37,38,39,40,41}
## EC_MEMINFO   1415   176            gs28r2b18    1415    1415 1042353    [No]    [No]    1415      14  {42,43,44,45,46,47,48,49,50,51,52,53,54,55}
## EC_MEMINFO   1416   177            gs28r2b19    1416    1416  700772    [No]     Yes    1416      14  {0,1,2,3,4,5,6,7,8,9,10,11,12,13}
## EC_MEMINFO   1417   177            gs28r2b19    1417    1417  700773    [No]    [No]    1417      14  {14,15,16,17,18,19,20,21,22,23,24,25,26,27}
## EC_MEMINFO   1418   177            gs28r2b19    1418    1418  700774    [No]    [No]    1418      14  {28,29,30,31,32,33,34,35,36,37,38,39,40,41}
## EC_MEMINFO   1419   177            gs28r2b19    1419    1419  700775    [No]    [No]    1419      14  {42,43,44,45,46,47,48,49,50,51,52,53,54,55}
## EC_MEMINFO   1420   177            gs28r2b19    1420    1420  700776    [No]    [No]    1420      14  {56,57,58,59,60,61,62,63,64,65,66,67,68,69}
## EC_MEMINFO   1421   177            gs28r2b19    1421    1421  700777    [No]    [No]    1421      14  {70,71,72,73,74,75,76,77,78,79,80,81,82,83}
## EC_MEMINFO   1422   177            gs28r2b19    1422    1422  700778    [No]    [No]    1422      14  {84,85,86,87,88,89,90,91,92,93,94,95,96,97}
## EC_MEMINFO   1423   177            gs28r2b19    1423    1423  700779    [No]    [No]    1423      14  {98,99,100,101,102,103,104,105,106,107,108,109,110,111}
## EC_MEMINFO   1424   178            gs28r2b20    1424    1424 3716819    [No]     Yes    1424      14  {56,57,58,59,60,61,62,63,64,65,66,67,68,69}
## EC_MEMINFO   1425   178            gs28r2b20    1425    1425 3716820    [No]    [No]    1425      14  {70,71,72,73,74,75,76,77,78,79,80,81,82,83}
## EC_MEMINFO   1426   178            gs28r2b20    1426    1426 3716821    [No]    [No]    1426      14  {84,85,86,87,88,89,90,91,92,93,94,95,96,97}
## EC_MEMINFO   1427   178            gs28r2b20    1427    1427 3716822    [No]    [No]    1427      14  {98,99,100,101,102,103,104,105,106,107,108,109,110,111}
## EC_MEMINFO   1428   178            gs28r2b20    1428    1428 3716823    [No]    [No]    1428      14  {0,1,2,3,4,5,6,7,8,9,10,11,12,13}
## EC_MEMINFO   1429   178            gs28r2b20    1429    1429 3716824    [No]    [No]    1429      14  {14,15,16,17,18,19,20,21,22,23,24,25,26,27}
## EC_MEMINFO   1430   178            gs28r2b20    1430    1430 3716825    [No]    [No]    1430      14  {28,29,30,31,32,33,34,35,36,37,38,39,40,41}
## EC_MEMINFO   1431   178            gs28r2b20    1431    1431 3716826    [No]    [No]    1431      14  {42,43,44,45,46,47,48,49,50,51,52,53,54,55}
## EC_MEMINFO   1432   179            gs28r2b21    1432    1432 4042076    [No]     Yes    1432      14  {0,1,2,3,4,5,6,7,8,9,10,11,12,13}
## EC_MEMINFO   1433   179            gs28r2b21    1433    1433 4042077    [No]    [No]    1433      14  {14,15,16,17,18,19,20,21,22,23,24,25,26,27}
## EC_MEMINFO   1434   179            gs28r2b21    1434    1434 4042078    [No]    [No]    1434      14  {28,29,30,31,32,33,34,35,36,37,38,39,40,41}
## EC_MEMINFO   1435   179            gs28r2b21    1435    1435 4042079    [No]    [No]    1435      14  {42,43,44,45,46,47,48,49,50,51,52,53,54,55}
## EC_MEMINFO   1436   179            gs28r2b21    1436    1436 4042080    [No]    [No]    1436      14  {56,57,58,59,60,61,62,63,64,65,66,67,68,69}
## EC_MEMINFO   1437   179            gs28r2b21    1437    1437 4042081    [No]    [No]    1437      14  {70,71,72,73,74,75,76,77,78,79,80,81,82,83}
## EC_MEMINFO   1438   179            gs28r2b21    1438    1438 4042082    [No]    [No]    1438      14  {84,85,86,87,88,89,90,91,92,93,94,95,96,97}
## EC_MEMINFO   1439   179            gs28r2b21    1439    1439 4042083    [No]    [No]    1439      14  {98,99,100,101,102,103,104,105,106,107,108,109,110,111}
## EC_MEMINFO   1440   180            gs28r2b22    1440    1440 2499459    [No]     Yes    1440      14  {56,57,58,59,60,61,62,63,64,65,66,67,68,69}
## EC_MEMINFO   1441   180            gs28r2b22    1441    1441 2499460    [No]    [No]    1441      14  {70,71,72,73,74,75,76,77,78,79,80,81,82,83}
## EC_MEMINFO   1442   180            gs28r2b22    1442    1442 2499461    [No]    [No]    1442      14  {84,85,86,87,88,89,90,91,92,93,94,95,96,97}
## EC_MEMINFO   1443   180            gs28r2b22    1443    1443 2499462    [No]    [No]    1443      14  {98,99,100,101,102,103,104,105,106,107,108,109,110,111}
## EC_MEMINFO   1444   180            gs28r2b22    1444    1444 2499463    [No]    [No]    1444      14  {0,1,2,3,4,5,6,7,8,9,10,11,12,13}
## EC_MEMINFO   1445   180            gs28r2b22    1445    1445 2499464    [No]    [No]    1445      14  {14,15,16,17,18,19,20,21,22,23,24,25,26,27}
## EC_MEMINFO   1446   180            gs28r2b22    1446    1446 2499465    [No]    [No]    1446      14  {28,29,30,31,32,33,34,35,36,37,38,39,40,41}
## EC_MEMINFO   1447   180            gs28r2b22    1447    1447 2499466    [No]    [No]    1447      14  {42,43,44,45,46,47,48,49,50,51,52,53,54,55}
## EC_MEMINFO   1448   181            gs28r2b23    1448    1448  452000    [No]     Yes    1448      14  {0,1,2,3,4,5,6,7,8,9,10,11,12,13}
## EC_MEMINFO   1449   181            gs28r2b23    1449    1449  452001    [No]    [No]    1449      14  {14,15,16,17,18,19,20,21,22,23,24,25,26,27}
## EC_MEMINFO   1450   181            gs28r2b23    1450    1450  452002    [No]    [No]    1450      14  {28,29,30,31,32,33,34,35,36,37,38,39,40,41}
## EC_MEMINFO   1451   181            gs28r2b23    1451    1451  452003    [No]    [No]    1451      14  {42,43,44,45,46,47,48,49,50,51,52,53,54,55}
## EC_MEMINFO   1452   181            gs28r2b23    1452    1452  452004    [No]    [No]    1452      14  {56,57,58,59,60,61,62,63,64,65,66,67,68,69}
## EC_MEMINFO   1453   181            gs28r2b23    1453    1453  452005    [No]    [No]    1453      14  {70,71,72,73,74,75,76,77,78,79,80,81,82,83}
## EC_MEMINFO   1454   181            gs28r2b23    1454    1454  452006    [No]    [No]    1454      14  {84,85,86,87,88,89,90,91,92,93,94,95,96,97}
## EC_MEMINFO   1455   181            gs28r2b23    1455    1455  452007    [No]    [No]    1455      14  {98,99,100,101,102,103,104,105,106,107,108,109,110,111}
## EC_MEMINFO   1456   182            gs28r2b24    1456    1456  836934    [No]     Yes    1456      14  {56,57,58,59,60,61,62,63,64,65,66,67,68,69}
## EC_MEMINFO   1457   182            gs28r2b24    1457    1457  836935    [No]    [No]    1457      14  {70,71,72,73,74,75,76,77,78,79,80,81,82,83}
## EC_MEMINFO   1458   182            gs28r2b24    1458    1458  836936    [No]    [No]    1458      14  {84,85,86,87,88,89,90,91,92,93,94,95,96,97}
## EC_MEMINFO   1459   182            gs28r2b24    1459    1459  836937    [No]    [No]    1459      14  {98,99,100,101,102,103,104,105,106,107,108,109,110,111}
## EC_MEMINFO   1460   182            gs28r2b24    1460    1460  836938    [No]    [No]    1460      14  {0,1,2,3,4,5,6,7,8,9,10,11,12,13}
## EC_MEMINFO   1461   182            gs28r2b24    1461    1461  836939    [No]    [No]    1461      14  {14,15,16,17,18,19,20,21,22,23,24,25,26,27}
## EC_MEMINFO   1462   182            gs28r2b24    1462    1462  836940    [No]    [No]    1462      14  {28,29,30,31,32,33,34,35,36,37,38,39,40,41}
## EC_MEMINFO   1463   182            gs28r2b24    1463    1463  836941    [No]    [No]    1463      14  {42,43,44,45,46,47,48,49,50,51,52,53,54,55}
## EC_MEMINFO   1464   183            gs28r2b25    1464    1464 3814965    [No]     Yes    1464      14  {0,1,2,3,4,5,6,7,8,9,10,11,12,13}
## EC_MEMINFO   1465   183            gs28r2b25    1465    1465 3814966    [No]    [No]    1465      14  {14,15,16,17,18,19,20,21,22,23,24,25,26,27}
## EC_MEMINFO   1466   183            gs28r2b25    1466    1466 3814967    [No]    [No]    1466      14  {28,29,30,31,32,33,34,35,36,37,38,39,40,41}
## EC_MEMINFO   1467   183            gs28r2b25    1467    1467 3814968    [No]    [No]    1467      14  {42,43,44,45,46,47,48,49,50,51,52,53,54,55}
## EC_MEMINFO   1468   183            gs28r2b25    1468    1468 3814969    [No]    [No]    1468      14  {56,57,58,59,60,61,62,63,64,65,66,67,68,69}
## EC_MEMINFO   1469   183            gs28r2b25    1469    1469 3814970    [No]    [No]    1469      14  {70,71,72,73,74,75,76,77,78,79,80,81,82,83}
## EC_MEMINFO   1470   183            gs28r2b25    1470    1470 3814971    [No]    [No]    1470      14  {84,85,86,87,88,89,90,91,92,93,94,95,96,97}
## EC_MEMINFO   1471   183            gs28r2b25    1471    1471 3814972    [No]    [No]    1471      14  {98,99,100,101,102,103,104,105,106,107,108,109,110,111}
## EC_MEMINFO   1472   184            gs28r2b26    1472    1472  799927    [No]     Yes    1472      14  {56,57,58,59,60,61,62,63,64,65,66,67,68,69}
## EC_MEMINFO   1473   184            gs28r2b26    1473    1473  799928    [No]    [No]    1473      14  {70,71,72,73,74,75,76,77,78,79,80,81,82,83}
## EC_MEMINFO   1474   184            gs28r2b26    1474    1474  799929    [No]    [No]    1474      14  {84,85,86,87,88,89,90,91,92,93,94,95,96,97}
## EC_MEMINFO   1475   184            gs28r2b26    1475    1475  799930    [No]    [No]    1475      14  {98,99,100,101,102,103,104,105,106,107,108,109,110,111}
## EC_MEMINFO   1476   184            gs28r2b26    1476    1476  799931    [No]    [No]    1476      14  {0,1,2,3,4,5,6,7,8,9,10,11,12,13}
## EC_MEMINFO   1477   184            gs28r2b26    1477    1477  799932    [No]    [No]    1477      14  {14,15,16,17,18,19,20,21,22,23,24,25,26,27}
## EC_MEMINFO   1478   184            gs28r2b26    1478    1478  799933    [No]    [No]    1478      14  {28,29,30,31,32,33,34,35,36,37,38,39,40,41}
## EC_MEMINFO   1479   184            gs28r2b26    1479    1479  799934    [No]    [No]    1479      14  {42,43,44,45,46,47,48,49,50,51,52,53,54,55}
## EC_MEMINFO   1480   185            gs28r2b27    1480    1480  856601    [No]     Yes    1480      14  {0,1,2,3,4,5,6,7,8,9,10,11,12,13}
## EC_MEMINFO   1481   185            gs28r2b27    1481    1481  856602    [No]    [No]    1481      14  {14,15,16,17,18,19,20,21,22,23,24,25,26,27}
## EC_MEMINFO   1482   185            gs28r2b27    1482    1482  856603    [No]    [No]    1482      14  {28,29,30,31,32,33,34,35,36,37,38,39,40,41}
## EC_MEMINFO   1483   185            gs28r2b27    1483    1483  856604    [No]    [No]    1483      14  {42,43,44,45,46,47,48,49,50,51,52,53,54,55}
## EC_MEMINFO   1484   185            gs28r2b27    1484    1484  856605    [No]    [No]    1484      14  {56,57,58,59,60,61,62,63,64,65,66,67,68,69}
## EC_MEMINFO   1485   185            gs28r2b27    1485    1485  856606    [No]    [No]    1485      14  {70,71,72,73,74,75,76,77,78,79,80,81,82,83}
## EC_MEMINFO   1486   185            gs28r2b27    1486    1486  856607    [No]    [No]    1486      14  {84,85,86,87,88,89,90,91,92,93,94,95,96,97}
## EC_MEMINFO   1487   185            gs28r2b27    1487    1487  856608    [No]    [No]    1487      14  {98,99,100,101,102,103,104,105,106,107,108,109,110,111}
## EC_MEMINFO   1488   186            gs28r2b28    1488    1488 1347720    [No]     Yes    1488      14  {56,57,58,59,60,61,62,63,64,65,66,67,68,69}
## EC_MEMINFO   1489   186            gs28r2b28    1489    1489 1347721    [No]    [No]    1489      14  {70,71,72,73,74,75,76,77,78,79,80,81,82,83}
## EC_MEMINFO   1490   186            gs28r2b28    1490    1490 1347722    [No]    [No]    1490      14  {84,85,86,87,88,89,90,91,92,93,94,95,96,97}
## EC_MEMINFO   1491   186            gs28r2b28    1491    1491 1347723    [No]    [No]    1491      14  {98,99,100,101,102,103,104,105,106,107,108,109,110,111}
## EC_MEMINFO   1492   186            gs28r2b28    1492    1492 1347724    [No]    [No]    1492      14  {0,1,2,3,4,5,6,7,8,9,10,11,12,13}
## EC_MEMINFO   1493   186            gs28r2b28    1493    1493 1347725    [No]    [No]    1493      14  {14,15,16,17,18,19,20,21,22,23,24,25,26,27}
## EC_MEMINFO   1494   186            gs28r2b28    1494    1494 1347726    [No]    [No]    1494      14  {28,29,30,31,32,33,34,35,36,37,38,39,40,41}
## EC_MEMINFO   1495   186            gs28r2b28    1495    1495 1347727    [No]    [No]    1495      14  {42,43,44,45,46,47,48,49,50,51,52,53,54,55}
## EC_MEMINFO   1496   187            gs28r2b29    1496    1496 3649608    [No]     Yes    1496      14  {0,1,2,3,4,5,6,7,8,9,10,11,12,13}
## EC_MEMINFO   1497   187            gs28r2b29    1497    1497 3649609    [No]    [No]    1497      14  {14,15,16,17,18,19,20,21,22,23,24,25,26,27}
## EC_MEMINFO   1498   187            gs28r2b29    1498    1498 3649610    [No]    [No]    1498      14  {28,29,30,31,32,33,34,35,36,37,38,39,40,41}
## EC_MEMINFO   1499   187            gs28r2b29    1499    1499 3649611    [No]    [No]    1499      14  {42,43,44,45,46,47,48,49,50,51,52,53,54,55}
## EC_MEMINFO   1500   187            gs28r2b29    1500    1500 3649612    [No]    [No]    1500      14  {56,57,58,59,60,61,62,63,64,65,66,67,68,69}
## EC_MEMINFO   1501   187            gs28r2b29    1501    1501 3649613    [No]    [No]    1501      14  {70,71,72,73,74,75,76,77,78,79,80,81,82,83}
## EC_MEMINFO   1502   187            gs28r2b29    1502    1502 3649614    [No]    [No]    1502      14  {84,85,86,87,88,89,90,91,92,93,94,95,96,97}
## EC_MEMINFO   1503   187            gs28r2b29    1503    1503 3649615    [No]    [No]    1503      14  {98,99,100,101,102,103,104,105,106,107,108,109,110,111}
## EC_MEMINFO   1504   188            gs28r2b30    1504    1504 1404655    [No]     Yes    1504      14  {56,57,58,59,60,61,62,63,64,65,66,67,68,69}
## EC_MEMINFO   1505   188            gs28r2b30    1505    1505 1404656    [No]    [No]    1505      14  {70,71,72,73,74,75,76,77,78,79,80,81,82,83}
## EC_MEMINFO   1506   188            gs28r2b30    1506    1506 1404657    [No]    [No]    1506      14  {84,85,86,87,88,89,90,91,92,93,94,95,96,97}
## EC_MEMINFO   1507   188            gs28r2b30    1507    1507 1404658    [No]    [No]    1507      14  {98,99,100,101,102,103,104,105,106,107,108,109,110,111}
## EC_MEMINFO   1508   188            gs28r2b30    1508    1508 1404659    [No]    [No]    1508      14  {0,1,2,3,4,5,6,7,8,9,10,11,12,13}
## EC_MEMINFO   1509   188            gs28r2b30    1509    1509 1404660    [No]    [No]    1509      14  {14,15,16,17,18,19,20,21,22,23,24,25,26,27}
## EC_MEMINFO   1510   188            gs28r2b30    1510    1510 1404661    [No]    [No]    1510      14  {28,29,30,31,32,33,34,35,36,37,38,39,40,41}
## EC_MEMINFO   1511   188            gs28r2b30    1511    1511 1404662    [No]    [No]    1511      14  {42,43,44,45,46,47,48,49,50,51,52,53,54,55}
## EC_MEMINFO   1512   189            gs28r2b31    1512    1512  933524    [No]     Yes    1512      14  {0,1,2,3,4,5,6,7,8,9,10,11,12,13}
## EC_MEMINFO   1513   189            gs28r2b31    1513    1513  933525    [No]    [No]    1513      14  {14,15,16,17,18,19,20,21,22,23,24,25,26,27}
## EC_MEMINFO   1514   189            gs28r2b31    1514    1514  933526    [No]    [No]    1514      14  {28,29,30,31,32,33,34,35,36,37,38,39,40,41}
## EC_MEMINFO   1515   189            gs28r2b31    1515    1515  933527    [No]    [No]    1515      14  {42,43,44,45,46,47,48,49,50,51,52,53,54,55}
## EC_MEMINFO   1516   189            gs28r2b31    1516    1516  933528    [No]    [No]    1516      14  {56,57,58,59,60,61,62,63,64,65,66,67,68,69}
## EC_MEMINFO   1517   189            gs28r2b31    1517    1517  933529    [No]    [No]    1517      14  {70,71,72,73,74,75,76,77,78,79,80,81,82,83}
## EC_MEMINFO   1518   189            gs28r2b31    1518    1518  933530    [No]    [No]    1518      14  {84,85,86,87,88,89,90,91,92,93,94,95,96,97}
## EC_MEMINFO   1519   189            gs28r2b31    1519    1519  933531    [No]    [No]    1519      14  {98,99,100,101,102,103,104,105,106,107,108,109,110,111}
## EC_MEMINFO   1520   190            gs28r2b32    1520    1520  931505    [No]     Yes    1520      14  {56,57,58,59,60,61,62,63,64,65,66,67,68,69}
## EC_MEMINFO   1521   190            gs28r2b32    1521    1521  931506    [No]    [No]    1521      14  {70,71,72,73,74,75,76,77,78,79,80,81,82,83}
## EC_MEMINFO   1522   190            gs28r2b32    1522    1522  931507    [No]    [No]    1522      14  {84,85,86,87,88,89,90,91,92,93,94,95,96,97}
## EC_MEMINFO   1523   190            gs28r2b32    1523    1523  931508    [No]    [No]    1523      14  {98,99,100,101,102,103,104,105,106,107,108,109,110,111}
## EC_MEMINFO   1524   190            gs28r2b32    1524    1524  931509    [No]    [No]    1524      14  {0,1,2,3,4,5,6,7,8,9,10,11,12,13}
## EC_MEMINFO   1525   190            gs28r2b32    1525    1525  931510    [No]    [No]    1525      14  {14,15,16,17,18,19,20,21,22,23,24,25,26,27}
## EC_MEMINFO   1526   190            gs28r2b32    1526    1526  931511    [No]    [No]    1526      14  {28,29,30,31,32,33,34,35,36,37,38,39,40,41}
## EC_MEMINFO   1527   190            gs28r2b32    1527    1527  931512    [No]    [No]    1527      14  {42,43,44,45,46,47,48,49,50,51,52,53,54,55}
## EC_MEMINFO   1528   191            gs28r2b71    1528    1528  336641    [No]     Yes    1528      14  {0,1,2,3,4,5,6,7,8,9,10,11,12,13}
## EC_MEMINFO   1529   191            gs28r2b71    1529    1529  336642    [No]    [No]    1529      14  {14,15,16,17,18,19,20,21,22,23,24,25,26,27}
## EC_MEMINFO   1530   191            gs28r2b71    1530    1530  336643    [No]    [No]    1530      14  {28,29,30,31,32,33,34,35,36,37,38,39,40,41}
## EC_MEMINFO   1531   191            gs28r2b71    1531    1531  336644    [No]    [No]    1531      14  {42,43,44,45,46,47,48,49,50,51,52,53,54,55}
## EC_MEMINFO   1532   191            gs28r2b71    1532    1532  336645    [No]    [No]    1532      14  {56,57,58,59,60,61,62,63,64,65,66,67,68,69}
## EC_MEMINFO   1533   191            gs28r2b71    1533    1533  336646    [No]    [No]    1533      14  {70,71,72,73,74,75,76,77,78,79,80,81,82,83}
## EC_MEMINFO   1534   191            gs28r2b71    1534    1534  336647    [No]    [No]    1534      14  {84,85,86,87,88,89,90,91,92,93,94,95,96,97}
## EC_MEMINFO   1535   191            gs28r2b71    1535    1535  336648    [No]    [No]    1535      14  {98,99,100,101,102,103,104,105,106,107,108,109,110,111}
## EC_MEMINFO   1536   192            gs29r2b02    1536    1536  483163    [No]     Yes    1536      14  {56,57,58,59,60,61,62,63,64,65,66,67,68,69}
## EC_MEMINFO   1537   192            gs29r2b02    1537    1537  483164    [No]    [No]    1537      14  {70,71,72,73,74,75,76,77,78,79,80,81,82,83}
## EC_MEMINFO   1538   192            gs29r2b02    1538    1538  483165    [No]    [No]    1538      14  {84,85,86,87,88,89,90,91,92,93,94,95,96,97}
## EC_MEMINFO   1539   192            gs29r2b02    1539    1539  483166    [No]    [No]    1539      14  {98,99,100,101,102,103,104,105,106,107,108,109,110,111}
## EC_MEMINFO   1540   192            gs29r2b02    1540    1540  483167    [No]    [No]    1540      14  {0,1,2,3,4,5,6,7,8,9,10,11,12,13}
## EC_MEMINFO   1541   192            gs29r2b02    1541    1541  483168    [No]    [No]    1541      14  {14,15,16,17,18,19,20,21,22,23,24,25,26,27}
## EC_MEMINFO   1542   192            gs29r2b02    1542    1542  483169    [No]    [No]    1542      14  {28,29,30,31,32,33,34,35,36,37,38,39,40,41}
## EC_MEMINFO   1543   192            gs29r2b02    1543    1543  483170    [No]    [No]    1543      14  {42,43,44,45,46,47,48,49,50,51,52,53,54,55}
## EC_MEMINFO   1544   193            gs29r2b03    1544    1544 3292244    [No]     Yes    1544      14  {0,1,2,3,4,5,6,7,8,9,10,11,12,13}
## EC_MEMINFO   1545   193            gs29r2b03    1545    1545 3292245    [No]    [No]    1545      14  {14,15,16,17,18,19,20,21,22,23,24,25,26,27}
## EC_MEMINFO   1546   193            gs29r2b03    1546    1546 3292246    [No]    [No]    1546      14  {28,29,30,31,32,33,34,35,36,37,38,39,40,41}
## EC_MEMINFO   1547   193            gs29r2b03    1547    1547 3292247    [No]    [No]    1547      14  {42,43,44,45,46,47,48,49,50,51,52,53,54,55}
## EC_MEMINFO   1548   193            gs29r2b03    1548    1548 3292248    [No]    [No]    1548      14  {56,57,58,59,60,61,62,63,64,65,66,67,68,69}
## EC_MEMINFO   1549   193            gs29r2b03    1549    1549 3292249    [No]    [No]    1549      14  {70,71,72,73,74,75,76,77,78,79,80,81,82,83}
## EC_MEMINFO   1550   193            gs29r2b03    1550    1550 3292250    [No]    [No]    1550      14  {84,85,86,87,88,89,90,91,92,93,94,95,96,97}
## EC_MEMINFO   1551   193            gs29r2b03    1551    1551 3292251    [No]    [No]    1551      14  {98,99,100,101,102,103,104,105,106,107,108,109,110,111}
## EC_MEMINFO   1552   194            gs29r2b04    1552    1552 2669044    [No]     Yes    1552      14  {56,57,58,59,60,61,62,63,64,65,66,67,68,69}
## EC_MEMINFO   1553   194            gs29r2b04    1553    1553 2669045    [No]    [No]    1553      14  {70,71,72,73,74,75,76,77,78,79,80,81,82,83}
## EC_MEMINFO   1554   194            gs29r2b04    1554    1554 2669046    [No]    [No]    1554      14  {84,85,86,87,88,89,90,91,92,93,94,95,96,97}
## EC_MEMINFO   1555   194            gs29r2b04    1555    1555 2669047    [No]    [No]    1555      14  {98,99,100,101,102,103,104,105,106,107,108,109,110,111}
## EC_MEMINFO   1556   194            gs29r2b04    1556    1556 2669048    [No]    [No]    1556      14  {0,1,2,3,4,5,6,7,8,9,10,11,12,13}
## EC_MEMINFO   1557   194            gs29r2b04    1557    1557 2669049    [No]    [No]    1557      14  {14,15,16,17,18,19,20,21,22,23,24,25,26,27}
## EC_MEMINFO   1558   194            gs29r2b04    1558    1558 2669050    [No]    [No]    1558      14  {28,29,30,31,32,33,34,35,36,37,38,39,40,41}
## EC_MEMINFO   1559   194            gs29r2b04    1559    1559 2669051    [No]    [No]    1559      14  {42,43,44,45,46,47,48,49,50,51,52,53,54,55}
## EC_MEMINFO   1560   195            gs29r2b05    1560    1560 3899031    [No]     Yes    1560      14  {0,1,2,3,4,5,6,7,8,9,10,11,12,13}
## EC_MEMINFO   1561   195            gs29r2b05    1561    1561 3899032    [No]    [No]    1561      14  {14,15,16,17,18,19,20,21,22,23,24,25,26,27}
## EC_MEMINFO   1562   195            gs29r2b05    1562    1562 3899033    [No]    [No]    1562      14  {28,29,30,31,32,33,34,35,36,37,38,39,40,41}
## EC_MEMINFO   1563   195            gs29r2b05    1563    1563 3899034    [No]    [No]    1563      14  {42,43,44,45,46,47,48,49,50,51,52,53,54,55}
## EC_MEMINFO   1564   195            gs29r2b05    1564    1564 3899035    [No]    [No]    1564      14  {56,57,58,59,60,61,62,63,64,65,66,67,68,69}
## EC_MEMINFO   1565   195            gs29r2b05    1565    1565 3899036    [No]    [No]    1565      14  {70,71,72,73,74,75,76,77,78,79,80,81,82,83}
## EC_MEMINFO   1566   195            gs29r2b05    1566    1566 3899037    [No]    [No]    1566      14  {84,85,86,87,88,89,90,91,92,93,94,95,96,97}
## EC_MEMINFO   1567   195            gs29r2b05    1567    1567 3899038    [No]    [No]    1567      14  {98,99,100,101,102,103,104,105,106,107,108,109,110,111}
## EC_MEMINFO   1568   196            gs29r2b06    1568    1568 2196252    [No]     Yes    1568      14  {56,57,58,59,60,61,62,63,64,65,66,67,68,69}
## EC_MEMINFO   1569   196            gs29r2b06    1569    1569 2196253    [No]    [No]    1569      14  {70,71,72,73,74,75,76,77,78,79,80,81,82,83}
## EC_MEMINFO   1570   196            gs29r2b06    1570    1570 2196254    [No]    [No]    1570      14  {84,85,86,87,88,89,90,91,92,93,94,95,96,97}
## EC_MEMINFO   1571   196            gs29r2b06    1571    1571 2196255    [No]    [No]    1571      14  {98,99,100,101,102,103,104,105,106,107,108,109,110,111}
## EC_MEMINFO   1572   196            gs29r2b06    1572    1572 2196256    [No]    [No]    1572      14  {0,1,2,3,4,5,6,7,8,9,10,11,12,13}
## EC_MEMINFO   1573   196            gs29r2b06    1573    1573 2196257    [No]    [No]    1573      14  {14,15,16,17,18,19,20,21,22,23,24,25,26,27}
## EC_MEMINFO   1574   196            gs29r2b06    1574    1574 2196258    [No]    [No]    1574      14  {28,29,30,31,32,33,34,35,36,37,38,39,40,41}
## EC_MEMINFO   1575   196            gs29r2b06    1575    1575 2196259    [No]    [No]    1575      14  {42,43,44,45,46,47,48,49,50,51,52,53,54,55}
## EC_MEMINFO   1576   197            gs29r2b07    1576    1576 3505093    [No]     Yes    1576      14  {0,1,2,3,4,5,6,7,8,9,10,11,12,13}
## EC_MEMINFO   1577   197            gs29r2b07    1577    1577 3505094    [No]    [No]    1577      14  {14,15,16,17,18,19,20,21,22,23,24,25,26,27}
## EC_MEMINFO   1578   197            gs29r2b07    1578    1578 3505095    [No]    [No]    1578      14  {28,29,30,31,32,33,34,35,36,37,38,39,40,41}
## EC_MEMINFO   1579   197            gs29r2b07    1579    1579 3505096    [No]    [No]    1579      14  {42,43,44,45,46,47,48,49,50,51,52,53,54,55}
## EC_MEMINFO   1580   197            gs29r2b07    1580    1580 3505097    [No]    [No]    1580      14  {56,57,58,59,60,61,62,63,64,65,66,67,68,69}
## EC_MEMINFO   1581   197            gs29r2b07    1581    1581 3505098    [No]    [No]    1581      14  {70,71,72,73,74,75,76,77,78,79,80,81,82,83}
## EC_MEMINFO   1582   197            gs29r2b07    1582    1582 3505099    [No]    [No]    1582      14  {84,85,86,87,88,89,90,91,92,93,94,95,96,97}
## EC_MEMINFO   1583   197            gs29r2b07    1583    1583 3505100    [No]    [No]    1583      14  {98,99,100,101,102,103,104,105,106,107,108,109,110,111}
## EC_MEMINFO   1584   198            gs29r2b08    1584    1584 4085780    [No]     Yes    1584      14  {56,57,58,59,60,61,62,63,64,65,66,67,68,69}
## EC_MEMINFO   1585   198            gs29r2b08    1585    1585 4085781    [No]    [No]    1585      14  {70,71,72,73,74,75,76,77,78,79,80,81,82,83}
## EC_MEMINFO   1586   198            gs29r2b08    1586    1586 4085782    [No]    [No]    1586      14  {84,85,86,87,88,89,90,91,92,93,94,95,96,97}
## EC_MEMINFO   1587   198            gs29r2b08    1587    1587 4085783    [No]    [No]    1587      14  {98,99,100,101,102,103,104,105,106,107,108,109,110,111}
## EC_MEMINFO   1588   198            gs29r2b08    1588    1588 4085784    [No]    [No]    1588      14  {0,1,2,3,4,5,6,7,8,9,10,11,12,13}
## EC_MEMINFO   1589   198            gs29r2b08    1589    1589 4085785    [No]    [No]    1589      14  {14,15,16,17,18,19,20,21,22,23,24,25,26,27}
## EC_MEMINFO   1590   198            gs29r2b08    1590    1590 4085786    [No]    [No]    1590      14  {28,29,30,31,32,33,34,35,36,37,38,39,40,41}
## EC_MEMINFO   1591   198            gs29r2b08    1591    1591 4085787    [No]    [No]    1591      14  {42,43,44,45,46,47,48,49,50,51,52,53,54,55}
## EC_MEMINFO   1592   199            gs29r2b09    1592    1592 2104640    [No]     Yes    1592      14  {0,1,2,3,4,5,6,7,8,9,10,11,12,13}
## EC_MEMINFO   1593   199            gs29r2b09    1593    1593 2104641    [No]    [No]    1593      14  {14,15,16,17,18,19,20,21,22,23,24,25,26,27}
## EC_MEMINFO   1594   199            gs29r2b09    1594    1594 2104642    [No]    [No]    1594      14  {28,29,30,31,32,33,34,35,36,37,38,39,40,41}
## EC_MEMINFO   1595   199            gs29r2b09    1595    1595 2104643    [No]    [No]    1595      14  {42,43,44,45,46,47,48,49,50,51,52,53,54,55}
## EC_MEMINFO   1596   199            gs29r2b09    1596    1596 2104644    [No]    [No]    1596      14  {56,57,58,59,60,61,62,63,64,65,66,67,68,69}
## EC_MEMINFO   1597   199            gs29r2b09    1597    1597 2104645    [No]    [No]    1597      14  {70,71,72,73,74,75,76,77,78,79,80,81,82,83}
## EC_MEMINFO   1598   199            gs29r2b09    1598    1598 2104646    [No]    [No]    1598      14  {84,85,86,87,88,89,90,91,92,93,94,95,96,97}
## EC_MEMINFO   1599   199            gs29r2b09    1599    1599 2104647    [No]    [No]    1599      14  {98,99,100,101,102,103,104,105,106,107,108,109,110,111}
## EC_MEMINFO   1600   200            gs29r2b10    1600    1600  390529    [No]     Yes    1600      14  {56,57,58,59,60,61,62,63,64,65,66,67,68,69}
## EC_MEMINFO   1601   200            gs29r2b10    1601    1601  390530    [No]    [No]    1601      14  {70,71,72,73,74,75,76,77,78,79,80,81,82,83}
## EC_MEMINFO   1602   200            gs29r2b10    1602    1602  390531    [No]    [No]    1602      14  {84,85,86,87,88,89,90,91,92,93,94,95,96,97}
## EC_MEMINFO   1603   200            gs29r2b10    1603    1603  390532    [No]    [No]    1603      14  {98,99,100,101,102,103,104,105,106,107,108,109,110,111}
## EC_MEMINFO   1604   200            gs29r2b10    1604    1604  390533    [No]    [No]    1604      14  {0,1,2,3,4,5,6,7,8,9,10,11,12,13}
## EC_MEMINFO   1605   200            gs29r2b10    1605    1605  390534    [No]    [No]    1605      14  {14,15,16,17,18,19,20,21,22,23,24,25,26,27}
## EC_MEMINFO   1606   200            gs29r2b10    1606    1606  390535    [No]    [No]    1606      14  {28,29,30,31,32,33,34,35,36,37,38,39,40,41}
## EC_MEMINFO   1607   200            gs29r2b10    1607    1607  390536    [No]    [No]    1607      14  {42,43,44,45,46,47,48,49,50,51,52,53,54,55}
## EC_MEMINFO   1608   201            gs29r2b11    1608    1608 4139547    [No]     Yes    1608      14  {0,1,2,3,4,5,6,7,8,9,10,11,12,13}
## EC_MEMINFO   1609   201            gs29r2b11    1609    1609 4139548    [No]    [No]    1609      14  {14,15,16,17,18,19,20,21,22,23,24,25,26,27}
## EC_MEMINFO   1610   201            gs29r2b11    1610    1610 4139549    [No]    [No]    1610      14  {28,29,30,31,32,33,34,35,36,37,38,39,40,41}
## EC_MEMINFO   1611   201            gs29r2b11    1611    1611 4139550    [No]    [No]    1611      14  {42,43,44,45,46,47,48,49,50,51,52,53,54,55}
## EC_MEMINFO   1612   201            gs29r2b11    1612    1612 4139551    [No]    [No]    1612      14  {56,57,58,59,60,61,62,63,64,65,66,67,68,69}
## EC_MEMINFO   1613   201            gs29r2b11    1613    1613 4139552    [No]    [No]    1613      14  {70,71,72,73,74,75,76,77,78,79,80,81,82,83}
## EC_MEMINFO   1614   201            gs29r2b11    1614    1614 4139553    [No]    [No]    1614      14  {84,85,86,87,88,89,90,91,92,93,94,95,96,97}
## EC_MEMINFO   1615   201            gs29r2b11    1615    1615 4139554    [No]    [No]    1615      14  {98,99,100,101,102,103,104,105,106,107,108,109,110,111}
## EC_MEMINFO   1616   202            gs29r2b12    1616    1616  294578    [No]     Yes    1616      14  {56,57,58,59,60,61,62,63,64,65,66,67,68,69}
## EC_MEMINFO   1617   202            gs29r2b12    1617    1617  294579    [No]    [No]    1617      14  {70,71,72,73,74,75,76,77,78,79,80,81,82,83}
## EC_MEMINFO   1618   202            gs29r2b12    1618    1618  294580    [No]    [No]    1618      14  {84,85,86,87,88,89,90,91,92,93,94,95,96,97}
## EC_MEMINFO   1619   202            gs29r2b12    1619    1619  294581    [No]    [No]    1619      14  {98,99,100,101,102,103,104,105,106,107,108,109,110,111}
## EC_MEMINFO   1620   202            gs29r2b12    1620    1620  294582    [No]    [No]    1620      14  {0,1,2,3,4,5,6,7,8,9,10,11,12,13}
## EC_MEMINFO   1621   202            gs29r2b12    1621    1621  294583    [No]    [No]    1621      14  {14,15,16,17,18,19,20,21,22,23,24,25,26,27}
## EC_MEMINFO   1622   202            gs29r2b12    1622    1622  294584    [No]    [No]    1622      14  {28,29,30,31,32,33,34,35,36,37,38,39,40,41}
## EC_MEMINFO   1623   202            gs29r2b12    1623    1623  294585    [No]    [No]    1623      14  {42,43,44,45,46,47,48,49,50,51,52,53,54,55}
## EC_MEMINFO   1624   203            gs29r2b13    1624    1624 4127551    [No]     Yes    1624      14  {0,1,2,3,4,5,6,7,8,9,10,11,12,13}
## EC_MEMINFO   1625   203            gs29r2b13    1625    1625 4127552    [No]    [No]    1625      14  {14,15,16,17,18,19,20,21,22,23,24,25,26,27}
## EC_MEMINFO   1626   203            gs29r2b13    1626    1626 4127553    [No]    [No]    1626      14  {28,29,30,31,32,33,34,35,36,37,38,39,40,41}
## EC_MEMINFO   1627   203            gs29r2b13    1627    1627 4127554    [No]    [No]    1627      14  {42,43,44,45,46,47,48,49,50,51,52,53,54,55}
## EC_MEMINFO   1628   203            gs29r2b13    1628    1628 4127555    [No]    [No]    1628      14  {56,57,58,59,60,61,62,63,64,65,66,67,68,69}
## EC_MEMINFO   1629   203            gs29r2b13    1629    1629 4127556    [No]    [No]    1629      14  {70,71,72,73,74,75,76,77,78,79,80,81,82,83}
## EC_MEMINFO   1630   203            gs29r2b13    1630    1630 4127557    [No]    [No]    1630      14  {84,85,86,87,88,89,90,91,92,93,94,95,96,97}
## EC_MEMINFO   1631   203            gs29r2b13    1631    1631 4127558    [No]    [No]    1631      14  {98,99,100,101,102,103,104,105,106,107,108,109,110,111}
## EC_MEMINFO   1632   204            gs29r2b14    1632    1632 1556977    [No]     Yes    1632      14  {56,57,58,59,60,61,62,63,64,65,66,67,68,69}
## EC_MEMINFO   1633   204            gs29r2b14    1633    1633 1556978    [No]    [No]    1633      14  {70,71,72,73,74,75,76,77,78,79,80,81,82,83}
## EC_MEMINFO   1634   204            gs29r2b14    1634    1634 1556979    [No]    [No]    1634      14  {84,85,86,87,88,89,90,91,92,93,94,95,96,97}
## EC_MEMINFO   1635   204            gs29r2b14    1635    1635 1556980    [No]    [No]    1635      14  {98,99,100,101,102,103,104,105,106,107,108,109,110,111}
## EC_MEMINFO   1636   204            gs29r2b14    1636    1636 1556981    [No]    [No]    1636      14  {0,1,2,3,4,5,6,7,8,9,10,11,12,13}
## EC_MEMINFO   1637   204            gs29r2b14    1637    1637 1556982    [No]    [No]    1637      14  {14,15,16,17,18,19,20,21,22,23,24,25,26,27}
## EC_MEMINFO   1638   204            gs29r2b14    1638    1638 1556983    [No]    [No]    1638      14  {28,29,30,31,32,33,34,35,36,37,38,39,40,41}
## EC_MEMINFO   1639   204            gs29r2b14    1639    1639 1556984    [No]    [No]    1639      14  {42,43,44,45,46,47,48,49,50,51,52,53,54,55}
## EC_MEMINFO   1640   205            gs29r2b15    1640    1640 2291388    [No]     Yes    1640      14  {0,1,2,3,4,5,6,7,8,9,10,11,12,13}
## EC_MEMINFO   1641   205            gs29r2b15    1641    1641 2291389    [No]    [No]    1641      14  {14,15,16,17,18,19,20,21,22,23,24,25,26,27}
## EC_MEMINFO   1642   205            gs29r2b15    1642    1642 2291390    [No]    [No]    1642      14  {28,29,30,31,32,33,34,35,36,37,38,39,40,41}
## EC_MEMINFO   1643   205            gs29r2b15    1643    1643 2291391    [No]    [No]    1643      14  {42,43,44,45,46,47,48,49,50,51,52,53,54,55}
## EC_MEMINFO   1644   205            gs29r2b15    1644    1644 2291392    [No]    [No]    1644      14  {56,57,58,59,60,61,62,63,64,65,66,67,68,69}
## EC_MEMINFO   1645   205            gs29r2b15    1645    1645 2291393    [No]    [No]    1645      14  {70,71,72,73,74,75,76,77,78,79,80,81,82,83}
## EC_MEMINFO   1646   205            gs29r2b15    1646    1646 2291394    [No]    [No]    1646      14  {84,85,86,87,88,89,90,91,92,93,94,95,96,97}
## EC_MEMINFO   1647   205            gs29r2b15    1647    1647 2291395    [No]    [No]    1647      14  {98,99,100,101,102,103,104,105,106,107,108,109,110,111}
## EC_MEMINFO   1648   206            gs29r2b17    1648    1648 1048214    [No]     Yes    1648      14  {0,1,2,3,4,5,6,7,8,9,10,11,12,13}
## EC_MEMINFO   1649   206            gs29r2b17    1649    1649 1048215    [No]    [No]    1649      14  {14,15,16,17,18,19,20,21,22,23,24,25,26,27}
## EC_MEMINFO   1650   206            gs29r2b17    1650    1650 1048216    [No]    [No]    1650      14  {28,29,30,31,32,33,34,35,36,37,38,39,40,41}
## EC_MEMINFO   1651   206            gs29r2b17    1651    1651 1048217    [No]    [No]    1651      14  {42,43,44,45,46,47,48,49,50,51,52,53,54,55}
## EC_MEMINFO   1652   206            gs29r2b17    1652    1652 1048218    [No]    [No]    1652      14  {56,57,58,59,60,61,62,63,64,65,66,67,68,69}
## EC_MEMINFO   1653   206            gs29r2b17    1653    1653 1048219    [No]    [No]    1653      14  {70,71,72,73,74,75,76,77,78,79,80,81,82,83}
## EC_MEMINFO   1654   206            gs29r2b17    1654    1654 1048220    [No]    [No]    1654      14  {84,85,86,87,88,89,90,91,92,93,94,95,96,97}
## EC_MEMINFO   1655   206            gs29r2b17    1655    1655 1048221    [No]    [No]    1655      14  {98,99,100,101,102,103,104,105,106,107,108,109,110,111}
## EC_MEMINFO   1656   207            gs29r2b18    1656    1656  814566    [No]     Yes    1656      14  {56,57,58,59,60,61,62,63,64,65,66,67,68,69}
## EC_MEMINFO   1657   207            gs29r2b18    1657    1657  814567    [No]    [No]    1657      14  {70,71,72,73,74,75,76,77,78,79,80,81,82,83}
## EC_MEMINFO   1658   207            gs29r2b18    1658    1658  814568    [No]    [No]    1658      14  {84,85,86,87,88,89,90,91,92,93,94,95,96,97}
## EC_MEMINFO   1659   207            gs29r2b18    1659    1659  814569    [No]    [No]    1659      14  {98,99,100,101,102,103,104,105,106,107,108,109,110,111}
## EC_MEMINFO   1660   207            gs29r2b18    1660    1660  814570    [No]    [No]    1660      14  {0,1,2,3,4,5,6,7,8,9,10,11,12,13}
## EC_MEMINFO   1661   207            gs29r2b18    1661    1661  814571    [No]    [No]    1661      14  {14,15,16,17,18,19,20,21,22,23,24,25,26,27}
## EC_MEMINFO   1662   207            gs29r2b18    1662    1662  814572    [No]    [No]    1662      14  {28,29,30,31,32,33,34,35,36,37,38,39,40,41}
## EC_MEMINFO   1663   207            gs29r2b18    1663    1663  814573    [No]    [No]    1663      14  {42,43,44,45,46,47,48,49,50,51,52,53,54,55}
## EC_MEMINFO   1664   208            gs29r2b20    1664    1664 1252340    [No]     Yes    1664      14  {56,57,58,59,60,61,62,63,64,65,66,67,68,69}
## EC_MEMINFO   1665   208            gs29r2b20    1665    1665 1252341    [No]    [No]    1665      14  {70,71,72,73,74,75,76,77,78,79,80,81,82,83}
## EC_MEMINFO   1666   208            gs29r2b20    1666    1666 1252342    [No]    [No]    1666      14  {84,85,86,87,88,89,90,91,92,93,94,95,96,97}
## EC_MEMINFO   1667   208            gs29r2b20    1667    1667 1252343    [No]    [No]    1667      14  {98,99,100,101,102,103,104,105,106,107,108,109,110,111}
## EC_MEMINFO   1668   208            gs29r2b20    1668    1668 1252344    [No]    [No]    1668      14  {0,1,2,3,4,5,6,7,8,9,10,11,12,13}
## EC_MEMINFO   1669   208            gs29r2b20    1669    1669 1252345    [No]    [No]    1669      14  {14,15,16,17,18,19,20,21,22,23,24,25,26,27}
## EC_MEMINFO   1670   208            gs29r2b20    1670    1670 1252346    [No]    [No]    1670      14  {28,29,30,31,32,33,34,35,36,37,38,39,40,41}
## EC_MEMINFO   1671   208            gs29r2b20    1671    1671 1252347    [No]    [No]    1671      14  {42,43,44,45,46,47,48,49,50,51,52,53,54,55}
## EC_MEMINFO   1672   209            gs29r2b21    1672    1672 1415257    [No]     Yes    1672      14  {0,1,2,3,4,5,6,7,8,9,10,11,12,13}
## EC_MEMINFO   1673   209            gs29r2b21    1673    1673 1415258    [No]    [No]    1673      14  {14,15,16,17,18,19,20,21,22,23,24,25,26,27}
## EC_MEMINFO   1674   209            gs29r2b21    1674    1674 1415259    [No]    [No]    1674      14  {28,29,30,31,32,33,34,35,36,37,38,39,40,41}
## EC_MEMINFO   1675   209            gs29r2b21    1675    1675 1415260    [No]    [No]    1675      14  {42,43,44,45,46,47,48,49,50,51,52,53,54,55}
## EC_MEMINFO   1676   209            gs29r2b21    1676    1676 1415261    [No]    [No]    1676      14  {56,57,58,59,60,61,62,63,64,65,66,67,68,69}
## EC_MEMINFO   1677   209            gs29r2b21    1677    1677 1415262    [No]    [No]    1677      14  {70,71,72,73,74,75,76,77,78,79,80,81,82,83}
## EC_MEMINFO   1678   209            gs29r2b21    1678    1678 1415263    [No]    [No]    1678      14  {84,85,86,87,88,89,90,91,92,93,94,95,96,97}
## EC_MEMINFO   1679   209            gs29r2b21    1679    1679 1415264    [No]    [No]    1679      14  {98,99,100,101,102,103,104,105,106,107,108,109,110,111}
## EC_MEMINFO   1680   210            gs29r2b22    1680    1680 3645749    [No]     Yes    1680      14  {56,57,58,59,60,61,62,63,64,65,66,67,68,69}
## EC_MEMINFO   1681   210            gs29r2b22    1681    1681 3645750    [No]    [No]    1681      14  {70,71,72,73,74,75,76,77,78,79,80,81,82,83}
## EC_MEMINFO   1682   210            gs29r2b22    1682    1682 3645751    [No]    [No]    1682      14  {84,85,86,87,88,89,90,91,92,93,94,95,96,97}
## EC_MEMINFO   1683   210            gs29r2b22    1683    1683 3645752    [No]    [No]    1683      14  {98,99,100,101,102,103,104,105,106,107,108,109,110,111}
## EC_MEMINFO   1684   210            gs29r2b22    1684    1684 3645753    [No]    [No]    1684      14  {0,1,2,3,4,5,6,7,8,9,10,11,12,13}
## EC_MEMINFO   1685   210            gs29r2b22    1685    1685 3645754    [No]    [No]    1685      14  {14,15,16,17,18,19,20,21,22,23,24,25,26,27}
## EC_MEMINFO   1686   210            gs29r2b22    1686    1686 3645755    [No]    [No]    1686      14  {28,29,30,31,32,33,34,35,36,37,38,39,40,41}
## EC_MEMINFO   1687   210            gs29r2b22    1687    1687 3645756    [No]    [No]    1687      14  {42,43,44,45,46,47,48,49,50,51,52,53,54,55}
## EC_MEMINFO   1688   211            gs29r2b24    1688    1688 2956758    [No]     Yes    1688      14  {56,57,58,59,60,61,62,63,64,65,66,67,68,69}
## EC_MEMINFO   1689   211            gs29r2b24    1689    1689 2956759    [No]    [No]    1689      14  {70,71,72,73,74,75,76,77,78,79,80,81,82,83}
## EC_MEMINFO   1690   211            gs29r2b24    1690    1690 2956760    [No]    [No]    1690      14  {84,85,86,87,88,89,90,91,92,93,94,95,96,97}
## EC_MEMINFO   1691   211            gs29r2b24    1691    1691 2956761    [No]    [No]    1691      14  {98,99,100,101,102,103,104,105,106,107,108,109,110,111}
## EC_MEMINFO   1692   211            gs29r2b24    1692    1692 2956762    [No]    [No]    1692      14  {0,1,2,3,4,5,6,7,8,9,10,11,12,13}
## EC_MEMINFO   1693   211            gs29r2b24    1693    1693 2956763    [No]    [No]    1693      14  {14,15,16,17,18,19,20,21,22,23,24,25,26,27}
## EC_MEMINFO   1694   211            gs29r2b24    1694    1694 2956764    [No]    [No]    1694      14  {28,29,30,31,32,33,34,35,36,37,38,39,40,41}
## EC_MEMINFO   1695   211            gs29r2b24    1695    1695 2956765    [No]    [No]    1695      14  {42,43,44,45,46,47,48,49,50,51,52,53,54,55}
## EC_MEMINFO   1696   212            gs29r2b25    1696    1696  655394    [No]     Yes    1696      14  {0,1,2,3,4,5,6,7,8,9,10,11,12,13}
## EC_MEMINFO   1697   212            gs29r2b25    1697    1697  655395    [No]    [No]    1697      14  {14,15,16,17,18,19,20,21,22,23,24,25,26,27}
## EC_MEMINFO   1698   212            gs29r2b25    1698    1698  655396    [No]    [No]    1698      14  {28,29,30,31,32,33,34,35,36,37,38,39,40,41}
## EC_MEMINFO   1699   212            gs29r2b25    1699    1699  655397    [No]    [No]    1699      14  {42,43,44,45,46,47,48,49,50,51,52,53,54,55}
## EC_MEMINFO   1700   212            gs29r2b25    1700    1700  655398    [No]    [No]    1700      14  {56,57,58,59,60,61,62,63,64,65,66,67,68,69}
## EC_MEMINFO   1701   212            gs29r2b25    1701    1701  655399    [No]    [No]    1701      14  {70,71,72,73,74,75,76,77,78,79,80,81,82,83}
## EC_MEMINFO   1702   212            gs29r2b25    1702    1702  655400    [No]    [No]    1702      14  {84,85,86,87,88,89,90,91,92,93,94,95,96,97}
## EC_MEMINFO   1703   212            gs29r2b25    1703    1703  655401    [No]    [No]    1703      14  {98,99,100,101,102,103,104,105,106,107,108,109,110,111}
## EC_MEMINFO   1704   213            gs29r2b26    1704    1704 1169855    [No]     Yes    1704      14  {56,57,58,59,60,61,62,63,64,65,66,67,68,69}
## EC_MEMINFO   1705   213            gs29r2b26    1705    1705 1169856    [No]    [No]    1705      14  {70,71,72,73,74,75,76,77,78,79,80,81,82,83}
## EC_MEMINFO   1706   213            gs29r2b26    1706    1706 1169857    [No]    [No]    1706      14  {84,85,86,87,88,89,90,91,92,93,94,95,96,97}
## EC_MEMINFO   1707   213            gs29r2b26    1707    1707 1169858    [No]    [No]    1707      14  {98,99,100,101,102,103,104,105,106,107,108,109,110,111}
## EC_MEMINFO   1708   213            gs29r2b26    1708    1708 1169859    [No]    [No]    1708      14  {0,1,2,3,4,5,6,7,8,9,10,11,12,13}
## EC_MEMINFO   1709   213            gs29r2b26    1709    1709 1169860    [No]    [No]    1709      14  {14,15,16,17,18,19,20,21,22,23,24,25,26,27}
## EC_MEMINFO   1710   213            gs29r2b26    1710    1710 1169861    [No]    [No]    1710      14  {28,29,30,31,32,33,34,35,36,37,38,39,40,41}
## EC_MEMINFO   1711   213            gs29r2b26    1711    1711 1169862    [No]    [No]    1711      14  {42,43,44,45,46,47,48,49,50,51,52,53,54,55}
## EC_MEMINFO   1712   214            gs29r2b27    1712    1712 3250524    [No]     Yes    1712      14  {0,1,2,3,4,5,6,7,8,9,10,11,12,13}
## EC_MEMINFO   1713   214            gs29r2b27    1713    1713 3250525    [No]    [No]    1713      14  {14,15,16,17,18,19,20,21,22,23,24,25,26,27}
## EC_MEMINFO   1714   214            gs29r2b27    1714    1714 3250526    [No]    [No]    1714      14  {28,29,30,31,32,33,34,35,36,37,38,39,40,41}
## EC_MEMINFO   1715   214            gs29r2b27    1715    1715 3250527    [No]    [No]    1715      14  {42,43,44,45,46,47,48,49,50,51,52,53,54,55}
## EC_MEMINFO   1716   214            gs29r2b27    1716    1716 3250528    [No]    [No]    1716      14  {56,57,58,59,60,61,62,63,64,65,66,67,68,69}
## EC_MEMINFO   1717   214            gs29r2b27    1717    1717 3250529    [No]    [No]    1717      14  {70,71,72,73,74,75,76,77,78,79,80,81,82,83}
## EC_MEMINFO   1718   214            gs29r2b27    1718    1718 3250530    [No]    [No]    1718      14  {84,85,86,87,88,89,90,91,92,93,94,95,96,97}
## EC_MEMINFO   1719   214            gs29r2b27    1719    1719 3250531    [No]    [No]    1719      14  {98,99,100,101,102,103,104,105,106,107,108,109,110,111}
## EC_MEMINFO   1720   215            gs29r2b28    1720    1720 1018562    [No]     Yes    1720      14  {56,57,58,59,60,61,62,63,64,65,66,67,68,69}
## EC_MEMINFO   1721   215            gs29r2b28    1721    1721 1018563    [No]    [No]    1721      14  {70,71,72,73,74,75,76,77,78,79,80,81,82,83}
## EC_MEMINFO   1722   215            gs29r2b28    1722    1722 1018564    [No]    [No]    1722      14  {84,85,86,87,88,89,90,91,92,93,94,95,96,97}
## EC_MEMINFO   1723   215            gs29r2b28    1723    1723 1018565    [No]    [No]    1723      14  {98,99,100,101,102,103,104,105,106,107,108,109,110,111}
## EC_MEMINFO   1724   215            gs29r2b28    1724    1724 1018566    [No]    [No]    1724      14  {0,1,2,3,4,5,6,7,8,9,10,11,12,13}
## EC_MEMINFO   1725   215            gs29r2b28    1725    1725 1018567    [No]    [No]    1725      14  {14,15,16,17,18,19,20,21,22,23,24,25,26,27}
## EC_MEMINFO   1726   215            gs29r2b28    1726    1726 1018568    [No]    [No]    1726      14  {28,29,30,31,32,33,34,35,36,37,38,39,40,41}
## EC_MEMINFO   1727   215            gs29r2b28    1727    1727 1018569    [No]    [No]    1727      14  {42,43,44,45,46,47,48,49,50,51,52,53,54,55}
## EC_MEMINFO   1728   216            gs29r2b29    1728    1728  154850    [No]     Yes    1728      14  {0,1,2,3,4,5,6,7,8,9,10,11,12,13}
## EC_MEMINFO   1729   216            gs29r2b29    1729    1729  154851    [No]    [No]    1729      14  {14,15,16,17,18,19,20,21,22,23,24,25,26,27}
## EC_MEMINFO   1730   216            gs29r2b29    1730    1730  154852    [No]    [No]    1730      14  {28,29,30,31,32,33,34,35,36,37,38,39,40,41}
## EC_MEMINFO   1731   216            gs29r2b29    1731    1731  154853    [No]    [No]    1731      14  {42,43,44,45,46,47,48,49,50,51,52,53,54,55}
## EC_MEMINFO   1732   216            gs29r2b29    1732    1732  154854    [No]    [No]    1732      14  {56,57,58,59,60,61,62,63,64,65,66,67,68,69}
## EC_MEMINFO   1733   216            gs29r2b29    1733    1733  154855    [No]    [No]    1733      14  {70,71,72,73,74,75,76,77,78,79,80,81,82,83}
## EC_MEMINFO   1734   216            gs29r2b29    1734    1734  154856    [No]    [No]    1734      14  {84,85,86,87,88,89,90,91,92,93,94,95,96,97}
## EC_MEMINFO   1735   216            gs29r2b29    1735    1735  154857    [No]    [No]    1735      14  {98,99,100,101,102,103,104,105,106,107,108,109,110,111}
## EC_MEMINFO   1736   217            gs29r2b30    1736    1736 3178049    [No]     Yes    1736      14  {56,57,58,59,60,61,62,63,64,65,66,67,68,69}
## EC_MEMINFO   1737   217            gs29r2b30    1737    1737 3178050    [No]    [No]    1737      14  {70,71,72,73,74,75,76,77,78,79,80,81,82,83}
## EC_MEMINFO   1738   217            gs29r2b30    1738    1738 3178051    [No]    [No]    1738      14  {84,85,86,87,88,89,90,91,92,93,94,95,96,97}
## EC_MEMINFO   1739   217            gs29r2b30    1739    1739 3178052    [No]    [No]    1739      14  {98,99,100,101,102,103,104,105,106,107,108,109,110,111}
## EC_MEMINFO   1740   217            gs29r2b30    1740    1740 3178053    [No]    [No]    1740      14  {0,1,2,3,4,5,6,7,8,9,10,11,12,13}
## EC_MEMINFO   1741   217            gs29r2b30    1741    1741 3178054    [No]    [No]    1741      14  {14,15,16,17,18,19,20,21,22,23,24,25,26,27}
## EC_MEMINFO   1742   217            gs29r2b30    1742    1742 3178055    [No]    [No]    1742      14  {28,29,30,31,32,33,34,35,36,37,38,39,40,41}
## EC_MEMINFO   1743   217            gs29r2b30    1743    1743 3178056    [No]    [No]    1743      14  {42,43,44,45,46,47,48,49,50,51,52,53,54,55}
## EC_MEMINFO   1744   218            gs29r2b31    1744    1744 2856903    [No]     Yes    1744      14  {0,1,2,3,4,5,6,7,8,9,10,11,12,13}
## EC_MEMINFO   1745   218            gs29r2b31    1745    1745 2856904    [No]    [No]    1745      14  {14,15,16,17,18,19,20,21,22,23,24,25,26,27}
## EC_MEMINFO   1746   218            gs29r2b31    1746    1746 2856905    [No]    [No]    1746      14  {28,29,30,31,32,33,34,35,36,37,38,39,40,41}
## EC_MEMINFO   1747   218            gs29r2b31    1747    1747 2856906    [No]    [No]    1747      14  {42,43,44,45,46,47,48,49,50,51,52,53,54,55}
## EC_MEMINFO   1748   218            gs29r2b31    1748    1748 2856907    [No]    [No]    1748      14  {56,57,58,59,60,61,62,63,64,65,66,67,68,69}
## EC_MEMINFO   1749   218            gs29r2b31    1749    1749 2856908    [No]    [No]    1749      14  {70,71,72,73,74,75,76,77,78,79,80,81,82,83}
## EC_MEMINFO   1750   218            gs29r2b31    1750    1750 2856909    [No]    [No]    1750      14  {84,85,86,87,88,89,90,91,92,93,94,95,96,97}
## EC_MEMINFO   1751   218            gs29r2b31    1751    1751 2856910    [No]    [No]    1751      14  {98,99,100,101,102,103,104,105,106,107,108,109,110,111}
## EC_MEMINFO   1752   219            gs29r2b32    1752    1752 2132778    [No]     Yes    1752      14  {56,57,58,59,60,61,62,63,64,65,66,67,68,69}
## EC_MEMINFO   1753   219            gs29r2b32    1753    1753 2132779    [No]    [No]    1753      14  {70,71,72,73,74,75,76,77,78,79,80,81,82,83}
## EC_MEMINFO   1754   219            gs29r2b32    1754    1754 2132780    [No]    [No]    1754      14  {84,85,86,87,88,89,90,91,92,93,94,95,96,97}
## EC_MEMINFO   1755   219            gs29r2b32    1755    1755 2132781    [No]    [No]    1755      14  {98,99,100,101,102,103,104,105,106,107,108,109,110,111}
## EC_MEMINFO   1756   219            gs29r2b32    1756    1756 2132782    [No]    [No]    1756      14  {0,1,2,3,4,5,6,7,8,9,10,11,12,13}
## EC_MEMINFO   1757   219            gs29r2b32    1757    1757 2132783    [No]    [No]    1757      14  {14,15,16,17,18,19,20,21,22,23,24,25,26,27}
## EC_MEMINFO   1758   219            gs29r2b32    1758    1758 2132784    [No]    [No]    1758      14  {28,29,30,31,32,33,34,35,36,37,38,39,40,41}
## EC_MEMINFO   1759   219            gs29r2b32    1759    1759 2132785    [No]    [No]    1759      14  {42,43,44,45,46,47,48,49,50,51,52,53,54,55}
## EC_MEMINFO   1760   220            gs29r2b33    1760    1760 3188186    [No]     Yes    1760      14  {0,1,2,3,4,5,6,7,8,9,10,11,12,13}
## EC_MEMINFO   1761   220            gs29r2b33    1761    1761 3188187    [No]    [No]    1761      14  {14,15,16,17,18,19,20,21,22,23,24,25,26,27}
## EC_MEMINFO   1762   220            gs29r2b33    1762    1762 3188188    [No]    [No]    1762      14  {28,29,30,31,32,33,34,35,36,37,38,39,40,41}
## EC_MEMINFO   1763   220            gs29r2b33    1763    1763 3188189    [No]    [No]    1763      14  {42,43,44,45,46,47,48,49,50,51,52,53,54,55}
## EC_MEMINFO   1764   220            gs29r2b33    1764    1764 3188190    [No]    [No]    1764      14  {56,57,58,59,60,61,62,63,64,65,66,67,68,69}
## EC_MEMINFO   1765   220            gs29r2b33    1765    1765 3188191    [No]    [No]    1765      14  {70,71,72,73,74,75,76,77,78,79,80,81,82,83}
## EC_MEMINFO   1766   220            gs29r2b33    1766    1766 3188192    [No]    [No]    1766      14  {84,85,86,87,88,89,90,91,92,93,94,95,96,97}
## EC_MEMINFO   1767   220            gs29r2b33    1767    1767 3188193    [No]    [No]    1767      14  {98,99,100,101,102,103,104,105,106,107,108,109,110,111}
## EC_MEMINFO   1768   221            gs29r2b34    1768    1768 1464895    [No]     Yes    1768      14  {56,57,58,59,60,61,62,63,64,65,66,67,68,69}
## EC_MEMINFO   1769   221            gs29r2b34    1769    1769 1464896    [No]    [No]    1769      14  {70,71,72,73,74,75,76,77,78,79,80,81,82,83}
## EC_MEMINFO   1770   221            gs29r2b34    1770    1770 1464897    [No]    [No]    1770      14  {84,85,86,87,88,89,90,91,92,93,94,95,96,97}
## EC_MEMINFO   1771   221            gs29r2b34    1771    1771 1464898    [No]    [No]    1771      14  {98,99,100,101,102,103,104,105,106,107,108,109,110,111}
## EC_MEMINFO   1772   221            gs29r2b34    1772    1772 1464899    [No]    [No]    1772      14  {0,1,2,3,4,5,6,7,8,9,10,11,12,13}
## EC_MEMINFO   1773   221            gs29r2b34    1773    1773 1464900    [No]    [No]    1773      14  {14,15,16,17,18,19,20,21,22,23,24,25,26,27}
## EC_MEMINFO   1774   221            gs29r2b34    1774    1774 1464901    [No]    [No]    1774      14  {28,29,30,31,32,33,34,35,36,37,38,39,40,41}
## EC_MEMINFO   1775   221            gs29r2b34    1775    1775 1464902    [No]    [No]    1775      14  {42,43,44,45,46,47,48,49,50,51,52,53,54,55}
## EC_MEMINFO   1776   222            gs29r2b35    1776    1776 1979819    [No]     Yes    1776      14  {0,1,2,3,4,5,6,7,8,9,10,11,12,13}
## EC_MEMINFO   1777   222            gs29r2b35    1777    1777 1979820    [No]    [No]    1777      14  {14,15,16,17,18,19,20,21,22,23,24,25,26,27}
## EC_MEMINFO   1778   222            gs29r2b35    1778    1778 1979821    [No]    [No]    1778      14  {28,29,30,31,32,33,34,35,36,37,38,39,40,41}
## EC_MEMINFO   1779   222            gs29r2b35    1779    1779 1979822    [No]    [No]    1779      14  {42,43,44,45,46,47,48,49,50,51,52,53,54,55}
## EC_MEMINFO   1780   222            gs29r2b35    1780    1780 1979823    [No]    [No]    1780      14  {56,57,58,59,60,61,62,63,64,65,66,67,68,69}
## EC_MEMINFO   1781   222            gs29r2b35    1781    1781 1979824    [No]    [No]    1781      14  {70,71,72,73,74,75,76,77,78,79,80,81,82,83}
## EC_MEMINFO   1782   222            gs29r2b35    1782    1782 1979825    [No]    [No]    1782      14  {84,85,86,87,88,89,90,91,92,93,94,95,96,97}
## EC_MEMINFO   1783   222            gs29r2b35    1783    1783 1979826    [No]    [No]    1783      14  {98,99,100,101,102,103,104,105,106,107,108,109,110,111}
## EC_MEMINFO   1784   223            gs29r2b36    1784    1784  635154    [No]     Yes    1784      14  {56,57,58,59,60,61,62,63,64,65,66,67,68,69}
## EC_MEMINFO   1785   223            gs29r2b36    1785    1785  635155    [No]    [No]    1785      14  {70,71,72,73,74,75,76,77,78,79,80,81,82,83}
## EC_MEMINFO   1786   223            gs29r2b36    1786    1786  635156    [No]    [No]    1786      14  {84,85,86,87,88,89,90,91,92,93,94,95,96,97}
## EC_MEMINFO   1787   223            gs29r2b36    1787    1787  635157    [No]    [No]    1787      14  {98,99,100,101,102,103,104,105,106,107,108,109,110,111}
## EC_MEMINFO   1788   223            gs29r2b36    1788    1788  635158    [No]    [No]    1788      14  {0,1,2,3,4,5,6,7,8,9,10,11,12,13}
## EC_MEMINFO   1789   223            gs29r2b36    1789    1789  635159    [No]    [No]    1789      14  {14,15,16,17,18,19,20,21,22,23,24,25,26,27}
## EC_MEMINFO   1790   223            gs29r2b36    1790    1790  635160    [No]    [No]    1790      14  {28,29,30,31,32,33,34,35,36,37,38,39,40,41}
## EC_MEMINFO   1791   223            gs29r2b36    1791    1791  635161    [No]    [No]    1791      14  {42,43,44,45,46,47,48,49,50,51,52,53,54,55}
## EC_MEMINFO   1792   224            gs29r2b37    1792    1792  407990    [No]     Yes    1792      14  {0,1,2,3,4,5,6,7,8,9,10,11,12,13}
## EC_MEMINFO   1793   224            gs29r2b37    1793    1793  407991    [No]    [No]    1793      14  {14,15,16,17,18,19,20,21,22,23,24,25,26,27}
## EC_MEMINFO   1794   224            gs29r2b37    1794    1794  407992    [No]    [No]    1794      14  {28,29,30,31,32,33,34,35,36,37,38,39,40,41}
## EC_MEMINFO   1795   224            gs29r2b37    1795    1795  407993    [No]    [No]    1795      14  {42,43,44,45,46,47,48,49,50,51,52,53,54,55}
## EC_MEMINFO   1796   224            gs29r2b37    1796    1796  407994    [No]    [No]    1796      14  {56,57,58,59,60,61,62,63,64,65,66,67,68,69}
## EC_MEMINFO   1797   224            gs29r2b37    1797    1797  407995    [No]    [No]    1797      14  {70,71,72,73,74,75,76,77,78,79,80,81,82,83}
## EC_MEMINFO   1798   224            gs29r2b37    1798    1798  407996    [No]    [No]    1798      14  {84,85,86,87,88,89,90,91,92,93,94,95,96,97}
## EC_MEMINFO   1799   224            gs29r2b37    1799    1799  407997    [No]    [No]    1799      14  {98,99,100,101,102,103,104,105,106,107,108,109,110,111}
## EC_MEMINFO   1800   225            gs29r2b38    1800    1800 2513271    [No]     Yes    1800      14  {56,57,58,59,60,61,62,63,64,65,66,67,68,69}
## EC_MEMINFO   1801   225            gs29r2b38    1801    1801 2513272    [No]    [No]    1801      14  {70,71,72,73,74,75,76,77,78,79,80,81,82,83}
## EC_MEMINFO   1802   225            gs29r2b38    1802    1802 2513273    [No]    [No]    1802      14  {84,85,86,87,88,89,90,91,92,93,94,95,96,97}
## EC_MEMINFO   1803   225            gs29r2b38    1803    1803 2513274    [No]    [No]    1803      14  {98,99,100,101,102,103,104,105,106,107,108,109,110,111}
## EC_MEMINFO   1804   225            gs29r2b38    1804    1804 2513275    [No]    [No]    1804      14  {0,1,2,3,4,5,6,7,8,9,10,11,12,13}
## EC_MEMINFO   1805   225            gs29r2b38    1805    1805 2513276    [No]    [No]    1805      14  {14,15,16,17,18,19,20,21,22,23,24,25,26,27}
## EC_MEMINFO   1806   225            gs29r2b38    1806    1806 2513277    [No]    [No]    1806      14  {28,29,30,31,32,33,34,35,36,37,38,39,40,41}
## EC_MEMINFO   1807   225            gs29r2b38    1807    1807 2513278    [No]    [No]    1807      14  {42,43,44,45,46,47,48,49,50,51,52,53,54,55}
## EC_MEMINFO   1808   226            gs29r2b39    1808    1808 2430038    [No]     Yes    1808      14  {0,1,2,3,4,5,6,7,8,9,10,11,12,13}
## EC_MEMINFO   1809   226            gs29r2b39    1809    1809 2430039    [No]    [No]    1809      14  {14,15,16,17,18,19,20,21,22,23,24,25,26,27}
## EC_MEMINFO   1810   226            gs29r2b39    1810    1810 2430040    [No]    [No]    1810      14  {28,29,30,31,32,33,34,35,36,37,38,39,40,41}
## EC_MEMINFO   1811   226            gs29r2b39    1811    1811 2430041    [No]    [No]    1811      14  {42,43,44,45,46,47,48,49,50,51,52,53,54,55}
## EC_MEMINFO   1812   226            gs29r2b39    1812    1812 2430042    [No]    [No]    1812      14  {56,57,58,59,60,61,62,63,64,65,66,67,68,69}
## EC_MEMINFO   1813   226            gs29r2b39    1813    1813 2430043    [No]    [No]    1813      14  {70,71,72,73,74,75,76,77,78,79,80,81,82,83}
## EC_MEMINFO   1814   226            gs29r2b39    1814    1814 2430044    [No]    [No]    1814      14  {84,85,86,87,88,89,90,91,92,93,94,95,96,97}
## EC_MEMINFO   1815   226            gs29r2b39    1815    1815 2430045    [No]    [No]    1815      14  {98,99,100,101,102,103,104,105,106,107,108,109,110,111}
## EC_MEMINFO   1816   227            gs29r2b40    1816    1816 1922824    [No]     Yes    1816      14  {56,57,58,59,60,61,62,63,64,65,66,67,68,69}
## EC_MEMINFO   1817   227            gs29r2b40    1817    1817 1922825    [No]    [No]    1817      14  {70,71,72,73,74,75,76,77,78,79,80,81,82,83}
## EC_MEMINFO   1818   227            gs29r2b40    1818    1818 1922826    [No]    [No]    1818      14  {84,85,86,87,88,89,90,91,92,93,94,95,96,97}
## EC_MEMINFO   1819   227            gs29r2b40    1819    1819 1922827    [No]    [No]    1819      14  {98,99,100,101,102,103,104,105,106,107,108,109,110,111}
## EC_MEMINFO   1820   227            gs29r2b40    1820    1820 1922828    [No]    [No]    1820      14  {0,1,2,3,4,5,6,7,8,9,10,11,12,13}
## EC_MEMINFO   1821   227            gs29r2b40    1821    1821 1922829    [No]    [No]    1821      14  {14,15,16,17,18,19,20,21,22,23,24,25,26,27}
## EC_MEMINFO   1822   227            gs29r2b40    1822    1822 1922830    [No]    [No]    1822      14  {28,29,30,31,32,33,34,35,36,37,38,39,40,41}
## EC_MEMINFO   1823   227            gs29r2b40    1823    1823 1922831    [No]    [No]    1823      14  {42,43,44,45,46,47,48,49,50,51,52,53,54,55}
## EC_MEMINFO   1824   228            gs29r2b41    1824    1824 1920666    [No]     Yes    1824      14  {0,1,2,3,4,5,6,7,8,9,10,11,12,13}
## EC_MEMINFO   1825   228            gs29r2b41    1825    1825 1920667    [No]    [No]    1825      14  {14,15,16,17,18,19,20,21,22,23,24,25,26,27}
## EC_MEMINFO   1826   228            gs29r2b41    1826    1826 1920668    [No]    [No]    1826      14  {28,29,30,31,32,33,34,35,36,37,38,39,40,41}
## EC_MEMINFO   1827   228            gs29r2b41    1827    1827 1920669    [No]    [No]    1827      14  {42,43,44,45,46,47,48,49,50,51,52,53,54,55}
## EC_MEMINFO   1828   228            gs29r2b41    1828    1828 1920670    [No]    [No]    1828      14  {56,57,58,59,60,61,62,63,64,65,66,67,68,69}
## EC_MEMINFO   1829   228            gs29r2b41    1829    1829 1920671    [No]    [No]    1829      14  {70,71,72,73,74,75,76,77,78,79,80,81,82,83}
## EC_MEMINFO   1830   228            gs29r2b41    1830    1830 1920672    [No]    [No]    1830      14  {84,85,86,87,88,89,90,91,92,93,94,95,96,97}
## EC_MEMINFO   1831   228            gs29r2b41    1831    1831 1920673    [No]    [No]    1831      14  {98,99,100,101,102,103,104,105,106,107,108,109,110,111}
## EC_MEMINFO   1832   229            gs29r2b42    1832    1832 4191414    [No]     Yes    1832      14  {56,57,58,59,60,61,62,63,64,65,66,67,68,69}
## EC_MEMINFO   1833   229            gs29r2b42    1833    1833 4191415    [No]    [No]    1833      14  {70,71,72,73,74,75,76,77,78,79,80,81,82,83}
## EC_MEMINFO   1834   229            gs29r2b42    1834    1834 4191416    [No]    [No]    1834      14  {84,85,86,87,88,89,90,91,92,93,94,95,96,97}
## EC_MEMINFO   1835   229            gs29r2b42    1835    1835 4191417    [No]    [No]    1835      14  {98,99,100,101,102,103,104,105,106,107,108,109,110,111}
## EC_MEMINFO   1836   229            gs29r2b42    1836    1836 4191418    [No]    [No]    1836      14  {0,1,2,3,4,5,6,7,8,9,10,11,12,13}
## EC_MEMINFO   1837   229            gs29r2b42    1837    1837 4191419    [No]    [No]    1837      14  {14,15,16,17,18,19,20,21,22,23,24,25,26,27}
## EC_MEMINFO   1838   229            gs29r2b42    1838    1838 4191420    [No]    [No]    1838      14  {28,29,30,31,32,33,34,35,36,37,38,39,40,41}
## EC_MEMINFO   1839   229            gs29r2b42    1839    1839 4191421    [No]    [No]    1839      14  {42,43,44,45,46,47,48,49,50,51,52,53,54,55}
## EC_MEMINFO   1840   230            gs29r2b43    1840    1840 3865515    [No]     Yes    1840      14  {0,1,2,3,4,5,6,7,8,9,10,11,12,13}
## EC_MEMINFO   1841   230            gs29r2b43    1841    1841 3865516    [No]    [No]    1841      14  {14,15,16,17,18,19,20,21,22,23,24,25,26,27}
## EC_MEMINFO   1842   230            gs29r2b43    1842    1842 3865517    [No]    [No]    1842      14  {28,29,30,31,32,33,34,35,36,37,38,39,40,41}
## EC_MEMINFO   1843   230            gs29r2b43    1843    1843 3865518    [No]    [No]    1843      14  {42,43,44,45,46,47,48,49,50,51,52,53,54,55}
## EC_MEMINFO   1844   230            gs29r2b43    1844    1844 3865519    [No]    [No]    1844      14  {56,57,58,59,60,61,62,63,64,65,66,67,68,69}
## EC_MEMINFO   1845   230            gs29r2b43    1845    1845 3865520    [No]    [No]    1845      14  {70,71,72,73,74,75,76,77,78,79,80,81,82,83}
## EC_MEMINFO   1846   230            gs29r2b43    1846    1846 3865521    [No]    [No]    1846      14  {84,85,86,87,88,89,90,91,92,93,94,95,96,97}
## EC_MEMINFO   1847   230            gs29r2b43    1847    1847 3865522    [No]    [No]    1847      14  {98,99,100,101,102,103,104,105,106,107,108,109,110,111}
## EC_MEMINFO   1848   231            gs29r2b44    1848    1848 1370271    [No]     Yes    1848      14  {56,57,58,59,60,61,62,63,64,65,66,67,68,69}
## EC_MEMINFO   1849   231            gs29r2b44    1849    1849 1370272    [No]    [No]    1849      14  {70,71,72,73,74,75,76,77,78,79,80,81,82,83}
## EC_MEMINFO   1850   231            gs29r2b44    1850    1850 1370273    [No]    [No]    1850      14  {84,85,86,87,88,89,90,91,92,93,94,95,96,97}
## EC_MEMINFO   1851   231            gs29r2b44    1851    1851 1370274    [No]    [No]    1851      14  {98,99,100,101,102,103,104,105,106,107,108,109,110,111}
## EC_MEMINFO   1852   231            gs29r2b44    1852    1852 1370275    [No]    [No]    1852      14  {0,1,2,3,4,5,6,7,8,9,10,11,12,13}
## EC_MEMINFO   1853   231            gs29r2b44    1853    1853 1370276    [No]    [No]    1853      14  {14,15,16,17,18,19,20,21,22,23,24,25,26,27}
## EC_MEMINFO   1854   231            gs29r2b44    1854    1854 1370277    [No]    [No]    1854      14  {28,29,30,31,32,33,34,35,36,37,38,39,40,41}
## EC_MEMINFO   1855   231            gs29r2b44    1855    1855 1370278    [No]    [No]    1855      14  {42,43,44,45,46,47,48,49,50,51,52,53,54,55}
## EC_MEMINFO   1856   232            gs29r2b45    1856    1856 4154921    [No]     Yes    1856      14  {0,1,2,3,4,5,6,7,8,9,10,11,12,13}
## EC_MEMINFO   1857   232            gs29r2b45    1857    1857 4154922    [No]    [No]    1857      14  {14,15,16,17,18,19,20,21,22,23,24,25,26,27}
## EC_MEMINFO   1858   232            gs29r2b45    1858    1858 4154923    [No]    [No]    1858      14  {28,29,30,31,32,33,34,35,36,37,38,39,40,41}
## EC_MEMINFO   1859   232            gs29r2b45    1859    1859 4154924    [No]    [No]    1859      14  {42,43,44,45,46,47,48,49,50,51,52,53,54,55}
## EC_MEMINFO   1860   232            gs29r2b45    1860    1860 4154925    [No]    [No]    1860      14  {56,57,58,59,60,61,62,63,64,65,66,67,68,69}
## EC_MEMINFO   1861   232            gs29r2b45    1861    1861 4154926    [No]    [No]    1861      14  {70,71,72,73,74,75,76,77,78,79,80,81,82,83}
## EC_MEMINFO   1862   232            gs29r2b45    1862    1862 4154927    [No]    [No]    1862      14  {84,85,86,87,88,89,90,91,92,93,94,95,96,97}
## EC_MEMINFO   1863   232            gs29r2b45    1863    1863 4154928    [No]    [No]    1863      14  {98,99,100,101,102,103,104,105,106,107,108,109,110,111}
## EC_MEMINFO   1864   233            gs29r2b46    1864    1864 3649053    [No]     Yes    1864      14  {56,57,58,59,60,61,62,63,64,65,66,67,68,69}
## EC_MEMINFO   1865   233            gs29r2b46    1865    1865 3649054    [No]    [No]    1865      14  {70,71,72,73,74,75,76,77,78,79,80,81,82,83}
## EC_MEMINFO   1866   233            gs29r2b46    1866    1866 3649055    [No]    [No]    1866      14  {84,85,86,87,88,89,90,91,92,93,94,95,96,97}
## EC_MEMINFO   1867   233            gs29r2b46    1867    1867 3649056    [No]    [No]    1867      14  {98,99,100,101,102,103,104,105,106,107,108,109,110,111}
## EC_MEMINFO   1868   233            gs29r2b46    1868    1868 3649057    [No]    [No]    1868      14  {0,1,2,3,4,5,6,7,8,9,10,11,12,13}
## EC_MEMINFO   1869   233            gs29r2b46    1869    1869 3649058    [No]    [No]    1869      14  {14,15,16,17,18,19,20,21,22,23,24,25,26,27}
## EC_MEMINFO   1870   233            gs29r2b46    1870    1870 3649059    [No]    [No]    1870      14  {28,29,30,31,32,33,34,35,36,37,38,39,40,41}
## EC_MEMINFO   1871   233            gs29r2b46    1871    1871 3649060    [No]    [No]    1871      14  {42,43,44,45,46,47,48,49,50,51,52,53,54,55}
## EC_MEMINFO   1872   234            gs29r2b47    1872    1872 1627180    [No]     Yes    1872      14  {0,1,2,3,4,5,6,7,8,9,10,11,12,13}
## EC_MEMINFO   1873   234            gs29r2b47    1873    1873 1627181    [No]    [No]    1873      14  {14,15,16,17,18,19,20,21,22,23,24,25,26,27}
## EC_MEMINFO   1874   234            gs29r2b47    1874    1874 1627182    [No]    [No]    1874      14  {28,29,30,31,32,33,34,35,36,37,38,39,40,41}
## EC_MEMINFO   1875   234            gs29r2b47    1875    1875 1627183    [No]    [No]    1875      14  {42,43,44,45,46,47,48,49,50,51,52,53,54,55}
## EC_MEMINFO   1876   234            gs29r2b47    1876    1876 1627184    [No]    [No]    1876      14  {56,57,58,59,60,61,62,63,64,65,66,67,68,69}
## EC_MEMINFO   1877   234            gs29r2b47    1877    1877 1627185    [No]    [No]    1877      14  {70,71,72,73,74,75,76,77,78,79,80,81,82,83}
## EC_MEMINFO   1878   234            gs29r2b47    1878    1878 1627186    [No]    [No]    1878      14  {84,85,86,87,88,89,90,91,92,93,94,95,96,97}
## EC_MEMINFO   1879   234            gs29r2b47    1879    1879 1627187    [No]    [No]    1879      14  {98,99,100,101,102,103,104,105,106,107,108,109,110,111}
## EC_MEMINFO   1880   235            gs29r2b48    1880    1880 2774710    [No]     Yes    1880      14  {56,57,58,59,60,61,62,63,64,65,66,67,68,69}
## EC_MEMINFO   1881   235            gs29r2b48    1881    1881 2774711    [No]    [No]    1881      14  {70,71,72,73,74,75,76,77,78,79,80,81,82,83}
## EC_MEMINFO   1882   235            gs29r2b48    1882    1882 2774712    [No]    [No]    1882      14  {84,85,86,87,88,89,90,91,92,93,94,95,96,97}
## EC_MEMINFO   1883   235            gs29r2b48    1883    1883 2774713    [No]    [No]    1883      14  {98,99,100,101,102,103,104,105,106,107,108,109,110,111}
## EC_MEMINFO   1884   235            gs29r2b48    1884    1884 2774714    [No]    [No]    1884      14  {0,1,2,3,4,5,6,7,8,9,10,11,12,13}
## EC_MEMINFO   1885   235            gs29r2b48    1885    1885 2774715    [No]    [No]    1885      14  {14,15,16,17,18,19,20,21,22,23,24,25,26,27}
## EC_MEMINFO   1886   235            gs29r2b48    1886    1886 2774716    [No]    [No]    1886      14  {28,29,30,31,32,33,34,35,36,37,38,39,40,41}
## EC_MEMINFO   1887   235            gs29r2b48    1887    1887 2774717    [No]    [No]    1887      14  {42,43,44,45,46,47,48,49,50,51,52,53,54,55}
## EC_MEMINFO   1888   236            gs29r2b49    1888    1888 4113034    [No]     Yes    1888      14  {0,1,2,3,4,5,6,7,8,9,10,11,12,13}
## EC_MEMINFO   1889   236            gs29r2b49    1889    1889 4113035    [No]    [No]    1889      14  {14,15,16,17,18,19,20,21,22,23,24,25,26,27}
## EC_MEMINFO   1890   236            gs29r2b49    1890    1890 4113036    [No]    [No]    1890      14  {28,29,30,31,32,33,34,35,36,37,38,39,40,41}
## EC_MEMINFO   1891   236            gs29r2b49    1891    1891 4113037    [No]    [No]    1891      14  {42,43,44,45,46,47,48,49,50,51,52,53,54,55}
## EC_MEMINFO   1892   236            gs29r2b49    1892    1892 4113038    [No]    [No]    1892      14  {56,57,58,59,60,61,62,63,64,65,66,67,68,69}
## EC_MEMINFO   1893   236            gs29r2b49    1893    1893 4113039    [No]    [No]    1893      14  {70,71,72,73,74,75,76,77,78,79,80,81,82,83}
## EC_MEMINFO   1894   236            gs29r2b49    1894    1894 4113040    [No]    [No]    1894      14  {84,85,86,87,88,89,90,91,92,93,94,95,96,97}
## EC_MEMINFO   1895   236            gs29r2b49    1895    1895 4113041    [No]    [No]    1895      14  {98,99,100,101,102,103,104,105,106,107,108,109,110,111}
## EC_MEMINFO   1896   237            gs29r2b50    1896    1896 3831534    [No]     Yes    1896      14  {56,57,58,59,60,61,62,63,64,65,66,67,68,69}
## EC_MEMINFO   1897   237            gs29r2b50    1897    1897 3831535    [No]    [No]    1897      14  {70,71,72,73,74,75,76,77,78,79,80,81,82,83}
## EC_MEMINFO   1898   237            gs29r2b50    1898    1898 3831536    [No]    [No]    1898      14  {84,85,86,87,88,89,90,91,92,93,94,95,96,97}
## EC_MEMINFO   1899   237            gs29r2b50    1899    1899 3831537    [No]    [No]    1899      14  {98,99,100,101,102,103,104,105,106,107,108,109,110,111}
## EC_MEMINFO   1900   237            gs29r2b50    1900    1900 3831538    [No]    [No]    1900      14  {0,1,2,3,4,5,6,7,8,9,10,11,12,13}
## EC_MEMINFO   1901   237            gs29r2b50    1901    1901 3831539    [No]    [No]    1901      14  {14,15,16,17,18,19,20,21,22,23,24,25,26,27}
## EC_MEMINFO   1902   237            gs29r2b50    1902    1902 3831540    [No]    [No]    1902      14  {28,29,30,31,32,33,34,35,36,37,38,39,40,41}
## EC_MEMINFO   1903   237            gs29r2b50    1903    1903 3831541    [No]    [No]    1903      14  {42,43,44,45,46,47,48,49,50,51,52,53,54,55}
## EC_MEMINFO   1904   238            gs29r2b51    1904    1904 2926709    [No]     Yes    1904      14  {0,1,2,3,4,5,6,7,8,9,10,11,12,13}
## EC_MEMINFO   1905   238            gs29r2b51    1905    1905 2926710    [No]    [No]    1905      14  {14,15,16,17,18,19,20,21,22,23,24,25,26,27}
## EC_MEMINFO   1906   238            gs29r2b51    1906    1906 2926711    [No]    [No]    1906      14  {28,29,30,31,32,33,34,35,36,37,38,39,40,41}
## EC_MEMINFO   1907   238            gs29r2b51    1907    1907 2926712    [No]    [No]    1907      14  {42,43,44,45,46,47,48,49,50,51,52,53,54,55}
## EC_MEMINFO   1908   238            gs29r2b51    1908    1908 2926713    [No]    [No]    1908      14  {56,57,58,59,60,61,62,63,64,65,66,67,68,69}
## EC_MEMINFO   1909   238            gs29r2b51    1909    1909 2926714    [No]    [No]    1909      14  {70,71,72,73,74,75,76,77,78,79,80,81,82,83}
## EC_MEMINFO   1910   238            gs29r2b51    1910    1910 2926715    [No]    [No]    1910      14  {84,85,86,87,88,89,90,91,92,93,94,95,96,97}
## EC_MEMINFO   1911   238            gs29r2b51    1911    1911 2926716    [No]    [No]    1911      14  {98,99,100,101,102,103,104,105,106,107,108,109,110,111}
## EC_MEMINFO   1912   239            gs29r2b52    1912    1912 3378843    [No]     Yes    1912      14  {56,57,58,59,60,61,62,63,64,65,66,67,68,69}
## EC_MEMINFO   1913   239            gs29r2b52    1913    1913 3378844    [No]    [No]    1913      14  {70,71,72,73,74,75,76,77,78,79,80,81,82,83}
## EC_MEMINFO   1914   239            gs29r2b52    1914    1914 3378845    [No]    [No]    1914      14  {84,85,86,87,88,89,90,91,92,93,94,95,96,97}
## EC_MEMINFO   1915   239            gs29r2b52    1915    1915 3378846    [No]    [No]    1915      14  {98,99,100,101,102,103,104,105,106,107,108,109,110,111}
## EC_MEMINFO   1916   239            gs29r2b52    1916    1916 3378847    [No]    [No]    1916      14  {0,1,2,3,4,5,6,7,8,9,10,11,12,13}
## EC_MEMINFO   1917   239            gs29r2b52    1917    1917 3378848    [No]    [No]    1917      14  {14,15,16,17,18,19,20,21,22,23,24,25,26,27}
## EC_MEMINFO   1918   239            gs29r2b52    1918    1918 3378849    [No]    [No]    1918      14  {28,29,30,31,32,33,34,35,36,37,38,39,40,41}
## EC_MEMINFO   1919   239            gs29r2b52    1919    1919 3378850    [No]    [No]    1919      14  {42,43,44,45,46,47,48,49,50,51,52,53,54,55}
## EC_MEMINFO   1920   240            gs29r2b53    1920    1920  694729    [No]     Yes    1920      14  {0,1,2,3,4,5,6,7,8,9,10,11,12,13}
## EC_MEMINFO   1921   240            gs29r2b53    1921    1921  694730    [No]    [No]    1921      14  {14,15,16,17,18,19,20,21,22,23,24,25,26,27}
## EC_MEMINFO   1922   240            gs29r2b53    1922    1922  694731    [No]    [No]    1922      14  {28,29,30,31,32,33,34,35,36,37,38,39,40,41}
## EC_MEMINFO   1923   240            gs29r2b53    1923    1923  694732    [No]    [No]    1923      14  {42,43,44,45,46,47,48,49,50,51,52,53,54,55}
## EC_MEMINFO   1924   240            gs29r2b53    1924    1924  694733    [No]    [No]    1924      14  {56,57,58,59,60,61,62,63,64,65,66,67,68,69}
## EC_MEMINFO   1925   240            gs29r2b53    1925    1925  694734    [No]    [No]    1925      14  {70,71,72,73,74,75,76,77,78,79,80,81,82,83}
## EC_MEMINFO   1926   240            gs29r2b53    1926    1926  694735    [No]    [No]    1926      14  {84,85,86,87,88,89,90,91,92,93,94,95,96,97}
## EC_MEMINFO   1927   240            gs29r2b53    1927    1927  694736    [No]    [No]    1927      14  {98,99,100,101,102,103,104,105,106,107,108,109,110,111}
## EC_MEMINFO   1928   241            gs29r2b54    1928    1928  694487    [No]     Yes    1928      14  {56,57,58,59,60,61,62,63,64,65,66,67,68,69}
## EC_MEMINFO   1929   241            gs29r2b54    1929    1929  694488    [No]    [No]    1929      14  {70,71,72,73,74,75,76,77,78,79,80,81,82,83}
## EC_MEMINFO   1930   241            gs29r2b54    1930    1930  694489    [No]    [No]    1930      14  {84,85,86,87,88,89,90,91,92,93,94,95,96,97}
## EC_MEMINFO   1931   241            gs29r2b54    1931    1931  694490    [No]    [No]    1931      14  {98,99,100,101,102,103,104,105,106,107,108,109,110,111}
## EC_MEMINFO   1932   241            gs29r2b54    1932    1932  694491    [No]    [No]    1932      14  {0,1,2,3,4,5,6,7,8,9,10,11,12,13}
## EC_MEMINFO   1933   241            gs29r2b54    1933    1933  694492    [No]    [No]    1933      14  {14,15,16,17,18,19,20,21,22,23,24,25,26,27}
## EC_MEMINFO   1934   241            gs29r2b54    1934    1934  694493    [No]    [No]    1934      14  {28,29,30,31,32,33,34,35,36,37,38,39,40,41}
## EC_MEMINFO   1935   241            gs29r2b54    1935    1935  694494    [No]    [No]    1935      14  {42,43,44,45,46,47,48,49,50,51,52,53,54,55}
## EC_MEMINFO   1936   242            gs29r2b55    1936    1936 3329253    [No]     Yes    1936      14  {0,1,2,3,4,5,6,7,8,9,10,11,12,13}
## EC_MEMINFO   1937   242            gs29r2b55    1937    1937 3329254    [No]    [No]    1937      14  {14,15,16,17,18,19,20,21,22,23,24,25,26,27}
## EC_MEMINFO   1938   242            gs29r2b55    1938    1938 3329255    [No]    [No]    1938      14  {28,29,30,31,32,33,34,35,36,37,38,39,40,41}
## EC_MEMINFO   1939   242            gs29r2b55    1939    1939 3329256    [No]    [No]    1939      14  {42,43,44,45,46,47,48,49,50,51,52,53,54,55}
## EC_MEMINFO   1940   242            gs29r2b55    1940    1940 3329257    [No]    [No]    1940      14  {56,57,58,59,60,61,62,63,64,65,66,67,68,69}
## EC_MEMINFO   1941   242            gs29r2b55    1941    1941 3329258    [No]    [No]    1941      14  {70,71,72,73,74,75,76,77,78,79,80,81,82,83}
## EC_MEMINFO   1942   242            gs29r2b55    1942    1942 3329259    [No]    [No]    1942      14  {84,85,86,87,88,89,90,91,92,93,94,95,96,97}
## EC_MEMINFO   1943   242            gs29r2b55    1943    1943 3329260    [No]    [No]    1943      14  {98,99,100,101,102,103,104,105,106,107,108,109,110,111}
## EC_MEMINFO   1944   243            gs29r2b56    1944    1944 3923481    [No]     Yes    1944      14  {56,57,58,59,60,61,62,63,64,65,66,67,68,69}
## EC_MEMINFO   1945   243            gs29r2b56    1945    1945 3923482    [No]    [No]    1945      14  {70,71,72,73,74,75,76,77,78,79,80,81,82,83}
## EC_MEMINFO   1946   243            gs29r2b56    1946    1946 3923483    [No]    [No]    1946      14  {84,85,86,87,88,89,90,91,92,93,94,95,96,97}
## EC_MEMINFO   1947   243            gs29r2b56    1947    1947 3923484    [No]    [No]    1947      14  {98,99,100,101,102,103,104,105,106,107,108,109,110,111}
## EC_MEMINFO   1948   243            gs29r2b56    1948    1948 3923485    [No]    [No]    1948      14  {0,1,2,3,4,5,6,7,8,9,10,11,12,13}
## EC_MEMINFO   1949   243            gs29r2b56    1949    1949 3923486    [No]    [No]    1949      14  {14,15,16,17,18,19,20,21,22,23,24,25,26,27}
## EC_MEMINFO   1950   243            gs29r2b56    1950    1950 3923487    [No]    [No]    1950      14  {28,29,30,31,32,33,34,35,36,37,38,39,40,41}
## EC_MEMINFO   1951   243            gs29r2b56    1951    1951 3923488    [No]    [No]    1951      14  {42,43,44,45,46,47,48,49,50,51,52,53,54,55}
## EC_MEMINFO   1952   244            gs29r2b57    1952    1952 3785586    [No]     Yes    1952      14  {0,1,2,3,4,5,6,7,8,9,10,11,12,13}
## EC_MEMINFO   1953   244            gs29r2b57    1953    1953 3785587    [No]    [No]    1953      14  {14,15,16,17,18,19,20,21,22,23,24,25,26,27}
## EC_MEMINFO   1954   244            gs29r2b57    1954    1954 3785588    [No]    [No]    1954      14  {28,29,30,31,32,33,34,35,36,37,38,39,40,41}
## EC_MEMINFO   1955   244            gs29r2b57    1955    1955 3785589    [No]    [No]    1955      14  {42,43,44,45,46,47,48,49,50,51,52,53,54,55}
## EC_MEMINFO   1956   244            gs29r2b57    1956    1956 3785590    [No]    [No]    1956      14  {56,57,58,59,60,61,62,63,64,65,66,67,68,69}
## EC_MEMINFO   1957   244            gs29r2b57    1957    1957 3785591    [No]    [No]    1957      14  {70,71,72,73,74,75,76,77,78,79,80,81,82,83}
## EC_MEMINFO   1958   244            gs29r2b57    1958    1958 3785592    [No]    [No]    1958      14  {84,85,86,87,88,89,90,91,92,93,94,95,96,97}
## EC_MEMINFO   1959   244            gs29r2b57    1959    1959 3785593    [No]    [No]    1959      14  {98,99,100,101,102,103,104,105,106,107,108,109,110,111}
## EC_MEMINFO   1960   245            gs29r2b58    1960    1960  813471    [No]     Yes    1960      14  {56,57,58,59,60,61,62,63,64,65,66,67,68,69}
## EC_MEMINFO   1961   245            gs29r2b58    1961    1961  813472    [No]    [No]    1961      14  {70,71,72,73,74,75,76,77,78,79,80,81,82,83}
## EC_MEMINFO   1962   245            gs29r2b58    1962    1962  813473    [No]    [No]    1962      14  {84,85,86,87,88,89,90,91,92,93,94,95,96,97}
## EC_MEMINFO   1963   245            gs29r2b58    1963    1963  813474    [No]    [No]    1963      14  {98,99,100,101,102,103,104,105,106,107,108,109,110,111}
## EC_MEMINFO   1964   245            gs29r2b58    1964    1964  813475    [No]    [No]    1964      14  {0,1,2,3,4,5,6,7,8,9,10,11,12,13}
## EC_MEMINFO   1965   245            gs29r2b58    1965    1965  813476    [No]    [No]    1965      14  {14,15,16,17,18,19,20,21,22,23,24,25,26,27}
## EC_MEMINFO   1966   245            gs29r2b58    1966    1966  813477    [No]    [No]    1966      14  {28,29,30,31,32,33,34,35,36,37,38,39,40,41}
## EC_MEMINFO   1967   245            gs29r2b58    1967    1967  813478    [No]    [No]    1967      14  {42,43,44,45,46,47,48,49,50,51,52,53,54,55}
## EC_MEMINFO   1968   246            gs29r2b59    1968    1968 3053916    [No]     Yes    1968      14  {0,1,2,3,4,5,6,7,8,9,10,11,12,13}
## EC_MEMINFO   1969   246            gs29r2b59    1969    1969 3053917    [No]    [No]    1969      14  {14,15,16,17,18,19,20,21,22,23,24,25,26,27}
## EC_MEMINFO   1970   246            gs29r2b59    1970    1970 3053918    [No]    [No]    1970      14  {28,29,30,31,32,33,34,35,36,37,38,39,40,41}
## EC_MEMINFO   1971   246            gs29r2b59    1971    1971 3053919    [No]    [No]    1971      14  {42,43,44,45,46,47,48,49,50,51,52,53,54,55}
## EC_MEMINFO   1972   246            gs29r2b59    1972    1972 3053920    [No]    [No]    1972      14  {56,57,58,59,60,61,62,63,64,65,66,67,68,69}
## EC_MEMINFO   1973   246            gs29r2b59    1973    1973 3053921    [No]    [No]    1973      14  {70,71,72,73,74,75,76,77,78,79,80,81,82,83}
## EC_MEMINFO   1974   246            gs29r2b59    1974    1974 3053922    [No]    [No]    1974      14  {84,85,86,87,88,89,90,91,92,93,94,95,96,97}
## EC_MEMINFO   1975   246            gs29r2b59    1975    1975 3053923    [No]    [No]    1975      14  {98,99,100,101,102,103,104,105,106,107,108,109,110,111}
## EC_MEMINFO   1976   247            gs29r2b60    1976    1976 2720867    [No]     Yes    1976      14  {56,57,58,59,60,61,62,63,64,65,66,67,68,69}
## EC_MEMINFO   1977   247            gs29r2b60    1977    1977 2720868    [No]    [No]    1977      14  {70,71,72,73,74,75,76,77,78,79,80,81,82,83}
## EC_MEMINFO   1978   247            gs29r2b60    1978    1978 2720869    [No]    [No]    1978      14  {84,85,86,87,88,89,90,91,92,93,94,95,96,97}
## EC_MEMINFO   1979   247            gs29r2b60    1979    1979 2720870    [No]    [No]    1979      14  {98,99,100,101,102,103,104,105,106,107,108,109,110,111}
## EC_MEMINFO   1980   247            gs29r2b60    1980    1980 2720871    [No]    [No]    1980      14  {0,1,2,3,4,5,6,7,8,9,10,11,12,13}
## EC_MEMINFO   1981   247            gs29r2b60    1981    1981 2720872    [No]    [No]    1981      14  {14,15,16,17,18,19,20,21,22,23,24,25,26,27}
## EC_MEMINFO   1982   247            gs29r2b60    1982    1982 2720873    [No]    [No]    1982      14  {28,29,30,31,32,33,34,35,36,37,38,39,40,41}
## EC_MEMINFO   1983   247            gs29r2b60    1983    1983 2720874    [No]    [No]    1983      14  {42,43,44,45,46,47,48,49,50,51,52,53,54,55}
## EC_MEMINFO   1984   248            gs29r2b61    1984    1984 3984408       0     Yes    1984       7  {0,1,2,3,4,5,6}
## EC_MEMINFO   1985   248            gs29r2b61    1985    1985 3984409       1    [No]    1985       7  {7,8,9,10,11,12,13}
## EC_MEMINFO   1986   248            gs29r2b61    1986    1986 3984410       2    [No]    1986       7  {14,15,16,17,18,19,20}
## EC_MEMINFO   1987   248            gs29r2b61    1987    1987 3984411       3    [No]    1987       7  {21,22,23,24,25,26,27}
## EC_MEMINFO   1988   248            gs29r2b61    1988    1988 3984412       4    [No]    1988       7  {28,29,30,31,32,33,34}
## EC_MEMINFO   1989   248            gs29r2b61    1989    1989 3984413       5    [No]    1989       7  {35,36,37,38,39,40,41}
## EC_MEMINFO   1990   248            gs29r2b61    1990    1990 3984414       6    [No]    1990       7  {42,43,44,45,46,47,48}
## EC_MEMINFO   1991   248            gs29r2b61    1991    1991 3984415       7    [No]    1991       7  {49,50,51,52,53,54,55}
## EC_MEMINFO   1992   248            gs29r2b61    1992    1992 3984416       8    [No]    1992       7  {56,57,58,59,60,61,62}
## EC_MEMINFO   1993   248            gs29r2b61    1993    1993 3984417       9    [No]    1993       7  {63,64,65,66,67,68,69}
## EC_MEMINFO   1994   248            gs29r2b61    1994    1994 3984418      10    [No]    1994       7  {70,71,72,73,74,75,76}
## EC_MEMINFO   1995   248            gs29r2b61    1995    1995 3984419      11    [No]    1995       7  {77,78,79,80,81,82,83}
## EC_MEMINFO   1996   248            gs29r2b61    1996    1996 3984420      12    [No]    1996       7  {84,85,86,87,88,89,90}
## EC_MEMINFO   1997   248            gs29r2b61    1997    1997 3984421      13    [No]    1997       7  {91,92,93,94,95,96,97}
## EC_MEMINFO   1998   248            gs29r2b61    1998    1998 3984422      14    [No]    1998       7  {98,99,100,101,102,103,104}
## EC_MEMINFO   1999   248            gs29r2b61    1999    1999 3984423      15    [No]    1999       7  {105,106,107,108,109,110,111}
## EC_MEMINFO   2000   249            gs29r2b62    2000    2000 1429612      16     Yes    2000       7  {56,57,58,59,60,61,62}
## EC_MEMINFO   2001   249            gs29r2b62    2001    2001 1429613      17    [No]    2001       7  {63,64,65,66,67,68,69}
## EC_MEMINFO   2002   249            gs29r2b62    2002    2002 1429614      18    [No]    2002       7  {70,71,72,73,74,75,76}
## EC_MEMINFO   2003   249            gs29r2b62    2003    2003 1429615      19    [No]    2003       7  {77,78,79,80,81,82,83}
## EC_MEMINFO   2004   249            gs29r2b62    2004    2004 1429616      20    [No]    2004       7  {84,85,86,87,88,89,90}
## EC_MEMINFO   2005   249            gs29r2b62    2005    2005 1429617      21    [No]    2005       7  {91,92,93,94,95,96,97}
## EC_MEMINFO   2006   249            gs29r2b62    2006    2006 1429618      22    [No]    2006       7  {98,99,100,101,102,103,104}
## EC_MEMINFO   2007   249            gs29r2b62    2007    2007 1429619      23    [No]    2007       7  {105,106,107,108,109,110,111}
## EC_MEMINFO   2008   249            gs29r2b62    2008    2008 1429620      24    [No]    2008       7  {0,1,2,3,4,5,6}
## EC_MEMINFO   2009   249            gs29r2b62    2009    2009 1429621      25    [No]    2009       7  {7,8,9,10,11,12,13}
## EC_MEMINFO   2010   249            gs29r2b62    2010    2010 1429622      26    [No]    2010       7  {14,15,16,17,18,19,20}
## EC_MEMINFO   2011   249            gs29r2b62    2011    2011 1429623      27    [No]    2011       7  {21,22,23,24,25,26,27}
## EC_MEMINFO   2012   249            gs29r2b62    2012    2012 1429624      28    [No]    2012       7  {28,29,30,31,32,33,34}
## EC_MEMINFO   2013   249            gs29r2b62    2013    2013 1429625      29    [No]    2013       7  {35,36,37,38,39,40,41}
## EC_MEMINFO   2014   249            gs29r2b62    2014    2014 1429626      30    [No]    2014       7  {42,43,44,45,46,47,48}
## EC_MEMINFO   2015   249            gs29r2b62    2015    2015 1429627      31    [No]    2015       7  {49,50,51,52,53,54,55}
## EC_MEMINFO   2016   250            gs29r2b63    2016    2016 3501821      32     Yes    2016       7  {0,1,2,3,4,5,6}
## EC_MEMINFO   2017   250            gs29r2b63    2017    2017 3501822      33    [No]    2017       7  {7,8,9,10,11,12,13}
## EC_MEMINFO   2018   250            gs29r2b63    2018    2018 3501823      34    [No]    2018       7  {14,15,16,17,18,19,20}
## EC_MEMINFO   2019   250            gs29r2b63    2019    2019 3501824      35    [No]    2019       7  {21,22,23,24,25,26,27}
## EC_MEMINFO   2020   250            gs29r2b63    2020    2020 3501825      36    [No]    2020       7  {28,29,30,31,32,33,34}
## EC_MEMINFO   2021   250            gs29r2b63    2021    2021 3501826      37    [No]    2021       7  {35,36,37,38,39,40,41}
## EC_MEMINFO   2022   250            gs29r2b63    2022    2022 3501827      38    [No]    2022       7  {42,43,44,45,46,47,48}
## EC_MEMINFO   2023   250            gs29r2b63    2023    2023 3501828      39    [No]    2023       7  {49,50,51,52,53,54,55}
## EC_MEMINFO   2024   250            gs29r2b63    2024    2024 3501829      40    [No]    2024       7  {56,57,58,59,60,61,62}
## EC_MEMINFO   2025   250            gs29r2b63    2025    2025 3501830      41    [No]    2025       7  {63,64,65,66,67,68,69}
## EC_MEMINFO   2026   250            gs29r2b63    2026    2026 3501831      42    [No]    2026       7  {70,71,72,73,74,75,76}
## EC_MEMINFO   2027   250            gs29r2b63    2027    2027 3501832      43    [No]    2027       7  {77,78,79,80,81,82,83}
## EC_MEMINFO   2028   250            gs29r2b63    2028    2028 3501833      44    [No]    2028       7  {84,85,86,87,88,89,90}
## EC_MEMINFO   2029   250            gs29r2b63    2029    2029 3501834      45    [No]    2029       7  {91,92,93,94,95,96,97}
## EC_MEMINFO   2030   250            gs29r2b63    2030    2030 3501835      46    [No]    2030       7  {98,99,100,101,102,103,104}
## EC_MEMINFO   2031   250            gs29r2b63    2031    2031 3501836      47    [No]    2031       7  {105,106,107,108,109,110,111}
## EC_MEMINFO   2032   251            gs29r2b64    2032    2032  155523      48     Yes    2032       7  {56,57,58,59,60,61,62}
## EC_MEMINFO   2033   251            gs29r2b64    2033    2033  155524      49    [No]    2033       7  {63,64,65,66,67,68,69}
## EC_MEMINFO   2034   251            gs29r2b64    2034    2034  155525      50    [No]    2034       7  {70,71,72,73,74,75,76}
## EC_MEMINFO   2035   251            gs29r2b64    2035    2035  155526      51    [No]    2035       7  {77,78,79,80,81,82,83}
## EC_MEMINFO   2036   251            gs29r2b64    2036    2036  155527      52    [No]    2036       7  {84,85,86,87,88,89,90}
## EC_MEMINFO   2037   251            gs29r2b64    2037    2037  155528      53    [No]    2037       7  {91,92,93,94,95,96,97}
## EC_MEMINFO   2038   251            gs29r2b64    2038    2038  155529      54    [No]    2038       7  {98,99,100,101,102,103,104}
## EC_MEMINFO   2039   251            gs29r2b64    2039    2039  155530      55    [No]    2039       7  {105,106,107,108,109,110,111}
## EC_MEMINFO   2040   251            gs29r2b64    2040    2040  155531      56    [No]    2040       7  {0,1,2,3,4,5,6}
## EC_MEMINFO   2041   251            gs29r2b64    2041    2041  155532      57    [No]    2041       7  {7,8,9,10,11,12,13}
## EC_MEMINFO   2042   251            gs29r2b64    2042    2042  155533      58    [No]    2042       7  {14,15,16,17,18,19,20}
## EC_MEMINFO   2043   251            gs29r2b64    2043    2043  155534      59    [No]    2043       7  {21,22,23,24,25,26,27}
## EC_MEMINFO   2044   251            gs29r2b64    2044    2044  155535      60    [No]    2044       7  {28,29,30,31,32,33,34}
## EC_MEMINFO   2045   251            gs29r2b64    2045    2045  155536      61    [No]    2045       7  {35,36,37,38,39,40,41}
## EC_MEMINFO   2046   251            gs29r2b64    2046    2046  155537      62    [No]    2046       7  {42,43,44,45,46,47,48}
## EC_MEMINFO   2047   251            gs29r2b64    2047    2047  155538      63    [No]    2047       7  {49,50,51,52,53,54,55}
## EC_MEMINFO   2048   252            gs29r2b65    2048    2048 1304939      64     Yes    2048       7  {0,1,2,3,4,5,6}
## EC_MEMINFO   2049   252            gs29r2b65    2049    2049 1304940      65    [No]    2049       7  {7,8,9,10,11,12,13}
## EC_MEMINFO   2050   252            gs29r2b65    2050    2050 1304941      66    [No]    2050       7  {14,15,16,17,18,19,20}
## EC_MEMINFO   2051   252            gs29r2b65    2051    2051 1304942      67    [No]    2051       7  {21,22,23,24,25,26,27}
## EC_MEMINFO   2052   252            gs29r2b65    2052    2052 1304943      68    [No]    2052       7  {28,29,30,31,32,33,34}
## EC_MEMINFO   2053   252            gs29r2b65    2053    2053 1304944      69    [No]    2053       7  {35,36,37,38,39,40,41}
## EC_MEMINFO   2054   252            gs29r2b65    2054    2054 1304945      70    [No]    2054       7  {42,43,44,45,46,47,48}
## EC_MEMINFO   2055   252            gs29r2b65    2055    2055 1304946      71    [No]    2055       7  {49,50,51,52,53,54,55}
## EC_MEMINFO   2056   252            gs29r2b65    2056    2056 1304947      72    [No]    2056       7  {56,57,58,59,60,61,62}
## EC_MEMINFO   2057   252            gs29r2b65    2057    2057 1304948      73    [No]    2057       7  {63,64,65,66,67,68,69}
## EC_MEMINFO   2058   252            gs29r2b65    2058    2058 1304949      74    [No]    2058       7  {70,71,72,73,74,75,76}
## EC_MEMINFO   2059   252            gs29r2b65    2059    2059 1304950      75    [No]    2059       7  {77,78,79,80,81,82,83}
## EC_MEMINFO   2060   252            gs29r2b65    2060    2060 1304951      76    [No]    2060       7  {84,85,86,87,88,89,90}
## EC_MEMINFO   2061   252            gs29r2b65    2061    2061 1304952      77    [No]    2061       7  {91,92,93,94,95,96,97}
## EC_MEMINFO   2062   252            gs29r2b65    2062    2062 1304953      78    [No]    2062       7  {98,99,100,101,102,103,104}
## EC_MEMINFO   2063   252            gs29r2b65    2063    2063 1304954      79    [No]    2063       7  {105,106,107,108,109,110,111}
## EC_MEMINFO   2064   253            gs29r2b66    2064    2064 1264112      80     Yes    2064       7  {56,57,58,59,60,61,62}
## EC_MEMINFO   2065   253            gs29r2b66    2065    2065 1264113      81    [No]    2065       7  {63,64,65,66,67,68,69}
## EC_MEMINFO   2066   253            gs29r2b66    2066    2066 1264114      82    [No]    2066       7  {70,71,72,73,74,75,76}
## EC_MEMINFO   2067   253            gs29r2b66    2067    2067 1264115      83    [No]    2067       7  {77,78,79,80,81,82,83}
## EC_MEMINFO   2068   253            gs29r2b66    2068    2068 1264116      84    [No]    2068       7  {84,85,86,87,88,89,90}
## EC_MEMINFO   2069   253            gs29r2b66    2069    2069 1264117      85    [No]    2069       7  {91,92,93,94,95,96,97}
## EC_MEMINFO   2070   253            gs29r2b66    2070    2070 1264118      86    [No]    2070       7  {98,99,100,101,102,103,104}
## EC_MEMINFO   2071   253            gs29r2b66    2071    2071 1264119      87    [No]    2071       7  {105,106,107,108,109,110,111}
## EC_MEMINFO   2072   253            gs29r2b66    2072    2072 1264120      88    [No]    2072       7  {0,1,2,3,4,5,6}
## EC_MEMINFO   2073   253            gs29r2b66    2073    2073 1264121      89    [No]    2073       7  {7,8,9,10,11,12,13}
## EC_MEMINFO   2074   253            gs29r2b66    2074    2074 1264122      90    [No]    2074       7  {14,15,16,17,18,19,20}
## EC_MEMINFO   2075   253            gs29r2b66    2075    2075 1264123      91    [No]    2075       7  {21,22,23,24,25,26,27}
## EC_MEMINFO   2076   253            gs29r2b66    2076    2076 1264124      92    [No]    2076       7  {28,29,30,31,32,33,34}
## EC_MEMINFO   2077   253            gs29r2b66    2077    2077 1264125      93    [No]    2077       7  {35,36,37,38,39,40,41}
## EC_MEMINFO   2078   253            gs29r2b66    2078    2078 1264126      94    [No]    2078       7  {42,43,44,45,46,47,48}
## EC_MEMINFO   2079   253            gs29r2b66    2079    2079 1264127      95    [No]    2079       7  {49,50,51,52,53,54,55}
## EC_MEMINFO   2080   254            gs29r2b67    2080    2080 1444664      96     Yes    2080       7  {0,1,2,3,4,5,6}
## EC_MEMINFO   2081   254            gs29r2b67    2081    2081 1444665      97    [No]    2081       7  {7,8,9,10,11,12,13}
## EC_MEMINFO   2082   254            gs29r2b67    2082    2082 1444666      98    [No]    2082       7  {14,15,16,17,18,19,20}
## EC_MEMINFO   2083   254            gs29r2b67    2083    2083 1444667      99    [No]    2083       7  {21,22,23,24,25,26,27}
## EC_MEMINFO   2084   254            gs29r2b67    2084    2084 1444668     100    [No]    2084       7  {28,29,30,31,32,33,34}
## EC_MEMINFO   2085   254            gs29r2b67    2085    2085 1444669     101    [No]    2085       7  {35,36,37,38,39,40,41}
## EC_MEMINFO   2086   254            gs29r2b67    2086    2086 1444670     102    [No]    2086       7  {42,43,44,45,46,47,48}
## EC_MEMINFO   2087   254            gs29r2b67    2087    2087 1444671     103    [No]    2087       7  {49,50,51,52,53,54,55}
## EC_MEMINFO   2088   254            gs29r2b67    2088    2088 1444672     104    [No]    2088       7  {56,57,58,59,60,61,62}
## EC_MEMINFO   2089   254            gs29r2b67    2089    2089 1444673     105    [No]    2089       7  {63,64,65,66,67,68,69}
## EC_MEMINFO   2090   254            gs29r2b67    2090    2090 1444674     106    [No]    2090       7  {70,71,72,73,74,75,76}
## EC_MEMINFO   2091   254            gs29r2b67    2091    2091 1444675     107    [No]    2091       7  {77,78,79,80,81,82,83}
## EC_MEMINFO   2092   254            gs29r2b67    2092    2092 1444676     108    [No]    2092       7  {84,85,86,87,88,89,90}
## EC_MEMINFO   2093   254            gs29r2b67    2093    2093 1444677     109    [No]    2093       7  {91,92,93,94,95,96,97}
## EC_MEMINFO   2094   254            gs29r2b67    2094    2094 1444678     110    [No]    2094       7  {98,99,100,101,102,103,104}
## EC_MEMINFO   2095   254            gs29r2b67    2095    2095 1444679     111    [No]    2095       7  {105,106,107,108,109,110,111}
## EC_MEMINFO   2096   255            gs29r2b68    2096    2096  275576     112     Yes    2096       7  {56,57,58,59,60,61,62}
## EC_MEMINFO   2097   255            gs29r2b68    2097    2097  275577     113    [No]    2097       7  {63,64,65,66,67,68,69}
## EC_MEMINFO   2098   255            gs29r2b68    2098    2098  275578     114    [No]    2098       7  {70,71,72,73,74,75,76}
## EC_MEMINFO   2099   255            gs29r2b68    2099    2099  275579     115    [No]    2099       7  {77,78,79,80,81,82,83}
## EC_MEMINFO   2100   255            gs29r2b68    2100    2100  275580     116    [No]    2100       7  {84,85,86,87,88,89,90}
## EC_MEMINFO   2101   255            gs29r2b68    2101    2101  275581     117    [No]    2101       7  {91,92,93,94,95,96,97}
## EC_MEMINFO   2102   255            gs29r2b68    2102    2102  275582     118    [No]    2102       7  {98,99,100,101,102,103,104}
## EC_MEMINFO   2103   255            gs29r2b68    2103    2103  275583     119    [No]    2103       7  {105,106,107,108,109,110,111}
## EC_MEMINFO   2104   255            gs29r2b68    2104    2104  275584     120    [No]    2104       7  {0,1,2,3,4,5,6}
## EC_MEMINFO   2105   255            gs29r2b68    2105    2105  275585     121    [No]    2105       7  {7,8,9,10,11,12,13}
## EC_MEMINFO   2106   255            gs29r2b68    2106    2106  275586     122    [No]    2106       7  {14,15,16,17,18,19,20}
## EC_MEMINFO   2107   255            gs29r2b68    2107    2107  275587     123    [No]    2107       7  {21,22,23,24,25,26,27}
## EC_MEMINFO   2108   255            gs29r2b68    2108    2108  275588     124    [No]    2108       7  {28,29,30,31,32,33,34}
## EC_MEMINFO   2109   255            gs29r2b68    2109    2109  275589     125    [No]    2109       7  {35,36,37,38,39,40,41}
## EC_MEMINFO   2110   255            gs29r2b68    2110    2110  275590     126    [No]    2110       7  {42,43,44,45,46,47,48}
## EC_MEMINFO   2111   255            gs29r2b68    2111    2111  275591     127    [No]    2111       7  {49,50,51,52,53,54,55}
## EC_MEMINFO 
## EC_MEMINFO 
## EC_MEMINFO Detailed memory information for program /gpfs/scratch/bsc32/bsc631248/ifsnc-refgen-20250826-usearchandraps/ifsnemo-build/src/sandbox/ifs.DE_CY48R1.0_climateDT_20250826.SP.CPU.GPP/bin/ifsMASTER.SP -- wall-time :      3.749s
## EC_MEMINFO Running on 256 nodes (2-numa) with 1984 compute + 128 I/O-tasks and 14+7 threads at 16:20:54.248 on 19-Jan-2026
## EC_MEMINFO The Job Name is ifsnemo-basic-test and the Job ID is 35127798
## EC_MEMINFO 
## EC_MEMINFO                           | TC    | MEMORY USED(MB) | MEMORY FREE(MB)  -------------   INCLUDING CACHED|  %USED %HUGE  | Energy  Power Running
## EC_MEMINFO                           | Malloc| Inc Heap        | Numa region  0 | Numa region  1 |                |               |    (J)    (W)
## EC_MEMINFO Node Name                 | Heap  | RSS(sum)        | Small  Huge or | Small  Huge or | Total          |
## EC_MEMINFO                           | (sum) | Small    Huge   |  Only   Small  |  Only   Small  | Memfree+Cached |
## EC_MEMINFO    0 gs22r1b24             158311    3776       0     25975   83836    18589   84382    214454    8131      1.7   0.0         0      0     112  Sm/p:master:computation
## EC_MEMINFO    1 gs22r1b28             158248    3686       0     18935   90198    23031   86106    219940    2573      1.6   0.0         0      0     112  Sm/p:master:computation
## EC_MEMINFO    2 gs24r1b01             158248    3705       0      7867   98360     8201  102552    218672    2557      1.6   0.0         0      0     112  Sm/p:master:computation
## EC_MEMINFO    3 gs24r1b02             158250    3713       0     15339   91594    13379   95194    217153    2788      1.7   0.0         0      0     112  Sm/p:master:computation
## EC_MEMINFO    4 gs24r1b03             158248    3702       0     14623   93036    14331   96156    219785    2853      1.6   0.0         0      0     112  Sm/p:master:computation
## EC_MEMINFO    5 gs24r1b04             158250    3726       0     15771   92558    17607   90914    218414    3879      1.6   0.0         0      0     112  Sm/p:master:computation
## EC_MEMINFO    6 gs24r1b05             158248    3705       0     15061   92826     9150  100810    219491    3071      1.6   0.0         0      0     112  Sm/p:master:computation
## EC_MEMINFO    7 gs24r1b06             158248    3711       0     12113   97068    16669   92464    220013    2806      1.6   0.0         0      0     112  Sm/p:master:computation
## EC_MEMINFO    8 gs24r1b07             158248    3712       0     13368   94780    16211   94576    220634    2445      1.6   0.0         0      0     112  Sm/p:master:computation
## EC_MEMINFO    9 gs24r1b08             158250    3706       0     18773   90986    19894   88372    219711    2828      1.6   0.0         0      0     112  Sm/p:master:computation
## EC_MEMINFO   10 gs24r1b09             158250    3710       0     19221   90240    20991   88306    220450    2388      1.6   0.0         0      0     114  Sm/p:master:computation
## EC_MEMINFO   11 gs24r1b10             158250    3710       0     18126   91632    16365   92062    219809    2977      1.6   0.0         0      0     112  Sm/p:master:computation
## EC_MEMINFO   12 gs24r1b11             158248    3721       0     19249   88658    17537   92350    219432    2997      1.6   0.0         0      0     112  Sm/p:master:computation
## EC_MEMINFO   13 gs24r1b12             158252    3692       0     13535   96592    19236   89826    220888    2602      1.6   0.0         0      0     112  Sm/p:master:computation
## EC_MEMINFO   14 gs24r1b13             158250    3698       0      6393  103832     9712  103544    225180    1713      1.6   0.0         0      0     112  Sm/p:master:computation
## EC_MEMINFO   15 gs24r1b14             158248    3697       0      9149  102906     6479  104848    225081    1741      1.6   0.0         0      0     112  Sm/p:master:computation
## EC_MEMINFO   16 gs24r1b29             158248    3717       0      9577   99736     8090  101850    220952    2851      1.6   0.0         0      0     112  Sm/p:master:computation
## EC_MEMINFO   17 gs24r1b30             158248    3700       0     18818   91216    18606   90456    220754    2821      1.6   0.0         0      0     112  Sm/p:master:computation
## EC_MEMINFO   18 gs24r1b31             158248    3712       0     18444   90228    14581   95480    220356    2773      1.6   0.0         0      0     112  Sm/p:master:computation
## EC_MEMINFO   19 gs24r1b32             158250    3702       0     18211   90676    18575   91364    220457    2785      1.6   0.0         0      0     112  Sm/p:master:computation
## EC_MEMINFO   20 gs24r1b33             158250    3687       0     18766   89576    16196   93324    219503    3504      1.6   0.0         0      0     112  Sm/p:master:computation
## EC_MEMINFO   21 gs24r1b34             158248    3727       0      9527   99714    15222   93782    219946    3270      1.6   0.0         0      0     112  Sm/p:master:computation
## EC_MEMINFO   22 gs24r1b35             158248    3737       0     18809   89824    17246   92034    219485    3490      1.6   0.0         0      0     112  Sm/p:master:computation
## EC_MEMINFO   23 gs24r1b36             158248    3713       0     11755   97252    15278   94166    220152    2998      1.6   0.0         0      0     112  Sm/p:master:computation
## EC_MEMINFO   24 gs24r1b37             158250    3692       0     16720   92136    13604   96462    220567    2558      1.6   0.0         0      0     112  Sm/p:master:computation
## EC_MEMINFO   25 gs24r1b38             158248    3675       0     15921   93218    19256   89476    219573    3481      1.6   0.0         0      0     112  Sm/p:master:computation
## EC_MEMINFO   26 gs24r1b39             158248    3727       0     19584   89146    18170   91490    220079    2884      1.6   0.0         0      0     112  Sm/p:master:computation
## EC_MEMINFO   27 gs24r1b40             158250    3683       0     13312   96018    14521   95142    220694    2866      1.6   0.0         0      0     112  Sm/p:master:computation
## EC_MEMINFO   28 gs24r1b41             158250    3718       0      8618   99070    19980   90772    220122    2819      1.6   0.0         0      0     112  Sm/p:master:computation
## EC_MEMINFO   29 gs24r1b42             158250    3701       0     11506   97150    15691   93892    219939    2985      1.6   0.0         0      0     112  Sm/p:master:computation
## EC_MEMINFO   30 gs24r1b43             158250    3697       0     10670   97406    12719   97638    220118    2597      1.6   0.0         0      0     112  Sm/p:master:computation
## EC_MEMINFO   31 gs24r1b44             158248    3724       0     16076   92090    16552   93526    219944    3127      1.6   0.0         0      0     112  Sm/p:master:computation
## EC_MEMINFO   32 gs24r1b45             158248    3720       0     17612   90610    18151   92252    220287    2665      1.6   0.0         0      0     112  Sm/p:master:computation
## EC_MEMINFO   33 gs24r1b46             158248    3715       0     19210   89966    18623   91068    220503    2819      1.6   0.0         0      0     112  Sm/p:master:computation
## EC_MEMINFO   34 gs24r1b47             158248    3710       0     16674   91516    19544   90498    219821    2942      1.6   0.0         0      0     112  Sm/p:master:computation
## EC_MEMINFO   35 gs24r1b48             158250    3705       0     17701   91344    20948   88154    219790    2793      1.6   0.0         0      0     112  Sm/p:master:computation
## EC_MEMINFO   36 gs24r1b49             158250    3707       0     10902   97110     9588  101032    220331    2996      1.6   0.0         0      0     112  Sm/p:master:computation
## EC_MEMINFO   37 gs24r1b50             158248    3705       0      8650  100478    10796   98080    219704    2668      1.6   0.0         0      0     112  Sm/p:master:computation
## EC_MEMINFO   38 gs24r1b51             158250    3685       0      9868   97642    18898   92380    220473    2741      1.6   0.0         0      0     112  Sm/p:master:computation
## EC_MEMINFO   39 gs24r1b52             158250    3742       0     10669   97582    12008   97184    219129    3286      1.7   0.0         0      0     112  Sm/p:master:computation
## EC_MEMINFO   40 gs24r1b53             158248    3712       0     12380   96086    19080   91322    220546    2470      1.6   0.0         0      0     112  Sm/p:master:computation
## EC_MEMINFO   41 gs24r1b54             158248    3710       0     19471   90244    11261   97368    220045    2712      1.6   0.0         0      0     112  Sm/p:master:computation
## EC_MEMINFO   42 gs24r1b55             158248    3716       0     10153   98160    19351   91392    220743    2521      1.6   0.0         0      0     112  Sm/p:master:computation
## EC_MEMINFO   43 gs24r1b56             158248    3719       0     16929   91950    11441   97704    219722    2467      1.6   0.0         0      0     112  Sm/p:master:computation
## EC_MEMINFO   44 gs24r1b70             158248    3702       0     21627   87990    28009   80234    219557    2619      1.6   0.0         0      0     112  Sm/p:master:computation
## EC_MEMINFO   45 gs24r1b72             158248    3697       0      5979  102640    10141   98714    219170    2583      1.6   0.0         0      0     112  Sm/p:master:computation
## EC_MEMINFO   46 gs24r3b02             158250    3705       0     12575   98798    13352   98558    224982    1681      1.6   0.0         0      0     112  Sm/p:master:computation
## EC_MEMINFO   47 gs24r3b03             158248    3709       0      9225  101334    18700   94374    225332    1682      1.6   0.0         0      0     112  Sm/p:master:computation
## EC_MEMINFO   48 gs24r3b04             158248    3710       0      9282  101788    15006   97474    225249    1684      1.6   0.0         0      0     112  Sm/p:master:computation
## EC_MEMINFO   49 gs24r3b05             158248    3695       0     19305   91680    14889   97648    225221    1679      1.6   0.0         0      0     112  Sm/p:master:computation
## EC_MEMINFO   50 gs24r3b06             158254    3702       0     11097  100982    17325   94232    225335    1678      1.6   0.0         0      0     112  Sm/p:master:computation
## EC_MEMINFO   51 gs24r3b09             158250    3717       0     12096   98984    17716   94748    225243    1680      1.6   0.0         0      0     112  Sm/p:master:computation
## EC_MEMINFO   52 gs24r3b10             158248    3716       0     15315   96914    14308   97098    225333    1682      1.6   0.0         0      0     112  Sm/p:master:computation
## EC_MEMINFO   53 gs24r3b11             158250    3716       0     11255   99980    18002   94356    225291    1675      1.6   0.0         0      0     112  Sm/p:master:computation
## EC_MEMINFO   54 gs24r3b12             158250    3722       0     10899  101356    17200   94124    225279    1682      1.6   0.0         0      0     112  Sm/p:master:computation
## EC_MEMINFO   55 gs24r3b13             158248    3712       0     18969   92270    10456  101840    225234    1676      1.6   0.0         0      0     112  Sm/p:master:computation
## EC_MEMINFO   56 gs24r3b14             158250    3713       0     12453   99650    11866   99614    225282    1684      1.6   0.0         0      0     112  Sm/p:master:computation
## EC_MEMINFO   57 gs24r3b17             158250    3711       0     10374  100784    11370  101104    225332    1678      1.6   0.0         0      0     112  Sm/p:master:computation
## EC_MEMINFO   58 gs24r3b18             158252    3706       0     17813   94466    13242   98120    225340    1673      1.6   0.0         0      0     112  Sm/p:master:computation
## EC_MEMINFO   59 gs24r3b19             158250    3713       0     19702   91358     9943  102500    225202    1677      1.6   0.0         0      0     112  Sm/p:master:computation
## EC_MEMINFO   60 gs24r3b20             158248    3707       0     13901   97158    14038   98414    225210    1672      1.6   0.0         0      0     112  Sm/p:master:computation
## EC_MEMINFO   61 gs24r3b21             158250    3694       0     15099   95148    12184  101224    225353    1672      1.6   0.0         0      0     112  Sm/p:master:computation
## EC_MEMINFO   62 gs24r3b22             158248    3705       0     11482  100826    21309   90044    225359    1678      1.6   0.0         0      0     112  Sm/p:master:computation
## EC_MEMINFO   63 gs24r3b23             158248    3708       0     15859   94768    11242  101736    225304    1679      1.6   0.0         0      0     112  Sm/p:master:computation
## EC_MEMINFO   64 gs24r3b24             158250    3716       0      9991  101126    12324  100182    225322    1680      1.6   0.0         0      0     112  Sm/p:master:computation
## EC_MEMINFO   65 gs24r3b25             158250    3711       0     10038  100420    11207  101994    225359    1682      1.6   0.0         0      0     112  Sm/p:master:computation
## EC_MEMINFO   66 gs24r3b26             158248    3726       0     17750   94372    12000   99518    225340    1679      1.6   0.0         0      0     112  Sm/p:master:computation
## EC_MEMINFO   67 gs24r3b27             158254    3732       0     18983   92136    10314  102140    225272    1676      1.6   0.0         0      0     112  Sm/p:master:computation
## EC_MEMINFO   68 gs24r3b28             158250    3701       0     18840   92342    14763   97704    225348    1679      1.6   0.0         0      0     112  Sm/p:master:computation
## EC_MEMINFO   69 gs24r3b29             158250    3695       0     10344  100382    12109  100694    225227    1769      1.6   0.0         0      0     112  Sm/p:master:computation
## EC_MEMINFO   70 gs24r3b30             158248    3718       0     15649   95816    10802  101352    225318    1678      1.6   0.0         0      0     112  Sm/p:master:computation
## EC_MEMINFO   71 gs24r3b31             158250    3699       0     10243  100692    11884  100796    225312    1678      1.6   0.0         0      0     112  Sm/p:master:computation
## EC_MEMINFO   72 gs24r3b32             158248    3710       0      8737  103516    15847   95594    225394    1683      1.6   0.0         0      0     112  Sm/p:master:computation
## EC_MEMINFO   73 gs24r3b33             158248    3673       0     14278   96744    15519   97054    225294    1683      1.6   0.0         0      0     112  Sm/p:master:computation
## EC_MEMINFO   74 gs24r3b35             158252    3693       0     17394   92514    12580  100356    224489    1644      1.6   0.0         0      0     112  Sm/p:master:computation
## EC_MEMINFO   75 gs24r3b36             158252    3698       0      9752  102294    18700   92568    225013    1680      1.6   0.0         0      0     112  Sm/p:master:computation
## EC_MEMINFO   76 gs24r3b37             158250    3727       0     13677   97038     8473  103994    224882    1682      1.6   0.0         0      0     112  Sm/p:master:computation
## EC_MEMINFO   77 gs24r3b38             158248    3707       0     14612   96574    11818  100244    224947    1680      1.6   0.0         0      0     112  Sm/p:master:computation
## EC_MEMINFO   78 gs24r3b39             158248    3717       0     11673   98582    10598  102232    224785    1773      1.6   0.0         0      0     112  Sm/p:master:computation
## EC_MEMINFO   79 gs24r3b40             158248    3725       0     15011   96922    18295   93072    225001    1681      1.6   0.0         0      0     113  Sm/p:master:computation
## EC_MEMINFO   80 gs24r3b41             158248    3725       0     10620  100404    17898   94252    224874    1680      1.6   0.0         0      0     112  Sm/p:master:computation
## EC_MEMINFO   81 gs24r3b42             158248    3726       0     13606   97592    13979   98100    224977    1681      1.6   0.0         0      0     112  Sm/p:master:computation
## EC_MEMINFO   82 gs24r3b43             158248    3706       0     10812   99634    12555  100226    224925    1684      1.6   0.0         0      0     112  Sm/p:master:computation
## EC_MEMINFO   83 gs24r3b44             158248    3681       0     11127  100094    17559   94612    225091    1682      1.6   0.0         0      0     112  Sm/p:master:computation
## EC_MEMINFO   84 gs24r3b45             158248    3697       0     11162   99866    11286  101044    225058    1681      1.6   0.0         0      0     112  Sm/p:master:computation
## EC_MEMINFO   85 gs24r3b46             158250    3713       0     14570   97156    12180   99452    225056    1673      1.6   0.0         0      0     112  Sm/p:master:computation
## EC_MEMINFO   86 gs24r3b47             158252    3720       0      9717  100770    10847  101716    224749    1677      1.6   0.0         0      0     112  Sm/p:master:computation
## EC_MEMINFO   87 gs24r3b48             158248    3700       0     10273  101928    12854   98320    225075    1681      1.6   0.0         0      0     112  Sm/p:master:computation
## EC_MEMINFO   88 gs24r3b49             158250    3724       0     10726   99708    13721   99254    225108    1686      1.6   0.0         0      0     112  Sm/p:master:computation
## EC_MEMINFO   89 gs24r3b50             158250    3706       0     16587   95002    10295  101652    225235    1683      1.6   0.0         0      0     112  Sm/p:master:computation
## EC_MEMINFO   90 gs24r3b51             158248    3702       0      8958  101956    11897  100588    225098    1683      1.6   0.0         0      0     112  Sm/p:master:computation
## EC_MEMINFO   91 gs24r3b52             158248    3720       0     20586   91520    16167   95244    225217    1685      1.6   0.0         0      0     112  Sm/p:master:computation
## EC_MEMINFO   92 gs24r3b53             158248    3722       0     11766   99260    22497   89936    225157    1685      1.6   0.0         0      0     112  Sm/p:master:computation
## EC_MEMINFO   93 gs24r3b54             158248    3712       0     17630   94382    12380   99028    225119    1678      1.6   0.0         0      0     112  Sm/p:master:computation
## EC_MEMINFO   94 gs24r3b55             158250    3715       0     11072   99058     8885  104316    225031    1676      1.6   0.0         0      0     112  Sm/p:master:computation
## EC_MEMINFO   95 gs24r3b56             158252    3736       0     17794   94034     9786  101814    225127    1681      1.6   0.0         0      0     112  Sm/p:master:computation
## EC_MEMINFO   96 gs24r3b57             158248    3722       0     10975  100258    14212   98008    225153    1683      1.6   0.0         0      0     112  Sm/p:master:computation
## EC_MEMINFO   97 gs24r3b58             158252    3695       0     11828  100426     9969  101368    225291    1681      1.6   0.0         0      0     112  Sm/p:master:computation
## EC_MEMINFO   98 gs24r3b59             158250    3722       0      9559  100668    11041  102142    225110    1667      1.6   0.0         0      0     113  Sm/p:master:computation
## EC_MEMINFO   99 gs24r3b60             158250    3714       0     12060   99774    13783   97886    225202    1679      1.6   0.0         0      0     112  Sm/p:master:computation
## EC_MEMINFO  100 gs24r3b65             158250    3718       0      6392  104384     7095  105110    224680    1762      1.6   0.0         0      0     112  Sm/p:master:computation
## EC_MEMINFO  101 gs24r3b66             158248    3732       0      6385  105272     6670  104420    224442    1671      1.6   0.0         0      0     112  Sm/p:master:computation
## EC_MEMINFO  102 gs24r3b68             158250    3695       0      6731  104606     7332  104296    224665    1675      1.6   0.0         0      0     112  Sm/p:master:computation
## EC_MEMINFO  103 gs25r2b02             158250    3698       0     18194   89792    10659   98528    218795    3056      1.6   0.0         0      0     112  Sm/p:master:computation
## EC_MEMINFO  104 gs25r2b03             158250    3697       0     10525   97838    33967   75634    219588    3021      1.6   0.0         0      0     112  Sm/p:master:computation
## EC_MEMINFO  105 gs25r2b04             158252    3695       0     11383   96558    10445   98638    218646    3579      1.6   0.0         0      0     112  Sm/p:master:computation
## EC_MEMINFO  106 gs25r2b05             158248    3717       0     25672   80646     9272  100518    217727    3056      1.7   0.0         0      0     112  Sm/p:master:computation
## EC_MEMINFO  107 gs25r2b06             158248    3715       0     29916   78886    10758   98326    219551    2803      1.6   0.0         0      0     112  Sm/p:master:computation
## EC_MEMINFO  108 gs25r2b07             158248    3691       0      9545   98014     8201  102242    219703    3276      1.6   0.0         0      0     112  Sm/p:master:computation
## EC_MEMINFO  109 gs25r2b08             158248    3701       0     10639   96994    10214   98548    217991    4030      1.6   0.0         0      0     113  Sm/p:master:computation
## EC_MEMINFO  110 gs25r2b09             158248    3738       0     26074   80690     8482  101162    218035    3969      1.7   0.0         0      0     112  Sm/p:master:computation
## EC_MEMINFO  111 gs25r2b10             158250    3692       0     11216   97400    25834   81034    217116    4321      1.6   0.0         0      0     112  Sm/p:master:computation
## EC_MEMINFO  112 gs25r2b11             158250    3693       0      9724   97672    11352   97396    217840    4172      1.6   0.0         0      0     112  Sm/p:master:computation
## EC_MEMINFO  113 gs25r2b12             158250    3728       0     20524   87752     9293   99616    218883    3615      1.6   0.0         0      0     112  Sm/p:master:computation
## EC_MEMINFO  114 gs25r2b13             158250    3721       0      9083   98846     5180  104480    219198    3536      1.6   0.0         0      0     112  Sm/p:master:computation
## EC_MEMINFO  115 gs25r2b14             158248    3714       0      7499  102348     6647  100914    219102    3726      1.6   0.0         0      0     112  Sm/p:master:computation
## EC_MEMINFO  116 gs25r2b15             158252    3721       0      8273   99462     8171   99870    217411    4482      1.6   0.0         0      0     112  Sm/p:master:computation
## EC_MEMINFO  117 gs25r2b31             158250    3702       0      8236   99682     8121  101132    218872    3430      1.6   0.0         0      0     112  Sm/p:master:computation
## EC_MEMINFO  118 gs25r2b32             158250    3705       0     12652   95484     9016  100354    219201    3486      1.6   0.0         0      0     112  Sm/p:master:computation
## EC_MEMINFO  119 gs25r2b33             158250    3718       0     10301   96536     7320  102316    218142    4271      1.6   0.0         0      0     112  Sm/p:master:computation
## EC_MEMINFO  120 gs25r2b34             158248    3679       0     17523   90932     7060  101226    218439    4050      1.6   0.0         0      0     112  Sm/p:master:computation
## EC_MEMINFO  121 gs25r2b35             158248    3716       0     22419   85382     6301  102684    218355    3913      1.6   0.0         0      0     112  Sm/p:master:computation
## EC_MEMINFO  122 gs25r2b36             158252    3731       0      7999  101032    22802   85648    219176    3808      1.6   0.0         0      0     112  Sm/p:master:computation
## EC_MEMINFO  123 gs25r2b37             158248    3721       0     12566   95466     8288  101246    219144    3593      1.6   0.0         0      0     112  Sm/p:master:computation
## EC_MEMINFO  124 gs25r2b38             158250    3704       0      9046   99832     9112   99788    219411    3219      1.6   0.0         0      0     112  Sm/p:master:computation
## EC_MEMINFO  125 gs25r2b39             158250    3698       0     20071   87306     7764  101140    217918    4391      1.6   0.0         0      0     112  Sm/p:master:computation
## EC_MEMINFO  126 gs25r2b40             158248    3715       0      7895  100836    10937   96826    218150    4316      1.6   0.0         0      0     112  Sm/p:master:computation
## EC_MEMINFO  127 gs25r2b41             158248    3688       0     10159   97962     7108  102062    218986    3563      1.6   0.0         0      0     112  Sm/p:master:computation
## EC_MEMINFO  128 gs25r2b42             158248    3716       0     30264   77090     9253  101030    219273    3134      1.6   0.0         0      0     112  Sm/p:master:computation
## EC_MEMINFO  129 gs25r2b43             158248    3697       0     11009   96470    27731   81194    218033    3771      1.6   0.0         0      0     112  Sm/p:master:computation
## EC_MEMINFO  130 gs25r2b44             158248    3689       0     29260   79238     9630   99188    219015    3126      1.6   0.0         0      0     112  Sm/p:master:computation
## EC_MEMINFO  131 gs25r3b39             158248    3705       0     24575   84464    32912   76192    219720    2742      1.6   0.0         0      0     112  Sm/p:master:computation
## EC_MEMINFO  132 gs25r3b44             158248    3711       0     19309   90128    23256   85118    219374    2604      1.6   0.0         0      0     112  Sm/p:master:computation
## EC_MEMINFO  133 gs25r3b45             158248    3717       0     31261   75316    38878   72300    219325    2509      1.6   0.0         0      0     113  Sm/p:master:computation
## EC_MEMINFO  134 gs25r3b61             158252    3723       0     19393   88036    20652   89444    219104    2671      1.7   0.0         0      0     112  Sm/p:master:computation
## EC_MEMINFO  135 gs25r3b62             158248    3718       0     21251   87100    28947   80476    219378    2554      1.6   0.0         0      0     112  Sm/p:master:computation
## EC_MEMINFO  136 gs25r3b63             158248    3714       0      7764  100256    27247   82600    219558    2676      1.6   0.0         0      0     112  Sm/p:master:computation
## EC_MEMINFO  137 gs25r3b64             158248    3707       0     17901   89182    27784   82396    218837    3387      1.6   0.0         0      0     112  Sm/p:master:computation
## EC_MEMINFO  138 gs25r3b65             158252    3700       0     21748   84640    25588   85670    219218    2675      1.6   0.0         0      0     112  Sm/p:master:computation
## EC_MEMINFO  139 gs25r3b66             158250    3713       0     18575   90008    29806   79672    219695    2695      1.6   0.0         0      0     112  Sm/p:master:computation
## EC_MEMINFO  140 gs25r3b72             158250    3712       0      8602   99256    31725   77880    219157    2655      1.6   0.0         0      0     112  Sm/p:master:computation
## EC_MEMINFO  141 gs27r2b12             158252    3728       0     11229   97512     9362  100500    220298    2341      1.6   0.0         0      0     112  Sm/p:master:computation
## EC_MEMINFO  142 gs27r2b16             158250    3742       0     14954   94046    20659   88292    219638    2769      1.7   0.0         0      0     112  Sm/p:master:computation
## EC_MEMINFO  143 gs27r2b28             158250    3718       0     18413   90836    22682   86454    220057    2449      1.6   0.0         0      0     112  Sm/p:master:computation
## EC_MEMINFO  144 gs27r2b31             158250    3732       0     34835   74544    41139   68396    220603    2627      1.6   0.0         0      0     112  Sm/p:master:computation
## EC_MEMINFO  145 gs27r2b32             158248    3707       0     16780   92162    26974   82662    220194    2410      1.6   0.0         0      0     112  Sm/p:master:computation
## EC_MEMINFO  146 gs27r2b35             158250    3704       0     28981   79186    20652   89270    219774    2467      1.6   0.0         0      0     112  Sm/p:master:computation
## EC_MEMINFO  147 gs27r2b38             158248    3718       0     16259   93614    29304   79556    220420    2287      1.6   0.0         0      0     112  Sm/p:master:computation
## EC_MEMINFO  148 gs27r2b40             158248    3713       0     21799   87748    22162   86776    220179    2346      1.6   0.0         0      0     112  Sm/p:master:computation
## EC_MEMINFO  149 gs27r2b41             158248    3697       0      7903  100820     6450  103098    219970    2316      1.6   0.0         0      0     112  Sm/p:master:computation
## EC_MEMINFO  150 gs27r2b42             158250    3713       0     20073   89452    24185   85098    220482    2480      1.6   0.0         0      0     112  Sm/p:master:computation
## EC_MEMINFO  151 gs27r2b43             158248    3724       0     10056   98572    18475   91226    220021    2424      1.6   0.0         0      0     112  Sm/p:master:computation
## EC_MEMINFO  152 gs27r2b45             158248    3687       0     22348   86184    36220   74130    220564    2287      1.6   0.0         0      0     112  Sm/p:master:computation
## EC_MEMINFO  153 gs27r2b46             158248    3691       0     25210   83876    32648   77042    220467    2215      1.6   0.0         0      0     112  Sm/p:master:computation
## EC_MEMINFO  154 gs27r2b47             158248    3724       0     19581   88644     8308  101782    220015    2222      1.6   0.0         0      0     112  Sm/p:master:computation
## EC_MEMINFO  155 gs27r2b49             158248    3694       0      7561  100988     7985  101446    219668    2295      1.6   0.0         0      0     113  Sm/p:master:computation
## EC_MEMINFO  156 gs27r2b50             158248    3705       0      6916  102694    10455   97998    219752    2452      1.6   0.0         0      0     113  Sm/p:master:computation
## EC_MEMINFO  157 gs27r2b52             158248    3715       0      6691  102764    17586   91632    220370    2255      1.6   0.0         0      0     112  Sm/p:master:computation
## EC_MEMINFO  158 gs27r2b53             158252    3713       0     21391   87008     8068  102176    220341    2365      1.6   0.0         0      0     112  Sm/p:master:computation
## EC_MEMINFO  159 gs27r2b57             158250    3701       0      7024  100894    15761   94720    220092    2514      1.6   0.0         0      0     112  Sm/p:master:computation
## EC_MEMINFO  160 gs27r2b58             158248    3697       0      6471  102526     8422  101120    220232    2373      1.6   0.0         0      0     112  Sm/p:master:computation
## EC_MEMINFO  161 gs27r2b59             158248    3721       0      8233  100026     6595  103914    220464    2294      1.6   0.0         0      0     112  Sm/p:master:computation
## EC_MEMINFO  162 gs27r2b60             158250    3708       0     14015   94778     9002  100580    220075    2371      1.6   0.0         0      0     112  Sm/p:master:computation
## EC_MEMINFO  163 gs27r2b63             158250    3714       0      8774   99580    23747   86550    220344    2433      1.6   0.0         0      0     112  Sm/p:master:computation
## EC_MEMINFO  164 gs27r2b67             158250    3691       0      5208  103968     9789  101250    221909    2001      1.6   0.0         0      0     112  Sm/p:master:computation
## EC_MEMINFO  165 gs27r2b69             158248    3688       0     12312   95400    21644   87726    218778    2285      1.6   0.0         0      0     112  Sm/p:master:computation
## EC_MEMINFO  166 gs28r2b08             158248    3669       0     19563   88260    11050   98640    219212    2497      1.6   0.0         0      0     112  Sm/p:master:computation
## EC_MEMINFO  167 gs28r2b09             158248    3699       0     10946   97054    16970   93072    219739    2539      1.6   0.0         0      0     112  Sm/p:master:computation
## EC_MEMINFO  168 gs28r2b10             158250    3705       0     15010   93514    15451   94032    219696    2381      1.6   0.0         0      0     112  Sm/p:master:computation
## EC_MEMINFO  169 gs28r2b11             158252    3674       0     11458   96986    12023   97706    219869    2357      1.6   0.0         0      0     112  Sm/p:master:computation
## EC_MEMINFO  170 gs28r2b12             158250    3708       0      9494   99950    13984   94290    219414    2423      1.6   0.0         0      0     112  Sm/p:master:computation
## EC_MEMINFO  171 gs28r2b13             158250    3700       0     17055   91010    23078   86466    219235    2832      1.6   0.0         0      0     112  Sm/p:master:computation
## EC_MEMINFO  172 gs28r2b14             158248    3713       0      9221   99350    14658   94548    219477    2501      1.6   0.0         0      0     112  Sm/p:master:computation
## EC_MEMINFO  173 gs28r2b15             158248    3705       0     16619   91390    20674   89390    219723    2421      1.6   0.0         0      0     112  Sm/p:master:computation
## EC_MEMINFO  174 gs28r2b16             158248    3697       0     20695   88182    18087   91018    219569    2421      1.6   0.0         0      0     112  Sm/p:master:computation
## EC_MEMINFO  175 gs28r2b17             158248    3721       0     15040   93140    13568   96698    220103    2457      1.6   0.0         0      0     112  Sm/p:master:computation
## EC_MEMINFO  176 gs28r2b18             158250    3707       0     18691   89802    17139   92318    219606    2482      1.6   0.0         0      0     112  Sm/p:master:computation
## EC_MEMINFO  177 gs28r2b19             158250    3718       0     16106   91124    10511   99406    218833    3017      1.6   0.0         0      0     112  Sm/p:master:computation
## EC_MEMINFO  178 gs28r2b20             158248    3685       0     20260   89054    18546   90928    220424    1913      1.6   0.0         0      0     112  Sm/p:master:computation
## EC_MEMINFO  179 gs28r2b21             158248    3715       0     17231   90768    14919   95438    219992    2347      1.6   0.0         0      0     112  Sm/p:master:computation
## EC_MEMINFO  180 gs28r2b22             158248    3686       0     18693   90574    17446   91722    220074    2434      1.6   0.0         0      0     112  Sm/p:master:computation
## EC_MEMINFO  181 gs28r2b23             158248    3706       0     21758   86282    19323   90822    219835    2464      1.6   0.0         0      0     112  Sm/p:master:computation
## EC_MEMINFO  182 gs28r2b24             158248    3716       0     16516   91988    17612   92394    220143    2458      1.6   0.0         0      0     112  Sm/p:master:computation
## EC_MEMINFO  183 gs28r2b25             158250    3719       0     13856   96940    14897   96880    224167    1765      1.6   0.0         0      0     112  Sm/p:master:computation
## EC_MEMINFO  184 gs28r2b26             158250    3697       0     19755   88982    17865   91916    220149    2337      1.6   0.0         0      0     112  Sm/p:master:computation
## EC_MEMINFO  185 gs28r2b27             158248    3706       0     15713   91708    16774   93906    219717    2509      1.6   0.0         0      0     112  Sm/p:master:computation
## EC_MEMINFO  186 gs28r2b28             158250    3722       0     16435   92806    16645   92102    219664    2759      1.6   0.0         0      0     112  Sm/p:master:computation
## EC_MEMINFO  187 gs28r2b29             158248    3707       0     10263   97756    21978   88538    220229    2348      1.6   0.0         0      0     112  Sm/p:master:computation
## EC_MEMINFO  188 gs28r2b30             158248    3708       0     15448   93238    19483   90394    220172    2287      1.6   0.0         0      0     112  Sm/p:master:computation
## EC_MEMINFO  189 gs28r2b31             158250    3731       0     13216   97282    24421   87068    223681    1780      1.6   0.0         0      0     112  Sm/p:master:computation
## EC_MEMINFO  190 gs28r2b32             158248    3732       0     13226   98602     5750  105442    224721    1366      1.6   0.0         0      0     112  Sm/p:master:computation
## EC_MEMINFO  191 gs28r2b71             158252    3707       0      7894  100904    21946   87966    220408    2431      1.6   0.0         0      0     113  Sm/p:master:computation
## EC_MEMINFO  192 gs29r2b02             158252    3709       0     16696   94430    14371   97984    225180    1629      1.6   0.0         0      0     112  Sm/p:master:computation
## EC_MEMINFO  193 gs29r2b03             158250    3721       0      7162  101936     5843  104702    221254    2073      1.6   0.0         0      0     112  Sm/p:master:computation
## EC_MEMINFO  194 gs29r2b04             158248    3700       0      6051  103196     9466  100200    220594    1426      1.6   0.0         0      0     112  Sm/p:master:computation
## EC_MEMINFO  195 gs29r2b05             158248    3713       0      9706   98464     8799  102286    220918    1882      1.6   0.0         0      0     112  Sm/p:master:computation
## EC_MEMINFO  196 gs29r2b06             158250    3683       0     11615   98234    14529   95114    221176    2167      1.6   0.0         0      0     112  Sm/p:master:computation
## EC_MEMINFO  197 gs29r2b07             158248    3701       0      6932  101712     7223  103592    221143    2421      1.6   0.0         0      0     112  Sm/p:master:computation
## EC_MEMINFO  198 gs29r2b08             158248    3711       0     11332   97448    10903   98258    219553    2997      1.6   0.0         0      0     112  Sm/p:master:computation
## EC_MEMINFO  199 gs29r2b09             158250    3682       0      6838  101914     7669  103068    221176    1859      1.6   0.0         0      0     112  Sm/p:master:computation
## EC_MEMINFO  200 gs29r2b10             158248    3719       0     10979   98646     8467  100676    220467    1872      1.6   0.0         0      0     112  Sm/p:master:computation
## EC_MEMINFO  201 gs29r2b11             158250    3727       0      8013  100324    22574   87318    219919    1822      1.7   0.0         0      0     112  Sm/p:master:computation
## EC_MEMINFO  202 gs29r2b12             158248    3691       0      6877  102648    16875   91806    219904    2250      1.6   0.0         0      0     112  Sm/p:master:computation
## EC_MEMINFO  203 gs29r2b13             158250    3677       0     10261   97770    28701   80980    219411    2772      1.6   0.0         0      0     112  Sm/p:master:computation
## EC_MEMINFO  204 gs29r2b14             158250    3722       0     35894   73272    33725   75324    219847    2301      1.6   0.0         0      0     112  Sm/p:master:computation
## EC_MEMINFO  205 gs29r2b15             158248    3702       0     28349   79568    32612   77878    220058    2239      1.6   0.0         0      0     112  Sm/p:master:computation
## EC_MEMINFO  206 gs29r2b17             158248    3723       0      9533   99330     8416  101760    220737    2265      1.6   0.0         0      0     112  Sm/p:master:computation
## EC_MEMINFO  207 gs29r2b18             158248    3740       0     28029   81202     9082   99896    219895    1952      1.7   0.0         0      0     112  Sm/p:master:computation
## EC_MEMINFO  208 gs29r2b20             158254    3708       0     23671   85544     9948  100560    221423    2140      1.6   0.0         0      0     112  Sm/p:master:computation
## EC_MEMINFO  209 gs29r2b21             158248    3722       0     13935   94904    28792   81664    220994    2085      1.6   0.0         0      0     112  Sm/p:master:computation
## EC_MEMINFO  210 gs29r2b22             158248    3710       0     20348   89568    13373   96244    221212    1662      1.6   0.0         0      0     112  Sm/p:master:computation
## EC_MEMINFO  211 gs29r2b24             158250    3730       0     15880   93400    34096   74716    219781    2299      1.7   0.0         0      0     112  Sm/p:master:computation
## EC_MEMINFO  212 gs29r2b25             158248    3717       0     29396   78864    32821   77700    220432    2258      1.6   0.0         0      0     112  Sm/p:master:computation
## EC_MEMINFO  213 gs29r2b26             158248    3706       0     34207   75760    29194   79916    220755    2126      1.6   0.0         0      0     112  Sm/p:master:computation
## EC_MEMINFO  214 gs29r2b27             158250    3706       0     26604   82048    31834   79096    221271    1812      1.6   0.0         0      0     112  Sm/p:master:computation
## EC_MEMINFO  215 gs29r2b28             158248    3712       0     10429   99748    35579   73658    221108    2043      1.6   0.0         0      0     112  Sm/p:master:computation
## EC_MEMINFO  216 gs29r2b29             158248    3699       0     31668   76996    30799   79664    220761    2149      1.6   0.0         0      0     112  Sm/p:master:computation
## EC_MEMINFO  217 gs29r2b30             158250    3708       0     30878   79278    37516   71714    221042    2160      1.6   0.0         0      0     112  Sm/p:master:computation
## EC_MEMINFO  218 gs29r2b31             158248    3704       0     17232   89826    17974   92568    219300    3130      1.6   0.0         0      0     112  Sm/p:master:computation
## EC_MEMINFO  219 gs29r2b32             158248    3693       0     24688   84826    41752   67732    220610    2123      1.6   0.0         0      0     112  Sm/p:master:computation
## EC_MEMINFO  220 gs29r2b33             158250    3735       0     31768   76342    33355   77184    220301    2117      1.7   0.0         0      0     112  Sm/p:master:computation
## EC_MEMINFO  221 gs29r2b34             158250    3699       0     39305   69918    33215   76744    220828    2232      1.6   0.0         0      0     112  Sm/p:master:computation
## EC_MEMINFO  222 gs29r2b35             158248    3701       0     25386   83214    17344   92718    220362    2893      1.6   0.0         0      0     112  Sm/p:master:computation
## EC_MEMINFO  223 gs29r2b36             158250    3702       0     18661   89882    27953   79828    217937    3380      1.6   0.0         0      0     112  Sm/p:master:computation
## EC_MEMINFO  224 gs29r2b37             158250    3729       0     31558   77212    32101   78380    220914    2602      1.6   0.0         0      0     112  Sm/p:master:computation
## EC_MEMINFO  225 gs29r2b38             158250    3710       0     37340   72664    34809   74400    220842    2654      1.6   0.0         0      0     112  Sm/p:master:computation
## EC_MEMINFO  226 gs29r2b39             158248    3727       0     12932   95008    21041   89344    219923    2780      1.6   0.0         0      0     112  Sm/p:master:computation
## EC_MEMINFO  227 gs29r2b40             158248    3696       0     16912   91450    21327   89642    220969    2916      1.6   0.0         0      0     112  Sm/p:master:computation
## EC_MEMINFO  228 gs29r2b41             158250    3684       0     24099   84244    30405   80490    220892    2670      1.6   0.0         0      0     112  Sm/p:master:computation
## EC_MEMINFO  229 gs29r2b42             158248    3699       0     35520   72866    30443   80184    220658    2422      1.6   0.0         0      0     112  Sm/p:master:computation
## EC_MEMINFO  230 gs29r2b43             158248    3710       0      8106  100138    30059   81302    221298    2328      1.6   0.0         0      0     112  Sm/p:master:computation
## EC_MEMINFO  231 gs29r2b44             158248    3704       0     18013   92140    31255   78500    221607    2109      1.6   0.0         0      0     112  Sm/p:master:computation
## EC_MEMINFO  232 gs29r2b45             158248    3695       0     32441   75456    26933   84550    220990    2349      1.6   0.0         0      0     113  Sm/p:master:computation
## EC_MEMINFO  233 gs29r2b46             158248    3705       0      9445  100052    10843   99888    221926    2300      1.6   0.0         0      0     112  Sm/p:master:computation
## EC_MEMINFO  234 gs29r2b47             158248    3691       0     26088   81658    22754   89138    221250    2616      1.6   0.0         0      0     112  Sm/p:master:computation
## EC_MEMINFO  235 gs29r2b48             158248    3700       0      6338  103390     7344  102856    221626    2523      1.6   0.0         0      0     112  Sm/p:master:computation
## EC_MEMINFO  236 gs29r2b49             158250    3703       0     25750   82922    27757   82824    220882    2399      1.6   0.0         0      0     112  Sm/p:master:computation
## EC_MEMINFO  237 gs29r2b50             158250    3696       0      9740   99096    11161   99464    221158    2722      1.6   0.0         0      0     112  Sm/p:master:computation
## EC_MEMINFO  238 gs29r2b51             158250    3707       0      8221   98816     6837  104838    220408    3099      1.6   0.0         0      0     112  Sm/p:master:computation
## EC_MEMINFO  239 gs29r2b52             158250    3697       0     10735   97284    11798   98468    219985    2746      1.6   0.0         0      0     112  Sm/p:master:computation
## EC_MEMINFO  240 gs29r2b53             158248    3734       0      7715  103312     7135  104980    224841    1714      1.6   0.0         0      0     112  Sm/p:master:computation
## EC_MEMINFO  241 gs29r2b54             158250    3747       0      7098  104608     7525  104008    224939    1720      1.6   0.0         0      0     112  Sm/p:master:computation
## EC_MEMINFO  242 gs29r2b55             158252    3722       0     11092   96748    11655   98716    219910    3359      1.6   0.0         0      0     112  Sm/p:master:computation
## EC_MEMINFO  243 gs29r2b56             158250    3729       0      9880   99016    13371   95790    219753    3567      1.6   0.0         0      0     113  Sm/p:master:computation
## EC_MEMINFO  244 gs29r2b57             158252    3697       0     26478   81034    17259   94464    220927    2416      1.6   0.0         0      0     112  Sm/p:master:computation
## EC_MEMINFO  245 gs29r2b58             158248    3709       0      8094  102100    24929   85146    221956    2066      1.6   0.0         0      0     112  Sm/p:master:computation
## EC_MEMINFO  246 gs29r2b59             158248    3693       0     11404   96272    13347   97712    220435    2695      1.6   0.0         0      0     112  Sm/p:master:computation
## EC_MEMINFO  247 gs29r2b60             158248    3710       0     10983   97630    12777   97800    220879    2862      1.6   0.0         0      0     112  Sm/p:master:computation
## EC_MEMINFO  248 gs29r2b61                  0    3288       0     17967   88206     8050  101886    217807    5991      1.4   0.0         0      0     112  Sm/p:master:io-server
## EC_MEMINFO  249 gs29r2b62                  0    3284       0     23032   84286    28543   80316    217770    6209      1.4   0.0         0      0     112  Sm/p:master:io-server
## EC_MEMINFO  250 gs29r2b63                  0    3280       0     24892   81542    19219   90328    217623    6646      1.4   0.0         0      0     112  Sm/p:master:io-server
## EC_MEMINFO  251 gs29r2b64                  0    3296       0     11920   95076    19602   89292    217575    6731      1.4   0.0         0      0     112  Sm/p:master:io-server
## EC_MEMINFO  252 gs29r2b65                  0    3290       0      7009   99018     8476  100922    217129    6416      1.5   0.0         0      0     112  Sm/p:master:io-server
## EC_MEMINFO  253 gs29r2b66                  0    3293       0     18472   89486     9095   98494    217251    5951      1.5   0.0         0      0     112  Sm/p:master:io-server
## EC_MEMINFO  254 gs29r2b67                  0    3283       0      4221  103896     4433  104590    218842    5399      1.4   0.0         0      0     112  Sm/p:master:io-server
## EC_MEMINFO  255 gs29r2b68                  0    3157       0      2173  107176    15731   92456    219232    5395      1.4   0.0         0      0     112  Sm/p:master:io-server
## EC_MEMINFO 
## EC_MEMINFO 
## EC_MEMINFO Detailed memory information for program /gpfs/scratch/bsc32/bsc631248/ifsnc-refgen-20250826-usearchandraps/ifsnemo-build/src/sandbox/ifs.DE_CY48R1.0_climateDT_20250826.SP.CPU.GPP/bin/ifsMASTER.SP -- wall-time :      3.922s
## EC_MEMINFO Running on 256 nodes (2-numa) with 1856 compute + 128 I/O-tasks and 14+7 threads at 16:20:54.421 on 19-Jan-2026
## EC_MEMINFO The Job Name is ifsnemo-basic-test and the Job ID is 35127798
## EC_MEMINFO 
## EC_MEMINFO                           | TC    | MEMORY USED(MB) | MEMORY FREE(MB)  -------------   INCLUDING CACHED|  %USED %HUGE  | Energy  Power Running
## EC_MEMINFO                           | Malloc| Inc Heap        | Numa region  0 | Numa region  1 |                |               |    (J)    (W)
## EC_MEMINFO Node Name                 | Heap  | RSS(sum)        | Small  Huge or | Small  Huge or | Total          |
## EC_MEMINFO                           | (sum) | Small    Huge   |  Only   Small  |  Only   Small  | Memfree+Cached |
## EC_MEMINFO    0 gs22r1b24             158343    3861       0     25961   83828    18574   84380    214418    8138      1.7   0.0         0      0       8  Sm/p:oops:ifs_init
## EC_MEMINFO    1 gs22r1b28             158283    3777       0     18921   90186    23016   86102    219897    2578      1.7   0.0         0      0       8  Sm/p:master:comput
## EC_MEMINFO    2 gs24r1b01             158283    3795       0      7853   98350     8187  102542    218627    2563      1.7   0.0         0      0       8  Sm/p:master:comput
## EC_MEMINFO    3 gs24r1b02             158283    3803       0     15325   91588    13364   95188    217113    2793      1.7   0.0         0      0       8  Sm/p:master:comput
## EC_MEMINFO    4 gs24r1b03             158281    3785       0     14608   93030    14316   96148    219743    2859      1.7   0.0         0      0       8  Sm/p:master:comput
## EC_MEMINFO    5 gs24r1b04             158283    3810       0     15758   92552    17594   90908    218377    3885      1.7   0.0         0      0       8  Sm/p:master:comput
## EC_MEMINFO    6 gs24r1b05             158281    3790       0     15046   92814     9137  100802    219445    3077      1.7   0.0         0      0       8  Sm/p:master:comput
## EC_MEMINFO    7 gs24r1b06             158281    3799       0     12099   97060    16655   92452    219967    2812      1.7   0.0         0      0       8  Sm/p:master:comput
## EC_MEMINFO    8 gs24r1b07             158281    3797       0     13353   94776    16197   94566    220592    2451      1.7   0.0         0      0       8  Sm/p:master:comput
## EC_MEMINFO    9 gs24r1b08             158285    3793       0     18760   90978    19880   88360    219666    2834      1.7   0.0         0      0       8  Sm/p:master:comput
## EC_MEMINFO   10 gs24r1b09             158283    3796       0     19207   90236    20977   88300    220413    2394      1.7   0.0         0      0       8  Sm/p:master:comput
## EC_MEMINFO   11 gs24r1b10             158283    3799       0     18112   91624    16352   92056    219768    2983      1.7   0.0         0      0       8  Sm/p:master:comput
## EC_MEMINFO   12 gs24r1b11             158281    3805       0     19234   88646    17524   92340    219384    3002      1.7   0.0         0      0       8  Sm/p:master:comput
## EC_MEMINFO   13 gs24r1b12             158285    3780       0     13522   96582    19221   89810    220836    2608      1.7   0.0         0      0       8  Sm/p:master:comput
## EC_MEMINFO   14 gs24r1b13             158283    3783       0      6379  103820     9697  103532    225129    1719      1.6   0.0         0      0       8  Sm/p:master:comput
## EC_MEMINFO   15 gs24r1b14             158285    3793       0      9135  102894     6464  104832    225026    1747      1.6   0.0         0      0       8  Sm/p:master:comput
## EC_MEMINFO   16 gs24r1b29             158281    3799       0      9562   99734     8076  101848    220920    2857      1.7   0.0         0      0       8  Sm/p:master:comput
## EC_MEMINFO   17 gs24r1b30             158285    3787       0     18804   91208    18591   90456    220717    2827      1.7   0.0         0      0       8  Sm/p:master:comput
## EC_MEMINFO   18 gs24r1b31             158281    3798       0     18429   90216    14567   95468    220304    2779      1.7   0.0         0      0       8  Sm/p:master:comput
## EC_MEMINFO   19 gs24r1b32             158283    3791       0     18197   90670    18561   91360    220420    2790      1.7   0.0         0      0       8  Sm/p:master:comput
## EC_MEMINFO   20 gs24r1b33             158283    3774       0     18752   89574    16182   93316    219465    3510      1.7   0.0         0      0       8  Sm/p:master:comput
## EC_MEMINFO   21 gs24r1b34             158281    3813       0      9513   99716    15208   93770    219909    3278      1.7   0.0         0      0       8  Sm/p:master:comput
## EC_MEMINFO   22 gs24r1b35             158281    3819       0     18794   89814    17232   92034    219448    3495      1.7   0.0         0      0       8  Sm/p:master:comput
## EC_MEMINFO   23 gs24r1b36             158281    3797       0     11740   97250    15263   94152    220108    3004      1.7   0.0         0      0       8  Sm/p:master:comput
## EC_MEMINFO   24 gs24r1b37             158283    3777       0     16706   92134    13590   96456    220533    2564      1.7   0.0         0      0       8  Sm/p:master:comput
## EC_MEMINFO   25 gs24r1b38             158281    3762       0     15908   93208    19242   89470    219530    3487      1.7   0.0         0      0       8  Sm/p:master:comput
## EC_MEMINFO   26 gs24r1b39             158281    3812       0     19569   89140    18156   91480    220035    2890      1.7   0.0         0      0       8  Sm/p:master:comput
## EC_MEMINFO   27 gs24r1b40             158285    3775       0     13299   96002    14506   95138    220646    2872      1.7   0.0         0      0       9  Sm/p:master:comput
## EC_MEMINFO   28 gs24r1b41             158283    3803       0      8604   99060    19967   90768    220083    2825      1.7   0.0         0      0       8  Sm/p:master:comput
## EC_MEMINFO   29 gs24r1b42             158283    3789       0     11491   97142    15677   93888    219900    2991      1.7   0.0         0      0       8  Sm/p:master:comput
## EC_MEMINFO   30 gs24r1b43             158283    3784       0     10654   97404    12705   97636    220085    2604      1.7   0.0         0      0       8  Sm/p:master:comput
## EC_MEMINFO   31 gs24r1b44             158283    3810       0     16062   92084    16538   93514    219898    3133      1.7   0.0         0      0       8  Sm/p:master:comput
## EC_MEMINFO   32 gs24r1b45             158281    3803       0     17597   90604    18138   92242    220244    2671      1.7   0.0         0      0       8  Sm/p:master:comput
## EC_MEMINFO   33 gs24r1b46             158281    3802       0     19197   89960    18608   91060    220463    2824      1.7   0.0         0      0       8  Sm/p:master:comput
## EC_MEMINFO   34 gs24r1b47             158281    3795       0     16660   91508    19530   90490    219779    2948      1.7   0.0         0      0       8  Sm/p:master:comput
## EC_MEMINFO   35 gs24r1b48             158283    3792       0     17688   91334    20933   88144    219744    2799      1.7   0.0         0      0       8  Sm/p:master:comput
## EC_MEMINFO   36 gs24r1b49             158285    3798       0     10889   97106     9575  101026    220295    3004      1.7   0.0         0      0       8  Sm/p:master:comput
## EC_MEMINFO   37 gs24r1b50             158283    3791       0      8636  100474    10782   98072    219663    2675      1.7   0.0         0      0       8  Sm/p:master:comput
## EC_MEMINFO   38 gs24r1b51             158283    3774       0      9854   97640    18883   92366    220429    2748      1.7   0.0         0      0       8  Sm/p:master:comput
## EC_MEMINFO   39 gs24r1b52             158283    3831       0     10655   97576    11993   97172    219083    3292      1.7   0.0         0      0       8  Sm/p:master:comput
## EC_MEMINFO   40 gs24r1b53             158281    3801       0     12365   96076    19066   91308    220495    2475      1.7   0.0         0      0       8  Sm/p:master:comput
## EC_MEMINFO   41 gs24r1b54             158281    3792       0     19457   90242    11247   97368    220014    2719      1.7   0.0         0      0       8  Sm/p:master:comput
## EC_MEMINFO   42 gs24r1b55             158283    3809       0     10138   98154    19337   91384    220702    2527      1.7   0.0         0      0       8  Sm/p:master:comput
## EC_MEMINFO   43 gs24r1b56             158281    3801       0     16916   91950    11426   97700    219693    2472      1.7   0.0         0      0       8  Sm/p:master:comput
## EC_MEMINFO   44 gs24r1b70             158281    3787       0     21612   87978    27994   80230    219514    2625      1.7   0.0         0      0       8  Sm/p:master:comput
## EC_MEMINFO   45 gs24r1b72             158281    3784       0      5964  102632    10130   98704    219128    2589      1.7   0.0         0      0       8  Sm/p:master:comput
## EC_MEMINFO   46 gs24r3b02             158283    3791       0     12562   98794    13339   98556    224952    1687      1.6   0.0         0      0       8  Sm/p:master:comput
## EC_MEMINFO   47 gs24r3b03             158281    3795       0      9210  101330    18687   94366    225294    1688      1.6   0.0         0      0       8  Sm/p:master:comput
## EC_MEMINFO   48 gs24r3b04             158281    3795       0      9267  101778    14992   97466    225204    1690      1.6   0.0         0      0       8  Sm/p:master:comput
## EC_MEMINFO   49 gs24r3b05             158283    3785       0     19291   91674    14874   97640    225179    1684      1.6   0.0         0      0       8  Sm/p:master:comput
## EC_MEMINFO   50 gs24r3b06             158289    3792       0     11083  100976    17311   94230    225301    1684      1.6   0.0         0      0       8  Sm/p:master:comput
## EC_MEMINFO   51 gs24r3b09             158283    3805       0     12082   98972    17703   94738    225196    1685      1.6   0.0         0      0       8  Sm/p:master:comput
## EC_MEMINFO   52 gs24r3b10             158283    3809       0     15301   96900    14293   97084    225279    1690      1.7   0.0         0      0       8  Sm/p:master:comput
## EC_MEMINFO   53 gs24r3b11             158283    3807       0     11241   99970    17987   94346    225246    1681      1.6   0.0         0      0       8  Sm/p:master:comput
## EC_MEMINFO   54 gs24r3b12             158285    3813       0     10886  101350    17187   94114    225237    1688      1.7   0.0         0      0       8  Sm/p:master:comput
## EC_MEMINFO   55 gs24r3b13             158281    3801       0     18956   92260    10443  101834    225194    1681      1.6   0.0         0      0       9  Sm/p:master:comput
## EC_MEMINFO   56 gs24r3b14             158283    3803       0     12440   99638    11852   99606    225237    1690      1.6   0.0         0      0       8  Sm/p:master:comput
## EC_MEMINFO   57 gs24r3b17             158283    3799       0     10360  100778    11356  101100    225294    1686      1.6   0.0         0      0       8  Sm/p:master:comput
## EC_MEMINFO   58 gs24r3b18             158285    3793       0     17799   94454    13228   98114    225296    1678      1.6   0.0         0      0       8  Sm/p:master:comput
## EC_MEMINFO   59 gs24r3b19             158283    3803       0     19687   91348     9929  102494    225159    1683      1.6   0.0         0      0       8  Sm/p:master:comput
## EC_MEMINFO   60 gs24r3b20             158281    3790       0     13887   97150    14024   98408    225170    1678      1.6   0.0         0      0       8  Sm/p:master:comput
## EC_MEMINFO   61 gs24r3b21             158285    3781       0     15085   95142    12170  101218    225317    1677      1.6   0.0         0      0       8  Sm/p:master:comput
## EC_MEMINFO   62 gs24r3b22             158281    3787       0     11469  100830    21295   90034    225329    1684      1.6   0.0         0      0       8  Sm/p:master:comput
## EC_MEMINFO   63 gs24r3b23             158281    3793       0     15844   94754    11230  101732    225260    1684      1.6   0.0         0      0       8  Sm/p:master:comput
## EC_MEMINFO   64 gs24r3b24             158283    3802       0      9977  101114    12309  100182    225282    1686      1.6   0.0         0      0       8  Sm/p:master:comput
## EC_MEMINFO   65 gs24r3b25             158283    3795       0     10023  100410    11193  101982    225310    1688      1.6   0.0         0      0       8  Sm/p:master:comput
## EC_MEMINFO   66 gs24r3b26             158281    3815       0     17737   94360    11986   99506    225289    1684      1.7   0.0         0      0       8  Sm/p:master:comput
## EC_MEMINFO   67 gs24r3b27             158287    3823       0     18967   92132    10300  102130    225230    1682      1.7   0.0         0      0       8  Sm/p:master:comput
## EC_MEMINFO   68 gs24r3b28             158285    3790       0     18826   92334    14748   97698    225307    1684      1.6   0.0         0      0       8  Sm/p:master:comput
## EC_MEMINFO   69 gs24r3b29             158283    3784       0     10329  100370    12093  100688    225181    1774      1.6   0.0         0      0       8  Sm/p:master:comput
## EC_MEMINFO   70 gs24r3b30             158281    3808       0     15635   95808    10790  101340    225275    1685      1.7   0.0         0      0       8  Sm/p:master:comput
## EC_MEMINFO   71 gs24r3b31             158283    3786       0     10228  100680    11870  100784    225261    1683      1.6   0.0         0      0       8  Sm/p:master:comput
## EC_MEMINFO   72 gs24r3b32             158281    3794       0      8723  103508    15833   95586    225351    1688      1.6   0.0         0      0       8  Sm/p:master:comput
## EC_MEMINFO   73 gs24r3b33             158281    3762       0     14265   96736    15505   97044    225250    1690      1.6   0.0         0      0       8  Sm/p:master:comput
## EC_MEMINFO   74 gs24r3b35             158285    3787       0     17379   92506    12567  100346    224445    1650      1.6   0.0         0      0       8  Sm/p:master:comput
## EC_MEMINFO   75 gs24r3b36             158287    3792       0      9740  102286    18686   92556    224968    1686      1.6   0.0         0      0       8  Sm/p:master:comput
## EC_MEMINFO   76 gs24r3b37             158283    3817       0     13663   97024     8459  103986    224833    1688      1.7   0.0         0      0       8  Sm/p:master:comput
## EC_MEMINFO   77 gs24r3b38             158281    3791       0     14597   96568    11804  100240    224910    1685      1.6   0.0         0      0       8  Sm/p:master:comput
## EC_MEMINFO   78 gs24r3b39             158281    3804       0     11658   98576    10584  102224    224744    1779      1.7   0.0         0      0       8  Sm/p:master:comput
## EC_MEMINFO   79 gs24r3b40             158281    3809       0     14997   96918    18282   93068    224965    1686      1.7   0.0         0      0       8  Sm/p:master:comput
## EC_MEMINFO   80 gs24r3b41             158281    3813       0     10606  100402    17883   94246    224839    1686      1.7   0.0         0      0       8  Sm/p:master:comput
## EC_MEMINFO   81 gs24r3b42             158283    3816       0     13593   97586    13964   98088    224932    1688      1.7   0.0         0      0       8  Sm/p:master:comput
## EC_MEMINFO   82 gs24r3b43             158283    3794       0     10796   99622    12542  100220    224881    1689      1.6   0.0         0      0       8  Sm/p:master:comput
## EC_MEMINFO   83 gs24r3b44             158285    3769       0     11112  100086    17544   94604    225047    1689      1.6   0.0         0      0       8  Sm/p:master:comput
## EC_MEMINFO   84 gs24r3b45             158283    3785       0     11149   99856    11272  101032    225010    1686      1.6   0.0         0      0       8  Sm/p:master:comput
## EC_MEMINFO   85 gs24r3b46             158285    3802       0     14556   97154    12165   99442    225018    1680      1.6   0.0         0      0       8  Sm/p:master:comput
## EC_MEMINFO   86 gs24r3b47             158285    3808       0      9703  100772    10834  101706    224716    1683      1.7   0.0         0      0       8  Sm/p:master:comput
## EC_MEMINFO   87 gs24r3b48             158283    3788       0     10259  101922    12840   98310    225032    1688      1.6   0.0         0      0       8  Sm/p:master:comput
## EC_MEMINFO   88 gs24r3b49             158283    3808       0     10712   99704    13706   99244    225067    1692      1.7   0.0         0      0       8  Sm/p:master:comput
## EC_MEMINFO   89 gs24r3b50             158283    3797       0     16573   94992    10280  101644    225191    1688      1.6   0.0         0      0       8  Sm/p:master:comput
## EC_MEMINFO   90 gs24r3b51             158281    3782       0      8945  101958    11882  100582    225068    1689      1.6   0.0         0      0       8  Sm/p:master:comput
## EC_MEMINFO   91 gs24r3b52             158283    3805       0     20572   91516    16153   95240    225182    1691      1.6   0.0         0      0       8  Sm/p:master:comput
## EC_MEMINFO   92 gs24r3b53             158281    3808       0     11751   99252    22483   89922    225108    1691      1.7   0.0         0      0       8  Sm/p:master:comput
## EC_MEMINFO   93 gs24r3b54             158281    3799       0     17615   94370    12366   99014    225065    1683      1.6   0.0         0      0       8  Sm/p:master:comput
## EC_MEMINFO   94 gs24r3b55             158285    3801       0     11057   99056     8871  104310    224996    1682      1.6   0.0         0      0       8  Sm/p:master:comput
## EC_MEMINFO   95 gs24r3b56             158285    3824       0     17780   94020     9772  101804    225077    1686      1.7   0.0         0      0       8  Sm/p:master:comput
## EC_MEMINFO   96 gs24r3b57             158281    3810       0     10962  100248    14199   98000    225110    1688      1.7   0.0         0      0       8  Sm/p:master:comput
## EC_MEMINFO   97 gs24r3b58             158285    3785       0     11816  100420     9955  101360    225251    1687      1.6   0.0         0      0       8  Sm/p:master:comput
## EC_MEMINFO   98 gs24r3b59             158283    3805       0      9545  100660    11027  102146    225079    1674      1.7   0.0         0      0       8  Sm/p:master:comput
## EC_MEMINFO   99 gs24r3b60             158283    3802       0     12046   99762    13768   97876    225153    1685      1.6   0.0         0      0       8  Sm/p:master:comput
## EC_MEMINFO  100 gs24r3b65             158285    3808       0      6377  104376     7081  105104    224639    1770      1.7   0.0         0      0       8  Sm/p:master:comput
## EC_MEMINFO  101 gs24r3b66             158281    3820       0      6372  105270     6656  104410    224409    1676      1.7   0.0         0      0       8  Sm/p:master:comput
## EC_MEMINFO  102 gs24r3b68             158285    3785       0      6717  104596     7318  104294    224626    1680      1.6   0.0         0      0       8  Sm/p:master:comput
## EC_MEMINFO  103 gs25r2b02             158283    3793       0     18180   89778    10644   98512    218737    3061      1.7   0.0         0      0       8  Sm/p:master:comput
## EC_MEMINFO  104 gs25r2b03             158285    3790       0     10511   97832    33953   75632    219553    3027      1.7   0.0         0      0       8  Sm/p:master:comput
## EC_MEMINFO  105 gs25r2b04             158285    3780       0     11369   96552    10431   98634    218609    3585      1.7   0.0         0      0       8  Sm/p:master:comput
## EC_MEMINFO  106 gs25r2b05             158283    3805       0     25658   80638     9258  100510    217685    3062      1.7   0.0         0      0       8  Sm/p:master:comput
## EC_MEMINFO  107 gs25r2b06             158281    3803       0     29903   78882    10743   98316    219509    2809      1.7   0.0         0      0       8  Sm/p:master:comput
## EC_MEMINFO  108 gs25r2b07             158281    3776       0      9531   98010     8187  102232    219661    3282      1.7   0.0         0      0       8  Sm/p:master:comput
## EC_MEMINFO  109 gs25r2b08             158283    3788       0     10625   96990    10199   98542    217954    4036      1.7   0.0         0      0       8  Sm/p:master:comput
## EC_MEMINFO  110 gs25r2b09             158281    3825       0     26060   80680     8468  101154    217992    3976      1.7   0.0         0      0       8  Sm/p:master:comput
## EC_MEMINFO  111 gs25r2b10             158287    3788       0     11203   97388    25819   81024    217067    4327      1.7   0.0         0      0       8  Sm/p:master:comput
## EC_MEMINFO  112 gs25r2b11             158283    3778       0      9710   97662    11337   97384    217791    4177      1.7   0.0         0      0       8  Sm/p:master:comput
## EC_MEMINFO  113 gs25r2b12             158283    3813       0     20510   87744     9277   99612    218845    3621      1.7   0.0         0      0       8  Sm/p:master:comput
## EC_MEMINFO  114 gs25r2b13             158283    3808       0      9071   98830     5168  104468    219149    3541      1.7   0.0         0      0       8  Sm/p:master:comput
## EC_MEMINFO  115 gs25r2b14             158281    3801       0      7484  102334     6631  100912    219058    3731      1.7   0.0         0      0       8  Sm/p:master:comput
## EC_MEMINFO  116 gs25r2b15             158285    3807       0      8258   99458     8156   99864    217374    4488      1.7   0.0         0      0       8  Sm/p:master:comput
## EC_MEMINFO  117 gs25r2b31             158283    3799       0      8221   99676     8109  101124    218832    3436      1.7   0.0         0      0       8  Sm/p:master:comput
## EC_MEMINFO  118 gs25r2b32             158283    3794       0     12638   95470     9001  100346    219151    3492      1.7   0.0         0      0       8  Sm/p:master:comput
## EC_MEMINFO  119 gs25r2b33             158283    3805       0     10287   96528     7307  102312    218105    4278      1.7   0.0         0      0       8  Sm/p:master:comput
## EC_MEMINFO  120 gs25r2b34             158281    3766       0     17509   90922     7045  101216    218394    4056      1.7   0.0         0      0       8  Sm/p:master:comput
## EC_MEMINFO  121 gs25r2b35             158283    3805       0     22404   85376     6287  102676    218314    3920      1.7   0.0         0      0       8  Sm/p:master:comput
## EC_MEMINFO  122 gs25r2b36             158285    3818       0      7985  101022    22789   85638    219130    3814      1.7   0.0         0      0       8  Sm/p:master:comput
## EC_MEMINFO  123 gs25r2b37             158283    3807       0     12551   95460     8274  101234    219099    3598      1.7   0.0         0      0       8  Sm/p:master:comput
## EC_MEMINFO  124 gs25r2b38             158283    3787       0      9031   99826     9097   99778    219370    3224      1.7   0.0         0      0       8  Sm/p:master:comput
## EC_MEMINFO  125 gs25r2b39             158285    3789       0     20056   87298     7749  101132    217875    4397      1.7   0.0         0      0       8  Sm/p:master:comput
## EC_MEMINFO  126 gs25r2b40             158281    3800       0      7881  100826    10922   96814    218100    4321      1.7   0.0         0      0       8  Sm/p:master:comput
## EC_MEMINFO  127 gs25r2b41             158283    3774       0     10145   97950     7094  102052    218938    3569      1.7   0.0         0      0       8  Sm/p:master:comput
## EC_MEMINFO  128 gs25r2b42             158281    3802       0     30250   77090     9240  101024    219241    3140      1.7   0.0         0      0       8  Sm/p:master:comput
## EC_MEMINFO  129 gs25r2b43             158281    3787       0     10993   96460    27717   81184    217983    3777      1.7   0.0         0      0       8  Sm/p:master:comput
## EC_MEMINFO  130 gs25r2b44             158281    3776       0     29247   79226     9615   99182    218972    3132      1.7   0.0         0      0       8  Sm/p:master:comput
## EC_MEMINFO  131 gs25r3b39             158281    3790       0     24561   84458    32898   76192    219691    2750      1.7   0.0         0      0       8  Sm/p:master:comput
## EC_MEMINFO  132 gs25r3b44             158281    3795       0     19294   90124    23242   85106    219334    2609      1.7   0.0         0      0       8  Sm/p:master:comput
## EC_MEMINFO  133 gs25r3b45             158281    3803       0     31248   75312    38863   72300    219296    2515      1.7   0.0         0      0       8  Sm/p:master:comput
## EC_MEMINFO  134 gs25r3b61             158287    3815       0     19378   88028    20638   89432    219059    2677      1.7   0.0         0      0       8  Sm/p:master:comput
## EC_MEMINFO  135 gs25r3b62             158281    3809       0     21237   87094    28932   80462    219331    2560      1.7   0.0         0      0       9  Sm/p:master:comput
## EC_MEMINFO  136 gs25r3b63             158281    3802       0      7750  100246    27232   82592    219516    2682      1.7   0.0         0      0       8  Sm/p:master:comput
## EC_MEMINFO  137 gs25r3b64             158281    3791       0     17887   89176    27769   82390    218803    3393      1.7   0.0         0      0       8  Sm/p:master:comput
## EC_MEMINFO  138 gs25r3b65             158285    3791       0     21734   84628    25573   85666    219178    2681      1.7   0.0         0      0       8  Sm/p:master:comput
## EC_MEMINFO  139 gs25r3b66             158283    3799       0     18561   90000    29791   79664    219652    2701      1.7   0.0         0      0       8  Sm/p:master:comput
## EC_MEMINFO  140 gs25r3b72             158283    3798       0      8589   99248    31711   77876    219120    2661      1.7   0.0         0      0       8  Sm/p:master:comput
## EC_MEMINFO  141 gs27r2b12             158285    3819       0     11214   97504     9348  100486    220250    2349      1.7   0.0         0      0       8  Sm/p:master:comput
## EC_MEMINFO  142 gs27r2b16             158285    3832       0     14939   94032    20644   88280    219584    2775      1.7   0.0         0      0       8  Sm/p:master:comput
## EC_MEMINFO  143 gs27r2b28             158283    3807       0     18399   90830    22667   86446    220018    2455      1.7   0.0         0      0       8  Sm/p:master:comput
## EC_MEMINFO  144 gs27r2b31             158285    3819       0     34821   74538    41125   68384    220558    2633      1.7   0.0         0      0       8  Sm/p:master:comput
## EC_MEMINFO  145 gs27r2b32             158281    3791       0     16766   92156    26960   82656    220158    2416      1.7   0.0         0      0       8  Sm/p:master:comput
## EC_MEMINFO  146 gs27r2b35             158283    3796       0     28968   79174    20638   89260    219725    2474      1.7   0.0         0      0       8  Sm/p:master:comput
## EC_MEMINFO  147 gs27r2b38             158283    3806       0     16245   93604    29290   79544    220374    2292      1.7   0.0         0      0       8  Sm/p:master:comput
## EC_MEMINFO  148 gs27r2b40             158283    3797       0     21785   87740    22146   86772    220140    2351      1.7   0.0         0      0       8  Sm/p:master:comput
## EC_MEMINFO  149 gs27r2b41             158283    3784       0      7888  100820     6436  103096    219941    2323      1.7   0.0         0      0       8  Sm/p:master:comput
## EC_MEMINFO  150 gs27r2b42             158285    3804       0     20059   89442    24170   85088    220437    2485      1.7   0.0         0      0       8  Sm/p:master:comput
## EC_MEMINFO  151 gs27r2b43             158281    3807       0     10042   98566    18462   91214    219978    2431      1.7   0.0         0      0       8  Sm/p:master:comput
## EC_MEMINFO  152 gs27r2b45             158283    3776       0     22334   86172    36206   74110    220505    2295      1.7   0.0         0      0       8  Sm/p:master:comput
## EC_MEMINFO  153 gs27r2b46             158283    3781       0     25198   83872    32634   77034    220430    2220      1.7   0.0         0      0       8  Sm/p:master:comput
## EC_MEMINFO  154 gs27r2b47             158281    3809       0     19566   88632     8295  101774    219968    2228      1.7   0.0         0      0       8  Sm/p:master:comput
## EC_MEMINFO  155 gs27r2b49             158281    3778       0      7545  100978     7971  101446    219631    2301      1.7   0.0         0      0       8  Sm/p:master:comput
## EC_MEMINFO  156 gs27r2b50             158283    3792       0      6902  102686    10440   97992    219711    2457      1.7   0.0         0      0       8  Sm/p:master:comput
## EC_MEMINFO  157 gs27r2b52             158281    3796       0      6677  102756    17571   91622    220325    2262      1.7   0.0         0      0       8  Sm/p:master:comput
## EC_MEMINFO  158 gs27r2b53             158285    3797       0     21376   86996     8053  102168    220295    2371      1.7   0.0         0      0       8  Sm/p:master:comput
## EC_MEMINFO  159 gs27r2b57             158285    3792       0      7009  100886    15747   94712    220050    2519      1.7   0.0         0      0       8  Sm/p:master:comput
## EC_MEMINFO  160 gs27r2b58             158281    3783       0      6456  102512     8407  101118    220187    2380      1.7   0.0         0      0       8  Sm/p:master:comput
## EC_MEMINFO  161 gs27r2b59             158283    3815       0      8218  100014     6582  103902    220415    2300      1.7   0.0         0      0       8  Sm/p:master:comput
## EC_MEMINFO  162 gs27r2b60             158283    3795       0     14001   94774     8988  100578    220042    2376      1.7   0.0         0      0       8  Sm/p:master:comput
## EC_MEMINFO  163 gs27r2b63             158283    3802       0      8760   99570    23734   86546    220305    2441      1.7   0.0         0      0       9  Sm/p:master:comput
## EC_MEMINFO  164 gs27r2b67             158285    3783       0      5193  103958     9775  101238    221862    2007      1.7   0.0         0      0       8  Sm/p:master:comput
## EC_MEMINFO  165 gs27r2b69             158281    3779       0     12297   95394    21629   87714    218733    2291      1.7   0.0         0      0       8  Sm/p:master:comput
## EC_MEMINFO  166 gs28r2b08             158307    3778       0     19550   88234    11037   98620    219141    2504      1.7   0.0         0      0       8  Sm/p:master:comput
## EC_MEMINFO  167 gs28r2b09             158283    3790       0     10931   97052    16956   93066    219704    2544      1.7   0.0         0      0       8  Sm/p:master:comput
## EC_MEMINFO  168 gs28r2b10             158283    3792       0     14995   93502    15436   94020    219645    2387      1.7   0.0         0      0       8  Sm/p:master:comput
## EC_MEMINFO  169 gs28r2b11             158285    3766       0     11443   96978    12009   97696    219823    2362      1.7   0.0         0      0       8  Sm/p:master:comput
## EC_MEMINFO  170 gs28r2b12             158283    3796       0      9480   99940    13972   94276    219366    2429      1.7   0.0         0      0       8  Sm/p:master:comput
## EC_MEMINFO  171 gs28r2b13             158283    3782       0     17041   91006    23066   86458    219199    2839      1.7   0.0         0      0       8  Sm/p:master:comput
## EC_MEMINFO  172 gs28r2b14             158281    3800       0      9207   99336    14644   94544    219432    2507      1.7   0.0         0      0       8  Sm/p:master:comput
## EC_MEMINFO  173 gs28r2b15             158281    3791       0     16605   91384    20661   89382    219686    2427      1.7   0.0         0      0       8  Sm/p:master:comput
## EC_MEMINFO  174 gs28r2b16             158281    3784       0     20681   88178    18073   91012    219534    2427      1.7   0.0         0      0       8  Sm/p:master:comput
## EC_MEMINFO  175 gs28r2b17             158281    3806       0     15025   93138    13553   96690    220066    2463      1.7   0.0         0      0       8  Sm/p:master:comput
## EC_MEMINFO  176 gs28r2b18             158283    3797       0     18677   89788    17124   92312    219558    2488      1.7   0.0         0      0       8  Sm/p:master:comput
## EC_MEMINFO  177 gs28r2b19             158283    3808       0     16092   91110    10497   99404    218790    3022      1.7   0.0         0      0       8  Sm/p:master:comput
## EC_MEMINFO  178 gs28r2b20             158281    3778       0     20246   89044    18532   90922    220381    1919      1.7   0.0         0      0       8  Sm/p:master:comput
## EC_MEMINFO  179 gs28r2b21             158281    3801       0     17216   90762    14905   95430    219950    2353      1.7   0.0         0      0       8  Sm/p:master:comput
## EC_MEMINFO  180 gs28r2b22             158283    3775       0     18678   90562    17434   91710    220024    2440      1.7   0.0         0      0       8  Sm/p:master:comput
## EC_MEMINFO  181 gs28r2b23             158283    3794       0     21743   86278    19309   90816    219797    2470      1.7   0.0         0      0       8  Sm/p:master:comput
## EC_MEMINFO  182 gs28r2b24             158283    3806       0     16502   91984    17598   92380    220097    2463      1.7   0.0         0      0       8  Sm/p:master:comput
## EC_MEMINFO  183 gs28r2b25             158283    3804       0     13841   96930    14884   96866    224115    1770      1.7   0.0         0      0       8  Sm/p:master:comput
## EC_MEMINFO  184 gs28r2b26             158283    3783       0     19740   88974    17852   91914    220111    2343      1.7   0.0         0      0       8  Sm/p:master:comput
## EC_MEMINFO  185 gs28r2b27             158283    3794       0     15698   91694    16760   93892    219661    2515      1.7   0.0         0      0       8  Sm/p:master:comput
## EC_MEMINFO  186 gs28r2b28             158283    3806       0     16421   92800    16630   92098    219626    2765      1.7   0.0         0      0       8  Sm/p:master:comput
## EC_MEMINFO  187 gs28r2b29             158283    3795       0     10249   97744    21963   88530    220182    2354      1.7   0.0         0      0       8  Sm/p:master:comput
## EC_MEMINFO  188 gs28r2b30             158283    3792       0     15433   93222    19468   90390    220124    2293      1.7   0.0         0      0       8  Sm/p:master:comput
## EC_MEMINFO  189 gs28r2b31             158283    3819       0     13201   97280    24407   87058    223641    1787      1.7   0.0         0      0       8  Sm/p:master:comput
## EC_MEMINFO  190 gs28r2b32             158281    3816       0     13212   98606     5735  105436    224690    1372      1.7   0.0         0      0       8  Sm/p:master:comput
## EC_MEMINFO  191 gs28r2b71             158285    3794       0      7880  100900    21932   87954    220366    2436      1.7   0.0         0      0       9  Sm/p:master:comput
## EC_MEMINFO  192 gs29r2b02             158285    3796       0     16682   94422    14355   97980    225141    1635      1.6   0.0         0      0       8  Sm/p:master:comput
## EC_MEMINFO  193 gs29r2b03             158283    3809       0      7147  101932     5829  104692    221211    2078      1.7   0.0         0      0       8  Sm/p:master:comput
## EC_MEMINFO  194 gs29r2b04             158283    3788       0      6037  103184     9452  100194    220549    1432      1.7   0.0         0      0       8  Sm/p:master:comput
## EC_MEMINFO  195 gs29r2b05             158281    3801       0      9692   98456     8785  102278    220875    1888      1.7   0.0         0      0       8  Sm/p:master:comput
## EC_MEMINFO  196 gs29r2b06             158283    3776       0     11600   98226    14515   95100    221126    2173      1.7   0.0         0      0       8  Sm/p:master:comput
## EC_MEMINFO  197 gs29r2b07             158281    3787       0      6918  101710     7209  103584    221106    2429      1.7   0.0         0      0       8  Sm/p:master:comput
## EC_MEMINFO  198 gs29r2b08             158281    3793       0     11317   97448    10889   98254    219522    3002      1.7   0.0         0      0       8  Sm/p:master:comput
## EC_MEMINFO  199 gs29r2b09             158283    3775       0      6824  101904     7655  103062    221132    1865      1.7   0.0         0      0       8  Sm/p:master:comput
## EC_MEMINFO  200 gs29r2b10             158281    3804       0     10967   98638     8455  100664    220423    1877      1.7   0.0         0      0       9  Sm/p:master:comput
## EC_MEMINFO  201 gs29r2b11             158283    3815       0      7999  100320    22559   87310    219879    1828      1.7   0.0         0      0       8  Sm/p:master:comput
## EC_MEMINFO  202 gs29r2b12             158281    3774       0      6865  102638    16862   91798    219862    2256      1.7   0.0         0      0       8  Sm/p:master:comput
## EC_MEMINFO  203 gs29r2b13             158285    3767       0     10246   97762    28687   80970    219366    2778      1.7   0.0         0      0       8  Sm/p:master:comput
## EC_MEMINFO  204 gs29r2b14             158283    3812       0     35880   73264    33711   75314    219799    2307      1.7   0.0         0      0       8  Sm/p:master:comput
## EC_MEMINFO  205 gs29r2b15             158283    3787       0     28336   79564    32597   77868    220019    2244      1.7   0.0         0      0       8  Sm/p:master:comput
## EC_MEMINFO  206 gs29r2b17             158283    3805       0      9518   99320     8402  101750    220690    2272      1.7   0.0         0      0       8  Sm/p:master:comput
## EC_MEMINFO  207 gs29r2b18             158283    3826       0     28016   81196     9067   99892    219859    1958      1.7   0.0         0      0       8  Sm/p:master:comput
## EC_MEMINFO  208 gs29r2b20             158287    3798       0     23657   85532     9932  100556    221378    2146      1.7   0.0         0      0       8  Sm/p:master:comput
## EC_MEMINFO  209 gs29r2b21             158281    3806       0     13920   94904    28778   81658    220960    2090      1.7   0.0         0      0       8  Sm/p:master:comput
## EC_MEMINFO  210 gs29r2b22             158281    3792       0     20334   89564    13360   96232    221171    1668      1.7   0.0         0      0       8  Sm/p:master:comput
## EC_MEMINFO  211 gs29r2b24             158283    3816       0     15865   93398    34083   74704    219741    2304      1.7   0.0         0      0       8  Sm/p:master:comput
## EC_MEMINFO  212 gs29r2b25             158281    3809       0     29382   78854    32808   77690    220385    2264      1.7   0.0         0      0       8  Sm/p:master:comput
## EC_MEMINFO  213 gs29r2b26             158281    3791       0     34194   75758    29179   79914    220725    2133      1.7   0.0         0      0       8  Sm/p:master:comput
## EC_MEMINFO  214 gs29r2b27             158283    3796       0     26590   82036    31819   79088    221224    1817      1.7   0.0         0      0       8  Sm/p:master:comput
## EC_MEMINFO  215 gs29r2b28             158281    3797       0     10414   99740    35565   73644    221058    2048      1.7   0.0         0      0       8  Sm/p:master:comput
## EC_MEMINFO  216 gs29r2b29             158281    3786       0     31654   76998    30785   79652    220724    2155      1.7   0.0         0      0       8  Sm/p:master:comput
## EC_MEMINFO  217 gs29r2b30             158283    3792       0     30864   79270    37501   71706    220997    2165      1.7   0.0         0      0       8  Sm/p:master:comput
## EC_MEMINFO  218 gs29r2b31             158281    3789       0     17218   89814    17960   92558    219252    3135      1.7   0.0         0      0       8  Sm/p:master:comput
## EC_MEMINFO  219 gs29r2b32             158281    3782       0     24674   84824    41737   67726    220574    2128      1.7   0.0         0      0       8  Sm/p:master:comput
## EC_MEMINFO  220 gs29r2b33             158283    3818       0     31754   76336    33340   77178    220263    2123      1.7   0.0         0      0       8  Sm/p:master:comput
## EC_MEMINFO  221 gs29r2b34             158283    3787       0     39291   69910    33201   76736    220785    2237      1.7   0.0         0      0       8  Sm/p:master:comput
## EC_MEMINFO  222 gs29r2b35             158281    3790       0     25371   83200    17329   92712    220314    2898      1.7   0.0         0      0       8  Sm/p:master:comput
## EC_MEMINFO  223 gs29r2b36             158283    3792       0     18648   89878    27938   79824    217903    3386      1.7   0.0         0      0       8  Sm/p:master:comput
## EC_MEMINFO  224 gs29r2b37             158283    3819       0     31543   77202    32087   78374    220870    2608      1.7   0.0         0      0       8  Sm/p:master:comput
## EC_MEMINFO  225 gs29r2b38             158283    3795       0     37326   72654    34794   74394    220797    2660      1.7   0.0         0      0       8  Sm/p:master:comput
## EC_MEMINFO  226 gs29r2b39             158283    3813       0     12918   95002    21027   89332    219877    2787      1.7   0.0         0      0       8  Sm/p:master:comput
## EC_MEMINFO  227 gs29r2b40             158283    3782       0     16899   91440    21312   89638    220927    2922      1.7   0.0         0      0       8  Sm/p:master:comput
## EC_MEMINFO  228 gs29r2b41             158283    3776       0     24084   84240    30391   80482    220851    2675      1.7   0.0         0      0       8  Sm/p:master:comput
## EC_MEMINFO  229 gs29r2b42             158283    3785       0     35506   72862    30429   80174    220617    2427      1.7   0.0         0      0       8  Sm/p:master:comput
## EC_MEMINFO  230 gs29r2b43             158281    3802       0      8092  100124    30046   81300    221255    2334      1.7   0.0         0      0       8  Sm/p:master:comput
## EC_MEMINFO  231 gs29r2b44             158281    3789       0     17998   92134    31242   78492    221566    2115      1.7   0.0         0      0       8  Sm/p:master:comput
## EC_MEMINFO  232 gs29r2b45             158283    3779       0     32427   75454    26919   84534    220944    2355      1.7   0.0         0      0       8  Sm/p:master:comput
## EC_MEMINFO  233 gs29r2b46             158281    3792       0      9431  100040    10829   99882    221882    2305      1.7   0.0         0      0       8  Sm/p:master:comput
## EC_MEMINFO  234 gs29r2b47             158281    3774       0     26074   81648    22739   89126    221200    2621      1.7   0.0         0      0       8  Sm/p:master:comput
## EC_MEMINFO  235 gs29r2b48             158281    3788       0      6324  103382     7330  102852    221587    2529      1.7   0.0         0      0       8  Sm/p:master:comput
## EC_MEMINFO  236 gs29r2b49             158285    3793       0     25736   82912    27743   82814    220835    2405      1.7   0.0         0      0       8  Sm/p:master:comput
## EC_MEMINFO  237 gs29r2b50             158283    3787       0      9725   99080    11146   99448    221098    2727      1.7   0.0         0      0       8  Sm/p:master:comput
## EC_MEMINFO  238 gs29r2b51             158283    3798       0      8207   98804     6822  104822    220353    3104      1.7   0.0         0      0       8  Sm/p:master:comput
## EC_MEMINFO  239 gs29r2b52             158285    3790       0     10721   97270    11784   98456    219933    2752      1.7   0.0         0      0       8  Sm/p:master:comput
## EC_MEMINFO  240 gs29r2b53             158281    3816       0      7700  103308     7121  104976    224805    1719      1.7   0.0         0      0       8  Sm/p:master:comput
## EC_MEMINFO  241 gs29r2b54             158283    3832       0      7084  104596     7510  104004    224895    1725      1.7   0.0         0      0       8  Sm/p:master:comput
## EC_MEMINFO  242 gs29r2b55             158285    3812       0     11078   96740    11640   98706    219864    3365      1.7   0.0         0      0       8  Sm/p:master:comput
## EC_MEMINFO  243 gs29r2b56             158283    3820       0      9866   99008    13356   95778    219706    3572      1.7   0.0         0      0       8  Sm/p:master:comput
## EC_MEMINFO  244 gs29r2b57             158285    3785       0     26466   81032    17245   94456    220891    2422      1.7   0.0         0      0       8  Sm/p:master:comput
## EC_MEMINFO  245 gs29r2b58             158281    3793       0      8080  102088    24914   85132    221902    2071      1.7   0.0         0      0       8  Sm/p:master:comput
## EC_MEMINFO  246 gs29r2b59             158281    3779       0     11389   96264    13332   97698    220385    2701      1.7   0.0         0      0       8  Sm/p:master:comput
## EC_MEMINFO  247 gs29r2b60             158281    3796       0     10969   97622    12764   97794    220838    2868      1.7   0.0         0      0       8  Sm/p:master:comput
## EC_MEMINFO  248 gs29r2b60             158281    3796       0     10969   97622    12764   97794    220838    2868      1.7   0.0         0      0       8  Sm/p:oops:ifs_init
## EC_MEMINFO  249 gs29r2b60             158281    3796       0     10969   97622    12764   97794    220838    2868      1.7   0.0         0      0       8  Sm/p:oops:ifs_init
## EC_MEMINFO  250 gs29r2b60             158281    3796       0     10969   97622    12764   97794    220838    2868      1.7   0.0         0      0       8  Sm/p:oops:ifs_init
## EC_MEMINFO  251 gs29r2b60             158281    3796       0     10969   97622    12764   97794    220838    2868      1.7   0.0         0      0       8  Sm/p:oops:ifs_init
## EC_MEMINFO  252 gs29r2b60             158281    3796       0     10969   97622    12764   97794    220838    2868      1.7   0.0         0      0       8  Sm/p:oops:ifs_init
## EC_MEMINFO  253 gs29r2b60             158281    3796       0     10969   97622    12764   97794    220838    2868      1.7   0.0         0      0       8  Sm/p:oops:ifs_init
## EC_MEMINFO  254 gs29r2b60             158281    3796       0     10969   97622    12764   97794    220838    2868      1.7   0.0         0      0       8  Sm/p:oops:ifs_init
## EC_MEMINFO  255 gs29r2b60             158281    3796       0     10969   97622    12764   97794    220838    2868      1.7   0.0         0      0       8  Sm/p:oops:ifs_init
## EC_MEMINFO 
